Log_Date,Log_Time,Time,Depth,Ax,Ay,Az,pitch,roll,yaw,velocityx,velocityy,velocityz,distancex,distancey,distancez,rpm,rudderangle,sternangle
08.08.2026,01:45:29,91584,0.162623,0,0,0,0,0,0,0,0,0,0,0,0,1000,-50,-40
08.08.2026,01:45:29,91690,0.168759,0,0,0,0,0,0,0,0,0,0,0,0,1000,-50,-39.93722
08.08.2026,01:45:29,91796,0.170805,0,0,0,0,0,0,0,0,0,0,0,0,1000,-50,-39.50764
08.08.2026,01:45:29,91902,0.165691,0,0,0,0,0,0,0,0,0,0,0,0,1000,-50,-40
08.08.2026,01:45:29,92008,0.168759,0,0,0,0,0,0,0,0,0,0,0,0,1000,-50,-40
08.08.2026,01:45:29,92114,0.175919,0,0,0,0,0,0,0,0,0,0,0,0,1000,-50,-39.35423
08.08.2026,01:45:29,92220,0.168759,0,0,0,0,0,0,0,0,0,0,0,0,1000,-50,-39.66106
08.08.2026,01:45:29,92326,0.177965,0,0,0,0,0,0,0,0,0,0,0,0,1000,-50,-39.10876
08.08.2026,01:45:29,92432,0.173873,0,0,0,0,0,0,0,0,0,0,0,0,1000,-50,-39.81448
08.08.2026,01:45:29,92538,0.171828,0,0,0,-7,0,90,0,0,0,0,0,0,1000,-50,-39.32355
08.08.2026,01:45:29,92644,0.166714,-0.93,1.61,-0.52,-7.8125,-0.1875,90.3125,0,0,0,0,0,0,1000,-50,-15.84347
08.08.2026,01:45:29,92750,0.159554,0.101513,-0.01,-0.4,-18.0625,-5.625,90.5625,-0.047064,0,0,-0.004706,0,0,1000,-50,14.31731
08.08.2026,01:45:29,92856,0.159554,0.132642,-0.01,-0.6,-18.25,-5.4375,90.6875,-0.035103,0,0,-0.008217,0,0,1000,-50,14.53663
08.08.2026,01:45:29,92962,0.150349,0.183209,-0.01,-0.72,-18,-5.5625,90.75,-0.017623,0,0,-0.009979,0,0,1000,-50,12.88831
08.08.2026,01:45:29,93068,0.157509,0.113296,0.03,-0.42,-17.5,-5.8125,90.875,-0.002705,0,0,-0.010249,0,0,1000,-50,12.07298
08.08.2026,01:45:29,93174,0.158532,0.103098,-0.07,-0.34,-17.375,-5.4375,91,0.006145,0,0,-0.009635,0,0,1000,-50,12.31052
08.08.2026,01:45:29,93280,0.156486,0.112606,-0.09,-0.32,-17.5625,-5.3125,91.0625,0.015316,0,0,-0.008103,0,0,1000,-50,11.91503
08.08.2026,01:45:29,93386,0.15444,0.0218,-0.02,-0.3,-17.9375,-5.4375,91.0625,0.025063,0,0,-0.005597,0,0,1000,-50,13.37755
08.08.2026,01:45:29,93492,0.151372,0.16093,0.03,-0.38,-18.3125,-5.375,91,0.027059,0,0,-0.002891,0,0,1000,-50,14.81901
08.08.2026,01:45:29,93598,0.155463,0.129723,0.08,-0.45,-18.5,-7.125,90.75,0.037539,0,0,0.000863,0,0,1025,-50,15.13321
08.08.2026,01:45:29,93704,0.149327,-0.061721,-0.06,-0.36,-18.25,-8.625,90.5,0.048825,0,0,0.010235,0,0,1050,-50,14.88095
08.08.2026,01:45:29,93810,0.156486,0.058153,-0.01,-0.2,-17.6875,-7.8125,90.5625,0.040155,0,0,0.014251,0,0,1075,-50,11.70251
08.08.2026,01:45:29,93916,0.1616,0.438436,-0.08,-0.32,-17.4375,-6.4375,90.6875,0.04846,0,0,0.019097,0,0,1105,-50,11.88152
08.08.2026,01:45:29,94022,0.150349,-0.002618,-0.08,-0.22,-17.75,-6.8125,90.8125,0.073948,0,0,0.026492,0,0,1130,-50,13.27813
08.08.2026,01:45:29,94128,0.156486,0.017554,-0.1,-0.44,-18.0625,-6.75,91,0.069739,0,0,0.033466,0,0,1155,-50,14.06278
08.08.2026,01:45:29,94234,0.160577,0.24779,-0.22,-0.66,-18.125,-6.125,270.125,0.064323,0,0,0.039898,0,0,1180,0,14.28777
08.08.2026,01:45:29,94340,0.168759,0.267348,-0.07,-0.87,-18,-5.875,270.3125,0.080948,0,0,0.047993,0,0,1210,1.40625,14.58157
08.08.2026,01:45:29,94446,0.167737,0.236639,0.01,-0.52,-17.875,-5.75,270.375,0.107079,0,0,0.058701,0,0,1235,1.5,13.62358
08.08.2026,01:45:29,94552,0.188192,0.155913,-0.08,-0.43,-17.75,-5.125,270.4375,0.114191,0,0,0.07012,0,0,1260,2,15.21516
08.08.2026,01:45:29,94658,0.206602,0.253409,-0.02,-0.42,-18,-5.625,270.25,0.129912,0,0,0.083111,0,0,1290,1.25,15.46743
08.08.2026,01:45:29,94764,0.221944,0.063426,0.01,-0.48,-18.4375,-5.625,270.1875,0.139521,0,0,0.097063,0,0,1315,0.75,16.59243
08.08.2026,01:45:29,94870,0.2424,0.174108,-0.22,-0.52,-19.5,-6,270.25,0.148188,0,0,0.111882,0,0,1340,1.15625,20.54353
08.08.2026,01:45:29,94976,0.252628,0.113636,-0.14,-0.29,-20.625,-7.3125,270.4375,0.166588,0,0,0.128541,0,0,1370,1.90625,26.03286
08.08.2026,01:45:29,95082,0.271038,-0.055348,0.17,0.33,-21.5625,-7.375,271,0.178516,0,0,0.146392,0,0,1395,4.3125,27.13907
08.08.2026,01:45:29,95188,0.287402,0.01708,0.49,0.41,-21.75,-6.4375,271.1875,0.183305,0,0,0.164723,0,0,1420,4.75,29.92097
08.08.2026,01:45:29,95294,0.303767,0.138488,0.02,0.35,-21.5,-6.75,270.9375,0.199796,0,0,0.184702,0,0,1445,3.28125,28.66588
08.08.2026,01:45:29,95400,0.31604,-0.208919,-0.26,-0.03,-20.9375,-7.0625,270.3125,0.217187,0,0,0.22753,0,0,1475,0.625,26.73291
08.08.2026,01:45:29,95507,0.317063,0.068086,0.08,-0.28,-20.3125,-7.25,269.4375,0.234243,0,0,0.250955,0,0,1500,-1,25.66871
08.08.2026,01:45:29,95613,0.324223,0.001709,-0.07,-0.15,-19.8125,-7.9375,268.8125,0.254362,0,0,0.276391,0,0,1525,-4,24.84601
08.08.2026,01:45:29,95719,0.328314,0.016703,0.11,-0.28,-19.75,-7.5,268.4375,0.269683,0,0,0.303359,0,0,1555,-6,24.3108
08.08.2026,01:45:29,95825,0.326268,0.500199,-0.12,-0.39,-19.9375,-7.3125,268.375,0.306996,0,0,0.334059,0,0,1580,-6.5,24.321
08.08.2026,01:45:29,95931,0.34161,0.075203,-0.04,-0.41,-20.375,-7.875,268.4375,0.339853,0,0,0.368044,0,0,1605,-6.09375,27.23811
08.08.2026,01:45:29,96037,0.349792,0.610722,0.02,-0.44,-20.6875,-7.625,268.375,0.378166,0,0,0.405861,0,0,1635,-6.5,27.15965
08.08.2026,01:45:29,96143,0.349792,0.195078,0.33,-0.42,-20.75,-7.6875,267.9375,0.437909,0,0,0.449652,0,0,1660,-7.5,25.71186
08.08.2026,01:45:29,96249,0.346724,-0.257848,-0.13,-0.36,-21,-7.125,267.5625,0.484849,0,0,0.498137,0,0,1685,-10.21875,28.25397
08.08.2026,01:45:29,96355,0.349792,1.032521,-0.43,0.03,-21.25,-7.0625,267.0625,0.51514,0,0,0.549651,0,0,1700,-12.0625,29.40002
08.08.2026,01:45:29,96461,0.346724,-0.189166,-0.87,0.12,-21.6875,-6.125,266.6875,0.563698,0,0,0.60602,0,0,1700,-13.25,31.69722
08.08.2026,01:45:29,96567,0.34877,1.019169,-2.04,-0.05,-22.1875,-7.0625,266.6875,0.611651,0,0,0.667185,0,0,1700,-13.25,31.83809
08.08.2026,01:45:29,96673,0.354906,-0.73171,-2.07,0.29,-22.625,-12.9375,266.8125,0.652233,0,0,0.732409,0,0,1700,-13,33.30061
08.08.2026,01:45:29,96779,0.350815,0.780069,-1.95,0.18,-23.25,-20.25,267.125,0.669273,0,0,0.799336,0,0,1700,-11.1875,35.65398
08.08.2026,01:45:29,96885,0.317063,-0.446333,-1.65,0.5,-24.125,-25.6875,267.875,0.757394,0,0,0.875075,0,0,1700,-8.5,37.02662
08.08.2026,01:45:29,96991,0.319109,0.455672,-1.22,0.16,-25.125,-26.6875,269.3125,0.771092,0,0,0.952185,0,0,1700,-5,38.11414
08.08.2026,01:45:29,97097,0.327291,0.59519,-1.23,0.25,-25.75,-23.875,270.75,0.806238,0,0,1.032808,0,0,1700,1,40
08.08.2026,01:45:29,97203,0.333428,0.631714,-1.2,-0.04,-26.1875,-19.375,272.3125,0.966639,0,0,1.216116,0,0,1700,10.34375,40
08.08.2026,01:45:29,97309,0.34161,0.273389,-0.93,0.11,-26.125,-15.6875,273.9375,1.028814,0,0,1.318997,0,0,1700,17,40
08.08.2026,01:45:29,97415,0.345701,1.149183,-1.01,-0.32,-26.1875,-14.3125,275.5,1.137091,0,0,1.432706,0,0,1700,23.25,40
08.08.2026,01:45:29,97521,0.362066,1.239754,-0.89,-0.33,-26.25,-16.375,277.3125,1.239518,0,0,1.556658,0,0,1700,27.75,40
08.08.2026,01:45:29,97627,0.369225,-0.109523,-0.67,0.2,-26.1875,-19.3125,278.5625,1.335428,0,0,1.690201,0,0,1700,35.1875,40
08.08.2026,01:45:29,97733,0.39684,1.216438,-0.61,0.04,-26,-21.8125,279.625,1.382846,0,0,1.828485,0,0,1700,39.59375,40
08.08.2026,01:45:29,97839,0.417296,-0.013964,-0.6,0.43,-25.8125,-23.0625,280.625,1.482372,0,0,1.976722,0,0,1700,43.28125,40
08.08.2026,01:45:29,97945,0.441843,0.087598,-0.57,0.17,-25.4375,-22.9375,281.5625,1.560638,0,0,2.132786,0,0,1700,46.25,40
08.08.2026,01:45:29,98051,0.454116,1.24219,-0.48,-0.27,-24.8125,-21.375,282.5625,1.609249,0,0,2.293711,0,0,1700,49.5,40
08.08.2026,01:45:29,98157,0.496051,-0.097774,-0.4,0.27,-24.3125,-20.0625,283.1875,1.694291,0,0,2.46314,0,0,1700,50,40
08.08.2026,01:45:29,98263,0.505256,1.171909,-0.38,-0.4,-23.75,-19.3125,283.625,1.77791,0,0,2.640931,0,0,1700,50,40
08.08.2026,01:45:29,98369,0.533894,0.018427,-0.29,0.41,-23.1875,-19.4375,283.9375,1.884112,0,0,2.829343,0,0,1700,50,40
08.08.2026,01:45:29,98475,0.554349,1.180662,-0.25,-0.21,-22.625,-20.0625,284.125,1.935009,0,0,3.022844,0,0,1700,50,39.73962
08.08.2026,01:45:29,98581,0.566623,1.019414,-0.27,-0.01,-21.75,-20.875,284.1875,2.012828,0,0,3.224126,0,0,1700,50,38.26633
08.08.2026,01:45:29,98687,0.601397,-0.4798,-0.3,0.43,-21.125,-21.0625,284.25,2.0682,0,0,3.430946,0,0,1700,50,34.81288
08.08.2026,01:45:29,98793,0.616739,0.979357,-0.11,-0.16,-20.5,-20.6875,284.1875,2.134115,0,0,3.644358,0,0,1700,50,35.54598
08.08.2026,01:45:29,98899,0.585033,-0.281513,-0.1,0.18,-19.875,-19.9375,284.0625,2.195899,0,0,3.863948,0,0,1700,50,32.35442
08.08.2026,01:45:29,99005,0.603443,-0.246155,-0.05,0.06,-19.1875,-19.375,283.8125,2.263371,0,0,4.310191,0,0,1700,50,33.14265
08.08.2026,01:45:29,99111,0.6464,0.482858,-0.2,-0.04,-18.0625,-18.9375,283.4375,2.302616,0,0,4.540452,0,0,1700,50,29.76246
08.08.2026,01:45:29,99217,0.662764,0.302482,0,0.44,-17.0625,-18.875,283.125,2.348281,0,0,4.77528,0,0,1700,50,31.00359
08.08.2026,01:45:29,99323,0.652537,-0.023738,-0.07,0.01,-16.0625,-18.75,282.8125,2.353839,0,0,5.010664,0,0,1700,50,21.55664
08.08.2026,01:45:29,99429,0.672992,0.791765,0.02,0.07,-15.0625,-18.4375,282.375,2.343618,0,0,5.245026,0,0,1700,49.1875,18.92145
08.08.2026,01:45:29,99535,0.644354,0.088385,-0.05,0.49,-13.8125,-17.9375,281.8125,2.412995,0,0,5.486326,0,0,1700,47.28125,13.43845
08.08.2026,01:45:29,99641,0.653559,0.366718,-0.02,-0.07,-13,-17.6875,281.25,2.461951,0,0,5.732521,0,0,1700,44.53125,14.60225
08.08.2026,01:45:29,99747,0.645377,-0.083816,0.02,0.44,-12.375,-17.5,280.625,2.497033,0,0,5.982224,0,0,1700,42.03125,10.91352
08.08.2026,01:45:29,99853,0.660719,-0.551471,-0.2,0.16,-11.8125,-17.3125,280,2.503574,0,0,6.232582,0,0,1700,39.53125,8.348186
08.08.2026,01:45:29,99959,0.622876,0.703689,-0.15,-0.3,-11.375,-17.25,279.3125,2.484254,0,0,6.481008,0,0,1700,36.46875,7.189102
08.08.2026,01:45:29,100065,0.608557,0.669889,-0.09,-0.41,-11.0625,-17,278.3125,2.547029,0,0,6.735711,0,0,1700,32.46875,6.168621
08.08.2026,01:45:29,100171,0.603443,-0.811267,-0.04,0.15,-11.0625,-16.9375,277.6875,2.581013,0,0,6.993812,0,0,1700,30.28125,8.438629
08.08.2026,01:45:29,100277,0.589124,0.672467,-0.24,-0.57,-11.125,-16.9375,276.9375,2.568042,0,0,7.250616,0,0,1700,27.28125,5.005478
08.08.2026,01:45:29,100383,0.541053,-0.648191,0.03,0.1,-11.25,-17,276.3125,2.595851,0,0,7.510201,0,0,1700,24.78125,2.097336
08.08.2026,01:45:29,100489,0.510369,0.155673,-0.27,-0.3,-11.375,-17.25,275.8125,2.580348,0,0,7.768236,0,0,1700,23.25,5.111122
08.08.2026,01:45:29,100595,0.480709,0.562316,-0.26,-0.2,-11.4375,-17.3125,275.1875,2.631713,0,0,8.031407,0,0,1700,21.25,2.138214
08.08.2026,01:45:29,100701,0.430592,-0.397791,0.13,0.11,-11.625,-16.9375,274.625,2.638427,0,0,8.560179,0,0,1700,19.25,3.004154
08.08.2026,01:45:29,100807,0.425478,0.305058,-0.1,-0.54,-12,-16.4375,274.125,2.62845,0,0,8.823024,0,0,1700,15.875,3.189861
08.08.2026,01:45:29,100913,0.432638,0.917907,0,-0.51,-12.3125,-16.25,273.75,2.628668,0,0,9.085891,0,0,1700,14.6875,5.934856
08.08.2026,01:45:29,101019,0.444911,0.003609,0.04,0.04,-12.875,-16.5625,273.375,2.701533,0,0,9.356044,0,0,1700,13.4375,7.30249
08.08.2026,01:45:29,101125,0.414228,-0.648653,-0.36,0,-13.3125,-17.125,273.1875,2.732958,0,0,9.629339,0,0,1700,12.59375,1.290688
08.08.2026,01:45:29,101231,0.357975,0.091042,-0.03,-0.04,-13.875,-17.5625,273.125,2.743746,0,0,9.903714,0,0,1700,12.5,5.930611
08.08.2026,01:45:29,101337,0.338542,-0.610932,-0.26,-0.1,-14.5,-17.875,273.0625,2.768918,0,0,10.18061,0,0,1700,12.25,16.03163
08.08.2026,01:45:29,101443,0.38559,1.008529,0.04,-0.6,-15.1875,-18.125,273.125,2.778714,0,0,10.45848,0,0,1700,12.5,12.51255
08.08.2026,01:45:29,101549,0.400932,1.361906,-0.08,-0.69,-16.25,-18.375,273.3125,2.843602,0,0,10.74284,0,0,1700,13,8.788895
08.08.2026,01:45:29,101655,0.332405,-0.256181,0.02,-0.02,-16.875,-18.5625,273.5,2.916219,0,0,11.03446,0,0,1700,13.75,13.95732
08.08.2026,01:45:29,101761,0.317063,-0.069341,-0.02,-0.33,-17.3125,-18.5,273.5625,2.936888,0,0,11.32815,0,0,1700,14.25,15.61414
08.08.2026,01:45:29,101867,0.311949,0.567778,-0.08,-0.25,-17.5,-17.9375,273.5,2.95308,0,0,11.62346,0,0,1700,13.84375,16.24141
08.08.2026,01:45:29,101973,0.283311,-0.46471,0.22,-0.37,-17.625,-17.0625,273.3125,2.964155,0,0,11.91987,0,0,1700,13.25,12.44968
08.08.2026,01:45:29,102079,0.370248,1.439298,0.17,-0.61,-17.8125,-16.75,273.3125,3.006509,0,0,12.22052,0,0,1700,13,21.41607
08.08.2026,01:45:29,102185,0.331382,1.146734,-0.18,-0.49,-18.125,-17.3125,273.5,3.105499,0,0,12.53107,0,0,1700,14.15625,14.86055
08.08.2026,01:45:29,102291,0.3232,0.05181,0.08,-0.32,-18.4375,-18.375,273.875,3.124433,0,0,12.84352,0,0,1700,15.8125,20.1369
08.08.2026,01:45:29,102397,0.363089,1.027766,-0.23,-0.34,-18.75,-19.375,274.25,3.13339,0,0,13.15685,0,0,1700,17.3125,23.74386
08.08.2026,01:45:29,102503,0.380476,1.011607,-0.25,-0.41,-19,-20.1875,274.6875,3.218647,0,0,13.79749,0,0,1700,18.5625,22.70175
08.08.2026,01:45:29,102609,0.365134,-0.060199,0,0.19,-19.1875,-20.125,275.125,3.289861,0,0,14.12647,0,0,1700,19.75,21.42664
08.08.2026,01:45:29,102715,0.412182,1.04196,-0.15,-0.23,-19.3125,-19.6875,275.5625,3.317102,0,0,14.45818,0,0,1700,21.75,23.98357
08.08.2026,01:45:29,102821,0.362066,-0.034553,-0.12,0.07,-19.375,-19.125,275.9375,3.329233,0,0,14.79111,0,0,1700,23.25,20.97999
08.08.2026,01:45:29,102927,0.387635,0.945447,0.03,-0.35,-19.25,-18.6875,276.25,3.350962,0,0,15.1262,0,0,1700,25,24.22564
08.08.2026,01:45:29,103033,0.370248,0.818079,-0.09,-0.18,-19,-18.5,276.625,3.388804,0,0,15.46508,0,0,1700,26,28.60319
08.08.2026,01:45:29,103139,0.418319,-0.072051,0.05,0.43,-18.5625,-18.5,276.8125,3.426771,0,0,15.80776,0,0,1700,27,23.64615
08.08.2026,01:45:29,103245,0.457185,-0.677688,-0.03,0.47,-18.0625,-18.25,276.875,3.419099,0,0,16.14967,0,0,1700,27.5,26.72139
08.08.2026,01:45:29,103351,0.432638,1.190414,0.08,-0.18,-17.5625,-17.875,276.875,3.377693,0,0,16.48744,0,0,1700,27.5,16.58006
08.08.2026,01:45:29,103457,0.465367,0.880951,0.01,0.08,-17.0625,-17.75,276.9375,3.410705,0,0,16.82851,0,0,1700,27.90625,21.61566
08.08.2026,01:45:29,103563,0.486845,-0.580434,0,0.36,-16.5625,-18.1875,277.25,3.457947,0,0,17.1743,0,0,1700,29.3125,18.77521
08.08.2026,01:45:29,103669,0.460253,1.06093,-0.02,-0.27,-16.1875,-18.875,277.5625,3.474617,0,0,17.52176,0,0,1700,30.5625,22.00444
08.08.2026,01:45:29,103775,0.499119,-0.530066,-0.19,0.29,-15.75,-19.6875,277.75,3.511285,0,0,17.87289,0,0,1700,31.15625,18.78276
08.08.2026,01:45:29,103881,0.472526,0.037274,0,0.17,-15.3125,-20.3125,277.9375,3.4668,0,0,18.21957,0,0,1700,31.75,12.83421
08.08.2026,01:45:29,103987,0.468435,0.730299,-0.14,0.1,-14.8125,-20.375,278.125,3.467147,0,0,18.56629,0,0,1700,32.5,9.646618
08.08.2026,01:45:29,104093,0.445934,0.550741,0.1,0.23,-14.3125,-19.8125,278.5,3.491338,0,0,18.91542,0,0,1700,33.5,11.5405
08.08.2026,01:45:29,104199,0.500142,0.181524,0.04,0.06,-14,-19.4375,278.8125,3.509717,0,0,19.26639,0,0,1700,35,15.6317
08.08.2026,01:45:29,104305,0.392749,1.039606,0.08,-0.25,-13.5625,-19.3125,279,3.530865,0,0,19.97458,0,0,1700,36,6.280117
08.08.2026,01:45:29,104411,0.382521,-0.336165,0.07,0.03,-13.1875,-19.25,279.125,3.501641,0,0,20.32475,0,0,1700,36.65625,-0.009346
08.08.2026,01:45:29,104517,0.432638,-0.141062,-0.06,-0.07,-12.875,-19.375,279.0625,3.529364,0,0,20.67768,0,0,1700,36.09375,7.402473
08.08.2026,01:45:29,104623,0.417296,0.861177,-0.09,-0.07,-12.875,-19.5625,278.9375,3.530045,0,0,21.03069,0,0,1700,35.59375,5.223373
08.08.2026,01:45:29,104729,0.388658,-0.18419,0.04,0.25,-13.0625,-19.375,278.75,3.508506,0,0,21.38154,0,0,1700,34.84375,1.035591
08.08.2026,01:45:29,104835,0.399909,0.880813,-0.17,-0.38,-13.25,-19.0625,278.625,3.485947,0,0,21.73013,0,0,1700,34.34375,7.578552
08.08.2026,01:45:29,104941,0.313995,0.926385,-0.08,-0.5,-13.5625,-19,278.5,3.460624,0,0,22.07619,0,0,1700,33.84375,9.071182
08.08.2026,01:45:29,105047,0.34161,0.058736,0.07,0.05,-14.125,-19.375,278.4375,3.467882,0,0,22.42298,0,0,1700,34,7.705154
08.08.2026,01:45:29,105153,0.362066,-0.88838,-0.23,0.16,-14.5,-20,278.4375,3.469417,0,0,22.76992,0,0,1700,33.75,6.808441
08.08.2026,01:45:29,105259,0.328314,0.015421,0.09,0.14,-14.875,-20.5625,278.375,3.4623,0,0,23.11615,0,0,1700,33.75,1.554665
08.08.2026,01:45:29,105365,0.290471,-0.422033,-0.03,0.15,-15.1875,-20.6875,278.375,3.467569,0,0,23.46291,0,0,1700,33.5,12.43363
08.08.2026,01:45:29,105471,0.325245,0.884219,0.01,-0.39,-15.5625,-20.4375,278.3125,3.43799,0,0,23.80671,0,0,1700,33.25,10.89256
08.08.2026,01:45:29,105577,0.346724,0.81399,0.12,-0.48,-16,-20,278.1875,3.471581,0,0,24.15387,0,0,1700,32.75,8.025303
08.08.2026,01:45:29,105683,0.3232,-0.774106,-0.12,0.13,-16.3125,-19.3125,278.0625,3.481765,0,0,24.50204,0,0,1700,32.09375,15.62113
08.08.2026,01:45:29,105789,0.237286,-0.706537,0.02,-0.3,-16.625,-18.75,277.8125,3.438442,0,0,24.84589,0,0,1700,31.09375,1.677116
08.08.2026,01:45:29,105895,0.253651,0.730538,-0.04,-0.51,-16.9375,-18.5,277.625,3.404441,0,0,25.18633,0,0,1700,30.34375,16.15568
08.08.2026,01:45:29,106001,0.331382,0.911909,-0.03,-0.52,-17.4375,-18.8125,277.5,3.372646,0,0,25.86113,0,0,1700,30.25,16.42438
08.08.2026,01:45:29,106107,0.259787,1.112349,-0.03,-0.55,-17.9375,-19.6875,277.5,3.407104,0,0,26.20184,0,0,1700,30,11.85187
08.08.2026,01:45:29,106213,0.324223,0.672349,-0.11,-0.5,-18.4375,-20.5625,277.5,3.400908,0,0,26.54193,0,0,1700,30,25.69061
08.08.2026,01:45:29,106319,0.346724,-0.373215,0.17,-0.03,-18.6875,-21.1875,277.5625,3.381723,0,0,26.8801,0,0,1700,30.25,17.10999
08.08.2026,01:45:29,106425,0.281266,0.752698,0,-0.27,-18.8125,-21.3125,277.5625,3.344303,0,0,27.21453,0,0,1700,30.25,15.94798
08.08.2026,01:45:29,106531,0.281266,0.618642,-0.07,-0.05,-18.75,-20.5625,277.5625,3.313382,0,0,27.54587,0,0,1700,30.25,21.99263
08.08.2026,01:45:29,106637,0.373316,-0.420505,-0.1,0.15,-18.625,-19.8125,277.5625,3.350313,0,0,27.8809,0,0,1700,30.25,27.78503
08.08.2026,01:45:29,106743,0.354906,-0.901178,0.06,0.19,-18.5625,-19.375,277.5625,3.304966,0,0,28.2114,0,0,1700,30.25,20.44486
08.08.2026,01:45:29,106849,0.368202,-0.362857,0.03,0.22,-18.4375,-19.3125,277.5625,3.273707,0,0,28.53877,0,0,1700,30.25,21.05173
08.08.2026,01:45:29,106955,0.397863,0.793923,0.08,-0.25,-18.1875,-19.4375,277.625,3.259968,0,0,28.86477,0,0,1700,30.5,24.3463
08.08.2026,01:45:29,107061,0.333428,0.530897,-0.14,-0.16,-17.8125,-19.625,277.4375,3.245857,0,0,29.18935,0,0,1700,29.84375,18.41078
08.08.2026,01:45:29,107167,0.372294,-0.094332,-0.12,0.13,-17.5,-19.6875,277.3125,3.253573,0,0,29.51471,0,0,1700,29.09375,20.5962
08.08.2026,01:45:29,107273,0.363089,-0.785898,0.05,0.23,-17.25,-19.6875,277.1875,3.226623,0,0,29.83737,0,0,1700,28.75,16.77785
08.08.2026,01:45:29,107379,0.430592,0.223948,-0.06,-0.28,-17.0625,-19.6875,277.0625,3.189375,0,0,30.15631,0,0,1700,28.25,14.92947
08.08.2026,01:45:29,107485,0.389681,0.761625,-0.07,-0.37,-16.8125,-19.5,276.8125,3.175981,0,0,30.47391,0,0,1700,27.5,15.6892
08.08.2026,01:45:29,107591,0.392749,0.009089,0.04,0.01,-16.75,-19.625,276.6875,3.16591,0,0,30.7905,0,0,1700,27,16.94043
08.08.2026,01:45:29,107697,0.42957,0.841847,-0.12,-0.21,-16.6875,-19.6875,276.5625,3.200373,0,0,31.11054,0,0,1700,26.5,21.35886
08.08.2026,01:45:29,107803,0.400932,-0.768747,0.01,0.23,-16.625,-19.375,276.4375,3.112115,0,0,31.73874,0,0,1700,25.59375,17.30183
08.08.2026,01:45:29,107909,0.431615,0.28394,-0.04,-0.17,-16.375,-18.875,276.3125,3.113186,0,0,32.05005,0,0,1700,25.09375,12.96526
08.08.2026,01:45:29,108015,0.415251,0.818805,-0.18,-0.14,-15.9375,-18.625,276.0625,3.105186,0,0,32.36057,0,0,1700,24.25,15.18137
08.08.2026,01:45:29,108121,0.414228,-0.465878,0.24,0.31,-15.3125,-18.75,275.875,3.122013,0,0,32.67278,0,0,1700,23.34375,17.12472
08.08.2026,01:45:29,108227,0.405023,-0.99395,-0.15,0.53,-14.625,-18.6875,275.5625,3.076049,0,0,32.98038,0,0,1700,21.9375,9.965347
08.08.2026,01:45:29,108333,0.370248,0.6726,0.12,-0.08,-14,-18.5,275.125,2.991853,0,0,33.27957,0,0,1700,20.1875,9.939957
08.08.2026,01:45:29,108439,0.407068,0.241964,-0.02,-0.28,-13.625,-18.375,274.8125,2.982219,0,0,33.57779,0,0,1700,19.09375,7.102341
08.08.2026,01:45:29,108545,0.355929,0.602791,-0.06,-0.3,-13.5,-18.6875,274.375,2.959964,0,0,33.87379,0,0,1700,17.75,7.834778
08.08.2026,01:45:29,108651,0.307858,-0.000367,-0.09,0.09,-13.75,-19,274.125,2.976665,0,0,34.17145,0,0,1700,16.75,6.368771
08.08.2026,01:45:29,108757,0.37843,-1.072026,-0.01,0.05,-14.125,-19.5625,274,2.977931,0,0,34.46925,0,0,1700,16.25,9.733665
08.08.2026,01:45:29,108863,0.334451,0.202256,-0.03,-0.26,-14.4375,-19.8125,273.9375,2.924133,0,0,34.76166,0,0,1700,15.75,6.295883
08.08.2026,01:45:29,108969,0.328314,0.539464,0.03,-0.08,-14.75,-19.875,274,2.940785,0,0,35.05574,0,0,1700,16,12.19845
08.08.2026,01:45:29,109075,0.311949,0.245982,0,0,-14.875,-19.6875,273.9375,2.962278,0,0,35.35196,0,0,1700,15.75,8.001606
08.08.2026,01:45:29,109181,0.300699,0.09535,0,-0.17,-14.9375,-19.375,273.9375,2.955398,0,0,35.6475,0,0,1700,15.75,10.70515
08.08.2026,01:45:29,109287,0.272061,-0.943743,0.05,0.2,-14.9375,-18.875,273.8125,2.934929,0,0,35.94099,0,0,1700,15.09375,9.017559
08.08.2026,01:45:29,109393,0.303767,0.153357,0.09,-0.35,-14.875,-18.5625,273.6875,2.859094,0,0,36.2269,0,0,1700,14.75,12.20525
08.08.2026,01:45:29,109499,0.266947,1.039343,-0.06,-0.46,-15.125,-18.875,273.625,2.893016,0,0,36.5162,0,0,1700,14.5,6.670792
08.08.2026,01:45:29,109605,0.236263,0.42568,-0.12,-0.18,-15.625,-19.8125,273.75,2.914956,0,0,37.09976,0,0,1700,15,8.348095
08.08.2026,01:45:29,109711,0.306835,-0.594665,0,0.17,-16.0625,-20.6875,273.9375,2.918087,0,0,37.39157,0,0,1700,15.90625,13.84318
08.08.2026,01:45:29,109817,0.255696,0.954098,0.01,-0.41,-16.4375,-21.25,274.125,2.895228,0,0,37.6811,0,0,1700,16.65625,12.2652
08.08.2026,01:45:29,109923,0.270015,1.025639,-0.03,-0.4,-16.875,-21.25,274.4375,2.898926,0,0,37.97099,0,0,1700,17.75,14.46753
08.08.2026,01:45:29,110029,0.26797,-0.241266,0.09,0.02,-17.375,-20.9375,274.875,2.945757,0,0,38.26556,0,0,1700,19.25,11.99972
08.08.2026,01:45:29,110135,0.276152,0.72712,-0.09,-0.17,-17.6875,-20.5625,275.25,2.949508,0,0,38.56052,0,0,1700,20.75,13.79352
08.08.2026,01:45:29,110241,0.254673,-0.398083,-0.02,0.29,-17.9375,-20.25,275.625,2.986095,0,0,38.85913,0,0,1700,22.8125,16.72545
08.08.2026,01:45:29,110347,0.273083,-0.249096,0.11,-0.07,-18.125,-20.0625,275.875,2.980493,0,0,39.15718,0,0,1700,23.65625,16.79702
08.08.2026,01:45:29,110453,0.352861,0.898809,-0.06,-0.16,-18.25,-20,276.0625,2.985431,0,0,39.45572,0,0,1700,24.40625,18.28286
08.08.2026,01:45:29,110559,0.309904,-0.756213,0.05,0.23,-18.25,-20.0625,276.125,3.016961,0,0,39.75742,0,0,1700,24.5,15.46054
08.08.2026,01:45:29,110665,0.292516,-0.45383,-0.03,0.12,-17.9375,-19.5625,275.875,2.977019,0,0,40.05512,0,0,1700,23.1875,17.1351
08.08.2026,01:45:29,110771,0.256719,0.708288,0.02,-0.17,-17.5625,-18.625,275.625,2.943316,0,0,40.34945,0,0,1700,22.34375,15.16862
08.08.2026,01:45:29,110877,0.31604,-0.299733,0.04,-0.16,-17.25,-17.875,275.375,2.914067,0,0,40.64086,0,0,1700,21.34375,19.63425
08.08.2026,01:45:29,110983,0.271038,1.048832,0,-0.43,-17.125,-17.875,275.375,2.919098,0,0,40.93277,0,0,1700,21.5,17.05287
08.08.2026,01:45:29,111089,0.328314,0.694065,-0.07,-0.15,-17.375,-19.3125,275.5,2.954488,0,0,41.22821,0,0,1700,21.75,19.39502
08.08.2026,01:45:29,111195,0.305813,0.107285,0.1,-0.09,-17.5625,-20.75,275.75,2.912714,0,0,41.51949,0,0,1700,22.5,15.1402
08.08.2026,01:45:29,111301,0.31604,0.82772,-0.09,-0.04,-17.6875,-21.6875,275.875,2.908002,0,0,42.10035,0,0,1700,23.65625,17.20903
08.08.2026,01:45:29,111407,0.326268,0.696162,0.56,0.21,-17.75,-21.8125,276.0625,2.882208,0,0,42.38857,0,0,1240,24.25,17.97668
08.08.2026,01:45:29,111513,0.370248,0.10736,1.38,-0.18,-17.8125,-17.0625,276.6875,2.794796,0,0,42.66805,0,0,1000,25.75,22.27577
08.08.2026,01:45:29,111619,0.386613,0.478449,0.98,-0.38,-17.6875,-10.3125,277.25,2.687956,0,0,42.93684,0,0,1000,28.25,22.14964
08.08.2026,01:45:29,111725,0.406045,0.308425,0.83,-0.44,-17.25,-2.75,277.875,2.602843,0,0,43.19712,0,0,1000,31.8125,19.55523
08.08.2026,01:45:29,111831,0.423433,0.3574,0.76,-0.5,-16.625,1.5,277.9375,2.517057,0,0,43.44883,0,0,1000,31.59375,18.21384
08.08.2026,01:45:29,111937,0.451048,0.135485,0.49,-0.48,-16.875,2.25,277.3125,2.431228,0,0,43.69195,0,0,1000,28.625,18.58195
08.08.2026,01:45:29,112043,0.442866,-0.13669,0.42,-0.27,-16.4375,-2.75,275.875,2.308877,0,0,43.92284,0,0,1000,25,18.48999
08.08.2026,01:45:29,112149,0.454116,-0.478528,0.37,-0.17,-16.125,-7.5625,274.625,2.158716,0,0,44.13871,0,0,1000,17.25,16.57288
08.08.2026,01:45:29,112255,0.443888,-0.509366,0.34,-0.11,-16,-10.4375,273.5625,1.981335,0,0,44.33685,0,0,1000,13.3125,16.46724
08.08.2026,01:45:29,112361,0.449002,-0.428785,0.27,-0.16,-16.25,-10.8125,273,1.796034,0,0,44.51645,0,0,1000,12,15.07505
08.08.2026,01:45:29,112467,0.452071,-0.376499,0.24,-0.26,-16.625,-8.875,272.5625,1.611968,0,0,44.67765,0,0,1000,10.25,18.84167
08.08.2026,01:45:29,112573,0.445934,-0.192453,0.16,-0.46,-17.125,-4.5625,272.125,1.441823,0,0,44.82183,0,0,1000,9,19.80759
08.08.2026,01:45:29,112679,0.454116,-0.226515,0.11,-0.55,-17.75,-2,271.75,1.279839,0,0,44.94981,0,0,1000,7.5,20.78937
08.08.2026,01:45:29,112785,0.462299,-0.358654,0.07,-0.53,-18.5625,-1.125,271.25,1.130131,0,0,45.06283,0,0,1000,4.53125,24.32808
08.08.2026,01:45:29,112891,0.419342,-0.458583,0.07,-0.45,-19.25,-2.125,270.5,0.978521,0,0,45.16068,0,0,1000,1.21875,24.94269
08.08.2026,01:45:29,112997,0.411159,-0.585901,0.05,-0.37,-20.1875,-4.875,269.5,0.81966,0,0,45.24265,0,0,1000,-1.375,27.02964
08.08.2026,01:45:29,113103,0.442866,-0.630201,0.03,-0.32,-20.8125,-6.75,268.875,0.487657,0,0,45.3568,0,0,1000,-4.375,31.51614
08.08.2026,01:45:29,113209,0.439797,-0.631219,0.01,-0.25,-21.3125,-7.375,268.4375,0.329043,0,0,45.3897,0,0,1000,-6.5625,32.56666
08.08.2026,01:45:29,113315,0.433661,-0.578885,-0.02,-0.32,-21.875,-6.9375,268.0625,0.185368,0,0,45.40824,0,0,1000,-8.0625,32.99896
08.08.2026,01:45:29,113421,0.413205,-0.493329,-0.03,-0.37,-22.3125,-5.6875,267.8125,0.054555,0,0,45.41369,0,0,1000,-8.90625,34.5541
08.08.2026,01:45:29,113527,0.434683,-0.463201,-0.08,-0.38,-22.9375,-4.0625,267.5625,-0.058268,0,0,45.40787,0,0,1000,-9.5,37.76671
08.08.2026,01:45:29,113633,0.436729,-0.429098,-0.08,-0.43,-23.3125,-3.5,267.3125,-0.158714,0,0,45.39199,0,0,1000,-10.5,37.20752
08.08.2026,01:45:29,113739,0.421387,-0.462492,-0.09,-0.36,-23.6875,-3.6875,267,-0.250068,0,0,45.36699,0,0,1000,-11.5,37.50066
08.08.2026,01:45:29,113845,0.410137,-0.533431,-0.1,-0.33,-23.875,-4.375,266.6875,-0.336178,0,0,45.33337,0,0,1000,-13.5625,39.35527
08.08.2026,01:45:29,113951,0.419342,-0.541922,-0.1,-0.27,-24,-5.1875,266.3125,-0.419074,0,0,45.29146,0,0,1000,-15.0625,40
08.08.2026,01:45:29,114057,0.420364,-0.578133,-0.11,-0.24,-24,-5.8125,265.8125,-0.49356,0,0,45.24211,0,0,1000,-16.5625,40
08.08.2026,01:45:29,114163,0.416273,-0.582242,-0.12,-0.23,-23.875,-5.6875,265.375,-0.559842,0,0,45.18612,0,0,1000,-18.8125,40
08.08.2026,01:45:29,114269,0.426501,-0.564452,-0.11,-0.24,-23.625,-5,264.875,-0.61771,0,0,45.12435,0,0,1000,-20.96875,39.28711
08.08.2026,01:45:29,114375,0.414228,-0.435017,-0.1,-0.29,-23.25,-4.0625,264.3125,-0.66592,0,0,45.05776,0,0,1000,-23.21875,36.68023
08.08.2026,01:45:29,114481,0.425478,-0.44441,-0.12,-0.28,-22.875,-3.375,263.75,-0.697591,0,0,44.988,0,0,1000,-25,37.02804
08.08.2026,01:45:29,114587,0.409114,-0.462934,-0.12,-0.28,-22.25,-3.3125,262.9375,-0.719054,0,0,44.91609,0,0,1000,-28.875,34.42683
08.08.2026,01:45:29,114693,0.417296,-0.410704,-0.12,-0.27,-21.875,-3.75,262.375,-0.737008,0,0,44.84239,0,0,1000,-30.96875,33.96668
08.08.2026,01:45:29,114799,0.412182,-0.437928,-0.08,-0.25,-21.4375,-4.3125,261.75,-0.748374,0,0,44.76756,0,0,1000,-33.46875,31.27341
08.08.2026,01:45:29,114905,0.404,-0.454823,-0.11,-0.25,-21.125,-4.75,261.25,-0.758133,0,0,44.61642,0,0,1000,-35,29.75576
08.08.2026,01:45:29,115011,0.398886,-0.327954,-0.09,-0.25,-20.8125,-4.625,260.8125,-0.754106,0,0,44.54102,0,0,1000,-36.5,29.16201
08.08.2026,01:45:29,115117,0.394795,-0.284753,-0.07,-0.26,-20.6875,-4.1875,260.625,-0.742157,0,0,44.4668,0,0,1000,-37.25,28.84498
08.08.2026,01:45:29,115223,0.37843,-0.192066,-0.1,-0.25,-20.625,-3.875,260.5625,-0.722232,0,0,44.39458,0,0,1000,-37.75,28.84158
08.08.2026,01:45:29,115329,0.388658,-0.17017,-0.1,-0.29,-20.625,-3.8125,260.5625,-0.694152,0,0,44.32516,0,0,1000,-37.75,29.14841
08.08.2026,01:45:29,115435,0.383544,-0.159123,-0.09,-0.26,-20.625,-4,260.5625,-0.664882,0,0,44.25867,0,0,1000,-37.75,28.07449
08.08.2026,01:45:29,115541,0.366157,-0.178925,-0.12,-0.26,-20.8125,-4.5,260.625,-0.636166,0,0,44.19506,0,0,1000,-37.5,27.07156
08.08.2026,01:45:29,115647,0.357975,-0.189585,-0.12,-0.25,-20.9375,-4.875,260.6875,-0.607678,0,0,44.13429,0,0,1000,-37.25,28.88926
08.08.2026,01:45:29,115753,0.354906,-0.151065,-0.14,-0.27,-21.1875,-5.125,260.75,-0.580709,0,0,44.07622,0,0,1000,-37,28.72158
08.08.2026,01:45:29,115859,0.34161,-0.14342,-0.16,-0.27,-21.375,-5.0625,260.875,-0.552416,0,0,44.02098,0,0,1000,-36.5,28.73178
08.08.2026,01:45:29,115965,0.333428,-0.106649,-0.17,-0.29,-21.625,-4.75,261.0625,-0.524435,0,0,43.96853,0,0,1000,-35.75,29.66872
08.08.2026,01:45:29,116071,0.318086,-0.050805,-0.16,-0.33,-21.875,-4.3125,261.25,-0.495035,0,0,43.91903,0,0,1000,-35,30.80854
08.08.2026,01:45:29,116177,0.322177,-0.055927,-0.18,-0.33,-22.0625,-4.125,261.4375,-0.464602,0,0,43.87257,0,0,1000,-34.5,29.83686
08.08.2026,01:45:29,116283,0.309904,-0.061985,-0.18,-0.34,-22.125,-4.125,261.5625,-0.435259,0,0,43.82904,0,0,1000,-33.75,29.3834
08.08.2026,01:45:29,116389,0.315018,-2.168909,5.61,-0.6,-21.625,-3.4375,261.9375,-0.408244,0,0,43.78822,0,0,1000,-31.78125,31.31647
08.08.2026,01:45:29,116495,0.305813,0.915805,-0.54,-1.16,-17.125,16.0625,266.625,-0.459432,0,0,43.74228,0,0,1000,-15.625,15.52833
08.08.2026,01:45:29,116601,0.303767,1.110257,-0.45,-1.25,-13.4375,22.1875,269.9375,-0.316221,0,0,43.66551,0,0,1000,1.78125,4.036819
08.08.2026,01:45:29,116707,0.29763,0.230375,-0.42,-1.1,-10.125,15,271.1875,-0.219685,0,0,43.64354,0,0,1000,5.0625,-3.807495
08.08.2026,01:45:29,116813,0.287402,-0.422601,-0.39,-0.63,-7.1875,-0.8125,270.3125,-0.208101,0,0,43.62273,0,0,1000,0.15625,-17.30977
08.08.2026,01:45:29,116919,0.272061,-1.085953,-0.34,0.07,-3.875,-16.5625,268.5625,-0.260074,0,0,43.59672,0,0,1000,-7.46875,-29.48196
08.08.2026,01:45:29,117025,0.255696,-0.846956,-0.27,0.21,-0.5625,-25.125,267.75,-0.335369,0,0,43.56319,0,0,1000,-9.5,-35.79504
08.08.2026,01:45:29,117131,0.246491,-0.145051,-0.27,-0.32,-1.3125,-20.5625,269.6875,-0.373691,0,0,43.52582,0,0,1000,-5.5,-36.28257
08.08.2026,01:45:29,117237,0.233195,0.176273,-0.35,-0.74,-4.1875,-11,272.875,-0.355828,0,0,43.49023,0,0,1000,7,-29.12349
08.08.2026,01:45:29,117343,0.22399,0.645892,-0.33,-0.85,-8.125,0.6875,276.375,-0.302559,0,0,43.45998,0,0,1000,21.5,-18.38831
08.08.2026,01:45:29,117449,0.208648,0.75286,-0.29,-0.7,-12.25,7.9375,278.5625,-0.219432,0,0,43.43804,0,0,1000,34.25,-2.082611
08.08.2026,01:45:29,117555,0.194329,0.537184,-0.26,-0.62,-16.875,6.5625,279.4375,-0.136318,0,0,43.42441,0,0,1000,37.5,8.246883
08.08.2026,01:45:29,117661,0.176942,0.289567,-0.27,-0.47,-19.25,-1,279.625,-0.075197,0,0,43.41689,0,0,1000,38.5,15.87642
08.08.2026,01:45:29,117767,0.172851,-0.019019,-0.24,-0.24,-20.6875,-10,279.9375,-0.044667,0,0,43.41242,0,0,1000,40.21875,23.31392
08.08.2026,01:45:29,117873,0.159554,-0.08766,-0.22,0.09,-21.75,-16.1875,280.5,-0.042975,0,0,43.40812,0,0,1000,42.625,25.4832
08.08.2026,01:45:29,117979,0.170805,-0.076009,-0.2,0.06,-22.4375,-15.875,281.75,-0.052259,0,0,43.4029,0,0,1000,46.03125,27.98782
08.08.2026,01:45:29,118085,0.159554,0.136049,-0.23,-0.22,-22.75,-10.375,282.875,-0.065232,0,0,43.39637,0,0,1000,50,28.00198
08.08.2026,01:45:29,118191,0.1616,0.518119,-0.25,-0.57,-22.875,-2.375,284.25,-0.065637,0,0,43.38981,0,0,1000,50,28.1048
08.08.2026,01:45:29,118297,0.160577,0.719276,-0.28,-0.63,-22.75,3.5,285.6875,-0.036722,0,0,43.38614,0,0,1000,50,27.6656
08.08.2026,01:45:29,118403,0.168759,0.568786,-0.28,-0.56,-22.125,5,287,0.06664,0,0,43.39436,0,0,1000,50,26.05825
08.08.2026,01:45:29,118509,0.168759,0.124053,-0.29,-0.3,-20.6875,-0.6875,288.1875,0.083903,0,0,43.40274,0,0,1000,50,21.42013
08.08.2026,01:45:29,118615,0.167737,-0.238129,-0.32,-0.06,-19.4375,-7.625,288.6875,0.069444,0,0,43.40969,0,0,1000,50,19.90596
08.08.2026,01:45:29,118721,0.171828,-0.229171,-0.28,0.13,-18.1875,-12.5625,289.125,0.033211,0,0,43.41301,0,0,1000,50,15.9105
08.08.2026,01:45:29,118827,0.169782,-0.129193,-0.32,0.08,-17,-13.3125,289.75,0.000687,0,0,43.41308,0,0,1000,50,12.06505
08.08.2026,01:45:29,118933,0.171828,-0.008652,-0.39,-0.11,-16.0625,-10,290.9375,-0.017244,0,0,43.41135,0,0,1000,50,8.272469
08.08.2026,01:45:29,119039,0.170805,0.271813,-0.47,-0.53,-15.75,-3.0625,292.75,-0.014823,0,0,43.40987,0,0,1000,50,6.508781
08.08.2026,01:45:29,119145,0.175919,0.331705,-0.49,-0.62,-16.1875,1,293.875,0.003435,0,0,43.41021,0,0,1000,50,8.1605
08.08.2026,01:45:29,119251,0.171828,0.280983,-0.34,-0.58,-16.6875,2.375,294.6875,0.023027,0,0,43.41252,0,0,1000,50,10.19231
08.08.2026,01:45:29,119357,0.170805,0.159811,-0.28,-0.41,-17.3125,0.25,295.1875,0.037411,0,0,43.41626,0,0,1000,50,12.90144
08.08.2026,01:45:29,119463,0.174896,-0.051365,-0.24,-0.22,-17.875,-3.75,295.4375,0.037557,0,0,43.42002,0,0,1000,50,13.75765
08.08.2026,01:45:29,119569,0.174896,-0.112033,-0.22,0,-18.375,-9.5625,295.8125,0.021328,0,0,43.42215,0,0,1000,50,15.61395
08.08.2026,01:45:29,119675,0.173873,-0.102084,-0.21,0.01,-18.5,-10.875,296.25,0.001613,0,0,43.42231,0,0,1000,50,15.83894
08.08.2026,01:45:29,119781,0.173873,0.008458,-0.22,-0.09,-18.5,-9.4375,296.9375,-0.017287,0,0,43.42058,0,0,1000,50,15.7162
08.08.2026,01:45:29,119887,0.165691,0.159328,-0.23,-0.21,-18.4375,-5.75,297.875,-0.027771,0,0,43.4178,0,0,1000,50,15.74348
08.08.2026,01:45:29,119993,0.173873,0.260075,-0.25,-0.35,-18.5,-1.875,298.8125,-0.023861,0,0,43.41542,0,0,1000,50,15.74688
08.08.2026,01:45:29,120099,0.171828,0.220312,-0.25,-0.33,-18.3125,0.6875,299.875,-0.007567,0,0,43.41467,0,0,1000,50,15.25255
08.08.2026,01:45:29,120205,0.163646,0.170012,-0.22,-0.33,-18.0625,-0.3125,300.4375,0.016852,0,0,43.41731,0,0,1000,50,14.44118
08.08.2026,01:45:29,120311,0.173873,-0.210517,-0.24,-0.23,-17.75,-3.5625,300.8125,0.011405,0,0,43.41845,0,0,1000,50,12.7855
08.08.2026,01:45:29,120417,0.168759,-0.180874,-0.22,-0.15,-17.4375,-6.625,301.0625,-0.011749,0,0,43.41727,0,0,1000,50,12.2804
08.08.2026,01:45:29,120523,0.171828,-0.1294,-0.27,-0.11,-17.0625,-8.75,301.3125,-0.035235,0,0,43.41375,0,0,1000,50,10.05136
08.08.2026,01:45:29,120629,0.164668,-0.06781,-0.28,-0.2,-16.8125,-7.875,301.75,-0.050665,0,0,43.40868,0,0,1000,50,9.304192
08.08.2026,01:45:29,120735,0.164668,0.024025,-0.3,-0.34,-16.75,-5.4375,302.4375,-0.058467,0,0,43.40284,0,0,1000,50,10.4662
08.08.2026,01:45:29,120841,0.165691,0.095805,-0.29,-0.42,-16.875,-2.4375,303.1875,-0.056653,0,0,43.39717,0,0,1000,50,10.81052
08.08.2026,01:45:29,120947,0.167737,0.157356,-0.23,-0.47,-17.125,-0.4375,303.8125,-0.049346,0,0,43.39223,0,0,1000,50,11.68608
08.08.2026,01:45:29,121053,0.172851,0.148497,-0.2,-0.43,-17.3125,-0.5625,304.25,-0.036319,0,0,43.3886,0,0,1000,50,11.7821
08.08.2026,01:45:29,121159,0.172851,-0.000659,-0.14,-0.3,-17.3125,-2.8125,304.3125,-0.026836,0,0,43.38592,0,0,1000,50,11.66617
08.08.2026,01:45:29,121265,0.175919,-0.06975,-0.12,-0.18,-17.3125,-5.4375,304.375,-0.028879,0,0,43.38303,0,0,1000,50,11.93892
08.08.2026,01:45:29,121371,0.168759,-0.128534,-0.12,-0.09,-17.125,-7.625,304.5,-0.038623,0,0,43.37917,0,0,1000,50,11.09743
08.08.2026,01:45:29,121477,0.172851,-0.096896,-0.11,-0.08,-16.9375,-8.0625,304.875,-0.051983,0,0,43.37397,0,0,1000,50,10.81108
08.08.2026,01:45:29,121583,0.168759,0.03506,-0.14,-0.18,-16.75,-5.75,305.5625,-0.062056,0,0,43.36777,0,0,1000,50,10.25481
08.08.2026,01:45:29,121689,0.174896,0.097055,-0.16,-0.26,-16.6875,-3.0625,306.25,-0.063249,0,0,43.36144,0,0,1000,50,10.52417
08.08.2026,01:45:29,121795,0.169782,0.178852,-0.19,-0.35,-16.5625,-1.125,306.875,-0.056958,0,0,43.35575,0,0,1000,50,9.870186
08.08.2026,01:45:29,121901,0.175919,0.160243,-0.19,-0.39,-16.4375,-0.75,307.375,-0.029976,0,0,43.34834,0,0,1000,50,9.065613
08.08.2026,01:45:29,122007,0.169782,0.02195,-0.21,-0.35,-16.3125,-2.75,307.75,-0.024042,0,0,43.34594,0,0,1000,50,9.337803
08.08.2026,01:45:29,122113,0.170805,-0.04714,-0.16,-0.26,-16.25,-4.875,307.9375,-0.028765,0,0,43.34306,0,0,1000,50,8.908234
08.08.2026,01:45:29,122219,0.1616,-0.075961,-0.16,-0.17,-16.3125,-6.75,308.125,-0.037266,0,0,43.33933,0,0,1000,50,8.294563
08.08.2026,01:45:29,122325,0.168759,-0.074503,-0.13,-0.19,-16.5,-7.25,308.4375,-0.046051,0,0,43.33473,0,0,1000,50,9.191181
08.08.2026,01:45:29,122431,0.168759,-0.012868,-0.15,-0.24,-16.75,-6.1875,308.9375,-0.051632,0,0,43.32957,0,0,1000,50,10.80655
08.08.2026,01:45:29,122537,0.166714,0.108682,-0.18,-0.34,-17.0625,-3.5625,309.8125,-0.048886,0,0,43.32468,0,0,1000,50,11.06278
08.08.2026,01:45:29,122643,0.165691,0.179963,-0.15,-0.37,-17.125,-1.9375,310.4375,-0.040412,0,0,43.32064,0,0,1000,50,11.71394
08.08.2026,01:45:29,122749,0.166714,0.180763,-0.15,-0.37,-17.0625,-1.5,311,-0.025192,0,0,43.31812,0,0,1000,50,11.16163
08.08.2026,01:45:29,122855,0.159554,0.061174,-0.12,-0.31,-16.875,-2.4375,311.375,-0.012976,0,0,43.31682,0,0,1000,50,10.40596
08.08.2026,01:45:29,122961,0.164668,-0.038483,-0.12,-0.22,-16.625,-4.3125,311.5625,-0.010782,0,0,43.31574,0,0,1000,50,10.33384
08.08.2026,01:45:29,123067,0.164668,-0.087912,-0.1,-0.21,-16.25,-6.375,311.8125,-0.017967,0,0,43.31395,0,0,1000,50,8.445148
08.08.2026,01:45:29,123173,0.170805,-0.077006,-0.13,-0.21,-16.0625,-6.5625,312.125,-0.0285,0,0,43.3111,0,0,1000,50,8.68325
08.08.2026,01:45:29,123279,0.170805,-0.035801,-0.12,-0.26,-16.0625,-5.5,312.5625,-0.037889,0,0,43.30731,0,0,1000,50,7.943447
08.08.2026,01:45:29,123385,0.162623,0.065578,-0.16,-0.3,-16.25,-3.75,313.1875,-0.043346,0,0,43.30297,0,0,1000,50,9.738956
08.08.2026,01:45:29,123491,0.162623,0.106839,-0.15,-0.31,-16.5,-2.0625,314.0625,-0.039582,0,0,43.29902,0,0,1000,50,8.915031
08.08.2026,01:45:29,123597,0.168759,0.067843,-0.16,-0.3,-16.6875,-1.9375,314.625,-0.031538,0,0,43.29586,0,0,1000,50,10.21394
08.08.2026,01:45:29,123703,0.166714,0.018646,-0.14,-0.26,-16.75,-2.75,315,-0.022859,0,0,43.29105,0,0,1000,50,10.68098
08.08.2026,01:45:29,123809,0.169782,-0.060625,-0.15,-0.23,-16.75,-4.125,315.25,-0.027133,0,0,43.28834,0,0,1000,50,10.22073
08.08.2026,01:45:29,123915,0.167737,-0.059759,-0.15,-0.22,-16.75,-5.3125,315.5,-0.034107,0,0,43.28493,0,0,1000,50,9.821846
08.08.2026,01:45:29,124021,0.165691,0.012555,-0.14,-0.26,-16.8125,-5.75,315.9375,-0.038433,0,0,43.28109,0,0,1000,50,10.44175
08.08.2026,01:45:29,124127,0.166714,0.103721,-0.16,-0.26,-16.8125,-5.25,316.5,-0.036499,0,0,43.27744,0,0,1000,50,10.59233
08.08.2026,01:45:29,124233,0.165691,0.11462,-0.17,-0.28,-16.8125,-4.375,317.1875,-0.028152,0,0,43.27462,0,0,1000,50,10.16277
08.08.2026,01:45:29,124339,0.172851,0.115218,-0.17,-0.27,-16.6875,-3.625,317.875,-0.018705,0,0,43.27275,0,0,1000,50,10.42929
08.08.2026,01:45:29,124445,0.165691,0.075579,-0.14,-0.31,-16.5,-3.3125,318.3125,-0.011314,0,0,43.27162,0,0,1000,50,9.069012
08.08.2026,01:45:29,124551,0.167737,0.065808,-0.14,-0.28,-16.375,-3.5,318.75,-0.007156,0,0,43.2709,0,0,1000,50,9.371883
08.08.2026,01:45:29,124657,0.163646,0.045976,-0.14,-0.27,-16.375,-4,318.9375,-0.005232,0,0,43.27038,0,0,1000,50,9.065048
08.08.2026,01:45:29,124763,0.168759,0.066124,-0.14,-0.31,-16.5,-4.5625,319.125,-0.004657,0,0,43.26991,0,0,1000,50,9.037766
08.08.2026,01:45:29,124869,0.1616,0.076229,-0.17,-0.28,-16.6875,-5,319.4375,-0.003257,0,0,43.26959,0,0,1000,50,9.937782
08.08.2026,01:45:29,124975,0.162623,0.116263,-0.17,-0.23,-16.875,-5.25,319.875,-0.001057,0,0,43.26948,0,0,1000,50,10.75198
08.08.2026,01:45:29,125081,0.171828,0.126115,-0.2,-0.22,-17.0625,-5.125,320.6875,0.004617,0,0,43.26994,0,0,1000,50,11.37245
08.08.2026,01:45:29,125187,0.166714,0.075784,-0.17,-0.18,-17.0625,-4.8125,321.3125,0.010326,0,0,43.27098,0,0,1000,50,10.97413
08.08.2026,01:45:29,125293,0.168759,0.005399,-0.12,-0.16,-16.875,-4.375,321.8125,0.012021,0,0,43.27218,0,0,1000,50,10.28606
08.08.2026,01:45:29,125399,0.165691,-0.0049,-0.13,-0.29,-16.6875,-3.75,322.25,0.009334,0,0,43.27311,0,0,1000,50,10.15313
08.08.2026,01:45:29,125505,0.167737,0.084976,-0.18,-0.4,-16.5,-3.0625,322.5625,0.000589,0,0,43.2735,0,0,1000,50,9.498585
08.08.2026,01:45:29,125611,0.167737,0.164823,-0.18,-0.43,-16.5625,-3.0625,322.75,0.004782,0,0,43.27398,0,0,1000,50,9.163895
08.08.2026,01:45:29,125717,0.166714,0.184374,-0.16,-0.32,-16.6875,-3.8125,323.125,0.013992,0,0,43.27538,0,0,1000,50,10.06052
08.08.2026,01:45:29,125823,0.169782,0.114374,-0.14,-0.22,-16.75,-5.0625,323.6875,0.021597,0,0,43.27753,0,0,1000,50,10.52757
08.08.2026,01:45:29,125929,0.1616,-0.006319,-0.08,-0.11,-16.5625,-6.1875,324.25,0.021239,0,0,43.27966,0,0,1000,50,9.5355
08.08.2026,01:45:29,126035,0.166714,-0.107349,-0.07,-0.17,-16.125,-6,324.625,0.010868,0,0,43.28075,0,0,1000,50,8.598
08.08.2026,01:45:29,126141,0.159554,-0.107195,-0.09,-0.25,-16,-4.6875,324.6875,-0.004784,0,0,43.28027,0,0,1000,50,7.265015
08.08.2026,01:45:29,126247,0.164668,0.003407,-0.13,-0.41,-16.25,-2.6875,324.6875,-0.018768,0,0,43.27839,0,0,1000,50,9.033234
08.08.2026,01:45:29,126353,0.173873,0.124073,-0.14,-0.47,-16.6875,-1.25,324.875,-0.020753,0,0,43.27632,0,0,1000,50,10.86735
08.08.2026,01:45:29,126459,0.167737,0.174413,-0.13,-0.42,-17,-1.25,325.375,-0.010599,0,0,43.27526,0,0,1000,50,10.82014
08.08.2026,01:45:29,126565,0.165691,0.094395,-0.12,-0.33,-16.875,-3.4375,326.125,0.000587,0,0,43.27531,0,0,1000,50,10.87585
08.08.2026,01:45:29,126671,0.169782,-0.055728,0.17,-0.06,-16,-5.125,326.25,0.003807,0,0,43.2757,0,0,1000,50,7.217335
08.08.2026,01:45:29,126777,0.171828,0.044385,-0.12,-0.24,-14.5,-6,325.6875,-0.003518,0,0,43.27534,0,0,1000,50,1.849697
08.08.2026,01:45:29,126883,0.165691,0.234557,-0.15,-0.39,-13.8125,-5.8125,325.375,-0.005356,0,0,43.27481,0,0,1000,50,1.859989
08.08.2026,01:45:29,126989,0.169782,0.104511,-0.13,-0.39,-14,-5.1875,325.9375,0.001439,0,0,43.27496,0,0,1000,50,1.840633
08.08.2026,01:45:29,127095,0.175919,-0.115826,-0.08,-0.24,-14.75,-4.875,327.3125,0.010497,0,0,43.276,0,0,1000,50,3.252548
08.08.2026,01:45:29,127201,0.163646,0.024016,0.08,-0.25,-16,-2.5,329.375,-0.003988,0,0,43.2761,0,0,1000,50,6.968468
08.08.2026,01:45:29,127307,0.181033,0.334144,-0.13,-0.43,-17.3125,0.5625,331.625,0.001689,0,0,43.27626,0,0,1000,50,11.63897
08.08.2026,01:45:29,127413,0.171828,0.35409,-0.27,-0.51,-18.875,2.875,334.25,0.025373,0,0,43.2788,0,0,1000,50,18.15823
08.08.2026,01:45:29,127519,0.173873,0.291643,-0.14,-0.55,-21,2.9375,338.1875,0.05077,0,0,43.28388,0,0,1000,50,22.72639
08.08.2026,01:45:29,127625,0.165691,0.299594,-0.12,-0.47,-22.375,0.0625,341.5625,0.063745,0,0,43.29025,0,0,1000,50,26.19855
08.08.2026,01:45:29,127731,0.166714,0.02728,-0.07,-0.19,-23.125,-3.6875,344.875,0.072003,0,0,43.29745,0,0,1000,50,29.69175
08.08.2026,01:45:29,127837,0.165691,-0.514516,-0.31,0.13,-23.25,-7.5625,348.5625,0.055877,0,0,43.30304,0,0,1000,50,29.65937
08.08.2026,01:45:29,127943,0.171828,-0.254609,-0.55,0.05,-23.3125,-5.6875,352.6875,0.002885,0,0,43.30333,0,0,1000,50,31.01567
08.08.2026,01:45:29,128049,0.181033,0.306373,-0.89,-0.5,-24.5625,5.5625,358.4375,-0.030538,0,0,43.30028,0,0,1000,50,33.45374
08.08.2026,01:45:29,128155,0.169782,0.716938,-0.74,-0.74,-26.25,14.4375,2.5625,-0.017592,0,0,43.29852,0,0,1000,-50,36.48093
08.08.2026,01:45:29,128261,0.171828,0.995975,-0.2,-1.04,-27.625,17.0625,6,0.029975,0,0,43.30152,0,0,1000,-50,40
08.08.2026,01:45:29,128367,0.191261,0.472565,-0.08,-0.9,-28,9.625,9,0.106058,0,0,43.31212,0,0,1000,-50,40
08.08.2026,01:45:29,128473,0.184101,-0.161779,0.11,-0.31,-27.8125,-8.5625,12.9375,0.135105,0,0,43.32563,0,0,1000,-50,40
08.08.2026,01:45:29,128579,0.189215,-0.904998,0.04,0.45,-27.6875,-18.4375,15.5625,0.100142,0,0,43.33565,0,0,1000,-50,40
08.08.2026,01:45:29,128685,0.190238,-0.456026,-0.67,0.08,-26.9375,-18.0625,18.4375,0.031965,0,0,43.33884,0,0,1000,-50,40
08.08.2026,01:45:29,128791,0.200466,-0.544582,-0.75,-0.02,-26.125,-11.3125,21.1875,-0.044913,0,0,43.33435,0,0,1000,-50,39.81005
08.08.2026,01:45:29,128897,0.20558,0.358183,-0.42,-0.42,-25.75,-3.125,23.6875,-0.085978,0,0,43.32576,0,0,1000,-50,37.402
08.08.2026,01:45:29,129003,0.203534,0.292038,-0.44,-0.52,-25.5625,2,26.5625,-0.048028,0,0,43.31377,0,0,1000,-50,38.16229
08.08.2026,01:45:29,129109,0.220921,0.222038,-0.17,-0.64,-25.4375,2.375,28.5,-0.012931,0,0,43.31247,0,0,1000,-50,37.97423
08.08.2026,01:45:29,129215,0.220921,0.052454,-0.36,-0.39,-25.1875,-0.75,30,-0.001444,0,0,43.31233,0,0,1000,-50,36.3867
08.08.2026,01:45:29,129321,0.229104,-0.2475,-0.32,-0.21,-24.625,-5.3125,30.875,-0.009105,0,0,43.31142,0,0,1000,-50,35.55268
08.08.2026,01:45:29,129427,0.226035,-0.387207,-0.35,-0.02,-23.875,-10.1875,31.375,-0.039271,0,0,43.30749,0,0,1000,-50,33.05721
08.08.2026,01:45:29,129533,0.236263,-0.463559,-0.38,0.11,-22.375,-12.8125,31.5,-0.07417,0,0,43.30008,0,0,1000,-50,30.09243
08.08.2026,01:45:29,129639,0.237286,0.069856,-0.59,-0.25,-21.125,-11.375,31.3125,-0.106205,0,0,43.28946,0,0,1000,-50,26.7686
08.08.2026,01:45:29,129745,0.233195,-0.157057,-0.69,-0.2,-20.1875,-9.375,30.8125,-0.095992,0,0,43.27986,0,0,1000,-50,24.48112
08.08.2026,01:45:29,129851,0.253651,0.096034,-0.52,-0.44,-19.3125,-7.25,30,-0.096131,0,0,43.27024,0,0,1000,-50,20.10045
08.08.2026,01:45:29,129957,0.257742,-0.001379,-0.25,-0.83,-18.625,-7.125,28.875,-0.080461,0,0,43.2622,0,0,1000,-50,18.34762
08.08.2026,01:45:29,130063,0.273083,-0.339226,-0.42,-0.61,-17.75,-11.625,26.75,-0.066949,0,0,43.2555,0,0,1000,-50,16.90786
08.08.2026,01:45:29,130169,0.305813,-0.496688,-0.45,-0.2,-16.875,-14.125,25.0625,-0.078928,0,0,43.24761,0,0,1000,-50,14.50906
08.08.2026,01:45:29,130275,0.321154,-0.312822,-0.08,-0.06,-15.375,-13.3125,23.8125,-0.120226,0,0,43.23559,0,0,1000,-50,10.58639
08.08.2026,01:45:29,130381,0.345701,0.081766,-0.09,-0.05,-14.0625,-9.5625,23.3125,-0.142681,0,0,43.22132,0,0,1000,-50,6.188637
08.08.2026,01:45:29,130487,0.368202,0.225852,-0.02,0,-12.75,-6.25,23.25,-0.127044,0,0,43.20862,0,0,1000,-50,5.369995
08.08.2026,01:45:29,130593,0.392749,0.269003,-0.06,-0.05,-11.125,-4.0625,23.25,-0.098012,0,0,43.19882,0,0,1000,-50,1.374531
08.08.2026,01:45:29,130699,0.408091,0.070964,-0.08,-0.1,-9.9375,-4.125,23.1875,-0.060988,0,0,43.19272,0,0,1000,-50,-1.448166
08.08.2026,01:45:29,130805,0.414228,-0.027815,-0.12,-0.1,-9,-4.3125,23.3125,-0.031315,0,0,43.18579,0,0,1000,-50,-4.724319
08.08.2026,01:45:29,130911,0.430592,0.293192,-0.22,-0.3,-8.3125,-3.6875,23.625,-0.025273,0,0,43.18326,0,0,1000,-50,-6.999809
08.08.2026,01:45:29,131017,0.438775,-0.125856,-0.11,-0.13,-7.4375,-4.1875,23.8125,-0.004347,0,0,43.18283,0,0,1000,-50,-9.890762
08.08.2026,01:45:29,131123,0.432638,-0.045272,0,-0.12,-7,-4.6875,24.25,-0.018147,0,0,43.18101,0,0,1000,-50,-10.77426
08.08.2026,01:45:29,131229,0.443888,0.245566,-0.13,-0.15,-6.6875,-3.75,25.125,-0.026071,0,0,43.17841,0,0,1000,-50,-12.66635
08.08.2026,01:45:29,131335,0.450025,0.075773,-0.06,-0.05,-6.4375,-3.5625,26.0625,-0.006428,0,0,43.17776,0,0,1000,-50,-11.54523
08.08.2026,01:45:29,131441,0.45923,0.145699,-0.02,-0.03,-6.4375,-4.125,27.0625,0.002286,0,0,43.17799,0,0,1000,-50,-11.54239
08.08.2026,01:45:29,131547,0.456162,0.185292,-0.16,-0.1,-6.6875,-5.25,28.3125,0.012661,0,0,43.17926,0,0,1000,-50,-10.66739
08.08.2026,01:45:29,131653,0.463321,-0.125463,0.01,-0.09,-7.125,-6.375,29.1875,0.023465,0,0,43.18161,0,0,1000,-50,-10.04239
08.08.2026,01:45:29,131759,0.451048,-0.025863,0.09,-0.12,-7.8125,-6.5,30.1875,0.012446,0,0,43.18285,0,0,1000,-50,-7.774261
08.08.2026,01:45:29,131865,0.450025,0.353894,-0.13,-0.25,-8.5625,-6.0625,31.25,0.007563,0,0,43.18361,0,0,1000,-50,-6.159462
08.08.2026,01:45:29,131971,0.442866,-0.04706,-0.13,-0.15,-9.375,-7.5625,31.875,0.029671,0,0,43.18657,0,0,1000,-50,-2.699203
08.08.2026,01:45:29,132077,0.444911,-0.307978,-0.04,0,-10.6875,-9.125,32.6875,0.02856,0,0,43.18943,0,0,1000,-50,-0.40493
08.08.2026,01:45:29,132183,0.433661,0.072008,-0.07,-0.19,-11.8125,-7.0625,33.625,0.000413,0,0,43.18947,0,0,1000,-50,1.742733
08.08.2026,01:45:29,132289,0.426501,0.122381,-0.03,-0.29,-12.9375,-4.8125,34.375,-0.011579,0,0,43.18831,0,0,1000,-50,7.547867
08.08.2026,01:45:29,132395,0.42241,0.14242,0.07,-0.31,-13.9375,-3.75,34.8125,-0.001226,0,0,43.18819,0,0,1000,-50,10.51719
08.08.2026,01:45:29,132501,0.417296,0.041995,0.08,-0.35,-15.0625,-4.625,34.875,0.020331,0,0,43.19154,0,0,1000,-50,11.71885
08.08.2026,01:45:29,132607,0.409114,0.211341,0,-0.39,-15.75,-6.125,34.875,0.019109,0,0,43.19345,0,0,1000,-50,15.02285
08.08.2026,01:45:29,132713,0.406045,-0.169273,-0.03,-0.18,-16.375,-8.6875,34.9375,0.023078,0,0,43.19576,0,0,1000,-50,17.20469
08.08.2026,01:45:29,132819,0.395818,-0.030015,0.04,-0.21,-17,-9.5625,35.1875,0.004442,0,0,43.19621,0,0,1000,-50,18.15918
08.08.2026,01:45:29,132925,0.395818,0.189842,-0.05,-0.37,-17.375,-7.9375,35.3125,0.002628,0,0,43.19647,0,0,1000,-50,19.18929
08.08.2026,01:45:29,133031,0.392749,0.15924,-0.03,-0.38,-17.375,-4.4375,34.375,0.016108,0,0,43.19808,0,0,1000,-50,20.3496
08.08.2026,01:45:29,133137,0.399909,0.158461,-0.2,-0.38,-17.125,-2.5625,32.875,0.024204,0,0,43.2005,0,0,1000,-50,18.22224
08.08.2026,01:45:29,133243,0.399909,0.027427,-0.23,-0.42,-16.75,-2.75,31,0.032178,0,0,43.20372,0,0,1000,-50,17.71771
08.08.2026,01:45:29,133349,0.400932,-0.233434,-0.32,-0.24,-16.25,-4.8125,29.0625,0.026752,0,0,43.20639,0,0,1000,-50,16.40181
08.08.2026,01:45:29,133455,0.404,-0.353481,-0.38,-0.19,-15.5,-7.3125,26.8125,0.001474,0,0,43.20654,0,0,1000,-50,13.3632
08.08.2026,01:45:29,133561,0.405023,-0.232556,-0.16,-0.13,-14.5,-9.25,23.9375,-0.02878,0,0,43.20367,0,0,1000,-50,10.9291
08.08.2026,01:45:29,133667,0.410137,-0.040907,-0.11,-0.15,-13.875,-9.25,21.75,-0.051264,0,0,43.19854,0,0,1000,-50,9.053532
08.08.2026,01:45:29,133773,0.417296,0.030839,-0.11,-0.18,-13.25,-8.5,19.6875,-0.054293,0,0,43.19311,0,0,1000,-50,6.800133
08.08.2026,01:45:29,133879,0.417296,-0.107537,-0.02,-0.12,-12.8125,-7.6875,17.75,-0.050516,0,0,43.18806,0,0,1000,-50,5.487633
08.08.2026,01:45:29,133985,0.415251,0.104082,0.02,-0.31,-12.375,-6.25,15.6875,-0.050337,0,0,43.18303,0,0,1000,-50,4.454685
08.08.2026,01:45:29,134091,0.417296,0.005347,0.1,-0.3,-12.0625,-6.125,14.1875,-0.039354,0,0,43.17909,0,0,1000,-50,4.664371
08.08.2026,01:45:29,134197,0.415251,0.016362,0.09,-0.33,-11.8125,-5.875,13.0625,-0.031559,0,0,43.17593,0,0,1000,-50,3.147282
08.08.2026,01:45:29,134303,0.412182,0.127447,-0.08,-0.29,-11.5,-5.625,11.9375,-0.023939,0,0,43.17017,0,0,1000,-50,2.148415
08.08.2026,01:45:29,134409,0.412182,-0.071784,-0.07,-0.21,-11.0625,-6.4375,10.75,-0.021973,0,0,43.16797,0,0,1000,-50,1.068924
08.08.2026,01:45:29,134515,0.42241,-0.210012,0.01,-0.1,-10.625,-7.1875,9.3125,-0.033122,0,0,43.16466,0,0,1000,-50,-0.142464
08.08.2026,01:45:29,134621,0.420364,-0.13836,0.03,-0.08,-10.5,-6.0625,8.625,-0.051374,0,0,43.15952,0,0,1000,-50,-1.441376
08.08.2026,01:45:29,134727,0.424456,-0.056427,0,-0.2,-10.5,-3.5,8.375,-0.060119,0,0,43.15351,0,0,1000,-50,-0.58223
08.08.2026,01:45:29,134833,0.418319,0.105342,-0.01,-0.3,-10.625,-1,8.1875,-0.055016,0,0,43.14801,0,0,1000,-50,-0.327133
08.08.2026,01:45:29,134939,0.415251,0.356384,-0.02,-0.4,-10.875,-0.3125,7.9375,-0.032392,0,0,43.14477,0,0,1000,-50,0.763222
08.08.2026,01:45:29,135045,0.408091,-0.103495,0.21,-0.34,-11.3125,-3,7.25,-0.00377,0,0,43.14439,0,0,1000,-50,0.531914
08.08.2026,01:45:29,135151,0.399909,-0.043263,0.15,-0.26,-11.625,-5.25,6.875,-0.007208,0,0,43.14367,0,0,1000,-50,2.399544
08.08.2026,01:45:29,135257,0.398886,-0.012875,0.06,-0.29,-11.8125,-6.25,6.75,-0.012082,0,0,43.14246,0,0,1000,-50,3.235367
08.08.2026,01:45:29,135363,0.395818,-0.062495,0.02,-0.23,-12,-6.5625,6.75,-0.011819,0,0,43.14128,0,0,1000,-50,3.46035
08.08.2026,01:45:29,135469,0.401954,-0.071925,0.01,-0.17,-12.125,-5.75,6.9375,-0.017712,0,0,43.13951,0,0,1000,-50,3.95808
08.08.2026,01:45:29,135575,0.395818,0.088907,-0.07,-0.2,-12.375,-3.625,7.25,-0.025887,0,0,43.13692,0,0,1000,-50,3.750664
08.08.2026,01:45:29,135681,0.393772,0.059606,-0.11,-0.17,-12.5,-3.25,7.125,-0.021714,0,0,43.13475,0,0,1000,-50,4.279076
08.08.2026,01:45:29,135787,0.387635,-0.020033,-0.05,-0.18,-12.625,-3.6875,6.8125,-0.011243,0,0,43.13362,0,0,1000,-50,5.145016
08.08.2026,01:45:29,135893,0.382521,0.060305,-0.02,-0.2,-12.8125,-4.375,6.3125,-0.010514,0,0,43.13257,0,0,1000,-50,4.670502
08.08.2026,01:45:29,135999,0.379453,0.12054,0.03,-0.25,-12.8125,-5.4375,5.625,-0.007292,0,0,43.13184,0,0,1000,-50,5.192692
08.08.2026,01:45:29,136105,0.375362,0.15075,0,-0.31,-12.75,-6.3125,5.125,0.004892,0,0,43.13168,0,0,1000,-50,4.636993
08.08.2026,01:45:29,136211,0.366157,0.100592,0.04,-0.3,-12.625,-7.375,4.625,0.013435,0,0,43.13302,0,0,1000,-50,3.798336
08.08.2026,01:45:29,136317,0.366157,0.03016,0.14,-0.35,-12.4375,-8.25,4.25,0.018372,0,0,43.13486,0,0,1000,-50,2.895485
08.08.2026,01:45:29,136423,0.36002,-0.05043,0.04,-0.32,-12.3125,-8.6875,3.9375,0.014123,0,0,43.13627,0,0,1000,-50,2.155113
08.08.2026,01:45:29,136529,0.355929,-0.111186,0,-0.27,-12.0625,-8.0625,3.75,0.009377,0,0,43.13721,0,0,1000,-50,1.8074
08.08.2026,01:45:29,136635,0.350815,0.098846,0,-0.31,-12,-7,3.75,-0.001003,0,0,43.13711,0,0,1000,-50,1.926739
08.08.2026,01:45:29,136741,0.34877,0.078704,0.02,-0.23,-12,-6.75,3.5,0.004415,0,0,43.13755,0,0,1000,-50,1.984707
08.08.2026,01:45:29,136847,0.350815,-0.261597,0.1,0,-12.0625,-8.0625,2.9375,0.009378,0,0,43.13849,0,0,1000,-50,1.990936
08.08.2026,01:45:29,136953,0.349792,-0.081252,0.02,0.01,-12.3125,-7.75,2.75,-0.010748,0,0,43.13741,0,0,1000,-50,2.774452
08.08.2026,01:45:29,137059,0.344678,0.109323,-0.04,-0.23,-12.875,-4.1875,2.8125,-0.017875,0,0,43.13562,0,0,1000,-50,3.743767
08.08.2026,01:45:29,137165,0.332405,0.379596,-0.16,-0.52,-13.375,-1.4375,2.875,-0.008473,0,0,43.13478,0,0,1000,-50,4.688065
08.08.2026,01:45:29,137271,0.328314,0.059135,-0.23,-0.49,-13.875,-0.1875,2.6875,0.014329,0,0,43.13621,0,0,1000,-50,7.495472
08.08.2026,01:45:29,137377,0.324223,-0.03157,-0.07,-0.51,-14.25,0.8125,2.4375,0.021933,0,0,43.1384,0,0,1000,-50,7.482346
08.08.2026,01:45:29,137483,0.324223,0.097742,-0.09,-0.57,-14.6875,3.1875,2,0.021382,0,0,43.14054,0,0,1000,-50,8.478378
08.08.2026,01:45:29,137589,0.324223,0.087197,0.01,-0.52,-14.9375,3.5625,1.5625,0.016946,0,0,43.14224,0,0,1000,-50,9.786915
08.08.2026,01:45:29,137695,0.31604,0.086382,0.07,-0.44,-15.3125,1.6875,1.0625,0.025359,0,0,43.14478,0,0,1000,-50,10.65739
08.08.2026,01:45:29,137801,0.3232,-0.054514,0.07,-0.3,-15.8125,-1.125,0.5,0.026463,0,0,43.15021,0,0,1000,-50,13.10517
08.08.2026,01:45:29,137907,0.324223,-0.055365,0.15,-0.31,-16.5,-3.25,0.125,0.017176,0,0,43.15192,0,0,1000,-50,15.0693
08.08.2026,01:45:29,138013,0.320132,0.033732,0.11,-0.4,-17.5,-3.625,359.8125,0.010898,0,0,43.15302,0,0,1000,50,16.35055
08.08.2026,01:45:29,138119,0.331382,0.093392,0.03,-0.51,-18.0625,-2.8125,359.6875,0.010587,0,0,43.15408,0,0,1000,50,18.56647
08.08.2026,01:45:29,138225,0.343656,0.132785,0,-0.44,-18.5,-2.0625,359.5,0.018886,0,0,43.15596,0,0,1000,50,20.46535
08.08.2026,01:45:29,138331,0.34161,0.121957,0,-0.42,-18.8125,-2,359.125,0.025753,0,0,43.15854,0,0,1000,50,21.71932
08.08.2026,01:45:29,138437,0.344678,0.08096,0,-0.46,-19,-2.6875,358.5625,0.030986,0,0,43.16164,0,0,1000,50,23.17164
08.08.2026,01:45:29,138543,0.357975,0.059935,-0.09,-0.33,-19,-4.75,357.75,0.031889,0,0,43.16483,0,0,1000,50,23.16881
08.08.2026,01:45:29,138649,0.36002,-0.141032,-0.01,-0.24,-18.9375,-6.625,357,0.030057,0,0,43.16783,0,0,1000,50,23.3802
08.08.2026,01:45:29,138755,0.375362,-0.06149,-0.07,-0.15,-18.875,-7.625,356.375,0.014259,0,0,43.16926,0,0,1000,50,23.99047
08.08.2026,01:45:29,138861,0.38559,-0.011655,-0.03,-0.08,-18.75,-8.0625,355.75,0.005112,0,0,43.16977,0,0,1000,50,22.72281
08.08.2026,01:45:29,138967,0.395818,0.068281,0.07,-0.14,-18.4375,-7.5625,355.0625,0.001989,0,0,43.16997,0,0,1000,50,22.74613
08.08.2026,01:45:29,139073,0.400932,0.088162,0.14,-0.14,-18.0625,-6.875,354.8125,0.003701,0,0,43.17034,0,0,1000,50,21.28361
08.08.2026,01:45:29,139179,0.412182,0.057836,0.17,-0.19,-17.4375,-6.0625,354.625,0.01014,0,0,43.17135,0,0,1000,50,19.93363
08.08.2026,01:45:29,139285,0.419342,0.057452,0.15,-0.21,-16.6875,-5.1875,354.625,0.011958,0,0,43.17255,0,0,1000,50,17.90181
08.08.2026,01:45:29,139391,0.420364,-0.023038,0.07,-0.21,-15.6875,-4.625,354.75,0.015221,0,0,43.17407,0,0,1000,50,14.50585
08.08.2026,01:45:29,139497,0.42241,-0.09338,0.01,-0.14,-14.1875,-3.5625,355.1875,0.010657,0,0,43.17513,0,0,1000,50,9.836479
08.08.2026,01:45:29,139603,0.435706,0.016569,-0.06,-0.21,-12.9375,-2.25,355.6875,-0.00525,0,0,43.17476,0,0,1000,50,7.572319
08.08.2026,01:45:29,139709,0.431615,0.126738,-0.1,-0.28,-11.6875,-1.5625,356.1875,-0.000181,0,0,43.17474,0,0,1000,50,2.867733
08.08.2026,01:45:29,139815,0.435706,0.036744,-0.12,-0.2,-10.5625,-2.25,356.5,0.009124,0,0,43.17566,0,0,1000,50,-0.93335
08.08.2026,01:45:29,139921,0.438775,-0.183549,-0.08,-0.07,-9.4375,-3.75,356.8125,0.003942,0,0,43.17605,0,0,1000,50,-3.786728
08.08.2026,01:45:29,140027,0.436729,-0.023391,-0.05,-0.02,-8.1875,-4.4375,357.375,-0.008881,0,0,43.17516,0,0,1000,50,-7.606117
08.08.2026,01:45:29,140133,0.433661,-0.062907,-0.14,-0.18,-7.25,-4.25,358,-0.01505,0,0,43.17365,0,0,1000,50,-9.486786
08.08.2026,01:45:29,140239,0.434683,-0.042236,-0.11,-0.14,-6.4375,-3.625,358.6875,-0.02087,0,0,43.17157,0,0,1000,50,-11.95837
08.08.2026,01:45:29,140345,0.421387,-0.011506,-0.13,-0.17,-5.625,-2.75,359.4375,-0.022693,0,0,43.1693,0,0,1000,50,-17.43061
08.08.2026,01:45:29,140451,0.407068,0.029212,-0.14,-0.21,-5,-2.1875,0.0625,-0.022319,0,0,43.16706,0,0,1000,-50,-17.63454
08.08.2026,01:45:29,140557,0.411159,0.059834,0.02,-0.03,-4.125,-2.3125,0.75,-0.019341,0,0,43.16513,0,0,1000,-50,-19.5743
08.08.2026,01:45:29,140663,0.390704,0.080327,-0.09,-0.18,-3.625,-2.0625,1.3125,-0.015328,0,0,43.1636,0,0,1000,-50,-22.05618
08.08.2026,01:45:29,140769,0.395818,0.130783,-0.09,-0.28,-3.25,-1.8125,2.0625,-0.014182,0,0,43.16218,0,0,1000,-50,-23.19704
08.08.2026,01:45:29,140875,0.372294,-0.019129,-0.11,-0.08,-2.9375,-2.4375,2.75,-0.002732,0,0,43.1619,0,0,1000,-50,-24.99084
08.08.2026,01:45:29,140981,0.36718,0.090881,-0.13,-0.24,-2.6875,-2.625,3.5625,-0.000314,0,0,43.16187,0,0,1000,-50,-26.54144
08.08.2026,01:45:29,141087,0.352861,0.050756,-0.04,-0.21,-2.5,-3.125,4.625,0.003889,0,0,43.16226,0,0,1000,-50,-27.28522
08.08.2026,01:45:29,141193,0.337519,0.010513,-0.09,-0.22,-2.5625,-3.6875,5.4375,0.007533,0,0,43.16301,0,0,1000,-50,-28.47564
08.08.2026,01:45:29,141299,0.324223,0.02028,-0.07,-0.15,-2.5625,-4.1875,6,0.007269,0,0,43.16374,0,0,1000,-50,-27.27898
08.08.2026,01:45:29,141405,0.313995,-0.01992,-0.14,-0.1,-2.6875,-4.5,6.5,0.003775,0,0,43.16474,0,0,1000,-50,-28.03928
08.08.2026,01:45:29,141511,0.291494,0.059808,-0.16,-0.11,-2.875,-4.5,6.875,0.004679,0,0,43.16521,0,0,1000,-50,-27.69496
08.08.2026,01:45:29,141617,0.290471,0.13951,-0.04,-0.13,-3,-4.3125,6.8125,0.009275,0,0,43.16614,0,0,1000,-50,-27.65747
08.08.2026,01:45:29,141723,0.276152,0.158911,-0.13,-0.25,-3.1875,-4.25,6.5625,0.018634,0,0,43.168,0,0,1000,-50,-27.40181
08.08.2026,01:45:29,141829,0.246491,0.197963,-0.12,-0.41,-3.75,-4.25,6.1875,0.029478,0,0,43.17095,0,0,1000,-50,-26.58365
08.08.2026,01:45:29,141935,0.240354,0.176657,-0.05,-0.4,-5,-4.625,5.6875,0.040597,0,0,43.17501,0,0,1000,-50,-20.83082
08.08.2026,01:45:29,142041,0.213762,0.015145,0.07,-0.27,-7.4375,-5.1875,5,0.047013,0,0,43.17971,0,0,1000,-50,-17.45647
08.08.2026,01:45:29,142147,0.199443,0.113804,0.05,-0.23,-9.5625,-4.625,4.5625,0.04171,0,0,43.18388,0,0,1000,-50,-9.718941
08.08.2026,01:45:29,142253,0.183078,0.052549,-0.06,-0.33,-12,-3.5,3.875,0.039032,0,0,43.18778,0,0,1000,-50,-2.126419
08.08.2026,01:45:29,142359,0.172851,-0.018663,-0.15,-0.33,-14.25,-3.4375,2.75,0.037698,0,0,43.19155,0,0,1000,-50,3.976398
08.08.2026,01:45:29,142465,0.145235,-0.029603,-0.12,-0.3,-16.1875,-3.8125,1.4375,0.02921,0,0,43.19447,0,0,1000,-50,9.261612
08.08.2026,01:45:29,142571,0.149327,0.039718,-0.04,-0.51,-17.875,-4.375,359.75,0.021115,0,0,43.19658,0,0,1000,-50,12.41276
08.08.2026,01:45:29,142677,0.137053,-0.070856,0.07,-0.55,-18.375,-4.9375,358.375,0.017854,0,0,43.19837,0,0,1000,50,13.71157
08.08.2026,01:45:29,142783,0.135008,-0.101223,0,-0.48,-18.125,-5.0625,357,0.011418,0,0,43.19951,0,0,1000,50,13.86499
08.08.2026,01:45:29,142889,0.139099,-0.271321,-0.07,-0.26,-17.5625,-4.5625,355.8125,0.003037,0,0,43.19981,0,0,1000,50,11.26897
08.08.2026,01:45:29,142995,0.13603,0.029229,-0.22,-0.37,-16.75,-3,354.25,-0.017104,0,0,43.1981,0,0,1000,50,9.881516
08.08.2026,01:45:29,143101,0.148304,-0.089992,0.06,-0.02,-16.4375,-3.4375,353.25,-0.026172,0,0,43.19307,0,0,1000,50,9.805416
08.08.2026,01:45:29,143207,0.145235,-0.159151,-0.16,-0.07,-16.625,-2.125,352.4375,-0.035147,0,0,43.18955,0,0,1000,50,9.87925
08.08.2026,01:45:29,143313,0.135008,0.07198,-0.09,-0.16,-16.9375,-0.125,351.5,-0.046615,0,0,43.18489,0,0,1000,50,10.29796
08.08.2026,01:45:29,143419,0.140121,-0.126521,-0.11,-0.19,-17.4375,0.0625,350.125,-0.041194,0,0,43.18077,0,0,1000,50,12.50935
08.08.2026,01:45:29,143525,0.116597,-0.393213,-0.13,-0.16,-18.0625,-1,348.375,-0.061682,0,0,43.1746,0,0,1000,50,12.74849
08.08.2026,01:45:29,143631,0.112506,0.029118,-0.01,-0.51,-18.3125,0.375,346.5625,-0.0725,0,0,43.16735,0,0,1000,50,14.45081
08.08.2026,01:45:29,143737,0.109438,0.070817,-0.13,-0.72,-18.4375,3.1875,344.25,-0.052836,0,0,43.16207,0,0,1000,50,13.38369
08.08.2026,01:45:29,143843,0.098187,0.072194,0.21,-0.55,-18.875,4.3125,341.375,-0.042799,0,0,43.15779,0,0,1000,50,14.5456
08.08.2026,01:45:29,143949,0.097165,0.003239,0.3,-0.42,-19.5625,2.9375,338,-0.032499,0,0,43.15454,0,0,1000,50,17.35017
08.08.2026,01:45:29,144055,0.090005,-0.465285,0.5,-0.29,-19.9375,2.75,333.8125,-0.045906,0,0,43.14995,0,0,1000,50,17.07968
08.08.2026,01:45:29,144161,0.086937,0.547691,0.14,-1,-19.4375,6.0625,330.875,-0.092553,0,0,43.14069,0,0,1000,50,16.1149
08.08.2026,01:45:29,144267,0.087959,0.809204,0.01,-0.91,-18.5625,5,328.0625,-0.047041,0,0,43.13599,0,0,1000,50,14.4206
08.08.2026,01:45:29,144373,0.093073,-0.321804,-0.25,-0.37,-17.3125,1.875,326.75,0.031349,0,0,43.13913,0,0,1000,50,8.541069
08.08.2026,01:45:29,144479,0.092051,-0.582132,-0.19,-0.15,-16.5625,0.8125,325,0.010204,0,0,43.14015,0,0,1000,50,7.351868
08.08.2026,01:45:29,144585,0.094096,0.099505,-0.13,-0.62,-17.1875,2.8125,323.6875,-0.050912,0,0,43.13506,0,0,1000,50,9.383121
08.08.2026,01:45:29,144691,0.091028,0.331569,-0.05,-0.68,-18.1875,3.625,322.125,-0.064185,0,0,43.12864,0,0,1000,50,13.50416
08.08.2026,01:45:29,144797,0.094096,-0.297563,0.03,-0.37,-18.6875,2.5,320.625,-0.027011,0,0,43.12593,0,0,1000,50,14.93429
08.08.2026,01:45:29,144903,0.094096,-0.406844,0.24,-0.14,-18.6875,2.8125,318.9375,-0.060848,0,0,43.11761,0,0,1000,50,14.25359
08.08.2026,01:45:29,145009,0.107392,-0.132033,0.38,-0.08,-18.8125,5.5625,316.4375,-0.088764,0,0,43.10874,0,0,1000,50,14.59451
08.08.2026,01:45:29,145115,0.09921,0.110649,0.36,-0.3,-19.0625,7.75,314.25,-0.083407,0,0,43.1004,0,0,1000,50,14.38992
08.08.2026,01:45:29,145221,0.100233,-0.147137,-0.04,-0.34,-19.625,8.125,311.8125,-0.068856,0,0,43.09351,0,0,1000,50,16.25812
08.08.2026,01:45:29,145327,0.097165,-0.104813,-0.17,-0.42,-19.5625,8.25,309.5,-0.072257,0,0,43.08629,0,0,1000,50,15.9831
08.08.2026,01:45:29,145433,0.100233,-0.302438,0,-0.36,-18.9375,7.3125,306.9375,-0.073858,0,0,43.0789,0,0,1000,50,14.0439
08.08.2026,01:45:29,145539,0.090005,-0.319608,0.25,-0.41,-18.6875,7,304,-0.088001,0,0,43.0701,0,0,1000,50,12.96148
08.08.2026,01:45:29,145645,0.090005,-0.316305,0.25,-0.46,-19.625,8.1875,302.25,-0.102713,0,0,43.05983,0,0,1000,50,14.46828
08.08.2026,01:45:29,145751,0.085914,0.30724,0.29,-0.85,-21,11.1875,301,-0.110257,0,0,43.04881,0,0,1000,50,21.45355
08.08.2026,01:45:29,145857,0.082846,0.579565,0.41,-0.54,-21.875,11.375,299.9375,-0.072296,0,0,43.04158,0,0,1000,50,24.37972
08.08.2026,01:45:29,145963,0.084891,-0.050085,0.29,-0.11,-21.625,9.0625,299.5625,-0.010874,0,0,43.04049,0,0,1000,50,22.05466
08.08.2026,01:45:29,146069,0.079777,-0.009794,-0.1,-0.32,-21.5,9.375,299.3125,-0.009065,0,0,43.03958,0,0,1000,50,21.68193
08.08.2026,01:45:29,146175,0.069549,-0.199759,-0.42,-0.57,-21.6875,10.25,299,-0.001075,0,0,43.03947,0,0,1000,50,22.01945
08.08.2026,01:45:29,146281,0.048071,0.190491,-0.38,-0.53,-22.1875,12.0625,298.8125,-0.007781,0,0,43.0387,0,0,1000,50,22.71828
08.08.2026,01:45:29,146387,0.038866,0.150502,0.02,-0.12,-22.875,12.625,298.1875,-0.00034,0,0,43.03866,0,0,1000,50,23.86367
08.08.2026,01:45:29,146493,0.032729,0.430144,-0.16,-0.15,-23.4375,13.8125,296.25,0.011121,0,0,43.03978,0,0,1000,50,26.16484
08.08.2026,01:45:29,146599,0.001023,-0.170502,-0.23,0.16,-24.25,13.6875,293.875,0.020099,0,0,43.04179,0,0,1000,50,27.23867
08.08.2026,01:45:29,146705,0,-0.021935,-0.17,-0.52,-25.75,14.25,290.4375,0.024672,0,0,43.04871,0,0,1000,50,31.05004
08.08.2026,01:45:29,146811,0.005114,-0.462728,0.06,-0.11,-26.9375,14.375,287.0625,0.002833,0,0,43.04899,0,0,1000,50,37.3665
08.08.2026,01:45:29,146917,0.001023,-0.312819,0.34,-0.41,-28.0625,15.9375,284.3125,-0.039768,0,0,43.04502,0,0,1000,50,40
08.08.2026,01:45:29,147023,0.003068,-0.049671,0.22,-0.93,-29.0625,16.8125,280.3125,-0.058134,0,0,43.0392,0,0,1000,42.65625,40
08.08.2026,01:45:29,147129,0.003068,-0.247779,0.5,-0.55,-29.375,18.125,277.6875,-0.058835,0,0,43.03332,0,0,1000,28.875,40
08.08.2026,01:45:29,147235,0.003068,0.044455,0.29,-1.01,-30.1875,19.0625,274.6875,-0.069488,0,0,43.02637,0,0,1000,16.5625,40
08.08.2026,01:45:29,147341,0.008182,-0.103786,-0.9,-0.84,-30.6875,19.625,271.6875,-0.054683,0,0,43.0209,0,0,1000,4.5625,40
08.08.2026,01:45:29,147447,0.008182,-0.441959,-1.18,-0.28,-30.9375,18.5,270.125,-0.056804,0,0,43.01522,0,0,1000,0.5,40
08.08.2026,01:45:29,147553,0.008182,-0.149083,-0.38,-0.8,-31.75,16.1875,269,-0.089449,0,0,43.00628,0,0,1000,-3.25,40
08.08.2026,01:45:29,147659,0.002046,-0.30684,0.46,-0.42,-31.875,13.875,269,-0.069745,0,0,42.99931,0,0,1000,-4.25,40
08.08.2026,01:45:29,147765,0.005114,-0.374585,0.4,-0.38,-31.75,12,268.875,-0.070123,0,0,42.99229,0,0,1000,-4.65625,40
08.08.2026,01:45:29,147871,0.003068,-0.222321,-0.53,-0.38,-31.1875,9.4375,268.75,-0.070409,0,0,42.98525,0,0,1000,-4.6875,40
08.08.2026,01:45:29,147977,0.003068,-0.860398,0,0.1,-32.125,5.0625,269,-0.059805,0,0,42.97927,0,0,1000,-3.59375,40
08.08.2026,01:45:29,148083,0.005114,-0.507307,-0.22,-0.09,-34.5625,4.3125,269,-0.096136,0,0,42.96966,0,0,1000,-3.84375,40
08.08.2026,01:45:29,148189,0.002046,0.616506,0,-0.8,-36.25,3.1875,269.3125,-0.118556,0,0,42.9578,0,0,1000,-2.4375,40
08.08.2026,01:45:29,148295,0,0.089095,-0.02,-0.47,-35.4375,-0.75,270,-0.080526,0,0,42.94975,0,0,1000,0.625,40
08.08.2026,01:45:29,148401,0,-0.460111,-0.16,-0.17,-32.125,-1.5,270.625,-0.04752,0,0,42.94253,0,0,1000,2.5,40
08.08.2026,01:45:29,148507,0.006137,-0.017494,-0.15,-0.74,-26.5625,-3.3125,271.375,-0.033861,0,0,42.93914,0,0,1000,4.5,36.64945
08.08.2026,01:45:29,148613,0.004091,-0.186942,-0.29,-0.46,-23.6875,-6.25,271.625,-0.017144,0,0,42.93743,0,0,1000,6.5,28.25453
08.08.2026,01:45:29,148719,0.003068,0.264516,0.52,0.12,-22.375,-9.9375,271.1875,-0.045354,0,0,42.93289,0,0,1000,4.75,22.90908
08.08.2026,01:45:29,148825,0.003068,-1.12396,0,0.93,-21.1875,-15.5625,273.875,-0.047383,0,0,42.92815,0,0,1000,18.46875,19.96705
08.08.2026,01:45:29,148931,0,0.968284,0.26,0.88,-20.375,-16.5625,277.3125,-0.069803,0,0,42.92117,0,0,1000,31.28125,15.5
08.08.2026,01:45:29,149037,0,-1.382271,0.24,1.3,-17.9375,-18,278.4375,0.017284,0,0,42.9229,0,0,1000,33.75,11.0625
08.08.2026,01:45:29,149143,0,-0.470457,0.16,0.98,-16,-15.3125,278.4375,-0.056431,0,0,42.91726,0,0,1000,33.75,4.875
08.08.2026,01:45:29,149249,0,-1.087245,0.53,1.24,-15.5625,-15.375,278.75,-0.099876,0,0,42.90727,0,0,1000,35.46875,1.6875
08.08.2026,01:45:29,149355,0,-0.381345,0.53,1.19,-16.4375,-14.9375,279.125,-0.183481,0,0,42.88892,0,0,1000,36.65625,5.40625
08.08.2026,01:45:29,149461,0,0.164822,-0.28,-0.19,-17.9375,-15.125,277.75,-0.191766,0,0,42.86975,0,0,1000,32.65625,9
08.08.2026,01:45:29,149567,0,1.329956,-0.56,-2.19,-18.25,-14.3125,273.125,-0.159657,0,0,42.85378,0,0,1000,19.5,10.125
08.08.2026,01:45:29,149673,0,0.681952,-0.44,-3.02,-16.5625,-16.375,265.1875,-0.062072,0,0,42.84758,0,0,1000,-8.5,7.125
08.08.2026,01:45:29,149779,0,0.140064,-0.26,-2.44,-13.375,-20.9375,255.1875,0.058707,0,0,42.85345,0,0,1000,-50,-7.0625
08.08.2026,01:45:29,149885,0,-0.332847,0.5,-1.54,-11.25,-23.125,245.0625,0.090534,0,0,42.8625,0,0,1000,-50,-12.8125
08.08.2026,01:45:29,149991,0,0.575304,1.28,-0.1,-9.75,-28.875,232.3125,0.057481,0,0,42.86825,0,0,1000,-50,-14.625
08.08.2026,01:45:29,150097,0,0.141426,0.77,-0.7,-9,-33.4375,222.6875,0.120621,0,0,42.88031,0,0,1000,-50,-17.4375
08.08.2026,01:45:29,150203,0,0.336167,-0.99,-1.35,-9.9375,-33.5625,215.125,0.13092,0,0,42.90976,0,0,1000,-50,-16.875
08.08.2026,01:45:29,150309,0,-0.898043,-1.65,-0.23,-12.375,-32.4375,206.8125,0.153303,0,0,42.92509,0,0,1000,-50,-10.125
08.08.2026,01:45:29,150415,0,-0.802973,-1.86,-0.04,-14.75,-31.125,198.3125,0.037831,0,0,42.92887,0,0,1000,-50,0.96875
08.08.2026,01:45:29,150521,0,-1.193001,-1.57,-1.3,-15.5625,-30.25,186.9375,-0.036938,0,0,42.92518,0,0,1000,-50,2.586952
08.08.2026,01:45:29,150627,0,-1.628403,-0.8,-0.91,-14.625,-29.6875,179.1875,-0.142989,0,0,42.91088,0,0,1000,-50,-1.46875
08.08.2026,01:45:29,150733,0,-1.520072,-1.29,-0.5,-13.4375,-29.8125,173.1875,-0.25908,0,0,42.88497,0,0,1000,-50,-5.3125
08.08.2026,01:45:29,150839,0,-2.307884,-0.92,0.46,-13.625,-29.9375,167.3125,-0.379005,0,0,42.84707,0,0,1000,-50,-3.8125
08.08.2026,01:45:29,150945,0,1.378666,0.41,0.96,-14.0625,-29,161.75,-0.514676,0,0,42.7956,0,0,1000,-50,-2.5
08.08.2026,01:45:29,151051,0,0.179475,-0.09,-1,-13.625,-29.1875,154.4375,-0.336136,0,0,42.76199,0,0,1000,-50,-3.5625
08.08.2026,01:45:29,151157,0,-0.133113,-0.86,-1.49,-13.3125,-26.375,150.6875,-0.230489,0,0,42.73894,0,0,1000,-50,-5.0625
08.08.2026,01:45:29,151263,0,-1.397304,0,-0.43,-13.9375,-26.3125,148.4375,-0.180638,0,0,42.72088,0,0,1000,-50,-3.9375
08.08.2026,01:45:29,151369,0,-1.609134,-0.02,1.4,-14.6875,-29.8125,149.0625,-0.254072,0,0,42.69547,0,0,1000,-50,-0.46875
08.08.2026,01:45:29,151475,0,2.692595,-0.84,0.51,-15.5,-27.4375,152.875,-0.364728,0,0,42.659,0,0,1000,-50,2.4375
08.08.2026,01:45:29,151581,0,-0.160373,-1.33,-0.25,-16.5,-26.125,159.4375,-0.218696,0,0,42.63713,0,0,1000,-50,3.9375
08.08.2026,01:45:29,151687,0,0.602047,-1.17,-2.17,-16.9375,-22.625,164.75,-0.075251,0,0,42.6296,0,0,1000,-50,6.28125
08.08.2026,01:45:29,151793,0,-0.917256,-1.12,-0.31,-17.25,-23.125,168.4375,-0.021672,0,0,42.62744,0,0,1000,-50,7.0625
08.08.2026,01:45:29,151899,0,-2.816697,-1.04,2.64,-17.4375,-27.375,169.8125,-0.01737,0,0,42.6257,0,0,1000,-50,7.3125
08.08.2026,01:45:29,152005,0,2.332302,0.25,-0.55,-16.625,-25.3125,167.8125,-0.144485,0,0,42.59771,0,0,1000,-50,5.1875
08.08.2026,01:45:29,152111,0,0.442099,-0.2,-0.99,-15.4375,-25.1875,165.25,0.0063,0,0,42.59834,0,0,1000,-50,2.25
08.08.2026,01:45:29,152217,0,0.699708,-1.19,-2.74,-14.625,-23.0625,163.6875,0.074363,0,0,42.60578,0,0,1000,-50,-0.5625
08.08.2026,01:45:29,152323,0,-1.870292,-0.18,0.53,-14.0625,-27.0625,162.75,0.050226,0,0,42.6108,0,0,1000,-50,-3.28125
08.08.2026,01:45:29,152429,0,-2.641907,-0.36,3.69,-13.375,-31.1875,164.375,-0.095863,0,0,42.60122,0,0,1000,-50,-5.34375
08.08.2026,01:45:29,152535,0,1.423587,-1.79,0.02,-13.875,-27.5625,170.8125,-0.074998,0,0,42.59372,0,0,1000,-50,-3.9375
08.08.2026,01:45:29,152641,0,0.290713,-1.7,-2.14,-14.5625,-24.625,176.8125,0.089375,0,0,42.60265,0,0,1000,-50,-2.25
08.08.2026,01:45:29,152747,0,0.046949,-1.24,-1,-15.1875,-22.375,181.8125,0.117054,0,0,42.61436,0,0,1000,-50,0
08.08.2026,01:45:29,152853,0,-1.176847,-0.87,1.97,-15.3125,-25.875,184.25,0.118058,0,0,42.62616,0,0,1000,-50,0.9375
08.08.2026,01:45:29,152959,0,0.783584,-0.34,2.18,-15,-27.375,183.375,-0.01342,0,0,42.62482,0,0,1000,-50,-0.3125
08.08.2026,01:45:29,153065,0,0.311679,-0.03,-0.52,-13.5,-27.625,180,0.059252,0,0,42.63074,0,0,1000,-50,-4.78125
08.08.2026,01:45:29,153171,0,0.545372,-1.01,-2.85,-12.375,-24.25,177.3125,0.196139,0,0,42.65036,0,0,1000,-50,-8.65625
08.08.2026,01:45:29,153277,0,-0.871924,0.16,-0.23,-10.8125,-25.625,175.125,0.226868,0,0,42.67305,0,0,1000,-50,-14.4375
08.08.2026,01:45:29,153383,0,-2.537611,-0.4,1.54,-8.8125,-29.0625,174.9375,0.17684,0,0,42.69073,0,0,1000,-50,-20.125
08.08.2026,01:45:29,153489,0,4.012228,-1.21,-0.28,-8.0625,-21.5625,179.8125,0.005045,0,0,42.69123,0,0,1000,-50,-21.1875
08.08.2026,01:45:29,153595,0,0.042796,-1.39,-0.16,-8.25,-20.375,183,-0.017697,0,0,42.68946,0,0,1000,-50,-20.4375
08.08.2026,01:45:29,153701,0,0.004721,-1.39,-2.33,-9.0625,-22.625,186.8125,0.227162,0,0,42.73729,0,0,1000,-50,-18.75
08.08.2026,01:45:29,153807,0,-1.752584,-1.35,0.63,-10.4375,-26.9375,189.3125,0.132731,0,0,42.75056,0,0,1000,-50,-12.28125
08.08.2026,01:45:29,153913,0,-1.486852,-0.94,2.62,-12.4375,-28.875,189.4375,0.030108,0,0,42.75357,0,0,1000,-50,-6.4375
08.08.2026,01:45:29,154019,0,1.728994,0.85,-0.36,-12.1875,-29.875,185.75,0.099064,0,0,42.76348,0,0,1000,-50,-8.373863
08.08.2026,01:45:29,154125,0,0.82174,-0.3,-2.43,-11.9375,-28.625,182.625,0.225582,0,0,42.78604,0,0,1000,-50,-9.15625
08.08.2026,01:45:29,154231,0,-0.656763,-0.33,-1.41,-11.875,-28.0625,180.1875,0.264408,0,0,42.81248,0,0,1000,-50,-9.375
08.08.2026,01:45:29,154337,0,-1.202442,-0.15,1.76,-12.125,-31.25,179.125,0.176599,0,0,42.83014,0,0,1000,-50,-8.15625
08.08.2026,01:45:29,154443,0,0.127,-0.15,2.97,-13.5625,-33.75,181.125,0.017365,0,0,42.83187,0,0,1000,-50,-2.90625
08.08.2026,01:45:29,154549,0,1.224019,-1.36,0.28,-16.375,-34.5625,187.1875,0.092713,0,0,42.84114,0,0,1000,-50,3.8125
08.08.2026,01:45:29,154655,0,1.066346,-1.35,-2.03,-18.0625,-32.8125,193,0.238611,0,0,42.865,0,0,1000,-50,7.875
08.08.2026,01:45:29,154761,0,0.406596,-1.75,0.01,-19.3125,-31.625,198.375,0.303176,0,0,42.89532,0,0,1000,-50,12
08.08.2026,01:45:29,154867,0,-1.403101,-0.74,1.93,-20,-33.75,200.8125,0.301552,0,0,42.92548,0,0,1000,-50,15.3125
08.08.2026,01:45:29,154973,0,2.810856,0.36,0.45,-18.125,-33.25,200.875,0.187932,0,0,42.94427,0,0,1000,-50,12
08.08.2026,01:45:29,155079,0,0.291594,-1.07,-0.32,-16.1875,-33.0625,200.3125,0.288018,0,0,42.97307,0,0,1000,-50,5.4375
08.08.2026,01:45:29,155185,0,0.81943,-0.08,-0.74,-14.25,-30.6875,199.1875,0.37828,0,0,43.0109,0,0,1000,-50,-0.5625
08.08.2026,01:45:29,155291,0,-0.312164,0.2,-0.65,-13.125,-30.0625,199.4375,0.360552,0,0,43.04696,0,0,1000,-50,-6.09375
08.08.2026,01:45:29,155397,0,-0.633497,-0.46,0,-13.375,-30.0625,201.9375,0.3524,0,0,43.0822,0,0,1000,-50,-4.40625
08.08.2026,01:45:29,155503,0,-1.30547,0.38,1.08,-14.625,-29.4375,205,0.116781,0,0,43.11943,0,0,1000,-50,-1.15625
08.08.2026,01:45:29,155609,0,0.90453,-0.65,0.79,-16.3125,-29.9375,207.8125,0.044732,0,0,43.1239,0,0,1000,-50,5.34375
08.08.2026,01:45:29,155715,0,0.793092,-2.51,-0.15,-18.125,-32,211.75,0.133878,0,0,43.13729,0,0,1000,-50,11.40625
08.08.2026,01:45:29,155821,0,0.688787,-1.56,-0.31,-19.5,-31,215.5625,0.151396,0,0,43.15243,0,0,1000,-50,14.4375
08.08.2026,01:45:29,155927,0,0.293918,-0.96,-0.31,-19.5,-30.1875,217.875,0.217388,0,0,43.17417,0,0,1000,-50,13.5
08.08.2026,01:45:29,156033,0,-0.808184,-0.66,0.51,-18.0625,-30.8125,217.5,0.158957,0,0,43.19007,0,0,1000,-50,10.125
08.08.2026,01:45:29,156139,0,-1.250198,0.32,1.35,-17.375,-31.125,214.8125,0.062642,0,0,43.19633,0,0,1000,-50,7.5
08.08.2026,01:45:29,156245,0,2.049867,-0.1,0,-17.375,-32,210.625,-0.002037,0,0,43.19613,0,0,1000,-50,7.125
08.08.2026,01:45:29,156351,0,0.264701,-0.62,0.27,-16.8125,-34.25,204.8125,0.160658,0,0,43.2122,0,0,1000,-50,4.5
08.08.2026,01:45:29,156457,0,0.16908,0.01,-0.8,-15.1875,-31.5,198.375,0.174793,0,0,43.22968,0,0,1000,-50,-1.15625
08.08.2026,01:45:29,156563,0,0.083745,0.37,-0.57,-13.5,-31.4375,190.9375,0.165925,0,0,43.24627,0,0,1000,-50,-4.3125
08.08.2026,01:45:29,156669,0,-0.991012,0.08,-0.06,-13.6875,-30.6875,188.5625,0.147932,0,0,43.26106,0,0,1000,-50,-4.6875
08.08.2026,01:45:29,156775,0,-1.103327,0.17,0.73,-15.5625,-28,188.5625,0.071966,0,0,43.26826,0,0,1000,-50,3.25
08.08.2026,01:45:29,156881,0,1.097983,-0.06,1.33,-17.9375,-25.3125,190.6875,-0.040727,0,0,43.26419,0,0,1000,-50,10.6875
08.08.2026,01:45:29,156987,0,-0.222253,-2.55,0.67,-20.5,-27.25,194.4375,0.007347,0,0,43.26492,0,0,1000,-50,16.40625
08.08.2026,01:45:29,157093,0,0.183237,-1.53,-0.67,-20.875,-25.5625,196.4375,0.140234,0,0,43.27895,0,0,1000,-50,18
08.08.2026,01:45:29,157199,0,-0.29989,-0.77,-0.81,-19.8125,-24.6875,196.4375,0.097241,0,0,43.28867,0,0,1000,-50,15.9375
08.08.2026,01:45:29,157305,0,-1.442797,-0.9,-0.69,-18.5625,-25.6875,195.125,-0.006448,0,0,43.29707,0,0,1000,-50,12.1875
08.08.2026,01:45:29,157411,0,-0.902589,-0.67,0.52,-18.1875,-25.5,193.5,-0.123038,0,0,43.28476,0,0,1000,-50,9.5625
08.08.2026,01:45:29,157517,0,0.159586,-0.71,1.77,-18.3125,-24.3125,189.5625,-0.255578,0,0,43.2592,0,0,1000,-50,10.28125
08.08.2026,01:45:29,157623,0,1.904348,0.22,-0.82,-17.3125,-23.5625,184.6875,-0.148099,0,0,43.2444,0,0,1000,-50,7.125
08.08.2026,01:45:29,157729,0,-0.015161,0.4,-0.59,-15.9375,-25.8125,178.9375,-0.015274,0,0,43.24287,0,0,1000,-50,1.71875
08.08.2026,01:45:29,157835,0,-0.035244,-0.49,-1.43,-15.125,-23.6875,174.5,0.002601,0,0,43.24313,0,0,1000,-50,0.0625
08.08.2026,01:45:29,157941,0,-1.494046,-0.16,-0.46,-14.9375,-25.625,171.1875,-0.037256,0,0,43.2394,0,0,1000,-50,-0.34375
08.08.2026,01:45:29,158047,0,-1.829039,-0.1,3.13,-14.875,-29.25,170.625,-0.155727,0,0,43.22383,0,0,1000,-50,-0.5625
08.08.2026,01:45:29,158153,0,2.429206,-1.42,-0.73,-15.3125,-27.25,173.75,-0.256398,0,0,43.19819,0,0,1000,-50,1.5625
08.08.2026,01:45:29,158259,0,1.07039,-1.22,-0.51,-16.0625,-28.5625,177.375,-0.036814,0,0,43.19451,0,0,1000,-50,3.8125
08.08.2026,01:45:29,158365,0,0.748772,-1.12,-1.96,-16.9375,-27,181.875,0.050334,0,0,43.19954,0,0,1000,-50,6.4375
08.08.2026,01:45:29,158471,0,-0.624777,-0.81,0.82,-17.75,-27.625,185.1875,0.110343,0,0,43.21058,0,0,1000,-50,7.875
08.08.2026,01:45:29,158577,0,-1.07531,0.07,3.73,-17.5625,-27.75,183.75,0.01658,0,0,43.21224,0,0,1000,-50,8.25
08.08.2026,01:45:29,158683,0,2.608207,1.14,-0.24,-16.1875,-26.4375,180.5,-0.10936,0,0,43.2013,0,0,1000,-50,5.0625
08.08.2026,01:45:29,158789,0,0.564125,-0.23,-1.3,-14.75,-27.6875,177,0.126939,0,0,43.214,0,0,1000,-50,0.9375
08.08.2026,01:45:29,158895,0,0.008606,-0.48,-1.82,-13.6875,-26.3125,174.4375,0.171613,0,0,43.23116,0,0,1000,-50,-4.71875
08.08.2026,01:45:29,159001,0,-0.877739,-0.05,1.4,-12.875,-27.4375,173,0.086037,0,0,43.25949,0,0,1000,-50,-6.125
08.08.2026,01:45:29,159107,0,0.129495,-0.33,3.33,-13,-26.25,175.1875,-0.019133,0,0,43.25758,0,0,1000,-50,-6.21875
08.08.2026,01:45:29,159213,0,2.63011,-1.96,-0.58,-14.3125,-25.4375,179.3125,0.173936,0,0,43.27497,0,0,1000,-50,-0.96875
08.08.2026,01:45:29,159319,0,0.664517,-1.21,-1.17,-15.75,-28,183.75,0.246308,0,0,43.2996,0,0,1000,-50,3.34375
08.08.2026,01:45:29,159425,0,-0.193404,-1.4,-1.68,-17.375,-26.6875,188.875,0.260129,0,0,43.32561,0,0,1000,-50,8.375
08.08.2026,01:45:29,159531,0,-0.627344,-0.83,1.78,-18.8125,-28.4375,191.875,0.173375,0,0,43.34295,0,0,1000,-50,10.6875
08.08.2026,01:45:29,159637,0,0.320448,-0.52,2.59,-18.8125,-29.0625,190.125,0.068655,0,0,43.34982,0,0,1000,-50,12
08.08.2026,01:45:29,159743,0,1.486959,0.48,-0.19,-17.375,-29.4375,187,0.108518,0,0,43.36067,0,0,1000,-50,8.625
08.08.2026,01:45:29,159849,0,1.020044,-0.69,-1.71,-15.5,-29.4375,183.8125,0.215026,0,0,43.38218,0,0,1000,-50,0.09375
08.08.2026,01:45:29,159955,0,-0.368161,-0.58,-1.5,-14.125,-28.25,181.4375,0.255141,0,0,43.40769,0,0,1000,-50,-3.40625
08.08.2026,01:45:29,160061,0,-0.924168,-0.06,1.4,-13.4375,-30.375,180.9375,0.186822,0,0,43.42637,0,0,1000,-50,-4.84375
08.08.2026,01:45:29,160167,0,0.493649,-0.5,2.55,-13.9375,-30.1875,183.875,0.067867,0,0,43.43316,0,0,1000,-50,-2.5625
08.08.2026,01:45:29,160273,0,1.863968,-1.81,0.24,-15,-29.875,188.0625,-0.009901,0,0,43.43216,0,0,1000,-50,0.78125
08.08.2026,01:45:29,160379,0,0.967648,-1.04,-1.4,-16.625,-29.4375,192.5,0.196524,0,0,43.45182,0,0,1000,-50,6.75
08.08.2026,01:45:29,160485,0,-0.709484,-1.45,-0.69,-18.3125,-29.125,197.3125,0.221793,0,0,43.474,0,0,1000,-50,9.59375
08.08.2026,01:45:29,160591,0,-0.715617,-0.9,1.62,-18.625,-30,198.3125,0.19073,0,0,43.49307,0,0,1000,-50,10.875
08.08.2026,01:45:29,160697,0,-0.178771,-0.45,2.77,-18.1875,-29.875,196.375,0.098076,0,0,43.50288,0,0,1000,-50,10.3125
08.08.2026,01:45:29,160803,0,1.944147,0.57,-0.52,-16.6875,-29.5,192.5,0.120997,0,0,43.5059,0,0,1000,-50,6.375
08.08.2026,01:45:29,160909,0,0.800256,-0.02,-0.96,-14.9375,-30.9375,187.875,0.136508,0,0,43.51955,0,0,1000,-50,1.5
08.08.2026,01:45:29,161015,0,-1.189789,-0.29,-0.64,-13,-29.8125,183.4375,0.175853,0,0,43.53714,0,0,1000,-50,-5.0625
08.08.2026,01:45:29,161121,0,-0.14195,-0.22,0.57,-13.125,-30.375,182.75,0.067204,0,0,43.54386,0,0,1000,-50,-6.1875
08.08.2026,01:45:29,161227,0,-0.861225,-0.36,2.79,-14.125,-31.8125,185,-0.022523,0,0,43.54161,0,0,1000,-50,-3.9375
08.08.2026,01:45:29,161333,0,1.747866,-1.55,0.7,-15.0625,-31.375,188.875,0.02826,0,0,43.54443,0,0,1000,-50,0.96875
08.08.2026,01:45:29,161439,0,0.974019,-0.81,-1.44,-16.5,-31.625,193.4375,0.119614,0,0,43.5564,0,0,1000,-50,5.75
08.08.2026,01:45:29,161545,0,-0.551167,-1.35,-0.46,-17.9375,-31.25,199,0.161287,0,0,43.57253,0,0,1000,-50,9.03125
08.08.2026,01:45:29,161651,0,-0.404379,-0.71,1.23,-18.4375,-29.625,201.0625,0.099885,0,0,43.58251,0,0,1000,-50,10.625
08.08.2026,01:45:29,161757,0,-0.844725,0.04,2.79,-18.3125,-28.6875,199.75,0.010756,0,0,43.58359,0,0,1000,-50,9.625
08.08.2026,01:45:29,161863,0,2.257458,0.35,-0.33,-17.375,-28.25,196.125,-0.067882,0,0,43.5768,0,0,1000,-50,6.03125
08.08.2026,01:45:29,161969,0,0.673414,-0.46,-1.93,-14.9375,-27.4375,190.0625,0.125755,0,0,43.58938,0,0,1000,-50,1.875
08.08.2026,01:45:29,162075,0,-0.660865,-0.02,-0.57,-13.1875,-26.625,186.3125,0.133068,0,0,43.60268,0,0,1000,-50,-3.75
08.08.2026,01:45:29,162181,0,-1.154112,0.1,0.68,-13,-27.75,185.0625,0.100959,0,0,43.61278,0,0,1000,-50,-6.375
08.08.2026,01:45:29,162287,0,-1.233368,-0.2,2.01,-14.125,-28.625,186.625,-0.023123,0,0,43.61047,0,0,1000,-50,-1.53125
08.08.2026,01:45:29,162393,0,2.941252,-1.28,-0.5,-15.4375,-27.25,189.9375,-0.143656,0,0,43.5961,0,0,1000,-50,2.25
08.08.2026,01:45:29,162499,0,0.520867,-1.37,-0.73,-16.875,-28.875,194,0.011949,0,0,43.5973,0,0,1000,-50,5.625
08.08.2026,01:45:29,162605,0,-0.001247,-0.88,-1.28,-17.5625,-27.4375,196.375,0.095399,0,0,43.61341,0,0,1000,-50,7.5625
08.08.2026,01:45:29,162711,0,-1.204315,-1.09,0.07,-18.25,-27.25,197.1875,0.027653,0,0,43.61618,0,0,1000,-50,10.53125
08.08.2026,01:45:29,162817,0,-1.735204,-0.6,1.74,-18.9375,-26.0625,196.5,-0.094704,0,0,43.6067,0,0,1000,-50,12.4375
08.08.2026,01:45:29,162923,0,2.537842,-0.55,0.65,-18.6875,-22.5625,194.1875,-0.238394,0,0,43.58287,0,0,1000,-50,10.59375
08.08.2026,01:45:29,163029,0,-0.014685,0.22,0.06,-17.4375,-25.875,188.5625,0.005994,0,0,43.58347,0,0,1000,-50,7.46875
08.08.2026,01:45:29,163135,0,0.664287,-0.93,-2.01,-16.125,-25.4375,184.5625,0.031954,0,0,43.58666,0,0,1000,-50,4.5
08.08.2026,01:45:29,163241,0,-1.28707,-0.22,-0.53,-15.25,-26.4375,181.375,0.04222,0,0,43.59089,0,0,1000,-50,1.3125
08.08.2026,01:45:29,163347,0,-1.944558,0.09,1.36,-15,-29.375,180.125,-0.078138,0,0,43.58307,0,0,1000,-50,0.1875
08.08.2026,01:45:29,163453,0,0.663887,-0.34,2.22,-15.375,-29.6875,181.4375,-0.262621,0,0,43.55681,0,0,1000,-50,1.125
08.08.2026,01:45:29,163559,0,0.168571,-1.6,0,-16.25,-30.6875,184.625,-0.145648,0,0,43.54225,0,0,1000,-50,2.8125
08.08.2026,01:45:29,163665,0,1.169979,-1.2,-1.82,-16.875,-27.875,187.3125,-0.043776,0,0,43.53787,0,0,1000,-50,5.0625
08.08.2026,01:45:29,163771,0,-1.091434,-1.3,-0.39,-17.1875,-27.5,189.0625,0.043919,0,0,43.54226,0,0,1000,-50,6.71875
08.08.2026,01:45:29,163877,0,-1.160667,-1.24,2.88,-17.6875,-28.75,188.9375,-0.023828,0,0,43.53988,0,0,1000,-50,8.6875
08.08.2026,01:45:29,163983,0,1.583138,1.04,-0.36,-17.75,-26.0625,185.6875,-0.118337,0,0,43.52804,0,0,1000,-50,8.6875
08.08.2026,01:45:29,164089,0,0.633067,-0.58,-1.32,-16.4375,-27.1875,183.8125,0.002192,0,0,43.52826,0,0,1000,-50,5.625
08.08.2026,01:45:29,164195,0,0.262067,-0.85,-1.87,-15.5625,-26.5625,182.1875,0.03112,0,0,43.53137,0,0,1000,-50,2.25
08.08.2026,01:45:29,164301,0,-1.401155,0.17,-0.48,-15.375,-29.4375,182.1875,0.020849,0,0,43.54348,0,0,1000,-50,1.125
08.08.2026,01:45:29,164407,0,-2.791826,0.14,3.56,-15.5,-32.1875,183.9375,-0.158625,0,0,43.52761,0,0,1000,-50,1.5
08.08.2026,01:45:29,164513,0,1.244464,-1.19,0.48,-16.25,-29,187.75,-0.036972,0,0,43.52392,0,0,1000,-50,2.8125
08.08.2026,01:45:29,164619,0,1.113436,-1.09,-1.95,-17.0625,-28.4375,189.8125,0.031994,0,0,43.52712,0,0,1000,-50,5.25
08.08.2026,01:45:29,164725,0,0.120145,-1.53,-1.58,-17.75,-27.625,191.625,0.102313,0,0,43.53735,0,0,1000,-50,7.6875
08.08.2026,01:45:29,164831,0,-0.721883,-0.73,1.13,-18,-27.9375,191.625,0.063079,0,0,43.54366,0,0,1000,-50,9
08.08.2026,01:45:29,164937,0,-0.92,-0.16,3.85,-17.5625,-28.9375,189.125,-0.058549,0,0,43.5378,0,0,1000,-50,6.75
08.08.2026,01:45:29,165043,0,0.670063,0.48,-0.58,-15.125,-29.4375,184.9375,-0.001977,0,0,43.53761,0,0,1000,-50,0.03125
08.08.2026,01:45:29,165149,0,0.95712,-0.91,-2.29,-14.4375,-27.9375,183.5625,0.091544,0,0,43.54676,0,0,1000,-50,-1.78125
08.08.2026,01:45:29,165255,0,-0.537398,0.25,-0.7,-14.8125,-28.75,182.4375,0.140492,0,0,43.56081,0,0,1000,-50,-0.09375
08.08.2026,01:45:29,165361,0,-1.439855,-0.13,1.33,-15.0625,-32.4375,181.6875,0.076399,0,0,43.56845,0,0,1000,-50,0.34375
08.08.2026,01:45:29,165467,0,3.052206,-1.12,0.85,-15.25,-32.3125,183.3125,-0.064101,0,0,43.56204,0,0,1000,-50,0.1875
08.08.2026,01:45:29,165573,0,0.493828,-1.45,0.42,-16.25,-32.25,185.5,-0.050446,0,0,43.557,0,0,1000,-50,2.625
08.08.2026,01:45:29,165679,0,0.951683,-1.22,-2.05,-17.5,-29.6875,187.6875,0.066722,0,0,43.56367,0,0,1000,-50,6.5625
08.08.2026,01:45:29,165785,0,-0.382506,-1.36,-1.11,-17.875,-29.25,189.0625,0.130249,0,0,43.57669,0,0,1000,-50,8.4375
08.08.2026,01:45:29,165891,0,-0.385557,-1.15,2.64,-18.1875,-29.25,188.3125,0.094889,0,0,43.58618,0,0,1000,-50,10.03125
08.08.2026,01:45:29,165997,0,2.453892,0.84,0.78,-17.875,-27.6875,183.75,0.017143,0,0,43.58789,0,0,1000,-50,9.59375
08.08.2026,01:45:29,166103,0,0.594692,0.09,-0.59,-16.9375,-29.1875,180.9375,0.114889,0,0,43.59689,0,0,1000,-50,5.625
08.08.2026,01:45:29,166209,0,1.070998,-1.2,-2.34,-16.1875,-27.25,178.75,0.174136,0,0,43.61431,0,0,1000,-50,3.09375
08.08.2026,01:45:29,166315,0,-1.714602,-0.24,-0.91,-15.625,-28.3125,176.75,0.147715,0,0,43.62908,0,0,1000,-50,1.5625
08.08.2026,01:45:29,166421,0,-0.609352,0.46,2.28,-15.5625,-28.8125,176.625,0.011929,0,0,43.63027,0,0,1000,-50,1.53125
08.08.2026,01:45:29,166527,0,3.732515,-1.65,-0.27,-15.6875,-25.125,180.375,-0.069992,0,0,43.62327,0,0,1000,-50,1.5
08.08.2026,01:45:29,166633,0,-0.172122,-1.08,0.22,-16.625,-28.4375,183.6875,0.144193,0,0,43.63769,0,0,1000,-50,3.9375
08.08.2026,01:45:29,166739,0,1.263397,-1.61,-1.77,-17.5625,-26.4375,187.875,0.139369,0,0,43.65163,0,0,1000,-50,8.46875
08.08.2026,01:45:29,166845,0,-0.872299,-1.57,0.41,-17.875,-27.1875,190.3125,0.177133,0,0,43.66934,0,0,1000,-50,8.78125
08.08.2026,01:45:29,166951,0,-0.034673,-0.09,3.02,-17.5625,-30.625,188.6875,0.073809,0,0,43.67672,0,0,1000,-50,8.8125
08.08.2026,01:45:29,167057,0,1.605458,0.9,0.44,-15.5625,-31.4375,186.25,-0.004077,0,0,43.67631,0,0,1000,-50,3.9375
08.08.2026,01:45:29,167163,0,1.140864,-0.9,-1.58,-14.125,-30.8125,184.6875,0.142858,0,0,43.6906,0,0,1000,-50,-1.875
08.08.2026,01:45:29,167269,0,0.314479,-0.55,-1.57,-13.5625,-29.9375,183.5625,0.19856,0,0,43.71045,0,0,1000,-50,-4.125
08.08.2026,01:45:29,167375,0,-1.192199,-0.05,0.52,-13.4375,-30.625,183.625,0.207678,0,0,43.73122,0,0,1000,-50,-4.6875
08.08.2026,01:45:29,167481,0,-1.025124,-0.19,3.15,-13.9375,-29.3125,187.0625,0.090965,0,0,43.74032,0,0,1000,-50,-3.46875
08.08.2026,01:45:29,167587,0,1.888054,-1.56,0.32,-15.5625,-26.5625,191.125,-0.098835,0,0,43.73043,0,0,1000,-50,0.53125
08.08.2026,01:45:29,167693,0,0.466369,-1.07,-1.49,-17.0625,-26.375,194.125,0.052391,0,0,43.73567,0,0,1000,-50,7.4375
08.08.2026,01:45:29,167799,0,-0.16717,-1.02,-1.59,-18.125,-24.9375,196.75,0.110076,0,0,43.74668,0,0,1000,-50,9.6875
08.08.2026,01:45:29,167905,0,-0.620281,-1.3,0.65,-18.5625,-23.4375,197.9375,0.026406,0,0,43.759,0,0,1000,-50,10.84375
08.08.2026,01:45:29,168011,0,-0.797965,0.06,2.86,-18.5,-21.9375,195.75,-0.098408,0,0,43.74915,0,0,1000,-50,10.6875
08.08.2026,01:45:29,168117,0,2.482507,0.58,-0.75,-17.4375,-19.875,192.625,-0.014671,0,0,43.74768,0,0,1000,-50,8.4375
08.08.2026,01:45:29,168223,0,0.529283,0.04,-1.17,-16.375,-19.6875,189,0.100251,0,0,43.75771,0,0,1000,-50,5.4375
08.08.2026,01:45:29,168329,0,-0.244309,-0.62,-1.52,-15.8125,-17.6875,186.0625,0.111681,0,0,43.76888,0,0,1000,-50,1.96875
08.08.2026,01:45:29,168435,0,-0.904832,0.04,0.67,-15.375,-19.125,183.8125,0.016259,0,0,43.7705,0,0,1000,-50,0.65625
08.08.2026,01:45:29,168541,0,0.287655,0.33,2.63,-14.5,-23.3125,183.1875,-0.077309,0,0,43.76277,0,0,1000,-50,-1.75
08.08.2026,01:45:29,168647,0,2.079667,-1.56,0.19,-15,-23.8125,184.875,-0.06258,0,0,43.75652,0,0,1000,-50,0.46875
08.08.2026,01:45:29,168753,0,0.80602,-1.04,-1.66,-16.3125,-23.4375,186.6875,0.113418,0,0,43.76786,0,0,1000,-50,5.03125
08.08.2026,01:45:29,168859,0,-0.158788,-1.22,-1.49,-17.6875,-22.5625,188.6875,0.149523,0,0,43.78281,0,0,1000,-50,9
08.08.2026,01:45:29,168965,0,-0.68219,-1.04,1.08,-18.75,-24.0625,189.4375,0.10577,0,0,43.79339,0,0,1000,-50,12.34375
08.08.2026,01:45:29,169071,0,0.887094,0.26,2.52,-18.6875,-23.125,186.3125,0.022284,0,0,43.79562,0,0,1000,-50,12.1875
08.08.2026,01:45:29,169177,0,1.570005,0.58,-0.79,-16.875,-23.9375,183,-0.090534,0,0,43.78656,0,0,1000,-50,7.6875
08.08.2026,01:45:29,169283,0,1.056003,-0.83,-1.71,-16,-25,180.625,0.124441,0,0,43.79901,0,0,1000,-50,3.75
08.08.2026,01:45:29,169389,0,-0.548505,-0.26,-1.23,-15.4375,-23.25,178.625,0.1402,0,0,43.81303,0,0,1000,-50,1.875
08.08.2026,01:45:29,169495,0,-1.462718,-0.03,2.25,-15.0625,-26.0625,177.75,0.131024,0,0,43.82613,0,0,1000,-50,-0.125
08.08.2026,01:45:29,169601,0,-0.142657,-0.26,2.39,-15,-26.375,179.75,-0.191084,0,0,43.80683,0,0,1000,-50,-0.1875
08.08.2026,01:45:29,169707,0,2.073488,-1.82,-0.29,-15.5,-25.125,183.375,0.013883,0,0,43.80822,0,0,1000,-50,0.9375
08.08.2026,01:45:29,169813,0,0.273041,-1.07,-1.24,-16.75,-24.375,187.1875,0.067899,0,0,43.81501,0,0,1000,-50,6.8125
08.08.2026,01:45:29,169919,0,-0.279142,-1.13,-1.18,-18,-21.25,191.1875,0.06043,0,0,43.82105,0,0,1000,-50,9.9375
08.08.2026,01:45:29,170025,0,-0.880207,-1.29,2.05,-18.375,-23.8125,193.125,-0.027305,0,0,43.81832,0,0,1000,-50,10.46875
08.08.2026,01:45:29,170131,0,3.344573,0.24,1.39,-17.6875,-23.75,191.3125,-0.148656,0,0,43.80346,0,0,1000,-50,7.28125
08.08.2026,01:45:29,170237,0,0.072497,0.41,-0.61,-16.25,-25.125,188.3125,0.06455,0,0,43.80991,0,0,1000,-50,2.8125
08.08.2026,01:45:29,170343,0,1.509992,-1.1,-2.55,-15,-24.125,185.875,0.077909,0,0,43.8177,0,0,1000,-50,-0.78125
08.08.2026,01:45:29,170449,0,-0.584539,-0.31,-1.14,-14.375,-25.25,183.3125,0.140894,0,0,43.83179,0,0,1000,-50,-1.875
08.08.2026,01:45:29,170555,0,-1.905771,0.09,2.3,-14.3125,-27,182.75,0.038328,0,0,43.83562,0,0,1000,-50,-2.25
08.08.2026,01:45:29,170661,0,3.01873,-0.81,1.59,-15.0625,-22.8125,186.5625,-0.139973,0,0,43.82162,0,0,1000,-50,-1.125
08.08.2026,01:45:29,170767,0,0.388854,-1.29,0.38,-17.0625,-22.75,190.875,-0.00385,0,0,43.82124,0,0,1000,-50,8.375
08.08.2026,01:45:29,170873,0,0.325927,-1.01,-2.56,-18.625,-21.0625,194.1875,0.091006,0,0,43.83034,0,0,1000,-50,11.96875
08.08.2026,01:45:29,170979,0,-0.446754,-0.93,0.53,-19.75,-22.1875,197.125,0.083365,0,0,43.83868,0,0,1000,-50,14.15625
08.08.2026,01:45:29,171085,0,-1.207711,-0.25,3.24,-19.8125,-24.375,195.6875,0.029779,0,0,43.84166,0,0,1000,-50,14.96875
08.08.2026,01:45:29,171191,0,3.265323,1.17,-0.21,-17.9375,-22.75,191.0625,-0.094349,0,0,43.83222,0,0,1000,-50,6.9375
08.08.2026,01:45:29,171297,0,0.172024,-0.18,-0.9,-16.125,-25.25,186,0.102569,0,0,43.84248,0,0,1000,-50,2.28125
08.08.2026,01:45:29,171403,0,0.457789,-0.92,-1.99,-14.875,-25.125,181.4375,0.165245,0,0,43.87217,0,0,1000,-50,-1.625
08.08.2026,01:45:29,171509,0,-1.368281,0.44,1.34,-13.125,-27.625,178.0625,0.023526,0,0,43.87453,0,0,1000,-50,-4.84375
08.08.2026,01:45:29,171615,0,3.485559,-1.1,2.58,-12.875,-22.375,181.25,-0.119422,0,0,43.86258,0,0,1000,-50,-7.3125
08.08.2026,01:45:29,171721,0,0.67046,-2.02,-0.07,-14.6875,-22.0625,185.125,0.15858,0,0,43.87844,0,0,1000,-50,-3
08.08.2026,01:45:29,171827,0,0.63505,-1.06,-2.33,-16.75,-22.0625,189.3125,0.168231,0,0,43.89526,0,0,1000,-50,3.5625
08.08.2026,01:45:29,171933,0,-0.290065,-1.27,-1.05,-18.1875,-21,193.25,0.159054,0,0,43.91117,0,0,1000,-50,10.65625
08.08.2026,01:45:29,172039,0,-1.622561,-1.28,3.58,-20.125,-21.3125,193.875,0.077649,0,0,43.91894,0,0,1000,-50,15.6875
08.08.2026,01:45:29,172145,0,3.837695,0.53,0.61,-19.125,-19.375,191,-0.007965,0,0,43.91814,0,0,1000,-50,14.25
08.08.2026,01:45:29,172251,0,0.179372,-0.1,-0.86,-17.125,-21.6875,188.0625,0.258821,0,0,43.94402,0,0,1000,-50,4.5
08.08.2026,01:45:29,172357,0,0.811509,-1.27,-2.01,-15.9375,-21.5,185.8125,0.244495,0,0,43.96847,0,0,1000,-50,2.03125
08.08.2026,01:45:29,172463,0,-1.366549,0.17,0.68,-15.4375,-25.0625,183.0625,0.250601,0,0,43.99353,0,0,1000,-50,0.96875
08.08.2026,01:45:29,172569,0,-1.270272,-0.2,3.27,-16.125,-27.4375,184.125,0.115771,0,0,44.00511,0,0,1000,-50,2.625
08.08.2026,01:45:29,172675,0,3.541521,-1.93,-0.07,-17.375,-24.875,188.3125,-0.055755,0,0,43.99953,0,0,1000,-50,5.8125
08.08.2026,01:45:29,172781,0,0.156642,-0.98,-0.62,-19.1875,-27,192.25,0.151734,0,0,44.01471,0,0,1000,-50,10.875
08.08.2026,01:45:29,172887,0,-0.269009,-1.27,-1.98,-20.9375,-25.625,196.6875,0.175713,0,0,44.03228,0,0,1000,-50,17.8125
08.08.2026,01:45:29,172993,0,-0.113885,-1.22,1.51,-21.5,-25.125,199.4375,0.151634,0,0,44.04744,0,0,1000,-50,19.875
08.08.2026,01:45:29,173099,0,1.71405,0.38,2.88,-20.0625,-24.25,196.625,0.064236,0,0,44.05386,0,0,1000,-50,17.8125
08.08.2026,01:45:29,173205,0,1.515969,0.77,-0.46,-17.75,-23.875,192.625,0.180361,0,0,44.06593,0,0,1000,-50,10.6875
08.08.2026,01:45:29,173311,0,0.400169,-0.49,-1.62,-16.9375,-25.3125,188.6875,0.169926,0,0,44.08292,0,0,1000,-50,5.34375
08.08.2026,01:45:29,173417,0,0.234705,-0.33,-1.59,-16.75,-25.4375,184.5625,0.175162,0,0,44.10044,0,0,1000,-50,5.09375
08.08.2026,01:45:29,173523,0,-1.923212,-0.02,1.99,-15.9375,-29.5,182.25,0.071022,0,0,44.10754,0,0,1000,-50,3.09375
08.08.2026,01:45:29,173629,0,3.499307,-0.83,1.86,-15.9375,-27.3125,184.125,-0.07833,0,0,44.09971,0,0,1000,-50,2.25
08.08.2026,01:45:29,173735,0,-0.495762,-0.76,0.68,-17.5625,-27.1875,187,0.157648,0,0,44.11548,0,0,1000,-50,9.09375
08.08.2026,01:45:29,173841,0,1.359927,-1.53,-2.16,-18.8125,-24.75,189.8125,0.134042,0,0,44.12888,0,0,1000,-50,12.21875
08.08.2026,01:45:29,173947,0,-0.835569,-0.79,0.3,-19.25,-26.875,191.625,0.170924,0,0,44.14598,0,0,1000,-50,12.34375
08.08.2026,01:45:29,174053,0,-2.327355,-0.45,3.3,-20.5,-28.8125,191.125,0.055536,0,0,44.15153,0,0,1000,-50,15
08.08.2026,01:45:29,174159,0,3.81607,0.29,0.25,-20.75,-26.6875,189.6875,-0.106504,0,0,44.14088,0,0,1000,-50,17.0625
08.08.2026,01:45:29,174265,0,0.244396,0.2,-0.78,-20.375,-30.875,187.3125,0.052068,0,0,44.14609,0,0,1000,-50,16.875
08.08.2026,01:45:29,174371,0,1.351252,-0.84,-2.39,-18.75,-31.25,184.4375,0.097772,0,0,44.15586,0,0,1000,-50,9.84375
08.08.2026,01:45:29,174477,0,-1.663697,0.52,0.72,-16.4375,-33.5,181.875,0.153876,0,0,44.17125,0,0,1000,-50,3.90625
08.08.2026,01:45:29,174583,0,-1.712715,0.2,4.25,-15.25,-33.375,183.375,-0.030516,0,0,44.1682,0,0,1000,-50,0.4375
08.08.2026,01:45:29,174689,0,2.781922,-1.47,0.67,-15.0625,-30,186.375,-0.144216,0,0,44.15378,0,0,1000,-50,0.34375
08.08.2026,01:45:29,174795,0,0.771739,-1.11,-0.44,-15.875,-29.375,188.5,0.005685,0,0,44.15435,0,0,1000,-50,3.5625
08.08.2026,01:45:29,174901,0,0.008358,-0.93,-1.53,-17.0625,-27.875,190.125,0.123539,0,0,44.17721,0,0,1000,-50,6.8125
08.08.2026,01:45:29,175007,0,-0.476782,-0.76,1.28,-17.8125,-28.875,189.875,0.036305,0,0,44.18084,0,0,1000,-50,8.0625
08.08.2026,01:45:29,175113,0,-1.624053,-0.17,4.09,-18.0625,-29.5,187.4375,-0.084837,0,0,44.17236,0,0,1000,-50,9.1875
08.08.2026,01:45:29,175219,0,2.496506,0.4,-0.05,-17.5,-28,185.0625,-0.017409,0,0,44.17062,0,0,1000,-50,8.25
08.08.2026,01:45:29,175325,0,1.223567,-0.69,-1.66,-16.9375,-29.25,183.375,0.091414,0,0,44.17976,0,0,1000,-50,6.375
08.08.2026,01:45:29,175431,0,0.223567,-0.58,-1.17,-16.9375,-28.6875,182.4375,0.150393,0,0,44.1948,0,0,1000,-50,5.8125
08.08.2026,01:45:29,175537,0,-0.853277,0.24,1.1,-16.75,-30.8125,182.875,0.062432,0,0,44.20104,0,0,1000,-50,6
08.08.2026,01:45:29,175643,0,1.229014,-0.55,3.25,-16.4375,-30,185.375,-0.071244,0,0,44.19392,0,0,1000,-50,4.3125
08.08.2026,01:45:29,175749,0,0.819443,-2.08,0.77,-17.1875,-29.0625,188.875,-0.013343,0,0,44.19258,0,0,1000,-50,5.8125
08.08.2026,01:45:29,175855,0,1.286981,-1.28,-1.52,-18,-28.9375,191.9375,0.076547,0,0,44.20024,0,0,1000,-50,9.625
08.08.2026,01:45:29,175961,0,-0.227195,-1.41,-1.58,-19.125,-28.9375,194.9375,0.129877,0,0,44.21323,0,0,1000,-50,13.3125
08.08.2026,01:45:29,176067,0,-0.309537,-1.45,2.08,-20.1875,-28.125,196.4375,0.07283,0,0,44.22051,0,0,1000,-50,15.96875
08.08.2026,01:45:29,176173,0,2.650973,0.09,2.29,-19.625,-26.5625,194.3125,-0.015869,0,0,44.21892,0,0,1000,-50,12.625
08.08.2026,01:45:29,176279,0,0.651612,0.64,0.35,-18.1875,-28.1875,191.625,-0.019862,0,0,44.21693,0,0,1000,-50,8.15625
08.08.2026,01:45:29,176385,0,1.227185,-0.94,-1.92,-17,-27.3125,189.75,0.137654,0,0,44.2307,0,0,1000,-50,5.0625
08.08.2026,01:45:29,176491,0,-0.73798,-0.11,-0.62,-16.375,-27.0625,187.375,0.160649,0,0,44.24677,0,0,1000,-50,4.3125
08.08.2026,01:45:29,176597,0,-0.852784,0.47,2.06,-16.4375,-28.3125,187.125,0.149391,0,0,44.2617,0,0,1000,-50,4.125
08.08.2026,01:45:29,176703,0,3.636216,-1.44,2.42,-17.4375,-25.4375,190.6875,-0.048233,0,0,44.25999,0,0,1000,-50,5.8125
08.08.2026,01:45:29,176809,0,0.177767,-1.64,0.97,-20,-25.4375,195.9375,0.147458,0,0,44.27474,0,0,1000,-50,17.03125
08.08.2026,01:45:29,176915,0,0.553025,-1.19,-1.45,-22.375,-25.625,202.75,0.128605,0,0,44.2876,0,0,1000,-50,24.15625
08.08.2026,01:45:29,177021,0,0.215533,-2.32,-0.74,-23.8125,-24.8125,212.25,0.104382,0,0,44.29803,0,0,1000,-50,25.75
08.08.2026,01:45:29,177127,0,-0.666504,-0.73,1.36,-25.125,-24.3125,217.375,0.063323,0,0,44.30437,0,0,1000,-50,31.625
08.08.2026,01:45:29,177233,0,1.355911,-0.59,2.69,-25.6875,-23.375,219.375,-0.075073,0,0,44.29686,0,0,1000,-50,32.0625
08.08.2026,01:45:29,177339,0,2.06476,-1,1.13,-24.5,-23.875,219.5625,0.035787,0,0,44.30044,0,0,1000,-50,27.25
08.08.2026,01:45:29,177445,0,0.500944,-1.85,-1.6,-22.375,-23.625,219.6875,0.118673,0,0,44.31231,0,0,1000,-50,20.40625
08.08.2026,01:45:29,177551,0,-0.262379,0.2,-0.74,-20.5,-24.0625,223.125,0.103312,0,0,44.32264,0,0,1000,-50,16.6875
08.08.2026,01:45:29,177657,0,0.635906,-0.28,0.47,-21.5,-23.25,229.9375,0.053342,0,0,44.32797,0,0,1000,-50,18
08.08.2026,01:45:29,177763,0,0.674249,-2.71,3.06,-24.5,-21.5,238.8125,0.051544,0,0,44.33312,0,0,1000,-50,24.1875
08.08.2026,01:45:29,177869,0,0.592597,-3.15,0.7,-27.9375,-18.125,246.1875,0.051343,0,0,44.33826,0,0,1000,-50,35.625
08.08.2026,01:45:29,177975,0,0.959016,-2.8,0.33,-30.375,-17.0625,254.375,0.111367,0,0,44.34939,0,0,1000,-50,40
08.08.2026,01:45:29,178081,0,-0.133335,-2.25,0.32,-29.5,-15.9375,257.6875,0.073129,0,0,44.3567,0,0,1000,-47.0625,40
08.08.2026,01:45:29,178187,0,-0.30586,-2,0.3,-27.1875,-15.625,258.9375,0.078514,0,0,44.36456,0,0,1000,-44.09375,40
08.08.2026,01:45:29,178293,0,-0.436095,-1.17,0.09,-22.8125,-15.25,258.8125,0.007293,0,0,44.36528,0,0,1000,-44.90625,20.46875
08.08.2026,01:45:29,178399,0,-0.184583,-1.26,0.28,-21.3125,-13.9375,258.4375,-0.046998,0,0,44.36058,0,0,1000,-46.71875,18
08.08.2026,01:45:29,178505,0,-0.495983,-1.29,0.25,-19.4375,-14.25,256.375,-0.145487,0,0,44.33384,0,0,1000,-50,11.875
08.08.2026,01:45:29,178611,0,-0.505983,-1,-0.2,-17.875,-15.0625,254.8125,-0.198828,0,0,44.31396,0,0,1000,-50,6.90625
08.08.2026,01:45:29,178717,0,-0.319589,-0.29,-0.19,-17.4375,-14.9375,253.875,-0.253363,0,0,44.28862,0,0,1000,-50,7.3125
08.08.2026,01:45:29,178823,0,-0.121442,-0.93,0.08,-17.3125,-14,253.3125,-0.269203,0,0,44.2617,0,0,1000,-50,6.78125
08.08.2026,01:45:29,178929,0,-0.422785,-1.12,0.14,-15.625,-13.6875,252.9375,-0.285614,0,0,44.23314,0,0,1000,-50,1.875
08.08.2026,01:45:29,179035,0,0.066836,-0.84,0.18,-12.3125,-13.375,253.5625,-0.324569,0,0,44.20068,0,0,1000,-50,-7.125
08.08.2026,01:45:29,179141,0,0.096932,-0.6,-0.06,-12.125,-12.25,255.5625,-0.313951,0,0,44.16929,0,0,1000,-50,-8.25
08.08.2026,01:45:29,179247,0,-0.283587,-0.59,-0.13,-12.4375,-13.25,257.6875,-0.294818,0,0,44.13981,0,0,1000,-47.84375,-7.53125
08.08.2026,01:45:29,179353,0,-0.143713,-0.6,-0.39,-11.9375,-14.375,259.0625,-0.307066,0,0,44.1091,0,0,1000,-42.65625,-9.8125
08.08.2026,01:45:29,179459,0,-0.133797,-0.01,-0.16,-10.75,-14.0625,259.875,-0.308361,0,0,44.07827,0,0,1000,-41.03125,-12.25
08.08.2026,01:45:29,179565,0,0.136217,0.14,-0.15,-10.0625,-13.0625,260.875,-0.311422,0,0,44.04712,0,0,1000,-35.25,-14.53125
08.08.2026,01:45:29,179671,0,-0.004277,0.33,-0.26,-9.8125,-12.5625,262.3125,-0.295613,0,0,44.01756,0,0,1000,-29.34375,-15.875
08.08.2026,01:45:29,179777,0,-0.675206,0.29,-0.11,-9.125,-12.5,264.75,-0.282082,0,0,43.98935,0,0,1000,-18.96875,-18.5625
08.08.2026,01:45:29,179883,0,-0.415301,0.2,-0.04,-7.6875,-12.5625,268.0625,-0.308004,0,0,43.95855,0,0,1000,-7.75,-23.03125
08.08.2026,01:45:29,179989,0,-0.294476,0.89,-0.11,-6.125,-13.25,273.6875,-0.336648,0,0,43.92489,0,0,1000,8.75,-27.65625
08.08.2026,01:45:29,180095,0,-0.514256,0.7,-0.4,-7,-14.1875,279.4375,-0.317821,0,0,43.89311,0,0,1000,30.25,-25.6875
08.08.2026,01:45:29,180201,0,-0.253026,0.12,-0.4,-9.375,-13.1875,286.125,-0.358768,0,0,43.82231,0,0,1000,50,-19.5
08.08.2026,01:45:29,180307,0,-0.531489,-0.08,-0.12,-10.875,-12.0625,292.4375,-0.367532,0,0,43.78556,0,0,1000,50,-13.5
08.08.2026,01:45:29,180413,0,-0.46967,-0.22,-0.02,-11.625,-10.8125,299.9375,-0.385404,0,0,43.74702,0,0,1000,50,-9.8125
08.08.2026,01:45:29,180519,0,-0.384642,0.04,0.43,-11.9375,-11.1875,310,-0.392903,0,0,43.70773,0,0,1000,50,-9.21875
08.08.2026,01:45:29,180625,0,0.617005,-0.25,-0.25,-12.75,-12.125,318.1875,-0.362205,0,0,43.6715,0,0,1000,50,-7.25
08.08.2026,01:45:29,180731,0,0.636089,-0.89,-0.51,-14.3125,-14.125,325.6875,-0.282503,0,0,43.64325,0,0,1000,50,-0.96875
08.08.2026,01:45:29,180837,0,0.462913,-0.98,-0.14,-14.8125,-15.5,332.75,-0.212195,0,0,43.62203,0,0,1000,50,-0.875
08.08.2026,01:45:29,180943,0,0.307903,-0.93,-0.07,-14,-14.625,339.5625,-0.155179,0,0,43.60651,0,0,1000,50,-3.9375
08.08.2026,01:45:29,181049,0,-0.477676,-0.53,0.2,-14,-13.5625,348.3125,-0.137486,0,0,43.59277,0,0,1000,50,-3
08.08.2026,01:45:29,181155,0,-0.112234,-0.73,-0.21,-13.75,-13.375,354.125,-0.169226,0,0,43.57584,0,0,1000,50,-3.375
08.08.2026,01:45:29,181261,0,-0.236544,-0.42,-0.14,-13.9375,-14.25,359.375,-0.176949,0,0,43.55815,0,0,1000,50,-3.1875
08.08.2026,01:45:29,181367,0,-0.380335,-0.34,-0.47,-14,-15.1875,2.75,-0.193063,0,0,43.53884,0,0,1000,-50,-2.84375
08.08.2026,01:45:29,181473,0,-1.003629,-0.62,0.17,-14.9375,-16.875,4.1875,-0.208556,0,0,43.51799,0,0,1000,-50,-1.3125
08.08.2026,01:45:29,181579,0,-0.245276,-0.29,0.78,-15.375,-17.5625,3.4375,-0.259766,0,0,43.49201,0,0,1000,-50,0.75
08.08.2026,01:45:29,181685,0,0.864004,-0.1,-0.24,-15.0625,-18.25,1.875,-0.288576,0,0,43.46315,0,0,1000,-50,0.75
08.08.2026,01:45:29,181791,0,0.39018,-0.06,0.08,-14.4375,-19.75,0.375,-0.192063,0,0,43.44394,0,0,1000,-50,-2.3125
08.08.2026,01:45:29,181897,0,1.274838,-0.1,-0.41,-13.75,-18.5,359.6875,-0.144842,0,0,43.42946,0,0,1000,50,-4.375
08.08.2026,01:45:29,182003,0,0.306279,0.27,0.17,-13.0625,-19.0625,358.8125,0.022209,0,0,43.4272,0,0,1000,50,-6.09375
08.08.2026,01:45:29,182109,0,0.535565,0.04,-0.31,-13.1875,-19.125,359,0.034296,0,0,43.43063,0,0,1000,50,-5.46875
08.08.2026,01:45:29,182215,0,0.444462,0,0,-13.3125,-18.75,0,0.070711,0,0,43.4377,0,0,1000,-50,-4.90625
08.08.2026,01:45:29,182321,0,0.262188,0.02,-0.06,-13.5,-17.375,1.375,0.095296,0,0,43.44723,0,0,1000,-50,-4.34375
08.08.2026,01:45:29,182427,0,0.359124,-0.13,-0.04,-13.625,-15.8125,2.6875,0.090854,0,0,43.45631,0,0,1000,-50,-3.96875
08.08.2026,01:45:29,182533,0,-0.037404,0.09,0.03,-13.75,-14.9375,3.9375,0.112153,0,0,43.46753,0,0,1000,-50,-3.9375
08.08.2026,01:45:29,182639,0,0.069665,-0.1,-0.24,-14.125,-14.25,4.875,0.091148,0,0,43.47664,0,0,1000,-50,-3.1875
08.08.2026,01:45:29,182745,0,0.247208,-0.05,-0.14,-14.5625,-13.25,5.625,0.076408,0,0,43.48428,0,0,1000,-50,-1.875
08.08.2026,01:45:29,182851,0,0.224685,-0.12,-0.23,-15.125,-11.6875,6,0.07846,0,0,43.49213,0,0,1000,-50,0.6875
08.08.2026,01:45:29,182957,0,-0.247708,-0.01,-0.32,-15.6875,-9.75,5.5,0.074407,0,0,43.49957,0,0,1000,-50,2.1875
08.08.2026,01:45:29,183063,0,-0.369108,-0.14,-0.23,-15.8125,-7.5,4.9375,0.043523,0,0,43.50393,0,0,1000,-50,2.59375
08.08.2026,01:45:29,183169,0,0.250849,-0.07,0.02,-16.1875,-2.5625,4.4375,0.001345,0,0,43.50406,0,0,1000,-50,3.71875
08.08.2026,01:45:29,183275,0,0.461401,-0.14,0.42,-16.75,1.0625,4.6875,-0.017155,0,0,43.50234,0,0,1000,-50,6.1875
08.08.2026,01:45:29,183381,0,0.14089,-0.47,0.05,-18.4375,-0.6875,5.0625,0.015874,0,0,43.50393,0,0,1000,-50,12.34375
08.08.2026,01:45:29,183487,0,-1.139969,0.25,-0.29,-21.875,-3,6.5,0.026724,0,0,43.5066,0,0,1000,-50,17.625
08.08.2026,01:45:29,183593,0,0.381498,-0.37,0.04,-23.1875,-2.625,7.625,-0.045628,0,0,43.50204,0,0,1000,-50,23.4375
08.08.2026,01:45:29,183699,0,-0.575207,-0.32,0.4,-24.75,-4.0625,8.3125,-0.102458,0,0,43.49179,0,0,1000,-50,27.5625
08.08.2026,01:45:29,183805,0,0.02848,-0.3,-0.27,-27.5,-2.75,9.1875,-0.181845,0,0,43.46214,0,0,1000,-50,34.875
08.08.2026,01:45:29,183911,0,0.154328,-0.16,-0.09,-30.625,-0.9375,10.5625,-0.12829,0,0,43.44931,0,0,1000,-50,40
08.08.2026,01:45:29,184017,0,0.971844,-0.03,-0.12,-35.0625,-1.375,12.4375,-0.105442,0,0,43.43877,0,0,1000,-50,40
08.08.2026,01:45:29,184123,0,0.512532,0.18,0,-37.5625,-1.25,14.25,-0.021389,0,0,43.43663,0,0,1000,-50,40
08.08.2026,01:45:29,184229,0,1.051582,-0.07,0.05,-38.0625,1.4375,16.75,0.029549,0,0,43.43959,0,0,1000,-50,40
08.08.2026,01:45:29,184335,0,0.318197,-0.61,-0.54,-38.5625,3.125,19.875,0.105262,0,0,43.45011,0,0,1000,-50,40
08.08.2026,01:45:29,184441,0,0.145079,-0.71,-1.15,-40.125,3.125,23.375,0.096947,0,0,43.4598,0,0,1000,-50,40
08.08.2026,01:45:29,184547,0,0.702195,0.02,-1.06,-42.5625,4.5,25.5625,0.089678,0,0,43.46877,0,0,1000,-50,40
08.08.2026,01:45:29,184653,0,0.87808,0.1,-1.11,-43.5625,6.125,26.625,0.127984,0,0,43.48157,0,0,1000,-50,40
08.08.2026,01:45:29,184759,0,0.92277,-0.04,-1.55,-43.8125,9.125,28.25,0.165109,0,0,43.49808,0,0,1000,-50,40
08.08.2026,01:45:29,184865,0,0.416108,-0.49,-1.68,-43.4375,11.125,29.8125,0.207182,0,0,43.5188,0,0,1000,-50,40
08.08.2026,01:45:29,184971,0,0.72964,-0.84,-1.33,-42.75,12.75,31.0625,0.201129,0,0,43.53891,0,0,1000,-50,40
08.08.2026,01:45:29,185077,0,0.162182,-1.58,-0.74,-43.75,11.375,31.75,0.23194,0,0,43.5621,0,0,1000,-50,40
08.08.2026,01:45:29,185183,0,0.275263,-1.25,0.26,-45.4375,9.25,32.25,0.215144,0,0,43.58362,0,0,1000,-50,40
08.08.2026,01:45:29,185289,0,0.86886,-0.74,0.1,-46.9375,6.625,31.875,0.199121,0,0,43.60353,0,0,1000,-50,40
08.08.2026,01:45:29,185395,0,0.642032,-0.48,0.34,-46.125,3.1875,31.0625,0.212353,0,0,43.62477,0,0,1000,-50,40
08.08.2026,01:45:29,185501,0,1.144598,-0.75,0.47,-42.0625,1.5625,28.8125,0.21735,0,0,43.66962,0,0,1000,-50,40
08.08.2026,01:45:29,185607,0,1.157609,-0.8,0.24,-39.125,2.375,27.6875,0.264562,0,0,43.69608,0,0,1000,-50,40
08.08.2026,01:45:29,185713,0,1.069101,-0.68,-0.25,-37,4.0625,27.375,0.31805,0,0,43.72788,0,0,1000,-50,40
08.08.2026,01:45:29,185819,0,-0.151126,-0.1,-0.01,-36.0625,3.0625,27.0625,0.316402,0,0,43.75952,0,0,1000,-50,40
08.08.2026,01:45:29,185925,0,-0.131301,0.76,-0.01,-35.375,4.75,26.1875,0.222985,0,0,43.78181,0,0,1000,-50,40
08.08.2026,01:45:29,186031,0,-1.093141,0.34,-0.26,-34.0625,3.0625,25,0.145206,0,0,43.79633,0,0,1000,-50,40
08.08.2026,01:45:29,186137,0,-1.453671,-0.41,-0.78,-31.1875,1,24.375,0.016488,0,0,43.79798,0,0,1000,-50,40
08.08.2026,01:45:29,186243,0,-0.479349,-0.82,-1.1,-28.5,5.375,23.1875,-0.13442,0,0,43.78454,0,0,1000,-50,40
08.08.2026,01:45:29,186349,0,0.486047,-0.92,-1.06,-26.625,10.1875,22.875,-0.167791,0,0,43.76776,0,0,1000,-50,36.9375
08.08.2026,01:45:29,186455,0,-0.13933,-0.61,-0.05,-25.125,12.125,22.625,-0.143758,0,0,43.75338,0,0,1000,-50,28.96875
08.08.2026,01:45:29,186561,0,0.2751,-0.7,-0.98,-23.5,16.1875,21.1875,-0.13776,0,0,43.7396,0,0,1000,-50,26.4375
08.08.2026,01:45:29,186667,0,-0.811938,-1.1,-1.74,-22.5,13.375,19.0625,-0.0921,0,0,43.7304,0,0,1000,-50,21.9375
08.08.2026,01:45:29,186773,0,-0.266878,-0.69,-1.46,-23.25,10.125,16.75,-0.157382,0,0,43.71466,0,0,1000,-50,25.6875
08.08.2026,01:45:29,186879,0,0.099495,-0.43,-0.69,-24.8125,6.5625,14.9375,-0.198156,0,0,43.69484,0,0,1000,-50,30.53125
08.08.2026,01:45:29,186985,0,0.125761,0.24,0.86,-25.8125,5.75,13.1875,-0.194866,0,0,43.67535,0,0,1000,-50,32.6875
08.08.2026,01:45:29,187091,0,0.652505,0.78,1.6,-26.125,8.3125,13.3125,-0.20973,0,0,43.65438,0,0,1000,-50,33
08.08.2026,01:45:29,187197,0,-0.981972,0.59,-0.23,-26.625,8.375,14.4375,-0.171752,0,0,43.63721,0,0,1000,-50,35.34375
08.08.2026,01:45:29,187303,0,-1.226623,-0.51,-1.59,-26.75,6.9375,16.25,-0.293517,0,0,43.59122,0,0,1000,-50,35.25
08.08.2026,01:45:29,187409,0,-0.407184,-0.45,-1.72,-26.625,7,17.625,-0.350402,0,0,43.55618,0,0,1000,-50,34.875
08.08.2026,01:45:29,187515,0,-0.454122,-0.37,-0.67,-25.8125,6.6875,17.6875,-0.36676,0,0,43.5195,0,0,1000,-50,33
08.08.2026,01:45:29,187621,0,-0.312861,-0.47,0.46,-25,8.625,16.6875,-0.350193,0,0,43.48449,0,0,1000,-50,30.9375
08.08.2026,01:45:29,187727,0,-0.421948,-0.48,0.31,-23.625,9.125,14.875,-0.339364,0,0,43.45055,0,0,1000,-50,24.625
08.08.2026,01:45:29,187833,0,-0.520276,-0.86,-0.88,-22.25,9.75,12.25,-0.36297,0,0,43.41425,0,0,1000,-50,20.96875
08.08.2026,01:45:29,187939,0,0.100871,-0.96,-1.36,-22,9.0625,9.375,-0.346654,0,0,43.37959,0,0,1000,-50,21.15625
08.08.2026,01:45:29,188045,0,-0.958717,-0.24,-0.06,-22.8125,5.625,7.4375,-0.323776,0,0,43.34721,0,0,1000,-50,23.65625
08.08.2026,01:45:29,188151,0,-0.26673,-0.03,-0.02,-23.3125,8.4375,7.4375,-0.372784,0,0,43.30993,0,0,1000,-50,25.5625
08.08.2026,01:45:29,188257,0,0.544726,1.16,-0.3,-24.5,10.9375,7.75,-0.356248,0,0,43.27431,0,0,1000,-50,29.59375
08.08.2026,01:45:29,188363,0,-0.766066,0.46,-1.27,-25.9375,7.5,8,-0.286321,0,0,43.24567,0,0,1000,-50,33.75
08.08.2026,01:45:29,188469,0,-1.386301,-0.09,-1.58,-27.5625,2.8125,9.125,-0.303673,0,0,43.21531,0,0,1000,-50,37.6875
08.08.2026,01:45:29,188575,0,0.446194,0.1,-1.04,-28.4375,6,9.9375,-0.388566,0,0,43.17645,0,0,1000,-50,39.9375
08.08.2026,01:45:29,188681,0,0.427688,0.39,0,-28.5,6.8125,10.8125,-0.357448,0,0,43.14071,0,0,1000,-50,40
08.08.2026,01:45:29,188787,0,-0.624507,0.08,1.24,-28.4375,8.4375,11,-0.242702,0,0,43.11644,0,0,1000,-50,40
08.08.2026,01:45:29,188893,0,-0.316595,-0.45,1.06,-29,11.6875,9.9375,-0.246054,0,0,43.09183,0,0,1000,-50,40
08.08.2026,01:45:29,188999,0,-0.198254,-0.86,-0.77,-29.875,10.875,7.375,-0.259366,0,0,43.0659,0,0,1000,-50,40
08.08.2026,01:45:29,189105,0,-0.630983,-0.78,-0.89,-30.1875,7.3125,5.25,-0.239538,0,0,43.01933,0,0,1000,-50,40
08.08.2026,01:45:29,189211,0,0.42672,-0.08,-0.56,-30.375,7.5625,4.3125,-0.233599,0,0,42.99597,0,0,1000,-50,40
08.08.2026,01:45:29,189317,0,-0.225768,0.44,-0.22,-30.6875,9.0625,5.375,-0.151108,0,0,42.98086,0,0,1000,-50,40
08.08.2026,01:45:29,189423,0,0.179091,0.97,0.41,-31.375,11.3125,7.375,-0.146888,0,0,42.96617,0,0,1000,-50,40
08.08.2026,01:45:29,189529,0,-0.902033,0.08,-0.84,-31.625,8.125,9.4375,-0.129136,0,0,42.95325,0,0,1000,-50,40
08.08.2026,01:45:29,189635,0,-0.366695,-0.44,-1.11,-31,6.0625,10.5,-0.166002,0,0,42.93665,0,0,1000,-50,40
08.08.2026,01:45:29,189741,0,0.16849,-0.47,-0.9,-30.3125,6.25,11.1875,-0.161239,0,0,42.92053,0,0,1000,-50,40
08.08.2026,01:45:29,189847,0,0.54224,-0.13,0.07,-30.25,7.5625,11.0625,-0.116611,0,0,42.90887,0,0,1000,-50,40
08.08.2026,01:45:29,189953,0,-0.515758,0.08,1.93,-30.875,5.875,9.8125,-0.062262,0,0,42.90264,0,0,1000,-50,40
08.08.2026,01:45:29,190059,0,-1.513635,-0.45,1.13,-30.3125,4.375,8.125,-0.066024,0,0,42.89604,0,0,1000,-50,40
08.08.2026,01:45:29,190165,0,-0.698329,-0.48,-0.05,-29.125,6.5,5.8125,-0.164979,0,0,42.87954,0,0,1000,-50,40
08.08.2026,01:45:29,190271,0,-0.260727,-0.79,-0.74,-27.25,8.8125,3.6875,-0.23641,0,0,42.8559,0,0,1000,-50,35.34375
08.08.2026,01:45:29,190377,0,-0.623555,-1.11,-1.52,-26.125,12.3125,2.0625,-0.223038,0,0,42.8336,0,0,1000,-50,32.75
08.08.2026,01:45:29,190483,0,0.283942,-0.02,-0.46,-27.25,21.75,1.625,-0.233134,0,0,42.81028,0,0,1000,-50,36.6875
08.08.2026,01:45:29,190589,0,-0.95878,0.66,0.17,-28.0625,25.25,1.9375,-0.226339,0,0,42.78765,0,0,1000,-50,39.59375
08.08.2026,01:45:29,190695,0,-1.297136,-0.54,-1.56,-28.3125,23.6875,1.4375,-0.051109,0,0,42.78254,0,0,1000,-50,40
08.08.2026,01:45:29,190801,0,-0.150268,-0.15,-1.52,-28.125,24.5625,1.6875,-0.206281,0,0,42.74055,0,0,1000,-50,39.0625
08.08.2026,01:45:29,190907,0,-0.543634,-0.06,-1.26,-27,21.875,1.3125,-0.215252,0,0,42.71902,0,0,1000,-50,35.0625
08.08.2026,01:45:29,191013,0,0.608749,0.29,-0.55,-25.6875,20.875,359.875,-0.169834,0,0,42.70204,0,0,1000,-50,32.625
08.08.2026,01:45:29,191119,0,0.441984,0.11,-0.4,-24.5,21.1875,358.875,-0.100612,0,0,42.69198,0,0,1000,50,29.625
08.08.2026,01:45:29,191225,0,-0.328129,-0.6,0.53,-23.0625,20.5625,357.5625,0.003532,0,0,42.69234,0,0,1000,50,25.6875
08.08.2026,01:45:29,191331,0,-1.136266,-1.2,0.05,-22.375,16.5,354.8125,-0.057952,0,0,42.68654,0,0,1000,50,21.96875
08.08.2026,01:45:29,191437,0,-0.551946,-0.31,-0.08,-22.625,14.25,353.25,-0.134327,0,0,42.67311,0,0,1000,50,23.03125
08.08.2026,01:45:29,191543,0,-0.137287,-0.64,-0.99,-23.25,12.1875,352.0625,-0.144905,0,0,42.65862,0,0,1000,50,24.28125
08.08.2026,01:45:29,191649,0,0.156349,-0.17,0.16,-24.125,12.25,352.625,-0.113048,0,0,42.64732,0,0,1000,50,28.15625
08.08.2026,01:45:29,191755,0,1.23844,0.18,1.1,-25.0625,13.25,353.5,-0.065031,0,0,42.64081,0,0,1000,50,30.65625
08.08.2026,01:45:29,191861,0,-0.59278,0.25,0.93,-25.25,13.75,354.6875,0.037944,0,0,42.64461,0,0,1000,50,30.90625
08.08.2026,01:45:29,191967,0,-1.563276,-0.2,-1.28,-26,14.25,356.1875,0.015427,0,0,42.64615,0,0,1000,50,32.25
08.08.2026,01:45:29,192073,0,0.0415,0.55,-1.04,-26.25,16.3125,358.125,-0.14852,0,0,42.6313,0,0,1000,50,33.75
08.08.2026,01:45:29,192179,0,-0.393862,0.2,-0.87,-26.5,16.375,359.3125,-0.144252,0,0,42.61687,0,0,1000,50,33.75
08.08.2026,01:45:29,192285,0,-0.009081,0.29,-1.13,-26.625,18.625,0,-0.148656,0,0,42.60201,0,0,1000,-50,35.0625
08.08.2026,01:45:29,192391,0,1.13479,0.3,-0.66,-26.9375,21.875,0,-0.120375,0,0,42.58997,0,0,1000,-50,35.8125
08.08.2026,01:45:29,192497,0,-0.063814,-0.13,0.08,-26.4375,23.9375,358.5625,-0.043433,0,0,42.58562,0,0,1000,50,34.9375
08.08.2026,01:45:29,192603,0,-0.936436,-1.21,-0.39,-25.625,23.75,356.3125,0.035591,0,0,42.59734,0,0,1000,50,31.625
08.08.2026,01:45:29,192709,0,-0.167581,-1.05,-0.21,-25.4375,23,354.1875,0.023104,0,0,42.59965,0,0,1000,50,31.6875
08.08.2026,01:45:29,192815,0,-0.328324,-0.85,-0.71,-24.625,19.125,351.875,0.003715,0,0,42.60002,0,0,1000,50,28.09375
08.08.2026,01:45:29,192921,0,-0.118443,-0.65,-0.61,-23.375,17,349.75,-0.00869,0,0,42.59915,0,0,1000,50,24.03125
08.08.2026,01:45:29,193027,0,0.791319,-0.32,0.2,-23.375,16.6875,347.875,0.016097,0,0,42.60076,0,0,1000,50,24.90625
08.08.2026,01:45:29,193133,0,0.588007,0.32,0.32,-24,16.125,346.375,0.102997,0,0,42.61106,0,0,1000,50,27.625
08.08.2026,01:45:29,193239,0,-1.106807,-0.5,-0.31,-24.75,13.5,344.5,0.149702,0,0,42.62603,0,0,1000,50,30.03125
08.08.2026,01:45:29,193345,0,-1.377915,-0.43,-0.74,-26,11.3125,342.5,0.034459,0,0,42.62947,0,0,1000,50,33.9375
08.08.2026,01:45:29,193451,0,-0.406091,-0.09,-0.53,-26.25,9.0625,339.75,-0.05674,0,0,42.6238,0,0,1000,50,33.9375
08.08.2026,01:45:29,193557,0,-0.283678,-0.02,-0.68,-25.4375,7.125,336.1875,-0.075036,0,0,42.6163,0,0,1000,50,32.0625
08.08.2026,01:45:29,193663,0,-0.601059,0.6,-0.4,-24.5625,6.875,332.125,-0.081421,0,0,42.60816,0,0,1000,50,29.625