Log_Date,Log_Time,Time,Depth,Ax,Ay,Az,pitch,roll,yaw,velocityx,velocityy,velocityz,distancex,distancey,distancez,rpm,rudderangle,sternangle
08.08.2026,02:43:53,11024,0,0,0,0,0,0,0,0,0,0,0,0,0,1000,-50,-40
08.08.2026,02:43:53,11130,0,0,0,0,0,0,0,0,0,0,0,0,0,1000,-50,-40
08.08.2026,02:43:53,11236,0,0,0,0,0,0,0,0,0,0,0,0,0,1000,-50,-40
08.08.2026,02:43:53,11342,0,0,0,0,0,0,0,0,0,0,0,0,0,1000,-50,-40
08.08.2026,02:43:53,11448,0,0,0,0,0,0,0,0,0,0,0,0,0,1000,-50,-40
08.08.2026,02:43:53,11554,0,0,0,0,0,0,0,0,0,0,0,0,0,1000,-50,-40
08.08.2026,02:43:53,11660,0,0,0,0,0,0,0,0,0,0,0,0,0,1000,-50,-40
08.08.2026,02:43:53,11766,0,0,0,0,0,0,0,0,0,0,0,0,0,1000,-50,-40
08.08.2026,02:43:53,11872,0,0,0,0,0,0,0,0,0,0,0,0,0,1000,-50,-40
08.08.2026,02:43:53,11978,0,0,0,0,0,0,0,0,0,0,0,0,0,1000,-50,-40
08.08.2026,02:43:53,12084,0,0,0,0,-7,0,90,0,0,0,0,0,0,1000,-50,-24
08.08.2026,02:43:53,12190,0,0.06,-0.09,-0.34,-19.3125,-3.0625,90.125,0,0,0,0,0,0,1000,-50,40
08.08.2026,02:43:53,12296,0,0.060442,-0.14,-0.36,-19.25,-3.1875,90.5,-0.014055,0,0,-0.001405,0,0,1000,-50,12.75
08.08.2026,02:43:53,12402,0,0.070777,-0.12,-0.39,-19.25,-3.25,90.6875,-0.004702,0,0,-0.002939,0,0,1000,-50,12.75
08.08.2026,02:43:53,12508,0,0.020925,-0.13,-0.4,-19.25,-3.3125,90.9375,-0.001415,0,0,-0.00308,0,0,1000,-50,12.75
08.08.2026,02:43:53,12614,0,0.03097,-0.11,-0.34,-19.25,-3.3125,91.125,0.000591,0,0,-0.003021,0,0,1000,-50,12.75
08.08.2026,02:43:53,12720,0,0.060951,-0.1,-0.35,-19.25,-3.3125,91.375,0.006182,0,0,-0.002403,0,0,1000,-50,12.75
08.08.2026,02:43:53,12826,0,0.01049,-0.09,-0.35,-19.125,-3.625,91.5,0.008413,0,0,-0.001562,0,0,1000,-50,12.21875
08.08.2026,02:43:53,12932,0,0.000245,-0.13,-0.37,-18.9375,-3.6875,91.5,0.007784,0,0,-0.000783,0,0,1000,-50,12
08.08.2026,02:43:53,13038,0,0.029987,-0.16,-0.38,-18.8125,-3.6875,91.4375,0.008152,0,0,0.000032,0,0,1010,-50,11.625
08.08.2026,02:43:53,13144,0,0.029698,-0.13,-0.39,-18.75,-3.6875,91.4375,0.009127,0,0,0.000945,0,0,1035,-50,11.25
08.08.2026,02:43:53,13250,0,0.029635,-0.13,-0.42,-18.75,-3.6875,91.4375,0.011182,0,0,0.002063,0,0,1065,-50,11.25
08.08.2026,02:43:53,13356,0,0.009525,-0.13,-0.27,-18.75,-3.75,91.5,0.014804,0,0,0.003543,0,0,1090,-50,11.25
08.08.2026,02:43:53,13462,0,-0.010551,-0.14,-0.3,-18.75,-3.9375,91.5625,0.017562,0,0,0.005299,0,0,1115,-50,11.25
08.08.2026,02:43:53,13568,0,-0.170503,-0.14,-0.28,-18.8125,-3.8125,91.6875,0.016773,0,0,0.006977,0,0,1140,-50,11.59375
08.08.2026,02:43:53,13674,0,0.279451,-0.04,-0.32,-18.9375,-3.75,91.75,0.01946,0,0,0.008923,0,0,1170,-50,11.96875
08.08.2026,02:43:53,13780,0,-0.201377,-0.46,-0.89,-18.3125,-4.0625,270.0625,0.047539,0,0,0.013676,0,0,1195,0.25,10.9375
08.08.2026,02:43:53,13886,0,-0.301652,-0.22,-0.71,-16.75,-4.625,270.1875,0.059115,0,0,0.019588,0,0,1220,0.90625,5.875
08.08.2026,02:43:53,13992,0.010228,0.218682,-0.15,-0.75,-14.8125,-4.3125,270.5,0.052728,0,0,0.024861,0,0,1250,2.3125,-1.536346
08.08.2026,02:43:53,14098,0.015342,-0.050916,-0.16,-0.4,-13.375,-3.5,270.875,0.045804,0,0,0.029441,0,0,1275,3.65625,-5.229515
08.08.2026,02:43:53,14204,0.058299,0.068987,-0.2,-0.35,-12.5,-3.6875,271,0.070385,0,0,0.042127,0,0,1300,4,-6.744247
08.08.2026,02:43:53,14310,0.075686,0.079245,-0.31,-0.39,-11.8125,-3.6875,271,0.070832,0,0,0.04921,0,0,1330,4,-6.855553
08.08.2026,02:43:53,14416,0.093073,0.159239,-0.24,0.02,-11.625,-3.625,270.6875,0.086749,0,0,0.057885,0,0,1355,3.5,-7.087334
08.08.2026,02:43:53,14522,0.123757,0.129992,0,-0.29,-12.125,-3.625,270.1875,0.104456,0,0,0.068331,0,0,1380,0.28125,-5.631607
08.08.2026,02:43:53,14628,0.146258,0.34186,-0.09,-0.07,-13.3125,-3.375,269.625,0.121654,0,0,0.080496,0,0,1405,-1.96875,-1.557686
08.08.2026,02:43:53,14734,0.162623,0.202321,-0.4,-0.78,-14.625,-4.125,268.9375,0.147671,0,0,0.095263,0,0,1435,-4.875,4.844597
08.08.2026,02:43:53,14840,0.18001,-0.225763,-1.16,0.27,-16.1875,-8.375,267.9375,0.170526,0,0,0.112316,0,0,1460,-8.125,9.60376
08.08.2026,02:43:53,14946,0.199443,-0.090492,-1.22,0.19,-17.625,-12.5,267.375,0.176516,0,0,0.129967,0,0,1485,-10.8125,14.35376
08.08.2026,02:43:53,15052,0.203534,-0.18528,-1.11,0.08,-18.3125,-15.5,267.1875,0.185694,0,0,0.148537,0,0,1515,-11.40625,15.84809
08.08.2026,02:43:53,15158,0.226035,-0.388985,-0.83,0.12,-17.5625,-16.625,267.0625,0.190864,0,0,0.167623,0,0,1540,-11.75,13.81287
08.08.2026,02:43:53,15264,0.203534,-0.052436,-0.57,0.03,-17.3125,-15.3125,267.4375,0.199057,0,0,0.187529,0,0,1565,-11,12.84696
08.08.2026,02:43:53,15370,0.21683,0.063201,-0.51,0,-17.3125,-13.5,268,0.22127,0,0,0.209656,0,0,1595,-8.75,14.24018
08.08.2026,02:43:53,15476,0.238309,0.178134,-0.52,-0.17,-17,-11.9375,268.8125,0.257486,0,0,0.235404,0,0,1620,-5.75,14.26407
08.08.2026,02:43:53,15582,0.251605,0.022414,-0.45,-0.1,-16.4375,-11.8125,269.625,0.308649,0,0,0.266269,0,0,1645,-2.5,13.22092
08.08.2026,02:43:53,15688,0.255696,0.519427,-0.3,-0.02,-15.75,-13.3125,270.5,0.345612,0,0,0.300831,0,0,1670,2.625,9.639069
08.08.2026,02:43:53,15794,0.262856,0.05491,-0.33,0.05,-14.9375,-17.3125,271.75,0.407601,0,0,0.341591,0,0,1700,5.75,9.147095
08.08.2026,02:43:53,15900,0.270015,0.621198,-0.4,0.24,-14.5625,-20.4375,272.75,0.516007,0,0,0.440637,0,0,1725,9.25,7.960724
08.08.2026,02:43:53,16007,0.276152,-0.138281,-0.29,0.2,-14.4375,-22.4375,273.9375,0.583334,0,0,0.49897,0,0,1750,17,6.842525
08.08.2026,02:43:53,16113,0.276152,0.891,-0.28,-0.01,-14.5625,-23,275.0625,0.637466,0,0,0.562717,0,0,1780,21.1875,7.588554
08.08.2026,02:43:53,16219,0.282289,0.643432,-0.28,0.32,-14.875,-22.8125,276.5,0.728331,0,0,0.63555,0,0,1800,27.09375,8.712994
08.08.2026,02:43:53,16325,0.282289,1.201822,-0.15,-0.02,-15.3125,-22.4375,278.25,0.835473,0,0,0.719097,0,0,1800,31.5,9.162952
08.08.2026,02:43:53,16431,0.312972,1.170042,-0.04,0.05,-15.75,-22.625,279.4375,0.940209,0,0,0.813118,0,0,1800,36.5,12.18467
08.08.2026,02:43:53,16537,0.308881,0.119485,0.04,0.21,-16.0625,-23.375,280.5,1.031631,0,0,0.916281,0,0,1800,42.78125,13.00906
08.08.2026,02:43:53,16643,0.343656,0.518429,0.03,0.37,-16.4375,-24.375,281.375,1.125045,0,0,1.028785,0,0,1800,45.5,14.13973
08.08.2026,02:43:53,16749,0.356952,0.865142,0.14,0.28,-16.875,-25.0625,282.3125,1.235141,0,0,1.1523,0,0,1800,48.25,14.42721
08.08.2026,02:43:53,16855,0.364111,1.021779,0.3,-0.04,-17.0625,-25.125,282.6875,1.342072,0,0,1.286507,0,0,1800,50,15.696
08.08.2026,02:43:53,16961,0.346724,-0.071807,0.22,0.3,-17.1875,-24.6875,282.9375,1.446819,0,0,1.431189,0,0,1800,50,18.77115
08.08.2026,02:43:53,17067,0.384567,0.043127,0.29,-0.39,-17.3125,-23.8125,283.125,1.559878,0,0,1.587177,0,0,1800,50,19.54503
08.08.2026,02:43:53,17173,0.438775,0.517936,0.57,-0.48,-17.5625,-22.9375,283.1875,1.668768,0,0,1.754053,0,0,1800,50,24.41569
08.08.2026,02:43:53,17279,0.413205,0.202908,0.52,-0.02,-18.0625,-22.3125,283.125,1.770802,0,0,1.931134,0,0,1800,50,27.63
08.08.2026,02:43:53,17385,0.453094,-0.129806,0.24,-0.46,-18.375,-22.0625,283.0625,1.847607,0,0,2.115894,0,0,1800,50,26.23612
08.08.2026,02:43:53,17491,0.505256,-0.074525,0.65,0.04,-18.4375,-21.9375,282.875,1.937191,0,0,2.309613,0,0,1800,50,29.61244
08.08.2026,02:43:53,17597,0.498096,0.463185,0.35,-0.31,-18.3125,-22,282.6875,2.000751,0,0,2.509689,0,0,1800,50,22.9138
08.08.2026,02:43:53,17703,0.610602,0.656742,0.58,-0.55,-18,-21.875,282.4375,2.176562,0,0,2.936917,0,0,1800,49.59375,28.14087
08.08.2026,02:43:53,17809,0.554349,-0.368831,0.71,0.2,-17.5625,-21.3125,282,2.290697,0,0,3.165986,0,0,1800,48.5,24.4475
08.08.2026,02:43:53,17915,0.62083,0.253702,0.39,-0.36,-17.125,-20.5625,281.6875,2.374603,0,0,3.403447,0,0,1800,47,26.54088
08.08.2026,02:43:53,18021,0.607534,0.764303,0.71,-0.48,-16.5625,-19.9375,281.3125,2.468776,0,0,3.650324,0,0,1800,45.5,21.94184
08.08.2026,02:43:53,18127,0.675038,0.035174,0.68,-0.08,-15.875,-19.625,280.875,2.553396,0,0,3.905664,0,0,1800,43.03125,20.40729
08.08.2026,02:43:53,18233,0.722086,0.992046,0.77,-0.46,-15.3125,-19.5,280.4375,2.579825,0,0,4.163647,0,0,1800,41.4375,22.86773
08.08.2026,02:43:53,18339,0.713904,-0.663682,0.49,0.07,-14.5,-19.25,279.5,2.626312,0,0,4.426278,0,0,1800,38.78125,23.6622
08.08.2026,02:43:53,18445,0.791635,-0.056999,0.74,-0.02,-14,-19.0625,278.875,2.648107,0,0,4.691089,0,0,1800,34.875,20.13369
08.08.2026,02:43:53,18551,0.76402,0.447736,0.86,-0.41,-13.1875,-19,278.125,2.684744,0,0,4.959563,0,0,1800,31.875,15.47734
08.08.2026,02:43:53,18657,0.794704,0.489469,0.81,0.26,-12.3125,-18.875,277.375,2.744152,0,0,5.233978,0,0,1800,28.875,14.049
08.08.2026,02:43:53,18763,0.851979,0.678531,0.66,-0.17,-11.4375,-18.625,276.625,2.821607,0,0,5.516139,0,0,1800,26.5,14.79352
08.08.2026,02:43:53,18869,0.911301,0.460191,0.74,-0.31,-10.375,-17.9375,275.6875,2.869617,0,0,5.803101,0,0,1800,24,13.10149
08.08.2026,02:43:53,18975,0.846866,-0.32992,0.56,0.19,-9.625,-17.375,275,2.928715,0,0,6.095972,0,0,1800,19.375,4.633595
08.08.2026,02:43:53,19081,0.880617,0.413129,0.61,-0.51,-9,-16.9375,274.375,2.954701,0,0,6.391442,0,0,1800,17.5,8.468559
08.08.2026,02:43:53,19187,0.892891,0.796761,0.76,0.13,-8.5,-16.9375,273.75,2.973062,0,0,6.688748,0,0,1800,15,7.710629
08.08.2026,02:43:53,19293,0.901073,-0.392855,0.72,0.36,-7.8125,-17.5,273.0625,3.018226,0,0,6.990571,0,0,1800,12.75,6.093559
08.08.2026,02:43:53,19399,0.879595,0.440514,0.82,-0.27,-7.375,-18.0625,272.625,3.032705,0,0,7.293841,0,0,1800,11,2.599133
08.08.2026,02:43:53,19505,0.867321,1.001422,0.94,0.08,-7,-18.5625,272.3125,3.139912,0,0,7.914585,0,0,1800,9.09375,3.127644
08.08.2026,02:43:53,19611,0.875504,0.437723,0.65,-0.31,-6.9375,-18.9375,272.1875,3.210047,0,0,8.23559,0,0,1800,8.75,1.184952
08.08.2026,02:43:53,19717,0.798795,0.123488,0.63,0.14,-6.9375,-19,272.125,3.242065,0,0,8.559796,0,0,1800,8.5,-5.992157
08.08.2026,02:43:53,19823,0.883686,-0.088175,0.38,0,-7,-19.125,272.375,3.272282,0,0,8.887025,0,0,1800,9.40625,7.760292
08.08.2026,02:43:53,19929,0.81925,-0.160375,0.7,0.16,-7,-19.25,272.5625,3.310963,0,0,9.218122,0,0,1800,10.40625,-5.866028
08.08.2026,02:43:53,20035,0.858116,1.009258,0.7,-0.45,-7.3125,-19.1875,272.75,3.329147,0,0,9.551036,0,0,1800,11.15625,4.616879
08.08.2026,02:43:53,20141,0.823342,1.262402,0.8,-0.16,-7.5625,-19.0625,272.9375,3.403973,0,0,9.891433,0,0,1800,11.90625,-1.107346
08.08.2026,02:43:53,20247,0.823342,1.023892,0.67,-0.53,-7.875,-18.875,273.0625,3.48589,0,0,10.24002,0,0,1800,12.25,3.417294
08.08.2026,02:43:53,20353,0.746633,0.787066,0.81,-0.62,-8.375,-18.6875,273.3125,3.543754,0,0,10.5944,0,0,1800,13,3.71384
08.08.2026,02:43:53,20459,0.805954,0.168573,0.69,-0.09,-8.75,-18.75,273.4375,3.610413,0,0,10.95544,0,0,1800,13.75,10.8801
08.08.2026,02:43:53,20565,0.784476,-0.557676,0.45,-0.06,-9.125,-18.8125,273.5625,3.649242,0,0,11.32036,0,0,1800,14.25,4.613766
08.08.2026,02:43:53,20671,0.786521,1.518559,0.63,-0.35,-9.5,-19.0625,273.75,3.66107,0,0,11.68647,0,0,1800,15.15625,8.267281
08.08.2026,02:43:53,20777,0.804931,0.460435,0.5,-0.42,-10,-19.625,273.875,3.711322,0,0,12.0576,0,0,1800,15.25,9.330914
08.08.2026,02:43:53,20883,0.752769,0.510559,0.69,-0.34,-10.5,-20.1875,274.125,3.771808,0,0,12.43478,0,0,1800,16.65625,10.0388
08.08.2026,02:43:53,20989,0.818228,-0.031731,0.57,-0.37,-11.0625,-20.75,274.375,3.847302,0,0,12.81951,0,0,1800,17.8125,10.48423
08.08.2026,02:43:53,21095,0.825387,0.508885,0.69,-0.18,-11.5625,-21.25,274.6875,3.887206,0,0,13.20823,0,0,1800,19.0625,8.783989
08.08.2026,02:43:53,21201,0.776293,-0.15263,0.42,-0.2,-11.875,-21.6875,275.0625,3.97371,0,0,13.99979,0,0,1800,20.25,10.17607
08.08.2026,02:43:53,21307,0.795726,-0.411276,0.68,-0.05,-12.125,-22,275.625,3.993591,0,0,14.39915,0,0,1800,21.75,11.96309
08.08.2026,02:43:53,21413,0.80084,0.668677,0.65,-0.22,-12.125,-21.75,275.9375,4.021729,0,0,14.80132,0,0,1800,23.25,15.33884
08.08.2026,02:43:53,21519,0.790612,0.556235,0.81,-0.41,-12.25,-21.125,276.25,4.068381,0,0,15.20816,0,0,1800,24.5,14.54446
08.08.2026,02:43:53,21625,0.831524,-0.118545,0.63,-0.18,-12.375,-20.625,276.5625,4.130636,0,0,15.62122,0,0,1800,26.40625,19.3379
08.08.2026,02:43:53,21731,0.818228,0.671455,0.81,-0.25,-12.375,-20.1875,276.875,4.163455,0,0,16.03757,0,0,1800,27.5,19.98565
08.08.2026,02:43:53,21837,0.972668,0.006532,0.44,0.13,-12.375,-20.125,277.25,4.192183,0,0,16.45679,0,0,1800,28.5,22.56307
08.08.2026,02:43:53,21943,0.853002,-0.421935,0.5,-0.07,-12.3125,-20.75,277.5,4.180259,0,0,16.87481,0,0,1800,29.5,14.4899
08.08.2026,02:43:53,22049,0.830501,0.178564,0.61,0.31,-12.125,-21.5625,277.625,4.179492,0,0,17.29276,0,0,1800,30.65625,20.12264
08.08.2026,02:43:53,22155,0.921529,0.857136,0.75,-0.26,-11.875,-22.25,277.875,4.196634,0,0,17.71243,0,0,1800,31.65625,18.1453
08.08.2026,02:43:53,22261,0.950167,0.763244,0.71,0.13,-11.375,-22.3125,278.25,4.234277,0,0,18.13585,0,0,1800,32.65625,19.87104
08.08.2026,02:43:53,22367,0.889823,-0.179859,0.5,0.05,-10.9375,-21.8125,278.4375,4.259648,0,0,18.56182,0,0,1800,33.5,27.46242
08.08.2026,02:43:53,22473,0.917438,-0.202171,0.77,0.42,-10.5,-21.25,278.6875,4.274322,0,0,18.98925,0,0,1800,34.90625,11.19458
08.08.2026,02:43:53,22579,0.983919,-0.154463,0.65,0.08,-9.9375,-21,278.875,4.28686,0,0,19.41794,0,0,1800,35.65625,18.00076
08.08.2026,02:43:53,22685,0.926643,-0.373225,0.78,0.61,-9.375,-21.0625,279,4.265105,0,0,19.84445,0,0,1800,36,15.15012
08.08.2026,02:43:53,22791,0.903119,0.336333,0.67,0.41,-8.5,-21.5,279,4.26184,0,0,20.27063,0,0,1800,36,11.6267
08.08.2026,02:43:53,22897,0.935848,0.475196,0.53,-0.28,-8,-21.5,278.9375,4.265455,0,0,20.69718,0,0,1800,35.75,7.423149
08.08.2026,02:43:53,23003,0.928688,-0.146499,0.82,0.27,-7.625,-21.3125,278.8125,4.304042,0,0,21.55496,0,0,1800,35.25,7.150494
08.08.2026,02:43:53,23109,0.966531,-0.520693,0.55,0.01,-7.25,-21,278.6875,4.303634,0,0,21.98532,0,0,1800,34.59375,11.06099
08.08.2026,02:43:53,23215,0.977782,-0.212011,0.9,0.32,-7,-20.625,278.5,4.306396,0,0,22.41596,0,0,1800,33.84375,9.874622
08.08.2026,02:43:53,23321,0.849934,0.350951,0.55,-0.05,-6.6875,-20.25,278.1875,4.250816,0,0,22.84104,0,0,1800,32.4375,2.429951
08.08.2026,02:43:53,23427,0.917438,-0.396319,0.5,0.48,-6.5625,-19.875,277.875,4.220225,0,0,23.26306,0,0,1800,31.1875,6.29211
08.08.2026,02:43:53,23533,0.851979,0.167659,0.43,-0.12,-6.5,-19.5625,277.5,4.1822,0,0,23.68128,0,0,1800,29.6875,-1.045219
08.08.2026,02:43:53,23639,0.847888,-0.451324,0.68,0.38,-6.5625,-19.375,277.125,4.176627,0,0,24.09895,0,0,1800,28.1875,1.535595
08.08.2026,02:43:53,23745,0.845843,-0.429915,0.38,-0.3,-6.6875,-19.4375,276.75,4.168177,0,0,24.51576,0,0,1800,27,6.482441
08.08.2026,02:43:53,23851,0.821296,-0.855517,0.39,-0.54,-7,-20,276.25,4.133196,0,0,24.92908,0,0,1800,25.5,1.27644
08.08.2026,02:43:53,23957,0.866298,-0.139355,0.66,0.23,-7.125,-20.5625,275.8125,4.086513,0,0,25.33773,0,0,1800,24,7.177872
08.08.2026,02:43:53,24063,0.777316,-0.943752,0.35,-0.1,-7.375,-21,275.5,4.051077,0,0,25.74284,0,0,1800,22.5,-6.374054
08.08.2026,02:43:53,24169,0.805954,-0.474238,0.66,0.24,-7.625,-21.25,275.3125,3.984053,0,0,26.14125,0,0,1800,21.09375,7.060707
08.08.2026,02:43:53,24275,0.794704,0.182312,0.46,-0.05,-8.125,-21,275.125,3.952971,0,0,26.53654,0,0,1800,20.34375,2.413803
08.08.2026,02:43:53,24381,0.758906,0.72815,0.56,-0.29,-8.75,-20.4375,275,3.932398,0,0,26.92978,0,0,1800,20.25,2.11594
08.08.2026,02:43:53,24487,0.811068,0.109479,0.5,-0.22,-9.125,-20,274.8125,3.956093,0,0,27.32539,0,0,1800,19.09375,0.790787
08.08.2026,02:43:53,24593,0.750724,-0.907685,0.45,-0.09,-9.625,-19.9375,274.5,3.962881,0,0,27.72168,0,0,1800,17.6875,4.653419
08.08.2026,02:43:53,24699,0.796749,-0.251436,0.51,-0.2,-10.0625,-20.375,274.1875,3.93726,0,0,28.11541,0,0,1800,16.4375,4.216957
08.08.2026,02:43:53,24805,0.787544,0.096263,0.33,-0.62,-10.75,-20.875,273.6875,3.848752,0,0,28.89045,0,0,1800,15.25,9.561466
08.08.2026,02:43:53,24911,0.768111,-0.393737,0.63,-0.15,-11.3125,-20.75,273.4375,3.812731,0,0,29.27173,0,0,1800,13.4375,11.13303
08.08.2026,02:43:53,25017,0.834592,-0.004835,0.38,-0.53,-11.8125,-20.6875,273.1875,3.764492,0,0,29.64818,0,0,1800,12.59375,14.92863
08.08.2026,02:43:53,25123,0.809023,-0.774139,0.43,-0.08,-12.1875,-20.4375,273.0625,3.772154,0,0,30.02539,0,0,1800,12.25,18.9072
08.08.2026,02:43:53,25229,0.821296,-0.468861,0.57,-0.37,-12.5,-19.875,272.9375,3.756844,0,0,30.40108,0,0,1800,11.75,18.03154
08.08.2026,02:43:53,25335,0.866298,-0.633895,0.39,-0.38,-13,-19.5625,272.875,3.746696,0,0,30.77575,0,0,1800,11.5,22.67891
08.08.2026,02:43:53,25441,0.846866,-0.196832,0.41,0.21,-13.125,-19.75,272.8125,3.739974,0,0,31.14974,0,0,1800,11.09375,16.68193
08.08.2026,02:43:53,25547,0.858116,-0.626339,0.22,-0.54,-13.125,-20.125,272.8125,3.70233,0,0,31.51998,0,0,1800,11.25,15.91484
08.08.2026,02:43:53,25653,0.855048,-0.044061,0.63,0.31,-13,-20.6875,272.9375,3.652615,0,0,31.88524,0,0,1800,11.90625,17.65417
08.08.2026,02:43:53,25759,0.862207,0.353567,0.65,0.02,-12.75,-21.0625,273.125,3.651711,0,0,32.25041,0,0,1800,12.40625,20.86915
08.08.2026,02:43:53,25865,0.872435,0.40914,0.43,-0.32,-12.625,-21.125,273.25,3.66991,0,0,32.6174,0,0,1800,13,15.82346
08.08.2026,02:43:53,25971,0.904142,0.195349,0.51,0.26,-12.4375,-21,273.5,3.68011,0,0,32.98541,0,0,1800,14.15625,16.73376
08.08.2026,02:43:53,26077,0.884709,-0.310006,0.5,-0.08,-12.1875,-20.9375,273.75,3.703595,0,0,33.35577,0,0,1800,15.3125,16.78153
08.08.2026,02:43:53,26183,0.90721,0.207413,0.6,0.07,-11.875,-20.9375,274,3.698668,0,0,33.72564,0,0,1800,16.15625,22.06996
08.08.2026,02:43:53,26289,0.866298,0.615658,0.73,0.19,-11.4375,-21,274.3125,3.686679,0,0,34.09431,0,0,1800,17,10.92051
08.08.2026,02:43:53,26395,0.891868,-0.574902,0.65,0.24,-11.0625,-21.1875,274.5625,3.665047,0,0,34.46081,0,0,1800,18,20.35404
08.08.2026,02:43:53,26501,0.90005,-0.026953,0.44,0.25,-10.625,-21.5,274.75,3.634605,0,0,35.19025,0,0,1800,18.75,19.07222
08.08.2026,02:43:53,26607,0.928688,0.843204,0.53,-0.41,-10.25,-21.5,274.875,3.640144,0,0,35.55426,0,0,1800,19.5,14.52549
08.08.2026,02:43:53,26713,0.915392,-0.40964,0.75,0.22,-9.8125,-21.0625,274.9375,3.659995,0,0,35.92026,0,0,1800,19.75,11.8936
08.08.2026,02:43:53,26819,1.028921,-0.356449,0.47,0.17,-9.3125,-20.375,275.0625,3.658008,0,0,36.28606,0,0,1800,20.40625,12.51756
08.08.2026,02:43:53,26925,0.959372,-0.4082,0.67,0.22,-8.875,-19.875,275.125,3.650726,0,0,36.65113,0,0,1800,20.5,13.63472
08.08.2026,02:43:53,27031,0.950167,-0.166947,0.64,0.36,-8.5,-19.5,275.1875,3.616512,0,0,37.01279,0,0,1800,20.75,4.274078
08.08.2026,02:43:53,27137,0.886754,-0.35564,0.41,-0.03,-8.125,-19.5625,275.1875,3.585737,0,0,37.37136,0,0,1800,20.90625,8.702797
08.08.2026,02:43:53,27243,0.916415,-0.377021,0.55,0.54,-7.5625,-20.25,275.1875,3.583342,0,0,37.72969,0,0,1800,20.75,5.09243
08.08.2026,02:43:53,27349,0.898005,0.601572,0.48,0.05,-7.3125,-21.0625,275.25,3.581457,0,0,38.08784,0,0,1800,21,-1.831757
08.08.2026,02:43:53,27455,0.90005,1.036543,0.73,-0.04,-7.0625,-21.875,275.4375,3.613285,0,0,38.44917,0,0,1800,21.5,1.934387
08.08.2026,02:43:53,27561,0.934825,-0.387755,0.52,0.3,-6.9375,-22.5,275.5625,3.63471,0,0,38.81264,0,0,1800,22.40625,6.499435
08.08.2026,02:43:53,27667,0.934825,-0.761315,0.41,0.28,-6.875,-22.5,275.8125,3.646863,0,0,39.17733,0,0,1800,23.40625,0.171829
08.08.2026,02:43:53,27773,0.877549,-0.338543,0.43,0.37,-6.8125,-21.5,276.0625,3.599041,0,0,39.53723,0,0,1800,24,-1.120277
08.08.2026,02:43:53,27879,0.861185,-0.417075,0.43,-0.15,-6.9375,-20.5625,276.25,3.568779,0,0,39.89411,0,0,1800,24.75,0.478668
08.08.2026,02:43:53,27985,0.845843,-0.085838,0.5,0.25,-7,-20.125,276.375,3.544096,0,0,40.24852,0,0,1800,25.5,-1.907852
08.08.2026,02:43:53,28091,0.841752,0.215727,0.36,-0.24,-7.125,-19.8125,276.4375,3.519155,0,0,40.60043,0,0,1800,25.75,-3.864799
08.08.2026,02:43:53,28197,0.794704,0.113461,0.48,-0.17,-7.25,-19.875,276.5,3.532449,0,0,40.95368,0,0,1800,26,7.70969
08.08.2026,02:43:53,28303,0.857093,-0.281745,0.52,0.06,-7.5625,-20.375,276.4375,3.559824,0,0,41.6651,0,0,1800,25.75,3.154266
08.08.2026,02:43:53,28409,0.770157,-0.651745,0.35,-0.23,-7.875,-21,276.375,3.555173,0,0,42.02062,0,0,1800,25.5,7.902756
08.08.2026,02:43:53,28515,0.806977,0.077435,0.56,0.09,-8.3125,-21.5625,276.25,3.528093,0,0,42.37343,0,0,1800,24.84375,4.247356
08.08.2026,02:43:53,28621,0.831524,-0.450903,0.58,-0.05,-8.75,-21.75,276.3125,3.504976,0,0,42.72393,0,0,1800,25.40625,-0.208649
08.08.2026,02:43:53,28727,0.768111,-0.359341,0.64,0.33,-9.125,-21.625,276.3125,3.518735,0,0,43.0758,0,0,1710,25.25,5.019447
08.08.2026,02:43:53,28833,0.756861,-0.184215,1.97,-0.08,-9.6875,-20.8125,276.5625,3.455245,0,0,43.42133,0,0,1180,26,3.324959
08.08.2026,02:43:53,28939,0.783453,-0.257532,1.86,-0.33,-10.1875,-15.6875,277.125,3.334891,0,0,43.75481,0,0,1000,27.75,5.745468
08.08.2026,02:43:53,29045,0.716972,0.028183,1.57,-0.31,-10.5625,-7.3125,277.9375,3.187625,0,0,44.07358,0,0,1000,32.375,5.213554
08.08.2026,02:43:53,29151,0.796749,0.232607,1.62,-0.88,-10.75,-0.1875,278.4375,3.084069,0,0,44.38198,0,0,1000,33.90625,10.69505
08.08.2026,02:43:53,29257,0.795726,0.375856,1.39,-0.95,-10.8125,3.1875,278.3125,2.981471,0,0,44.68013,0,0,1000,32.9375,13.45714
08.08.2026,02:43:53,29363,0.809023,-0.171882,0.97,-0.69,-12.875,2.125,277.125,2.874811,0,0,44.96761,0,0,1000,27.40625,21.60886
08.08.2026,02:43:53,29469,0.879595,-0.339781,0.97,-0.51,-12.875,-2.1875,275.75,2.719611,0,0,45.23957,0,0,1000,21.4375,21.7618
08.08.2026,02:43:53,29575,0.847888,-0.637289,0.9,-0.35,-12.8125,-6.125,274.4375,2.543145,0,0,45.49389,0,0,1000,16.65625,18.29116
08.08.2026,02:43:53,29681,0.840729,-0.723584,0.84,-0.28,-13.0625,-8.75,273.0625,2.331947,0,0,45.72708,0,0,1000,12.25,19.6048
08.08.2026,02:43:53,29787,0.857093,-0.488156,0.56,-0.26,-14.3125,-8.5,271.875,2.110606,0,0,45.93814,0,0,1000,8.5,23.77757
08.08.2026,02:43:53,29893,0.871412,-0.540739,0.46,-0.28,-14.75,-6.0625,271.125,1.895134,0,0,46.12766,0,0,1000,5.5,26.89247
08.08.2026,02:43:53,29999,0.865276,-0.431227,0.41,-0.43,-14.875,-3.3125,270.4375,1.693694,0,0,46.29702,0,0,1000,2.5,25.95147
08.08.2026,02:43:53,30105,0.87039,-0.399337,0.29,-0.43,-15.1875,-1.1875,269.625,1.304324,0,0,46.57697,0,0,1000,-2.28125,26.32987
08.08.2026,02:43:53,30211,0.868344,-0.514889,0.24,-0.47,-15.4375,-0.625,268.8125,1.113996,0,0,46.68837,0,0,1000,-4.75,26.96394
08.08.2026,02:43:53,30317,0.8888,-0.677054,0.17,-0.35,-15.625,-2,267.4375,0.921854,0,0,46.78056,0,0,1000,-9.9375,28.35149
08.08.2026,02:43:53,30423,0.901073,-0.723003,0.16,-0.31,-15.6875,-3.9375,266.25,0.729191,0,0,46.85348,0,0,1000,-13.75,28.10942
08.08.2026,02:43:53,30529,0.892891,-0.775235,0.16,-0.28,-15.6875,-5.5,265.125,0.541398,0,0,46.90762,0,0,1000,-20.28125,28.84922
08.08.2026,02:43:53,30635,0.877549,-0.773647,0.14,-0.2,-15.625,-6.0625,264.1875,0.361072,0,0,46.94372,0,0,1000,-23.875,27.83327
08.08.2026,02:43:53,30741,0.886754,-0.688271,0.12,-0.25,-15.625,-5.5,263.5,0.192889,0,0,46.96301,0,0,1000,-26.625,27.34233
08.08.2026,02:43:53,30847,0.876526,-0.549343,0.09,-0.33,-15.625,-3.75,262.8125,0.043508,0,0,46.96736,0,0,1000,-29.21875,27.09687
08.08.2026,02:43:53,30953,0.882663,-0.547215,0.08,-0.36,-15.625,-2.6875,262.375,-0.084262,0,0,46.95893,0,0,1000,-30.96875,29.27539
08.08.2026,02:43:53,31059,0.879595,-0.552068,0.01,-0.33,-15.6875,-2.3125,262,-0.199115,0,0,46.93902,0,0,1000,-32.3125,28.72649
08.08.2026,02:43:53,31165,0.869367,-0.58406,0.05,-0.33,-15.6875,-2.75,261.5,-0.303134,0,0,46.90871,0,0,1000,-34,29.27879
08.08.2026,02:43:53,31271,0.872435,-0.653266,0,-0.26,-15.75,-4,260.9375,-0.400461,0,0,46.86866,0,0,1000,-35.75,29.15946
08.08.2026,02:43:53,31377,0.875504,-0.639769,0.02,-0.27,-15.8125,-4.625,260.5,-0.491498,0,0,46.81952,0,0,1000,-37.5,29.50038
08.08.2026,02:43:53,31483,0.865276,-0.613768,0,-0.23,-15.9375,-4.9375,260.1875,-0.572699,0,0,46.76225,0,0,1000,-39.40625,27.9696
08.08.2026,02:43:53,31589,0.868344,-0.5556,-0.02,-0.26,-16.125,-4.6875,259.9375,-0.640075,0,0,46.69824,0,0,1000,-40.40625,29.75944
08.08.2026,02:43:53,31695,0.865276,-0.505607,0,-0.3,-16.3125,-4.1875,259.75,-0.694183,0,0,46.62882,0,0,1000,-41.15625,30.23612
08.08.2026,02:43:53,31801,0.859139,-0.464109,-0.02,-0.34,-16.6875,-3.375,259.625,-0.766242,0,0,46.47853,0,0,1000,-41.5,30.68212
08.08.2026,02:43:53,31907,0.849934,-0.391474,-0.06,-0.38,-16.9375,-3.0625,259.5625,-0.783838,0,0,46.40015,0,0,1000,-41.90625,30.63152
08.08.2026,02:43:53,32013,0.847888,-0.408064,-0.05,-0.38,-17.25,-3.1875,259.5,-0.793011,0,0,46.32085,0,0,1000,-42,32.28153
08.08.2026,02:43:53,32119,0.846866,-0.404144,-0.04,-0.34,-17.625,-3.6875,259.4375,-0.797989,0,0,46.24105,0,0,1000,-42.25,33.5321
08.08.2026,02:43:53,32225,0.834592,-0.379858,-0.07,-0.31,-17.9375,-4.25,259.4375,-0.79903,0,0,46.16114,0,0,1000,-42.25,34.43891
08.08.2026,02:43:53,32331,0.831524,-0.350792,-0.08,-0.28,-18.3125,-4.75,259.4375,-0.794719,0,0,46.08167,0,0,1000,-42.25,34.97187
08.08.2026,02:43:53,32437,0.839706,-0.346336,-0.09,-0.29,-18.5625,-4.6875,259.5625,-0.786614,0,0,46.00301,0,0,1000,-42,34.70931
08.08.2026,02:43:53,32543,0.834592,-0.23213,-0.06,-0.3,-18.75,-4.375,259.75,-0.774273,0,0,45.92558,0,0,1000,-41.25,34.87292
08.08.2026,02:43:53,32649,0.831524,-0.238482,-0.08,-0.32,-18.875,-3.875,259.9375,-0.752824,0,0,45.8503,0,0,1000,-40.09375,35.55816
08.08.2026,02:43:53,32755,0.824364,-0.195515,-0.11,-0.31,-19,-3.5,260.25,-0.728132,0,0,45.77748,0,0,1000,-38.9375,35.83771
08.08.2026,02:43:53,32861,0.815159,-0.203325,-0.07,-0.32,-19,-3.5625,260.5,-0.700996,0,0,45.70739,0,0,1000,-38.5,35.90248
08.08.2026,02:43:53,32967,0.813114,-0.191974,-0.09,-0.28,-19,-3.875,260.75,-0.672474,0,0,45.64014,0,0,1000,-36.6875,36.33204
08.08.2026,02:43:53,33073,0.811068,-0.20148,-0.1,-0.28,-19,-4.1875,261,-0.643904,0,0,45.57575,0,0,1000,-35.6875,36.36273
08.08.2026,02:43:53,33179,0.802886,-0.171799,-0.09,-0.25,-19,-4.4375,261.3125,-0.617145,0,0,45.51403,0,0,1000,-34.4375,35.68769
08.08.2026,02:43:53,33285,0.80084,-0.152964,-0.11,-0.26,-19,-4.4375,261.8125,-0.589669,0,0,45.45507,0,0,1000,-33.5,35.99453
08.08.2026,02:43:53,33391,0.798795,-0.125023,-0.11,-0.27,-19.0625,-4.375,262.125,-0.561014,0,0,45.39896,0,0,1000,-32,35.23083
08.08.2026,02:43:53,33497,0.78243,-0.097976,-0.12,-0.25,-19.0625,-4.1875,262.5625,-0.532621,0,0,45.3457,0,0,1000,-30.5,36.05929
08.08.2026,02:43:53,33603,0.783453,-0.071899,-0.14,-0.29,-19.0625,-4,263,-0.471242,0,0,45.24837,0,0,1000,-27.6875,35.38425
08.08.2026,02:43:53,33709,0.770157,-0.046804,-0.13,-0.28,-19,-3.9375,263.5,-0.441144,0,0,45.20426,0,0,1000,-26,35.04333
08.08.2026,02:43:53,33815,0.770157,-0.039479,-0.12,-0.25,-18.8125,-4.0625,264.1875,-0.411995,0,0,45.16306,0,0,1000,-24,34.1774
08.08.2026,02:43:53,33921,0.758906,-0.047143,-0.14,-0.26,-18.6875,-4.25,264.75,-0.385359,0,0,45.12453,0,0,1000,-20.375,33.34215
08.08.2026,02:43:53,34027,0.756861,-0.035613,-0.15,-0.25,-18.625,-4.4375,265.25,-0.360367,0,0,45.08849,0,0,1000,-18.53125,32.84441
08.08.2026,02:43:53,34133,0.752769,-0.014871,-0.14,-0.22,-18.5,-4.5,265.875,-0.335947,0,0,45.05489,0,0,1000,-16.03125,32.68137
08.08.2026,02:43:53,34239,0.750724,0.015067,-0.15,-0.25,-18.4375,-4.5625,266.5,-0.311061,0,0,45.02379,0,0,1000,-13.53125,32.34328
08.08.2026,02:43:53,34345,0.736405,0.044217,-0.17,-0.23,-18.375,-4.4375,267.375,-0.286639,0,0,44.99512,0,0,1000,-10.03125,31.81826
08.08.2026,02:43:53,34451,0.725154,0.042617,-0.15,-0.25,-18.3125,-4.3125,268.125,-0.2634,0,0,44.96878,0,0,1000,-6.875,32.39785
08.08.2026,02:43:53,34557,0.721063,0.040289,-0.16,-0.26,-18.1875,-4.25,268.8125,-0.240825,0,0,44.9447,0,0,1000,-3.96875,30.24037
08.08.2026,02:43:53,34663,0.715949,0.017288,-0.14,-0.27,-18.125,-4.3125,269.4375,-0.21994,0,0,44.92271,0,0,1000,-1.78125,30.57449
08.08.2026,02:43:53,34769,0.702653,0.003731,-0.16,-0.24,-18.0625,-4.5,270.4375,-0.202676,0,0,44.90244,0,0,1000,0.5,29.46932
08.08.2026,02:43:53,34875,0.684243,0.089707,-0.19,-0.27,-18,-4.5625,271.0625,-0.188165,0,0,44.88362,0,0,1000,3.25,30.0489
08.08.2026,02:43:53,34981,0.688334,0.015228,-0.16,-0.24,-18,-4.5,271.75,-0.174053,0,0,44.86621,0,0,1000,6,29.40455
08.08.2026,02:43:53,35087,0.672992,0.03032,-0.17,-0.25,-18,-4.3125,272.375,-0.160699,0,0,44.85014,0,0,1000,9.96875,28.72951
08.08.2026,02:43:53,35193,0.660719,0.065069,-0.18,-0.27,-18,-4.125,273.0625,-0.150028,0,0,44.83514,0,0,1000,12.71875,28.36131
08.08.2026,02:43:53,35299,0.649468,0.03944,-0.18,-0.29,-18,-3.9375,273.9375,-0.138235,0,0,44.82132,0,0,1000,15.625,28.63746
08.08.2026,02:43:53,35405,0.645377,0.023498,-0.18,-0.28,-18,-3.9375,274.625,-0.118841,0,0,44.79659,0,0,1000,19.125,28.20789
08.08.2026,02:43:53,35511,0.625944,0.037249,-0.17,-0.29,-17.9375,-4,275.1875,-0.110645,0,0,44.78553,0,0,1000,21.21875,26.8209
08.08.2026,02:43:53,35617,0.614694,0.030738,-0.16,-0.27,-17.875,-4.125,275.8125,-0.104699,0,0,44.77505,0,0,1000,23.71875,27.21639
08.08.2026,02:43:53,35723,0.608557,-0.005964,-0.17,-0.25,-17.875,-4.3125,276.4375,-0.097699,0,0,44.76529,0,0,1000,25.75,26.5135
08.08.2026,02:43:53,35829,0.589124,0.040008,-0.17,-0.23,-17.8125,-4.4375,277.25,-0.092087,0,0,44.75608,0,0,1000,28.25,25.98848
08.08.2026,02:43:53,35935,0.587078,0.042708,-0.19,-0.25,-17.75,-4.4375,277.875,-0.085888,0,0,44.74749,0,0,1000,30.75,25.73961
08.08.2026,02:43:53,36041,0.573782,0.065201,-0.19,-0.26,-17.6875,-4.3125,278.4375,-0.079386,0,0,44.73955,0,0,1000,34.21875,25.46006
08.08.2026,02:43:53,36147,0.562531,0.087474,-0.2,-0.28,-17.5625,-4.125,279,-0.072394,0,0,44.73231,0,0,1000,36,23.36395
08.08.2026,02:43:53,36253,0.556395,0.099489,-0.19,-0.3,-17.375,-3.9375,279.75,-0.064207,0,0,44.72589,0,0,1000,38,24.37254
08.08.2026,02:43:53,36359,0.533894,0.0713,-0.18,-0.25,-17.1875,-3.9375,280.1875,-0.05775,0,0,44.72011,0,0,1000,40,22.15314
08.08.2026,02:43:53,36465,0.523666,0.042971,-0.21,-0.25,-17.0625,-4,280.625,-0.053277,0,0,44.71478,0,0,1000,42.8125,22.3918
08.08.2026,02:43:53,36571,0.507301,-0.005496,-0.17,-0.21,-16.9375,-4.125,281.0625,-0.048903,0,0,44.70989,0,0,1000,44.5625,20.5406
08.08.2026,02:43:53,36677,0.499119,0.055982,-0.17,-0.27,-16.8125,-4.25,281.5,-0.047171,0,0,44.70517,0,0,1000,46.3125,20.22697
08.08.2026,02:43:53,36783,0.478663,0.027374,-0.15,-0.27,-16.6875,-4.25,282,-0.04444,0,0,44.70073,0,0,1000,47.8125,18.71384
08.08.2026,02:43:53,36889,0.467413,-0.001229,-0.16,-0.27,-16.5625,-4.1875,282.375,-0.044604,0,0,44.69627,0,0,1000,49.96875,18.70704
08.08.2026,02:43:53,36995,0.451048,0.040168,-0.14,-0.24,-16.5625,-4.0625,282.6875,-0.044591,0,0,44.69181,0,0,1000,50,18.34167
08.08.2026,02:43:53,37101,0.437752,0.021534,-0.17,-0.23,-16.5625,-3.9375,282.9375,-0.040645,0,0,44.68338,0,0,1000,50,17.57458
08.08.2026,02:43:53,37207,0.421387,0.052807,-0.18,-0.26,-16.5625,-3.875,283.1875,-0.039108,0,0,44.67947,0,0,1000,50,16.34724
08.08.2026,02:43:53,37313,0.414228,0.025148,-0.18,-0.25,-16.5625,-3.9375,283.5,-0.03563,0,0,44.67591,0,0,1000,50,16.93023
08.08.2026,02:43:53,37419,0.395818,0.066204,-0.21,-0.25,-16.5625,-4,283.75,-0.033708,0,0,44.67254,0,0,1000,50,16.37793
08.08.2026,02:43:53,37525,0.384567,0.037183,-0.21,-0.23,-16.625,-4.125,283.9375,-0.031234,0,0,44.66941,0,0,1000,50,15.92108
08.08.2026,02:43:53,37631,0.361043,0.038119,-0.24,-0.24,-16.625,-4.1875,284.125,-0.029863,0,0,44.66643,0,0,1000,50,14.93919
08.08.2026,02:43:53,37737,0.356952,0.059024,-0.22,-0.26,-16.625,-4.125,284.4375,-0.028851,0,0,44.66354,0,0,1000,50,15.33809
08.08.2026,02:43:53,37843,0.332405,0.079841,-0.22,-0.24,-16.6875,-4.125,284.625,-0.026063,0,0,44.66094,0,0,1000,50,14.81647
08.08.2026,02:43:53,37949,0.308881,0.080556,-0.22,-0.28,-16.6875,-4.0625,284.8125,-0.022788,0,0,44.65866,0,0,1000,50,14.9426
08.08.2026,02:43:53,38055,0.303767,0.071172,-0.2,-0.24,-16.6875,-4.0625,285,-0.019628,0,0,44.6567,0,0,1000,50,14.69713
08.08.2026,02:43:53,38161,0.28638,0.111696,-0.21,-0.26,-16.6875,-4.0625,285.1875,-0.016673,0,0,44.65503,0,0,1000,50,13.34705
08.08.2026,02:43:53,38267,0.265924,0.092141,-0.22,-0.26,-16.625,-4.0625,285.375,-0.01419,0,0,44.65361,0,0,1000,50,12.84988
08.08.2026,02:43:53,38373,0.262856,0.052525,-0.19,-0.28,-16.5625,-4.0625,285.5,-0.012203,0,0,44.65239,0,0,1000,50,12.38907
08.08.2026,02:43:53,38479,0.243423,0.052874,-0.16,-0.26,-16.5,-4.0625,285.5625,-0.011098,0,0,44.65128,0,0,1000,50,11.83337
08.08.2026,02:43:53,38585,0.22399,0.043232,-0.19,-0.27,-16.4375,-4,285.625,-0.011381,0,0,44.65014,0,0,1000,50,10.32987
08.08.2026,02:43:53,38691,0.215808,0.063609,-0.19,-0.28,-16.4375,-3.9375,285.75,-0.012001,0,0,44.64894,0,0,1000,50,9.467335
08.08.2026,02:43:53,38797,0.200466,0.063977,-0.16,-0.27,-16.375,-3.875,285.75,-0.011689,0,0,44.64777,0,0,1000,50,8.850266
08.08.2026,02:43:53,38903,0.173873,0.034291,-0.14,-0.26,-16.3125,-3.875,285.75,-0.007424,0,0,44.64603,0,0,1000,50,8.938919
08.08.2026,02:43:53,39009,0.159554,0.054525,-0.13,-0.29,-16.3125,-3.8125,285.75,-0.007617,0,0,44.64527,0,0,1000,50,8.233192
08.08.2026,02:43:53,39115,0.148304,0.064765,-0.12,-0.29,-16.25,-3.8125,285.75,-0.007219,0,0,44.64455,0,0,1000,50,7.643974
08.08.2026,02:43:53,39221,0.13603,0.044993,-0.13,-0.29,-16.25,-3.75,285.75,-0.00753,0,0,44.6438,0,0,1000,50,8.015011
08.08.2026,02:43:53,39327,0.108415,0.035517,-0.1,-0.31,-16.25,-3.75,285.75,-0.009069,0,0,44.64289,0,0,1000,50,7.06382
08.08.2026,02:43:53,39433,0.094096,0.045809,-0.09,-0.28,-16.25,-3.75,285.75,-0.009228,0,0,44.64197,0,0,1000,50,6.480831
08.08.2026,02:43:53,39539,0.078754,0.04615,-0.1,-0.31,-16.1875,-3.75,285.6875,-0.0108,0,0,44.64089,0,0,1000,50,6.293335
08.08.2026,02:43:53,39645,0.070572,0.066517,-0.12,-0.32,-16.1875,-3.6875,285.625,-0.01159,0,0,44.63973,0,0,1000,50,6.078548
08.08.2026,02:43:53,39751,0.047048,0.036895,-0.15,-0.29,-16.1875,-3.6875,285.5625,-0.01195,0,0,44.63853,0,0,1000,50,4.022755
08.08.2026,02:43:53,39857,0.040911,0.017296,-0.12,-0.29,-16.0625,-3.6875,285.4375,-0.012635,0,0,44.63727,0,0,1000,50,3.86594
08.08.2026,02:43:53,39963,0.019433,0.037743,-0.14,-0.33,-16,-3.6875,285.375,-0.014123,0,0,44.63586,0,0,1000,50,3.582989
08.08.2026,02:43:53,40069,0.006137,0.018238,-0.13,-0.31,-15.875,-3.75,285.3125,-0.015605,0,0,44.6343,0,0,1000,50,2.567032
08.08.2026,02:43:53,40175,0,0.038733,-0.12,-0.37,-15.75,-3.75,285.25,-0.01559,0,0,44.63274,0,0,1000,50,1.881798
08.08.2026,02:43:53,40281,0,0.069219,-0.13,-0.49,-15.5,-3.75,285.1875,-0.015316,0,0,44.63121,0,0,1000,50,1.53125
08.08.2026,02:43:53,40387,0,0.089676,-0.21,-0.68,-15.25,-3.75,285.1875,-0.014381,0,0,44.62977,0,0,1000,50,0.96875
08.08.2026,02:43:53,40493,0,0.120013,-0.27,-0.96,-14.9375,-3.75,285.125,-0.010605,0,0,44.62871,0,0,1000,50,-0.34375
08.08.2026,02:43:53,40599,0,0.110174,-0.3,-0.88,-14.625,-3.75,285.0625,-0.005069,0,0,44.6282,0,0,1000,50,-1.4375
08.08.2026,02:43:53,40705,0,0.100169,-0.24,-0.56,-14.625,-3.8125,284.9375,0.003469,0,0,44.62856,0,0,1000,50,-1.125
08.08.2026,02:43:53,40811,0,0.079876,-0.13,-0.2,-15.0625,-3.8125,284.8125,0.005742,0,0,44.62914,0,0,1000,50,-0.375
08.08.2026,02:43:53,40917,0,0.079639,-0.11,-0.03,-15.3125,-3.8125,284.6875,0.007431,0,0,44.62988,0,0,1000,50,0.75
08.08.2026,02:43:53,41023,0,0.089348,-0.15,-0.04,-15.5,-3.875,284.5625,0.009126,0,0,44.63079,0,0,1000,50,1.5
08.08.2026,02:43:53,41129,0.006137,0.108998,-0.16,-0.15,-15.5625,-3.9375,284.4375,0.01099,0,0,44.63189,0,0,1000,50,1.963654
08.08.2026,02:43:53,41235,0.011251,0.108592,-0.17,-0.22,-15.5,-4,284.3125,0.012729,0,0,44.63317,0,0,1000,50,2.205719
08.08.2026,02:43:53,41341,0.005114,0.078162,-0.17,-0.21,-15.5625,-4,284.25,0.013478,0,0,44.63451,0,0,1000,50,1.564766
08.08.2026,02:43:53,41447,0.017387,0.067739,-0.14,-0.21,-15.625,-4,284.1875,0.013271,0,0,44.63584,0,0,1000,50,2.089787
08.08.2026,02:43:53,41553,0.015342,0.077342,-0.16,-0.16,-15.5625,-3.9375,284.1875,0.012405,0,0,44.63708,0,0,1000,50,1.500565
08.08.2026,02:43:53,41659,0.015342,0.07697,-0.17,-0.16,-15.5625,-3.875,284.1875,0.011668,0,0,44.63825,0,0,1000,50,1.963654
08.08.2026,02:43:53,41765,0.013296,0.056603,-0.17,-0.19,-15.3125,-3.8125,284.125,0.011492,0,0,44.6394,0,0,1000,50,0.692596
08.08.2026,02:43:53,41871,0.017387,0.046253,-0.18,-0.2,-15.125,-3.8125,284.0625,0.010925,0,0,44.64049,0,0,1000,50,1.022751
08.08.2026,02:43:53,41977,0.006137,0.055955,-0.18,-0.19,-14.9375,-3.8125,283.9375,0.00932,0,0,44.64142,0,0,1000,50,-0.490936
08.08.2026,02:43:53,42083,0.016365,0.045709,-0.17,-0.2,-14.75,-3.8125,283.875,0.007692,0,0,44.64219,0,0,1000,50,-0.722153
08.08.2026,02:43:53,42189,0.006137,0.045513,-0.16,-0.19,-14.625,-3.875,283.8125,0.00614,0,0,44.6428,0,0,1000,50,-1.434669
08.08.2026,02:43:53,42295,0.005114,0.055403,-0.19,-0.2,-14.5,-3.875,283.6875,0.003443,0,0,44.64315,0,0,1000,50,-1.404549
08.08.2026,02:43:53,42401,0,0.065368,-0.2,-0.24,-14.4375,-3.875,283.625,0.001086,0,0,44.64336,0,0,1000,50,-1.718185
08.08.2026,02:43:53,42507,0,0.085334,-0.22,-0.24,-14.4375,-3.875,283.5625,0.002401,0,0,44.6436,0,0,1000,50,-1.6875
08.08.2026,02:43:53,42613,0,0.085257,-0.23,-0.28,-14.4375,-3.875,283.5,0.003361,0,0,44.64394,0,0,1000,50,-1.6875
08.08.2026,02:43:53,42719,0,0.085149,-0.26,-0.37,-14.5,-3.875,283.4375,0.005227,0,0,44.64446,0,0,1000,50,-1.5
08.08.2026,02:43:53,42825,0,0.084754,-0.29,-0.55,-14.6875,-3.875,283.375,0.007087,0,0,44.64517,0,0,1000,50,-0.96875
08.08.2026,02:43:53,42931,0,0.084505,-0.26,-0.54,-14.9375,-3.9375,283.3125,0.007797,0,0,44.64595,0,0,1000,50,0.125
08.08.2026,02:43:53,43037,0,0.054244,-0.21,-0.45,-15.25,-3.9375,283.25,0.008111,0,0,44.64676,0,0,1000,50,0.90625
08.08.2026,02:43:53,43143,0,0.05405,-0.17,-0.31,-15.5625,-3.875,283.1875,0.006073,0,0,44.64737,0,0,1000,50,1.84375
08.08.2026,02:43:53,43249,0,0.053913,-0.15,-0.16,-15.6875,-3.8125,283.1875,0.00426,0,0,44.64779,0,0,1000,50,2.0625
08.08.2026,02:43:53,43355,0,0.053817,-0.15,-0.12,-15.625,-3.8125,283.1875,0.003004,0,0,44.64809,0,0,1000,50,2.0625
08.08.2026,02:43:53,43461,0,0.05377,-0.19,-0.14,-15.4375,-3.75,283.125,0.001455,0,0,44.64824,0,0,1000,50,1.5
08.08.2026,02:43:53,43567,0,0.033761,-0.18,-0.15,-15.1875,-3.6875,283.125,0.000271,0,0,44.64827,0,0,1000,50,0.40625
08.08.2026,02:43:53,43673,0,0.033803,-0.2,-0.19,-14.9375,-3.6875,283.125,-0.001288,0,0,44.64814,0,0,1000,50,-0.34375
08.08.2026,02:43:53,43779,0,0.033904,-0.21,-0.21,-14.625,-3.75,283.125,-0.003163,0,0,44.64782,0,0,1000,50,-1.25
08.08.2026,02:43:53,43885,0,0.024058,-0.21,-0.21,-14.4375,-3.75,283.125,-0.004781,0,0,44.64734,0,0,1000,50,-1.65625
08.08.2026,02:43:53,43991,0.001023,0.044286,-0.21,-0.2,-14.25,-3.75,283.125,-0.007124,0,0,44.64663,0,0,1000,50,-2.40625
08.08.2026,02:43:53,44097,0,0.014574,-0.23,-0.19,-14,-3.75,283.125,-0.008952,0,0,44.64573,0,0,1000,50,-3.217613
08.08.2026,02:43:53,44203,0,0.054911,-0.24,-0.23,-13.8125,-3.75,283.125,-0.01065,0,0,44.64362,0,0,1000,50,-3.71875
08.08.2026,02:43:53,44309,0,0.075539,-0.24,-0.24,-13.75,-3.75,283.125,-0.008894,0,0,44.64273,0,0,1000,50,-3.75
08.08.2026,02:43:53,44415,0,0.085768,-0.26,-0.31,-13.875,-3.8125,283.125,-0.007139,0,0,44.64202,0,0,1000,50,-3.5625
08.08.2026,02:43:53,44521,0,0.075922,-0.27,-0.36,-14.125,-3.8125,283.0625,-0.004783,0,0,44.64154,0,0,1000,50,-3
08.08.2026,02:43:53,44627,0,0.056028,-0.26,-0.4,-14.625,-3.875,283.0625,-0.003313,0,0,44.64121,0,0,1000,50,-1.6875
08.08.2026,02:43:53,44733,0,0.026124,-0.21,-0.34,-15.375,-3.9375,283,-0.002971,0,0,44.64091,0,0,1000,50,1.03125
08.08.2026,02:43:53,44839,0,0.046287,-0.2,-0.32,-15.875,-3.875,283,-0.005097,0,0,44.6404,0,0,1000,50,2.5625
08.08.2026,02:43:53,44945,0,0.066482,-0.19,-0.26,-16.125,-3.75,283,-0.00605,0,0,44.63979,0,0,1000,50,3.1875
08.08.2026,02:43:53,45051,0,0.056663,-0.19,-0.18,-16.125,-3.625,283,-0.005632,0,0,44.63923,0,0,1000,50,3.375
08.08.2026,02:43:53,45157,0,0.076812,-0.18,-0.18,-15.875,-3.5625,282.9375,-0.004626,0,0,44.63877,0,0,1000,50,2.3125
08.08.2026,02:43:53,45263,0,0.03692,-0.21,-0.19,-15.3125,-3.6875,282.875,-0.003372,0,0,44.63843,0,0,1000,50,1.1875
08.08.2026,02:43:53,45369,0,0.027037,-0.2,-0.17,-14.875,-3.8125,282.8125,-0.003653,0,0,44.63807,0,0,1000,50,-0.84375
08.08.2026,02:43:53,45475,0,0.017232,-0.22,-0.17,-14.5,-3.9375,282.8125,-0.006057,0,0,44.63746,0,0,1000,50,-1.8125
08.08.2026,02:43:53,45581,0,0.027504,-0.23,-0.21,-14.125,-3.9375,282.8125,-0.008469,0,0,44.63661,0,0,1000,50,-2.9375
08.08.2026,02:43:53,45687,0,0.037865,-0.23,-0.24,-13.875,-3.8125,282.8125,-0.011223,0,0,44.63549,0,0,1000,50,-3.375
08.08.2026,02:43:53,45793,0,0.078256,-0.24,-0.28,-13.75,-3.625,282.8125,-0.012169,0,0,44.63427,0,0,1000,50,-3.75
08.08.2026,02:43:53,45899,0,0.088579,-0.27,-0.31,-13.9375,-3.625,282.8125,-0.010049,0,0,44.63327,0,0,1000,50,-3.375
08.08.2026,02:43:53,46005,0,0.078819,-0.26,-0.32,-14.25,-3.6875,282.8125,-0.004175,0,0,44.63211,0,0,1000,50,-2.625
08.08.2026,02:43:53,46111,0,0.038953,-0.26,-0.3,-14.625,-3.8125,282.8125,-0.002953,0,0,44.63182,0,0,1000,50,-0.8125
08.08.2026,02:43:53,46217,0,0.039048,-0.2,-0.27,-15.0625,-3.9375,282.8125,-0.004223,0,0,44.63139,0,0,1000,50,0.5
08.08.2026,02:43:53,46323,0,0.039368,-0.17,-0.24,-15.5,-3.9375,282.8125,-0.005743,0,0,44.63082,0,0,1000,50,1.625
08.08.2026,02:43:53,46429,0,0.079569,-0.21,-0.26,-15.6875,-3.875,282.8125,-0.006252,0,0,44.63019,0,0,1000,50,1.875
08.08.2026,02:43:53,46535,0,0.069711,-0.2,-0.24,-15.625,-3.8125,282.75,-0.004395,0,0,44.62975,0,0,1000,50,1.71875
08.08.2026,02:43:53,46641,0,0.049794,-0.23,-0.22,-15.5,-3.75,282.8125,-0.002576,0,0,44.62949,0,0,1000,50,1.34375
08.08.2026,02:43:53,46747,0,0.05985,-0.19,-0.23,-15.1875,-3.6875,282.8125,-0.00176,0,0,44.62932,0,0,1000,50,0.4375
08.08.2026,02:43:53,46853,0,0.039895,-0.23,-0.23,-14.8125,-3.75,282.8125,-0.001386,0,0,44.62918,0,0,1000,50,0
08.08.2026,02:43:53,46959,0,0.049982,-0.24,-0.24,-14.5625,-3.8125,282.8125,-0.002709,0,0,44.62891,0,0,1000,50,-1.125
08.08.2026,02:43:53,47065,0,0.040083,-0.26,-0.26,-14.3125,-3.8125,282.8125,-0.00315,0,0,44.62859,0,0,1000,50,-2.0625
08.08.2026,02:43:53,47171,0,0.050213,-0.23,-0.28,-14.125,-3.8125,282.8125,-0.00404,0,0,44.62819,0,0,1000,50,-2.78125
08.08.2026,02:43:53,47277,0,0.080353,-0.23,-0.29,-14.125,-3.75,282.8125,-0.004357,0,0,44.62775,0,0,1000,50,-2.8125
08.08.2026,02:43:53,47383,0,0.080487,-0.19,-0.27,-14.25,-3.6875,282.8125,-0.004173,0,0,44.62734,0,0,1000,50,-2.4375
08.08.2026,02:43:53,47489,0,0.060582,-0.2,-0.3,-14.5625,-3.6875,282.8125,-0.002943,0,0,44.62704,0,0,1000,50,-1
08.08.2026,02:43:53,47595,0,0.040658,-0.18,-0.26,-14.8125,-3.75,282.8125,-0.002377,0,0,44.62681,0,0,1000,50,-0.25
08.08.2026,02:43:53,47701,0,0.050721,-0.18,-0.22,-15,-3.8125,282.8125,-0.00254,0,0,44.62636,0,0,1000,50,0.15625
08.08.2026,02:43:53,47807,0,0.040912,-0.18,-0.23,-15.125,-3.8125,282.8125,-0.003382,0,0,44.62602,0,0,1000,50,0.375
08.08.2026,02:43:53,47913,0,0.081044,-0.18,-0.26,-15.0625,-3.75,282.8125,-0.004097,0,0,44.62561,0,0,1000,50,0.375
08.08.2026,02:43:53,48019,0,0.071113,-0.18,-0.24,-15,-3.75,282.8125,-0.00217,0,0,44.62539,0,0,1000,50,0.1875
08.08.2026,02:43:53,48125,0,0.061113,-0.19,-0.22,-14.875,-3.75,282.8125,-0.001087,0,0,44.62528,0,0,1000,50,-0.53125
08.08.2026,02:43:53,48231,0,0.061148,-0.21,-0.25,-14.6875,-3.8125,282.8125,-0.000487,0,0,44.62523,0,0,1000,50,-0.9375
08.08.2026,02:43:53,48337,0,0.041188,-0.24,-0.25,-14.5625,-3.9375,282.875,-0.000745,0,0,44.62516,0,0,1000,50,-1.125
08.08.2026,02:43:53,48443,0,0.051233,-0.24,-0.25,-14.5,-3.875,282.875,-0.001402,0,0,44.62502,0,0,1000,50,-1.5
08.08.2026,02:43:53,48549,0,0.07126,-0.24,-0.29,-14.4375,-3.8125,282.875,-0.000834,0,0,44.62493,0,0,1000,50,-1.6875
08.08.2026,02:43:53,48655,0,0.091206,-0.22,-0.27,-14.4375,-3.75,282.875,0.001671,0,0,44.6251,0,0,1000,50,-1.6875
08.08.2026,02:43:53,48761,0,0.081119,-0.22,-0.26,-14.5625,-3.75,282.875,0.002714,0,0,44.62537,0,0,1000,50,-1.15625
08.08.2026,02:43:53,48867,0,0.051,-0.2,-0.25,-14.75,-3.8125,282.875,0.003696,0,0,44.62574,0,0,1000,50,-0.78125
08.08.2026,02:43:53,48973,0,0.04091,-0.18,-0.26,-14.8125,-3.875,282.875,0.002788,0,0,44.62602,0,0,1000,50,-0.5625
08.08.2026,02:43:53,49079,0,0.060858,-0.19,-0.25,-14.875,-3.8125,282.875,0.001633,0,0,44.62618,0,0,1000,50,-0.375
08.08.2026,02:43:53,49185,0,0.060813,-0.15,-0.25,-14.875,-3.75,282.875,0.001399,0,0,44.62632,0,0,1000,50,-0.375
08.08.2026,02:43:53,49291,0,0.060766,-0.19,-0.25,-14.75,-3.75,282.875,0.00145,0,0,44.62647,0,0,1000,50,-0.5625
08.08.2026,02:43:53,49397,0,0.030721,-0.2,-0.26,-14.6875,-3.6875,282.875,0.001398,0,0,44.62661,0,0,1000,50,-0.75
08.08.2026,02:43:53,49503,0,0.050714,-0.22,-0.27,-14.6875,-3.6875,282.875,-0.001869,0,0,44.62645,0,0,1000,50,-0.9375
08.08.2026,02:43:53,49609,0,0.060775,-0.25,-0.29,-14.6875,-3.6875,282.875,-0.002977,0,0,44.62615,0,0,1000,50,-0.9375
08.08.2026,02:43:53,49715,0,0.09087,-0.26,-0.28,-14.6875,-3.6875,282.875,-0.002532,0,0,44.6259,0,0,1000,50,-0.9375
08.08.2026,02:43:53,49821,0,0.070992,-0.26,-0.27,-14.6875,-3.75,282.875,-0.001258,0,0,44.62577,0,0,1000,50,-0.9375
08.08.2026,02:43:53,49927,0,0.051013,-0.24,-0.28,-14.75,-3.75,282.875,-0.000662,0,0,44.62571,0,0,1000,50,-0.59375
08.08.2026,02:43:53,50033,0,0.061052,-0.22,-0.26,-14.8125,-3.75,282.875,-0.001185,0,0,44.62559,0,0,1000,50,-0.40625
08.08.2026,02:43:53,50139,0,0.031107,-0.23,-0.26,-14.875,-3.75,282.875,-0.001722,0,0,44.62542,0,0,1000,50,-0.21875
08.08.2026,02:43:53,50245,0,0.041194,-0.2,-0.24,-14.875,-3.6875,282.875,-0.002703,0,0,44.62514,0,0,1000,50,-0.375
08.08.2026,02:43:53,50351,0,0.031297,-0.23,-0.24,-14.875,-3.625,282.875,-0.003195,0,0,44.62482,0,0,1000,50,-0.375
08.08.2026,02:43:53,50457,0,0.031429,-0.2,-0.25,-14.8125,-3.5625,282.875,-0.004129,0,0,44.62441,0,0,1000,50,-0.5625
08.08.2026,02:43:53,50563,0,0.011613,-0.22,-0.22,-14.75,-3.5625,282.875,-0.005704,0,0,44.62384,0,0,1000,50,-0.75
08.08.2026,02:43:53,50669,0,0.031884,-0.2,-0.25,-14.6875,-3.5625,282.875,-0.008439,0,0,44.623,0,0,1000,50,-0.9375
08.08.2026,02:43:53,50775,0,0.012217,-0.21,-0.24,-14.5625,-3.5,282.875,-0.010341,0,0,44.62196,0,0,1000,50,-1.46875
08.08.2026,02:43:53,50881,0,0.022626,-0.25,-0.26,-14.5625,-3.5625,282.875,-0.012726,0,0,44.62069,0,0,1000,50,-1.3125
08.08.2026,02:43:53,50987,0,0.023066,-0.26,-0.28,-14.6875,-3.625,282.875,-0.013687,0,0,44.61932,0,0,1000,50,-1.125
08.08.2026,02:43:53,51093,0,0.003528,-0.24,-0.29,-14.6875,-3.5625,282.875,-0.014362,0,0,44.61789,0,0,1000,50,-0.9375
08.08.2026,02:43:53,51199,0,0.034031,-0.25,-0.28,-14.75,-3.5625,282.875,-0.015654,0,0,44.61632,0,0,1000,50,-0.59375
08.08.2026,02:43:53,51305,0,0.014548,-0.21,-0.25,-14.8125,-3.5625,282.875,-0.015582,0,0,44.61316,0,0,1000,50,-0.40625
08.08.2026,02:43:53,51411,0,0.025049,-0.19,-0.25,-14.875,-3.5625,282.875,-0.016291,0,0,44.61153,0,0,1000,50,-0.375
08.08.2026,02:43:53,51517,0,0.015573,-0.22,-0.24,-14.875,-3.5625,282.875,-0.017255,0,0,44.6098,0,0,1000,50,-0.375
08.08.2026,02:43:53,51623,0,0.006128,-0.22,-0.25,-14.875,-3.5625,282.875,-0.018347,0,0,44.60797,0,0,1000,50,-0.375
08.08.2026,02:43:53,51729,0,0.026718,-0.21,-0.24,-14.8125,-3.5625,282.875,-0.019808,0,0,44.60599,0,0,1000,50,-0.5625
08.08.2026,02:43:53,51835,0,0.017965,-0.2,-0.24,-14.6875,-3.5,282.875,-0.018967,0,0,44.60409,0,0,1000,50,-0.9375
08.08.2026,02:43:53,51941,0,0.018584,-0.21,-0.25,-14.625,-3.4375,282.875,-0.019255,0,0,44.60217,0,0,1000,50,-1.125
08.08.2026,02:43:53,52047,0,0.029191,-0.21,-0.26,-14.5625,-3.5,282.875,-0.018875,0,0,44.60028,0,0,1000,50,-1.3125
08.08.2026,02:43:53,52153,0,0.029804,-0.23,-0.26,-14.5625,-3.5625,282.875,-0.019048,0,0,44.59837,0,0,1000,50,-1.3125
08.08.2026,02:43:53,52259,0,0.030384,-0.2,-0.25,-14.625,-3.625,282.875,-0.018046,0,0,44.59657,0,0,1000,50,-1.3125
08.08.2026,02:43:53,52365,0,0.030969,-0.23,-0.26,-14.6875,-3.625,282.875,-0.018204,0,0,44.59475,0,0,1000,50,-0.78125
08.08.2026,02:43:53,52471,0,0.051559,-0.24,-0.27,-14.8125,-3.625,282.875,-0.018327,0,0,44.59292,0,0,1000,50,-0.40625
08.08.2026,02:43:53,52577,0,0.062069,-0.23,-0.29,-14.9375,-3.625,282.875,-0.015891,0,0,44.59133,0,0,1000,50,-0.03125
08.08.2026,02:43:53,52683,0,0.062484,-0.25,-0.26,-15,-3.625,282.875,-0.012892,0,0,44.59004,0,0,1000,50,0
08.08.2026,02:43:53,52789,0,0.042815,-0.22,-0.25,-15,-3.625,282.875,-0.010291,0,0,44.58901,0,0,1000,50,0.1875
08.08.2026,02:43:53,52895,0,0.053108,-0.21,-0.24,-14.9375,-3.625,282.875,-0.009098,0,0,44.5881,0,0,1000,50,-0.1875
08.08.2026,02:43:53,53001,0,0.043382,-0.23,-0.25,-14.875,-3.625,282.875,-0.007717,0,0,44.58648,0,0,1000,50,-0.375
08.08.2026,02:43:53,53107,0,0.04363,-0.2,-0.25,-14.75,-3.625,282.875,-0.007318,0,0,44.58575,0,0,1000,50,-0.5625
08.08.2026,02:43:53,53213,0,0.033865,-0.22,-0.25,-14.6875,-3.5625,282.875,-0.007277,0,0,44.58502,0,0,1000,50,-0.9375
08.08.2026,02:43:53,53319,0,0.034328,-0.22,-0.26,-14.5625,-3.5625,282.875,-0.007114,0,0,44.58431,0,0,1000,50,-1.125
08.08.2026,02:43:53,53425,0,0.034548,-0.2,-0.25,-14.5,-3.5,282.875,-0.006844,0,0,44.58363,0,0,1000,50,-1.5
08.08.2026,02:43:53,53531,0,0.034765,-0.2,-0.27,-14.5,-3.5,282.875,-0.006745,0,0,44.58295,0,0,1000,50,-1.5
08.08.2026,02:43:53,53637,0,0.025014,-0.2,-0.26,-14.5625,-3.5,282.875,-0.007754,0,0,44.58218,0,0,1000,50,-1.3125
08.08.2026,02:43:53,53743,0,0.005327,-0.22,-0.28,-14.6875,-3.5,282.875,-0.009723,0,0,44.5812,0,0,1000,50,-1.125
08.08.2026,02:43:53,53849,0,0.015704,-0.23,-0.26,-14.75,-3.5,282.875,-0.011734,0,0,44.58003,0,0,1000,50,-0.75
08.08.2026,02:43:53,53955,0,0.046091,-0.21,-0.28,-14.8125,-3.5,282.875,-0.012025,0,0,44.57883,0,0,1000,50,-0.5625
08.08.2026,02:43:53,54061,0,0.016481,-0.2,-0.27,-14.875,-3.5,282.875,-0.012124,0,0,44.57761,0,0,1000,50,-0.375
08.08.2026,02:43:53,54167,0,0.02686,-0.22,-0.24,-14.875,-3.5,282.875,-0.011794,0,0,44.57644,0,0,1000,50,-0.375
08.08.2026,02:43:53,54273,0,0.017239,-0.22,-0.27,-14.875,-3.5,282.875,-0.011788,0,0,44.57526,0,0,1000,50,-0.375
08.08.2026,02:43:53,54379,0,0.037644,-0.23,-0.26,-14.875,-3.5,282.875,-0.012589,0,0,44.574,0,0,1000,50,-0.375
08.08.2026,02:43:53,54485,0,0.038058,-0.25,-0.25,-14.75,-3.4375,282.875,-0.012868,0,0,44.57271,0,0,1000,50,-0.5625
08.08.2026,02:43:53,54591,0,0.018446,-0.24,-0.28,-14.6875,-3.4375,282.875,-0.01208,0,0,44.5715,0,0,1000,50,-0.9375
08.08.2026,02:43:53,54697,0,0.028827,-0.21,-0.25,-14.5625,-3.375,282.875,-0.011849,0,0,44.57032,0,0,1000,50,-1.46875
08.08.2026,02:43:53,54803,0,0.019213,-0.2,-0.27,-14.5,-3.375,282.875,-0.012792,0,0,44.56784,0,0,1000,50,-1.3125
08.08.2026,02:43:53,54909,0,0.019625,-0.17,-0.27,-14.5,-3.375,282.875,-0.013233,0,0,44.56651,0,0,1000,50,-1.5
08.08.2026,02:43:53,55015,0,0.03005,-0.18,-0.26,-14.4375,-3.375,282.875,-0.013283,0,0,44.56519,0,0,1000,50,-1.84375
08.08.2026,02:43:53,55121,0,0.000477,-0.15,-0.26,-14.4375,-3.3125,282.875,-0.013945,0,0,44.56379,0,0,1000,50,-1.6875
08.08.2026,02:43:53,55227,0,0.011416,-0.13,-0.25,-14.375,-3.3125,282.875,-0.015229,0,0,44.56227,0,0,1000,50,-1.875
08.08.2026,02:43:53,55333,0,-0.008101,-0.13,-0.26,-14.375,-3.3125,282.875,-0.015044,0,0,44.56076,0,0,1000,50,-1.875
08.08.2026,02:43:53,55439,0,-0.007549,-0.14,-0.25,-14.3125,-3.3125,282.875,-0.017151,0,0,44.55905,0,0,1000,50,-2.0625
08.08.2026,02:43:53,55545,0,0.003056,-0.15,-0.27,-14.25,-3.3125,282.875,-0.018806,0,0,44.55717,0,0,1000,50,-2.0625
08.08.2026,02:43:53,55651,0,0.013678,-0.15,-0.27,-14.25,-3.3125,282.875,-0.01936,0,0,44.55523,0,0,1000,50,-2.25
08.08.2026,02:43:53,55757,0,0.024296,-0.17,-0.28,-14.25,-3.3125,282.875,-0.019211,0,0,44.55331,0,0,1000,50,-2.25
08.08.2026,02:43:53,55863,0,0.014898,-0.17,-0.28,-14.25,-3.3125,282.875,-0.018713,0,0,44.55144,0,0,1000,50,-2.25
08.08.2026,02:43:53,55969,0,-0.004501,-0.17,-0.27,-14.25,-3.3125,282.875,-0.018696,0,0,44.54957,0,0,1000,50,-2.25
08.08.2026,02:43:53,56075,0,-0.02387,-0.16,-0.27,-14.25,-3.3125,282.875,-0.019623,0,0,44.54761,0,0,1000,50,-2.25
08.08.2026,02:43:53,56181,0,0.016817,-0.12,-0.26,-14.3125,-3.3125,282.875,-0.021367,0,0,44.54547,0,0,1000,50,-2.0625
08.08.2026,02:43:53,56287,0,0.027482,-0.12,-0.29,-14.3125,-3.3125,282.875,-0.020671,0,0,44.5434,0,0,1000,50,-2.0625
08.08.2026,02:43:53,56393,0,0.038095,-0.13,-0.26,-14.3125,-3.3125,282.875,-0.019076,0,0,44.5415,0,0,1000,50,-2.0625
08.08.2026,02:43:53,56499,0,-0.011354,-0.13,-0.27,-14.3125,-3.3125,282.875,-0.017143,0,0,44.53978,0,0,1000,50,-2.0625
08.08.2026,02:43:53,56605,0,-0.01084,-0.15,-0.26,-14.3125,-3.3125,282.875,-0.017038,0,0,44.53648,0,0,1000,50,-2.0625
08.08.2026,02:43:53,56711,0,-0.030292,-0.15,-0.25,-14.3125,-3.3125,282.875,-0.01831,0,0,44.53465,0,0,1000,50,-2.0625
08.08.2026,02:43:53,56817,0,0.030881,-0.15,-0.27,-14.3125,-3.3125,282.875,-0.018182,0,0,44.53283,0,0,1000,50,-2.0625
08.08.2026,02:43:53,56923,0,0.031406,-0.17,-0.27,-14.3125,-3.3125,282.875,-0.016314,0,0,44.5312,0,0,1000,50,-2.0625
08.08.2026,02:43:53,57029,0,0.021861,-0.18,-0.27,-14.3125,-3.3125,282.875,-0.014157,0,0,44.52978,0,0,1000,50,-2.0625
08.08.2026,02:43:53,57135,0,0.012284,-0.14,-0.26,-14.3125,-3.3125,282.875,-0.013155,0,0,44.52847,0,0,1000,50,-2.0625
08.08.2026,02:43:53,57241,0,0.00271,-0.16,-0.26,-14.3125,-3.3125,282.875,-0.01325,0,0,44.52714,0,0,1000,50,-2.0625
08.08.2026,02:43:53,57347,0,0.013179,-0.15,-0.28,-14.375,-3.3125,282.875,-0.014565,0,0,44.52568,0,0,1000,50,-1.875
08.08.2026,02:43:53,57453,0,0.02362,-0.15,-0.29,-14.375,-3.3125,282.875,-0.013713,0,0,44.52431,0,0,1000,50,-1.875
08.08.2026,02:43:53,57559,0,0.004026,-0.14,-0.27,-14.375,-3.3125,282.875,-0.012632,0,0,44.52305,0,0,1000,50,-1.875
08.08.2026,02:43:53,57665,0,0.034422,-0.13,-0.28,-14.375,-3.3125,282.875,-0.012316,0,0,44.52182,0,0,1000,50,-1.875
08.08.2026,02:43:53,57771,0,0.004765,-0.16,-0.24,-14.375,-3.3125,282.875,-0.010664,0,0,44.52075,0,0,1000,50,-1.875
08.08.2026,02:43:53,57877,0,0.025127,-0.17,-0.26,-14.375,-3.3125,282.875,-0.011256,0,0,44.51963,0,0,1000,50,-1.875
08.08.2026,02:43:53,57983,0,0.025447,-0.18,-0.26,-14.375,-3.3125,282.875,-0.009965,0,0,44.51863,0,0,1000,50,-1.875
08.08.2026,02:43:53,58089,0,0.025724,-0.18,-0.25,-14.375,-3.3125,282.875,-0.00861,0,0,44.51777,0,0,1000,50,-1.875
08.08.2026,02:43:53,58195,0,0.025961,-0.18,-0.26,-14.375,-3.3125,282.875,-0.00738,0,0,44.51703,0,0,1000,50,-1.875
08.08.2026,02:43:53,58301,0,0.02616,-0.17,-0.28,-14.375,-3.3125,282.875,-0.005981,0,0,44.51582,0,0,1000,50,-1.875
08.08.2026,02:43:53,58407,0,0.006353,-0.17,-0.27,-14.375,-3.3125,282.875,-0.004982,0,0,44.51532,0,0,1000,50,-1.875
08.08.2026,02:43:53,58513,0,0.006513,-0.19,-0.26,-14.375,-3.3125,282.875,-0.005564,0,0,44.51476,0,0,1000,50,-1.875
08.08.2026,02:43:53,58619,0,0.006692,-0.15,-0.28,-14.375,-3.3125,282.875,-0.006128,0,0,44.51414,0,0,1000,50,-1.875
08.08.2026,02:43:53,58725,0,0.016889,-0.14,-0.26,-14.375,-3.3125,282.875,-0.006411,0,0,44.5135,0,0,1000,50,-1.875
08.08.2026,02:43:53,58831,0,0.007308,-0.14,-0.25,-14.375,-3.3125,282.875,-0.006622,0,0,44.51284,0,0,1000,50,-1.875
08.08.2026,02:43:53,58937,0,0.027498,-0.13,-0.28,-14.375,-3.3125,282.875,-0.005898,0,0,44.51225,0,0,1000,50,-1.875
08.08.2026,02:43:53,59043,0,0.03766,-0.14,-0.28,-14.375,-3.3125,282.875,-0.005059,0,0,44.51174,0,0,1000,50,-1.875
08.08.2026,02:43:53,59149,0,0.027787,-0.14,-0.25,-14.375,-3.3125,282.875,-0.003949,0,0,44.51134,0,0,1000,50,-1.875
08.08.2026,02:43:53,59255,0,0.027885,-0.17,-0.25,-14.375,-3.3125,282.875,-0.003047,0,0,44.51104,0,0,1000,50,-1.875
08.08.2026,02:43:53,59361,0,0.027985,-0.21,-0.27,-14.375,-3.3125,282.875,-0.003114,0,0,44.51073,0,0,1000,50,-1.875
08.08.2026,02:43:53,59467,0,0.008087,-0.19,-0.25,-14.375,-3.3125,282.875,-0.003154,0,0,44.51041,0,0,1000,50,-1.875
08.08.2026,02:43:53,59573,0,0.008236,-0.15,-0.26,-14.375,-3.3125,282.875,-0.004653,0,0,44.50994,0,0,1000,50,-1.875
08.08.2026,02:43:53,59679,0,0.038408,-0.16,-0.24,-14.375,-3.3125,282.875,-0.005324,0,0,44.50941,0,0,1000,50,-1.875
08.08.2026,02:43:53,59785,0,0.00856,-0.17,-0.29,-14.375,-3.3125,282.875,-0.004746,0,0,44.50894,0,0,1000,50,-1.875
08.08.2026,02:43:53,59891,0,0.01871,-0.15,-0.25,-14.375,-3.3125,282.875,-0.004652,0,0,44.50847,0,0,1000,50,-1.875
08.08.2026,02:43:53,59997,0,0.048853,-0.14,-0.28,-14.375,-3.3125,282.875,-0.004456,0,0,44.50803,0,0,1000,50,-1.875
08.08.2026,02:43:53,60103,0,0.01894,-0.15,-0.27,-14.375,-3.3125,282.875,-0.001748,0,0,44.50758,0,0,1000,50,-1.875
08.08.2026,02:43:53,60209,0,0.018996,-0.15,-0.25,-14.375,-3.3125,282.875,-0.001438,0,0,44.50743,0,0,1000,50,-1.875
08.08.2026,02:43:53,60315,0,0.019071,-0.16,-0.27,-14.375,-3.3125,282.875,-0.000898,0,0,44.50734,0,0,1000,50,-1.875
08.08.2026,02:43:53,60421,0,-0.010871,-0.16,-0.26,-14.375,-3.3125,282.875,-0.001817,0,0,44.50716,0,0,1000,50,-1.875
08.08.2026,02:43:53,60527,0,0.029219,-0.14,-0.28,-14.375,-3.3125,282.875,-0.002781,0,0,44.50688,0,0,1000,50,-1.875
08.08.2026,02:43:53,60633,0,0.009273,-0.17,-0.27,-14.375,-3.3125,282.875,-0.001689,0,0,44.50671,0,0,1000,50,-1.875
08.08.2026,02:43:53,60739,0,0.029325,-0.16,-0.26,-14.375,-3.3125,282.875,-0.0016,0,0,44.50655,0,0,1000,50,-1.875
08.08.2026,02:43:53,60845,0,0.029368,-0.14,-0.27,-14.375,-3.3125,282.875,-0.001338,0,0,44.50642,0,0,1000,50,-1.875
08.08.2026,02:43:53,60951,0,-0.000597,-0.16,-0.27,-14.375,-3.3125,282.875,-0.001102,0,0,44.50631,0,0,1000,50,-1.875
08.08.2026,02:43:53,61057,0,0.02946,-0.14,-0.25,-14.375,-3.3125,282.875,-0.001762,0,0,44.50613,0,0,1000,50,-1.875
08.08.2026,02:43:53,61163,0,0.009512,-0.15,-0.25,-14.375,-3.3125,282.875,-0.001631,0,0,44.50597,0,0,1000,50,-1.875
08.08.2026,02:43:53,61269,0,0.009563,-0.16,-0.25,-14.375,-3.3125,282.875,-0.001594,0,0,44.50581,0,0,1000,50,-1.875
08.08.2026,02:43:53,61375,0,0.009627,-0.13,-0.26,-14.375,-3.3125,282.875,-0.001989,0,0,44.50561,0,0,1000,50,-1.875
08.08.2026,02:43:53,61481,0,0.009713,-0.17,-0.27,-14.375,-3.3125,282.875,-0.002672,0,0,44.50534,0,0,1000,50,-1.875
08.08.2026,02:43:53,61587,0,0.019818,-0.16,-0.25,-14.375,-3.3125,282.875,-0.003253,0,0,44.50502,0,0,1000,50,-1.875
08.08.2026,02:43:53,61693,0,0.019919,-0.18,-0.27,-14.375,-3.3125,282.875,-0.003131,0,0,44.50471,0,0,1000,50,-1.875
08.08.2026,02:43:53,61799,0,0.020015,-0.16,-0.27,-14.375,-3.3125,282.875,-0.003007,0,0,44.50441,0,0,1000,50,-1.875
08.08.2026,02:43:53,61905,0,0.030058,-0.16,-0.27,-14.375,-3.3125,282.875,-0.001136,0,0,44.50416,0,0,1000,50,-1.875
08.08.2026,02:43:53,62011,0,0.000094,-0.16,-0.27,-14.375,-3.3125,282.875,-0.000713,0,0,44.50409,0,0,1000,50,-1.875
08.08.2026,02:43:53,62117,0,0.010117,-0.16,-0.28,-14.375,-3.3125,282.875,-0.003042,0,0,44.50378,0,0,1000,50,-1.875
08.08.2026,02:43:53,62223,0,0.000215,-0.15,-0.25,-14.375,-3.3125,282.875,-0.004098,0,0,44.50338,0,0,1000,50,-1.875
08.08.2026,02:43:53,62329,0,0.040479,-0.16,-0.25,-14.375,-3.3125,282.875,-0.004125,0,0,44.50296,0,0,1000,50,-1.875
08.08.2026,02:43:53,62435,0,0.040556,-0.15,-0.27,-14.375,-3.3125,282.875,-0.002382,0,0,44.50273,0,0,1000,50,-1.875
08.08.2026,02:43:53,62541,0,0.020583,-0.16,-0.26,-14.375,-3.3125,282.875,-0.000848,0,0,44.50264,0,0,1000,50,-1.875
08.08.2026,02:43:53,62647,0,0.010583,-0.17,-0.26,-14.375,-3.3125,282.875,-0.000031,0,0,44.50264,0,0,1000,50,-1.875
08.08.2026,02:43:53,62753,0,0.030587,-0.18,-0.27,-14.375,-3.3125,282.875,-0.000099,0,0,44.50263,0,0,1000,50,-1.875
08.08.2026,02:43:53,62859,0,0.020592,-0.18,-0.28,-14.375,-3.3125,282.875,-0.000159,0,0,44.50261,0,0,1000,50,-1.875
08.08.2026,02:43:53,62965,0,0.010584,-0.19,-0.26,-14.375,-3.3125,282.875,0.000226,0,0,44.50264,0,0,1000,50,-1.875
08.08.2026,02:43:53,63071,0,0.010592,-0.16,-0.27,-14.375,-3.3125,282.875,-0.000224,0,0,44.50261,0,0,1000,50,-1.875
08.08.2026,02:43:53,63177,0,0.020611,-0.19,-0.28,-14.375,-3.3125,282.875,-0.000615,0,0,44.50255,0,0,1000,50,-1.875
08.08.2026,02:43:53,63283,0,0.010639,-0.17,-0.25,-14.375,-3.3125,282.875,-0.000865,0,0,44.50246,0,0,1000,50,-1.875
08.08.2026,02:43:53,63389,0,0.000677,-0.16,-0.27,-14.375,-3.3125,282.875,-0.001166,0,0,44.50235,0,0,1000,50,-1.875
08.08.2026,02:43:53,63495,0,0.030714,-0.14,-0.29,-14.375,-3.3125,282.875,-0.001161,0,0,44.50223,0,0,1000,50,-1.875
08.08.2026,02:43:53,63601,0,0.020748,-0.18,-0.23,-14.375,-3.3125,282.875,-0.000447,0,0,44.50208,0,0,1000,50,-1.875
08.08.2026,02:43:53,63707,0,0.020763,-0.14,-0.25,-14.375,-3.3125,282.875,0.000353,0,0,44.50211,0,0,1000,50,-1.875
08.08.2026,02:43:53,63813,0,0.010757,-0.16,-0.29,-14.375,-3.3125,282.875,-0.000171,0,0,44.5021,0,0,1000,50,-1.875
08.08.2026,02:43:53,63919,0,0.010777,-0.17,-0.26,-14.375,-3.3125,282.875,-0.000627,0,0,44.50204,0,0,1000,50,-1.875
08.08.2026,02:43:53,64025,0,0.00079,-0.18,-0.29,-14.375,-3.3125,282.875,-0.000411,0,0,44.502,0,0,1000,50,-1.875
08.08.2026,02:43:53,64131,0,0.010794,-0.18,-0.26,-14.375,-3.3125,282.875,-0.000134,0,0,44.50198,0,0,1000,50,-1.875
08.08.2026,02:43:53,64237,0,0.010808,-0.19,-0.27,-14.375,-3.3125,282.875,-0.000414,0,0,44.50194,0,0,1000,50,-1.875
08.08.2026,02:43:53,64343,0,0.020826,-0.17,-0.26,-14.375,-3.3125,282.875,-0.000569,0,0,44.50188,0,0,1000,50,-1.875
08.08.2026,02:43:53,64449,0,0.010851,-0.19,-0.26,-14.375,-3.3125,282.875,-0.000788,0,0,44.5018,0,0,1000,50,-1.875
08.08.2026,02:43:53,64555,0,0.010863,-0.16,-0.27,-14.375,-3.3125,282.875,-0.000364,0,0,44.50176,0,0,1000,50,-1.875
08.08.2026,02:43:53,64661,0,0.020888,-0.15,-0.25,-14.375,-3.3125,282.875,-0.000777,0,0,44.50169,0,0,1000,50,-1.875
08.08.2026,02:43:53,64767,0,0.000894,-0.16,-0.28,-14.375,-3.3125,282.875,-0.000175,0,0,44.50167,0,0,1000,50,-1.875
08.08.2026,02:43:53,64873,0,0.010916,-0.17,-0.26,-14.375,-3.3125,282.875,-0.000694,0,0,44.5016,0,0,1000,50,-1.875
08.08.2026,02:43:53,64979,0,0.020944,-0.17,-0.25,-14.375,-3.3125,282.875,-0.000882,0,0,44.50151,0,0,1000,50,-1.875
08.08.2026,02:43:53,65085,0,0.000961,-0.14,-0.29,-14.375,-3.3125,282.875,-0.000518,0,0,44.50146,0,0,1000,50,-1.875
08.08.2026,02:43:53,65191,0,0.030976,-0.15,-0.27,-14.3125,-3.3125,282.875,-0.000458,0,0,44.50141,0,0,1000,50,-2.0625
08.08.2026,02:43:53,65297,0,0.030958,-0.17,-0.25,-14.3125,-3.3125,282.875,0.000555,0,0,44.50147,0,0,1000,50,-2.0625
08.08.2026,02:43:53,65403,0,0.020926,-0.17,-0.26,-14.3125,-3.3125,282.875,0.001643,0,0,44.50173,0,0,1000,50,-2.0625
08.08.2026,02:43:53,65509,0,0.020873,-0.16,-0.26,-14.3125,-3.3125,282.875,0.001586,0,0,44.50189,0,0,1000,50,-2.0625
08.08.2026,02:43:53,65615,0,0.000822,-0.16,-0.27,-14.3125,-3.3125,282.875,0.000568,0,0,44.50195,0,0,1000,50,-2.0625
08.08.2026,02:43:53,65721,0,0.010804,-0.15,-0.27,-14.3125,-3.3125,282.875,-0.000236,0,0,44.50193,0,0,1000,50,-2.0625
08.08.2026,02:43:53,65827,0,0.010825,-0.15,-0.28,-14.3125,-3.3125,282.875,-0.000413,0,0,44.50188,0,0,1000,50,-2.0625
08.08.2026,02:43:53,65933,0,0.020843,-0.15,-0.29,-14.3125,-3.3125,282.875,-0.000565,0,0,44.50183,0,0,1000,50,-2.0625
08.08.2026,02:43:53,66039,0,0.020879,-0.15,-0.28,-14.3125,-3.3125,282.875,-0.001131,0,0,44.50171,0,0,1000,50,-2.0625
08.08.2026,02:43:53,66145,0,0.020903,-0.16,-0.28,-14.3125,-3.3125,282.875,-0.000746,0,0,44.50164,0,0,1000,50,-2.0625
08.08.2026,02:43:53,66251,0,0.000891,-0.14,-0.27,-14.3125,-3.3125,282.875,0.000379,0,0,44.50167,0,0,1000,50,-2.0625
08.08.2026,02:43:53,66357,0,0.020891,-0.17,-0.27,-14.3125,-3.3125,282.875,-0.000041,0,0,44.50167,0,0,1000,50,-2.0625
08.08.2026,02:43:53,66463,0,0.000907,-0.18,-0.26,-14.3125,-3.3125,282.875,-0.00049,0,0,44.50162,0,0,1000,50,-2.0625
08.08.2026,02:43:53,66569,0,0.030944,-0.17,-0.27,-14.3125,-3.25,282.875,-0.001141,0,0,44.50151,0,0,1000,50,-2.0625
08.08.2026,02:43:53,66675,0,0.030965,-0.16,-0.3,-14.3125,-3.25,282.875,-0.000656,0,0,44.50144,0,0,1000,50,-2.0625
08.08.2026,02:43:53,66781,0,0.030965,-0.19,-0.27,-14.3125,-3.25,282.875,0.000035,0,0,44.50145,0,0,1000,50,-2.0625
08.08.2026,02:43:53,66887,0,0.030939,-0.17,-0.26,-14.3125,-3.25,282.875,0.000808,0,0,44.50153,0,0,1000,50,-2.0625
08.08.2026,02:43:53,66993,0,0.010891,-0.15,-0.27,-14.3125,-3.25,282.875,0.001479,0,0,44.50167,0,0,1000,50,-2.0625
08.08.2026,02:43:53,67099,0,0.00087,-0.16,-0.27,-14.3125,-3.25,282.875,0.00066,0,0,44.50174,0,0,1000,50,-2.0625
08.08.2026,02:43:53,67205,0,-0.009098,-0.16,-0.27,-14.3125,-3.25,282.875,-0.001774,0,0,44.50146,0,0,1000,50,-2.0625
08.08.2026,02:43:53,67311,0,0.021046,-0.17,-0.27,-14.3125,-3.25,282.875,-0.002687,0,0,44.50119,0,0,1000,50,-2.0625
08.08.2026,02:43:53,67417,0,0.001129,-0.14,-0.29,-14.3125,-3.25,282.875,-0.002596,0,0,44.50093,0,0,1000,50,-2.0625
08.08.2026,02:43:53,67523,0,0.031235,-0.16,-0.27,-14.3125,-3.25,282.875,-0.003287,0,0,44.5006,0,0,1000,50,-2.0625
08.08.2026,02:43:53,67629,0,0.011315,-0.15,-0.28,-14.3125,-3.25,282.875,-0.002476,0,0,44.50035,0,0,1000,50,-2.0625
08.08.2026,02:43:53,67735,0,0.021391,-0.15,-0.3,-14.25,-3.3125,282.875,-0.002365,0,0,44.50012,0,0,1000,50,-2.25
08.08.2026,02:43:53,67841,0,0.021449,-0.14,-0.28,-14.1875,-3.3125,282.875,-0.001819,0,0,44.49994,0,0,1000,50,-2.4375
08.08.2026,02:43:53,67947,0,0.021501,-0.17,-0.31,-14.1875,-3.3125,282.875,-0.001595,0,0,44.49977,0,0,1000,50,-2.4375
08.08.2026,02:43:53,68053,0,0.03152,-0.14,-0.3,-14.1875,-3.3125,282.875,-0.000606,0,0,44.49971,0,0,1000,50,-2.4375
08.08.2026,02:43:53,68159,0,0.021492,-0.15,-0.29,-14.1875,-3.375,282.875,0.000869,0,0,44.4998,0,0,1000,50,-2.4375
08.08.2026,02:43:53,68265,0,0.011459,-0.16,-0.3,-14.1875,-3.375,282.8125,0.001018,0,0,44.4999,0,0,1000,50,-2.4375
08.08.2026,02:43:53,68371,0,0.021439,-0.14,-0.27,-14.1875,-3.375,282.8125,0.00062,0,0,44.49997,0,0,1000,50,-2.4375
08.08.2026,02:43:53,68477,0,0.041445,-0.11,-0.26,-14.1875,-3.375,282.8125,-0.000167,0,0,44.49995,0,0,1000,50,-2.4375
08.08.2026,02:43:53,68583,0,0.011427,-0.09,-0.23,-14.1875,-3.375,282.75,0.000542,0,0,44.5,0,0,1000,50,-2.4375
08.08.2026,02:43:53,68689,0,0.011415,-0.13,-0.22,-14.1875,-3.3125,282.75,0.000373,0,0,44.50004,0,0,1000,50,-2.4375
08.08.2026,02:43:53,68795,0,-0.018558,-0.1,-0.19,-14.1875,-3.125,282.75,-0.000822,0,0,44.49996,0,0,1000,50,-2.4375
08.08.2026,02:43:53,68901,0,-0.048442,-0.14,-0.22,-14.3125,-3,282.75,-0.007056,0,0,44.49889,0,0,1000,50,-2.25
08.08.2026,02:43:53,69007,0,-0.078215,-0.16,-0.2,-14.375,-2.8125,282.8125,-0.01273,0,0,44.49762,0,0,1000,50,-1.71875
08.08.2026,02:43:53,69113,0,-0.077806,-0.15,-0.22,-14.4375,-2.625,282.875,-0.019961,0,0,44.49562,0,0,1000,50,-1.53125
08.08.2026,02:43:53,69219,0,-0.106281,-0.18,-0.26,-14.4375,-2.375,283.125,-0.027466,0,0,44.49288,0,0,1000,50,-1.6875
08.08.2026,02:43:53,69325,0,-0.115173,-0.18,-0.32,-14.4375,-2.25,283.3125,-0.034461,0,0,44.48943,0,0,1000,50,-1.6875
08.08.2026,02:43:53,69431,0,-0.073852,-0.18,-0.33,-14.375,-2.25,283.5625,-0.041066,0,0,44.48532,0,0,1000,50,-1.875
08.08.2026,02:43:53,69537,0,-0.032444,-0.17,-0.38,-14.1875,-2.375,283.75,-0.043807,0,0,44.48095,0,0,1000,50,-2.59375
08.08.2026,02:43:53,69643,0,0.008908,-0.15,-0.42,-14,-2.625,283.875,-0.042029,0,0,44.47674,0,0,1000,50,-3.15625
08.08.2026,02:43:53,69749,0,0.050118,-0.09,-0.44,-13.6875,-3.1875,283.9375,-0.037629,0,0,44.47298,0,0,1000,50,-4.0625
08.08.2026,02:43:53,69855,0,0.08108,-0.05,-0.37,-13.5,-3.625,283.8125,-0.02992,0,0,44.46999,0,0,1000,50,-4.3125
08.08.2026,02:43:53,69961,0,0.081711,0,-0.28,-13.4375,-4.0625,283.625,-0.019631,0,0,44.46803,0,0,1000,50,-4.6875
08.08.2026,02:43:53,70067,0,0.042062,0.02,-0.18,-13.4375,-4.25,283.4375,-0.010895,0,0,44.46693,0,0,1000,50,-4.875
08.08.2026,02:43:53,70173,0,0.002232,0.01,-0.15,-13.5,-4.125,283.1875,-0.005308,0,0,44.4664,0,0,1000,50,-4.5
08.08.2026,02:43:53,70279,0,-0.047623,0,-0.12,-13.8125,-3.4375,283.125,-0.004501,0,0,44.46595,0,0,1000,50,-3.59375
08.08.2026,02:43:53,70385,0,-0.127398,-0.03,-0.1,-14.0625,-2.6875,283.1875,-0.006996,0,0,44.46526,0,0,1000,50,-2.84375
08.08.2026,02:43:53,70491,0,-0.176911,-0.09,-0.14,-14.3125,-1.8125,283.5,-0.015146,0,0,44.46374,0,0,1000,50,-1.90625
08.08.2026,02:43:53,70597,0,-0.176035,-0.12,-0.24,-14.3125,-1.0625,283.9375,-0.027221,0,0,44.46102,0,0,1000,50,-2.0625
08.08.2026,02:43:53,70703,0,-0.144751,-0.17,-0.34,-14.1875,-0.6875,284.375,-0.050212,0,0,44.452,0,0,1000,50,-2.59375
08.08.2026,02:43:53,70809,0,-0.031411,-0.13,-0.49,-13.5625,-1.1875,284.875,-0.053649,0,0,44.44664,0,0,1000,50,-3.75
08.08.2026,02:43:53,70915,0,0.040124,-0.07,-0.49,-13,-2.1875,284.9375,-0.047717,0,0,44.44187,0,0,1000,50,-5.4375
08.08.2026,02:43:53,71021,0,0.13125,0,-0.48,-12.4375,-3.625,284.75,-0.035043,0,0,44.43836,0,0,1000,50,-7.3125
08.08.2026,02:43:53,71127,0,0.111884,0.04,-0.38,-12.0625,-5.0625,284.3125,-0.019701,0,0,44.43639,0,0,1000,50,-8.96875
08.08.2026,02:43:53,71233,0,0.081884,0.06,-0.21,-12.1875,-5.875,283.8125,-0.006912,0,0,44.4357,0,0,1000,50,-8.4375
08.08.2026,02:43:53,71339,0,-0.067818,0.07,-0.18,-13,-5.4375,283.4375,-0.002353,0,0,44.43547,0,0,1000,50,-6.75
08.08.2026,02:43:53,71445,0,-0.147565,0,-0.17,-13.9375,-3.8125,283.5,-0.007861,0,0,44.43468,0,0,1000,50,-4.3125
08.08.2026,02:43:53,71551,0,-0.12693,-0.03,-0.23,-14.6875,-1.875,283.875,-0.019768,0,0,44.4327,0,0,1000,50,-0.3125
08.08.2026,02:43:53,71657,0,-0.075994,-0.08,-0.28,-15.25,0,284.5,-0.029086,0,0,44.4298,0,0,1000,50,1.0625
08.08.2026,02:43:53,71763,0,0.055015,-0.14,-0.36,-15.375,0.8125,285.3125,-0.031388,0,0,44.42666,0,0,1000,50,1.3125
08.08.2026,02:43:53,71869,0,0.085792,-0.11,-0.39,-14.9375,-0.375,285.6875,-0.024155,0,0,44.42424,0,0,1000,50,0.0625
08.08.2026,02:43:53,71975,0,0.056252,-0.08,-0.38,-14.0625,-2.8125,285.6875,-0.014311,0,0,44.42281,0,0,1000,50,-3.59375
08.08.2026,02:43:53,72081,0,-0.053505,-0.03,-0.24,-13.1875,-5.375,285.4375,-0.00756,0,0,44.42206,0,0,1000,50,-6.375
08.08.2026,02:43:53,72187,0,-0.09327,0.04,-0.17,-12.4375,-6.8125,285.0625,-0.007294,0,0,44.42133,0,0,1000,50,-8.3125
08.08.2026,02:43:53,72293,0,-0.092865,0.08,-0.12,-12.125,-5.8125,284.8125,-0.012598,0,0,44.42007,0,0,1000,50,-8.625
08.08.2026,02:43:53,72399,0,0.007745,0.07,-0.27,-12.3125,-3.75,284.9375,-0.018985,0,0,44.41817,0,0,1000,50,-8.25
08.08.2026,02:43:53,72505,0,0.028394,0.04,-0.35,-12.875,-1.25,285.1875,-0.015439,0,0,44.41461,0,0,1000,50,-6.9375
08.08.2026,02:43:53,72611,0,0.678891,-0.48,0.11,-13.5625,0.375,285.4375,-0.001544,0,0,44.41446,0,0,1000,50,-3.6875
08.08.2026,02:43:53,72717,0,-0.15106,0.37,-0.35,-14.375,-1.5,285.625,0.029148,0,0,44.41737,0,0,1000,50,-0.9375
08.08.2026,02:43:53,72823,0,0.248113,0.63,-0.81,-15.8125,-5.6875,285.875,-0.003428,0,0,44.41703,0,0,1000,50,2.40625
08.08.2026,02:43:53,72929,0,-0.232032,1.1,-0.77,-16.5625,-9.5625,285.8125,0.004526,0,0,44.41748,0,0,1000,50,5.3125
08.08.2026,02:43:53,73035,0,0.148331,1.01,-1.02,-18.25,-11.0625,285.625,-0.011311,0,0,44.41635,0,0,1000,50,11.3125
08.08.2026,02:43:53,73141,0,0.20824,0.37,-0.77,-19.5,-11.1875,285,0.002831,0,0,44.41663,0,0,1000,50,13.65625
08.08.2026,02:43:53,73247,0,-0.271936,-0.21,0.03,-19.0625,-11.375,284.1875,0.005474,0,0,44.41718,0,0,1000,50,12.1875
08.08.2026,02:43:53,73353,0,-0.111266,-0.38,0.22,-19.25,-9.375,284.0625,-0.020839,0,0,44.41509,0,0,1000,50,12.375
08.08.2026,02:43:53,73459,0,0.059657,-0.42,0.51,-19.6875,-7.875,284.25,-0.028679,0,0,44.41222,0,0,1000,50,13.6875
08.08.2026,02:43:53,73565,0,-0.239633,-0.89,0.61,-20.0625,-7.875,284.375,-0.0221,0,0,44.41002,0,0,1000,50,14.8125
08.08.2026,02:43:53,73671,0,0.361287,-0.94,-0.3,-19.75,-5.125,284.25,-0.028616,0,0,44.40715,0,0,1000,50,13.625
08.08.2026,02:43:53,73777,0,0.371132,-0.79,-1.17,-17.125,-0.375,283.0625,0.004822,0,0,44.40763,0,0,1000,50,8.03125
08.08.2026,02:43:53,73883,0,-0.050394,-0.65,-0.65,-14.8125,-0.4375,281.9375,0.047456,0,0,44.41238,0,0,1000,46.65625,-0.75
08.08.2026,02:43:53,73989,0,-0.162111,-0.49,-0.29,-14.25,-2.625,280.5625,0.05342,0,0,44.41772,0,0,1000,41.15625,-2.4375
08.08.2026,02:43:53,74095,0,-0.293339,-0.42,0.29,-15.4375,-2.9375,279.1875,0.038187,0,0,44.42154,0,0,1000,35.8125,2.40625
08.08.2026,02:43:53,74201,0,0.336393,-0.73,-0.08,-17.5625,3.6875,277.9375,-0.03034,0,0,44.41934,0,0,1000,31.75,9.25
08.08.2026,02:43:53,74307,0,1.004941,-0.25,-1.19,-19.5625,8.5625,275.5625,0.075497,0,0,44.42689,0,0,1000,24.5,14.125
08.08.2026,02:43:53,74413,0,-0.175059,0.06,0.04,-20.125,2.4375,273.875,0.135274,0,0,44.44041,0,0,1000,13.9375,15.53125
08.08.2026,02:43:53,74519,0,0.350591,0.1,-0.6,-19.5625,-0.0625,272.3125,0.110048,0,0,44.45142,0,0,1000,8,13.0625
08.08.2026,02:43:53,74625,0,-0.192947,-0.15,-0.46,-18.0625,2.875,270.6875,0.118445,0,0,44.46326,0,0,1000,2.75,7.9375
08.08.2026,02:43:53,74731,0,0.240347,0.02,-0.62,-16,7.6875,269.0625,0.090071,0,0,44.47227,0,0,1000,-2.5,4.3125
08.08.2026,02:43:53,74837,0,0.057341,0.05,-0.25,-14.9375,5.5625,267.6875,0.09348,0,0,44.48162,0,0,1000,-7.25,0.5625
08.08.2026,02:43:53,74943,0,0.024383,0.14,-0.25,-14.375,0.5,265.5625,0.092009,0,0,44.49082,0,0,1000,-15,-1.5
08.08.2026,02:43:53,75049,0,-0.25819,0.23,-0.21,-14.25,-3.625,263.1875,0.079986,0,0,44.49882,0,0,1000,-29.59375,-2.25
08.08.2026,02:43:53,75155,0,-0.259659,0.22,-0.44,-14.5,-4.375,261.25,0.045692,0,0,44.50339,0,0,1000,-36.71875,-1.03125
08.08.2026,02:43:53,75261,0,-0.580074,0.45,0,-15.25,-3.625,259.375,0.012902,0,0,44.50468,0,0,1000,-41.34375,0.65625
08.08.2026,02:43:53,75367,0,-0.258998,0.3,-0.59,-15.625,-2.0625,258.125,-0.033468,0,0,44.50134,0,0,1000,-48.59375,1.875
08.08.2026,02:43:53,75473,0,0.233003,0.08,-0.78,-15.1875,1.3125,256.5,-0.062228,0,0,44.49511,0,0,1000,-50,0.09375
08.08.2026,02:43:53,75579,0,0.214651,0.06,-0.54,-14.5,2.6875,254.4375,-0.051237,0,0,44.48999,0,0,1000,-50,-2.125
08.08.2026,02:43:53,75685,0,0.145474,0.08,-0.25,-14,3.1875,252.25,-0.025585,0,0,44.48743,0,0,1000,-50,-3.3125
08.08.2026,02:43:53,75791,0,-0.064259,0.08,-0.28,-13.9375,2.125,249.875,-0.008293,0,0,44.4866,0,0,1000,-50,-3.375
08.08.2026,02:43:53,75897,0,-0.303908,0,-0.1,-14.1875,1.125,248.8125,-0.010941,0,0,44.48551,0,0,1000,-50,-2.8125
08.08.2026,02:43:53,76003,0,-0.013122,0.07,-0.19,-14.4375,1.8125,248.1875,-0.03937,0,0,44.47913,0,0,1000,-50,-1.875
08.08.2026,02:43:53,76109,0,0.028144,0,-0.34,-14.75,3.4375,247.375,-0.03248,0,0,44.47588,0,0,1000,-50,-0.9375
08.08.2026,02:43:53,76215,0,0.279188,-0.17,-0.72,-14.9375,4.75,246.0625,-0.024371,0,0,44.47345,0,0,1000,-50,-0.1875
08.08.2026,02:43:53,76321,0,0.289997,0.04,-0.53,-14.8125,4.3125,244.1875,-0.000778,0,0,44.47337,0,0,1000,-50,-0.53125
08.08.2026,02:43:53,76427,0,-0.040471,0.09,-0.41,-14.5625,2.25,242.8125,0.014573,0,0,44.47483,0,0,1000,-50,-1.125
08.08.2026,02:43:53,76533,0,-0.350508,0.1,-0.2,-14.3125,0.1875,241.6875,0.001123,0,0,44.47494,0,0,1000,-50,-2.21875
08.08.2026,02:43:53,76639,0,-0.399466,0.13,-0.18,-14.125,-0.75,240.9375,-0.032403,0,0,44.4717,0,0,1000,-50,-2.78125
08.08.2026,02:43:53,76745,0,-0.447374,0.06,-0.31,-14.3125,-1.1875,240.4375,-0.065032,0,0,44.46519,0,0,1000,-50,-2.09375
08.08.2026,02:43:53,76851,0,-0.084318,0.03,-0.56,-14.625,-0.625,240.4375,-0.095042,0,0,44.45569,0,0,1000,-50,-1.5
08.08.2026,02:43:53,76957,0,0.008823,0.04,-0.47,-15.1875,-0.9375,240.625,-0.097673,0,0,44.44593,0,0,1000,-50,0
08.08.2026,02:43:53,77063,0,0.19152,-0.05,-0.33,-15.75,-2.25,240.6875,-0.083878,0,0,44.43754,0,0,1000,-50,1.6875
08.08.2026,02:43:53,77169,0,0.08346,-0.1,-0.13,-16.3125,-3.4375,240.8125,-0.060312,0,0,44.43151,0,0,1000,-50,3.9375
08.08.2026,02:43:53,77275,0,0.114873,0.06,-0.03,-16.5625,-3.5,241.1875,-0.043961,0,0,44.42711,0,0,1000,-50,4.875
08.08.2026,02:43:53,77381,0,-0.254535,0.1,0,-16.1875,-3.4375,241.4375,-0.01839,0,0,44.42527,0,0,1000,-50,4.3125
08.08.2026,02:43:53,77487,0,-0.063661,0.15,-0.33,-15.375,-1.9375,241.875,-0.027195,0,0,44.42255,0,0,1000,-50,0.1875
08.08.2026,02:43:53,77593,0,-0.112533,0.05,-0.59,-14.4375,-1.6875,242.1875,-0.035068,0,0,44.41905,0,0,1000,-50,-2.46875
08.08.2026,02:43:53,77699,0,-0.231387,0,-0.62,-13.6875,-3.625,242.4375,-0.035635,0,0,44.41549,0,0,1000,-50,-4.25
08.08.2026,02:43:53,77805,0,-0.437489,-0.19,-0.38,-13.625,-6.6875,242.8125,-0.07389,0,0,44.40336,0,0,1000,-50,-4.5
08.08.2026,02:43:53,77911,0,-0.217489,-0.28,-0.25,-14.0625,-7,243.5625,-0.095881,0,0,44.39378,0,0,1000,-50,-2.34375
08.08.2026,02:43:53,78017,0,-0.004405,-0.4,-0.07,-14.75,-5.4375,244.4375,-0.090019,0,0,44.38477,0,0,1000,-50,-0.28125
08.08.2026,02:43:53,78123,0,0.138489,-0.36,-0.26,-15,-4.0625,245,-0.078647,0,0,44.37691,0,0,1000,-50,0.15625
08.08.2026,02:43:53,78229,0,0.372586,-0.01,-0.39,-15.125,-2.3125,244.6875,-0.048758,0,0,44.37203,0,0,1000,-50,0.375
08.08.2026,02:43:53,78335,0,0.172922,-0.03,-0.25,-14.875,-2.25,243.9375,-0.010448,0,0,44.37099,0,0,1000,-50,0.1875
08.08.2026,02:43:53,78441,0,-0.197121,0.01,-0.12,-14.3125,-2.375,243.25,0.00133,0,0,44.37112,0,0,1000,-50,-1.5
08.08.2026,02:43:53,78547,0,-0.026734,0.09,-0.18,-13.3125,-1.625,242.75,-0.012021,0,0,44.36992,0,0,1000,-50,-4.125
08.08.2026,02:43:53,78653,0,-0.106283,0.1,-0.23,-12.375,-1.0625,241.9375,-0.014014,0,0,44.36852,0,0,1000,-50,-8.5
08.08.2026,02:43:53,78759,0,-0.055732,0.1,-0.38,-11.5,-0.8125,240.125,-0.017156,0,0,44.3668,0,0,1000,-50,-10.40625
08.08.2026,02:43:53,78865,0,0.024846,0.1,-0.46,-11.4375,-1.3125,238.1875,-0.017971,0,0,44.36501,0,0,1000,-50,-10.6875
08.08.2026,02:43:53,78971,0,0.075267,0.14,-0.44,-11.9375,-2.375,236.1875,-0.01309,0,0,44.3637,0,0,1000,-50,-8.5625
08.08.2026,02:43:53,79077,0,-0.074504,0.05,-0.33,-12.3125,-3.1875,234.375,-0.007102,0,0,44.36299,0,0,1000,-50,-7.90625
08.08.2026,02:43:53,79183,0,0.095902,0.05,-0.37,-12.3125,-1.9375,232.75,-0.012646,0,0,44.36172,0,0,1000,-50,-8.21875
08.08.2026,02:43:53,79289,0,0.025977,0.08,-0.15,-11.625,-0.5625,230.9375,-0.002334,0,0,44.36149,0,0,1000,-50,-9.5625
08.08.2026,02:43:53,79395,0,-0.024209,0,-0.17,-10.875,-0.375,229.3125,0.005805,0,0,44.36207,0,0,1000,-50,-11.625
08.08.2026,02:43:53,79501,0,-0.114424,-0.08,-0.23,-10,-0.875,227.5625,0.002529,0,0,44.36299,0,0,1000,-50,-14.25
08.08.2026,02:43:53,79607,0,-0.354506,0,-0.18,-9.375,-1.5,225.75,-0.012787,0,0,44.36171,0,0,1000,-50,-17.2517
08.08.2026,02:43:53,79713,0.002046,-0.162934,0.05,-0.27,-9,-0.4375,223.75,-0.036094,0,0,44.3581,0,0,1000,-50,-17.6284
08.08.2026,02:43:53,79819,0.004091,0.038305,0.15,-0.42,-9.1875,1,222.1875,-0.038526,0,0,44.35425,0,0,1000,-50,-17.8125
08.08.2026,02:43:53,79925,0,0.069157,0.18,-0.5,-9.625,1,220.5625,-0.026487,0,0,44.3516,0,0,1000,-50,-16.81023
08.08.2026,02:43:53,80031,0,-0.000356,0.18,-0.41,-10.1875,-0.25,218.5625,-0.015141,0,0,44.35009,0,0,1000,-50,-13.96875
08.08.2026,02:43:53,80137,0,-0.039966,0.2,-0.22,-10.8125,-1.375,216.6875,-0.012134,0,0,44.34887,0,0,1000,-50,-11.90965
08.08.2026,02:43:53,80243,0.003068,-0.189511,0.22,0,-11.5625,-1.25,214.25,-0.014149,0,0,44.34746,0,0,1000,-50,-10.25
08.08.2026,02:43:53,80349,0.007159,-0.228688,0.16,-0.11,-12.1875,0.1875,212.5,-0.025586,0,0,44.3449,0,0,1000,-50,-8.375
08.08.2026,02:43:53,80455,0,-0.077373,0.05,-0.34,-12.8125,2.25,210.8125,-0.040903,0,0,44.34081,0,0,1000,-50,-6.367065
08.08.2026,02:43:53,80561,0.001023,0.004003,0.05,-0.51,-13.1875,3.3125,209.5,-0.042786,0,0,44.33653,0,0,1000,-50,-5.125
08.08.2026,02:43:53,80667,0,0.025141,0.11,-0.58,-13.1875,2.5625,208.25,-0.035384,0,0,44.33299,0,0,1000,-50,-5.655113
08.08.2026,02:43:53,80773,0.004091,-0.10407,0.04,-0.44,-11.875,-0.6875,206.75,-0.024549,0,0,44.33053,0,0,1000,-50,-7.782951
08.08.2026,02:43:53,80879,0.011251,-0.24349,0.1,-0.2,-10,-2.6875,205.3125,-0.018016,0,0,44.32873,0,0,1000,-50,-12.35791
08.08.2026,02:43:53,80985,0.017387,-0.282554,0.09,-0.19,-8.1875,-2.6875,203.8125,-0.029127,0,0,44.32582,0,0,1000,-50,-18.41588
08.08.2026,02:43:53,81091,0.017387,-0.121003,0.05,-0.23,-7,-0.5625,202.375,-0.048238,0,0,44.32099,0,0,1000,-50,-24.13972
08.08.2026,02:43:53,81197,0.030684,0.010826,0.07,-0.4,-6.3125,2.3125,201.1875,-0.056873,0,0,44.3153,0,0,1000,-50,-25.73347
08.08.2026,02:43:53,81303,0.03682,-0.167578,0.09,-0.44,-5.75,4.25,199.625,-0.043746,0,0,44.30597,0,0,1000,-50,-26.67155
08.08.2026,02:43:53,81409,0.03682,-0.196172,0.07,-0.38,-5.25,4.375,198.375,-0.050147,0,0,44.30095,0,0,1000,-50,-29.56534
08.08.2026,02:43:53,81515,0.041934,-0.374559,-0.06,-0.09,-4.75,3.5625,196.3125,-0.061625,0,0,44.29479,0,0,1000,-50,-29.62038
08.08.2026,02:43:53,81621,0.054208,-0.232577,-0.14,-0.23,-4.4375,2.25,193.625,-0.080096,0,0,44.28678,0,0,1000,-50,-30.92325
08.08.2026,02:43:53,81727,0.051139,-0.220002,-0.09,-0.28,-4.5,0.75,190.6875,-0.085389,0,0,44.27824,0,0,1000,-50,-30.27266
08.08.2026,02:43:53,81833,0.057276,-0.27457,0.12,-0.22,-4.9375,-1.375,187.3125,-0.083515,0,0,44.26989,0,0,1000,-50,-28.56467
08.08.2026,02:43:53,81939,0.065458,-0.261596,0.17,-0.26,-5.125,-2.375,185.1875,-0.09248,0,0,44.26064,0,0,1000,-50,-28.33969
08.08.2026,02:43:53,82045,0.067504,-0.378371,0.03,-0.06,-4.8125,-2.375,183.5,-0.100306,0,0,44.25061,0,0,1000,-50,-28.22035
08.08.2026,02:43:53,82151,0.0808,-0.144891,0.14,-0.36,-4,-0.8125,181.9375,-0.108227,0,0,44.23979,0,0,1000,-50,-31.13963
08.08.2026,02:43:53,82257,0.09921,0.028394,0.1,-0.55,-2.5625,2.0625,179.5625,-0.102155,0,0,44.22958,0,0,1000,-50,-34.36404
08.08.2026,02:43:53,82363,0.104324,-0.099014,0.06,-0.38,-1.875,2.875,177.1875,-0.080596,0,0,44.22152,0,0,1000,-50,-35.93674
08.08.2026,02:43:53,82469,0.118643,0.073135,0.2,-0.26,-1.625,3.8125,174.625,-0.066828,0,0,44.21483,0,0,1000,-50,-36.35092
08.08.2026,02:43:53,82575,0.138076,-0.035426,0.16,-0.18,-1.75,5.125,172,-0.044749,0,0,44.21036,0,0,1000,-50,-34.8378
08.08.2026,02:43:53,82681,0.139099,0.12561,-0.07,-0.31,-2.125,6.875,169.625,-0.032215,0,0,44.20713,0,0,1000,-50,-33.92192
08.08.2026,02:43:53,82787,0.153418,-0.053888,-0.16,-0.17,-2.6875,7.25,166.4375,-0.015613,0,0,44.20557,0,0,1000,-50,-32.64634
08.08.2026,02:43:53,82893,0.166714,-0.263697,-0.16,-0.15,-3.25,6.625,164.3125,-0.005927,0,0,44.20498,0,0,1000,-50,-29.64511
08.08.2026,02:43:53,82999,0.170805,-0.233421,-0.01,-0.08,-3.6875,7.125,162.4375,-0.008603,0,0,44.20412,0,0,1000,-50,-29.03493
08.08.2026,02:43:53,83105,0.182056,-0.662829,0.13,-0.06,-4.0625,9.1875,161.25,-0.040057,0,0,44.19828,0,0,1000,-50,-27.32694
08.08.2026,02:43:53,83211,0.195352,-0.871541,0.34,-0.27,-4,13.6875,161.5625,-0.106148,0,0,44.18766,0,0,1000,-50,-26.70988
08.08.2026,02:43:53,83317,0.200466,0.295847,1.02,-0.85,-2,23.6875,164.875,-0.123623,0,0,44.1753,0,0,1000,-50,-30.86216
08.08.2026,02:43:53,83423,0.21683,0.13839,0.4,-0.35,1.125,27.4375,168.6875,-0.079079,0,0,44.16739,0,0,1000,-50,-37.87122
08.08.2026,02:43:53,83529,0.239332,0.140022,0.6,-0.29,4.625,28.5,173.0625,-0.050747,0,0,44.16232,0,0,1000,-50,-40
08.08.2026,02:43:53,83635,0.257742,0.600601,0.4,-0.44,7.875,28.5,177.1875,-0.018006,0,0,44.16051,0,0,1000,-50,-40
08.08.2026,02:43:53,83741,0.288425,0.469076,0.24,-0.32,11.5,24.5,182,0.04742,0,0,44.16526,0,0,1000,-50,-40
08.08.2026,02:43:53,83847,0.292516,0.026132,0.65,0.04,13.5625,20,184.875,0.091558,0,0,44.17441,0,0,1000,-50,-40
08.08.2026,02:43:53,83953,0.318086,0.27301,0.47,-0.37,15.75,17.5,188.1875,0.097103,0,0,44.18412,0,0,1000,-50,-40
08.08.2026,02:43:53,84059,0.331382,0.189463,0.22,-0.21,17.6875,14.5625,190.9375,0.110283,0,0,44.19515,0,0,1000,-50,-40
08.08.2026,02:43:53,84165,0.346724,0.04548,0.38,0.39,19.4375,11.5,192.875,0.123858,0,0,44.20753,0,0,1000,-50,-40
08.08.2026,02:43:53,84271,0.351838,0.101579,-0.02,-0.09,21.6875,10.6875,195.8125,0.121315,0,0,44.21967,0,0,1000,-50,-40
08.08.2026,02:43:53,84377,0.377407,-0.012431,0.09,-0.14,23.0625,9.25,196.8125,0.124693,0,0,44.23214,0,0,1000,-50,-40
08.08.2026,02:43:53,84483,0.377407,-0.226187,0.68,0.06,24.25,6.25,196.6875,0.11683,0,0,44.24382,0,0,1000,-50,-40
08.08.2026,02:43:53,84589,0.380476,-0.039375,0.29,-0.22,25.4375,4.625,197,0.099133,0,0,44.25373,0,0,1000,-50,-40
08.08.2026,02:43:53,84695,0.400932,-0.031939,0.12,-0.15,26.875,3.75,197,0.079734,0,0,44.26171,0,0,1000,-50,-40
08.08.2026,02:43:53,84801,0.420364,0.015678,-0.04,-0.03,28.5625,2.9375,196.375,0.069384,0,0,44.27606,0,0,1000,-50,-40
08.08.2026,02:43:53,84907,0.428547,0.263447,0.23,-0.13,29.75,3.0625,195.6875,0.073159,0,0,44.28337,0,0,1000,-50,-40
08.08.2026,02:43:53,85013,0.454116,0.291094,-0.09,-0.16,30.75,3.125,194.1875,0.096087,0,0,44.29298,0,0,1000,-50,-40
08.08.2026,02:43:53,85119,0.461276,0.108004,-0.3,0.24,31.375,3,192.4375,0.10762,0,0,44.30375,0,0,1000,-50,-40
08.08.2026,02:43:53,85225,0.490937,0.231185,-0.38,0.43,31.875,4.5,191.375,0.104441,0,0,44.31419,0,0,1000,-50,-40
08.08.2026,02:43:53,85331,0.479686,0.137593,-0.34,0.42,32.0625,6.5,191.5625,0.111715,0,0,44.32536,0,0,1000,-50,-40
08.08.2026,02:43:53,85437,0.480709,-0.805733,-0.22,0.19,32.0625,7.4375,191.375,0.103402,0,0,44.3357,0,0,1000,-50,-40
08.08.2026,02:43:53,85543,0.475595,-0.457012,-0.32,-0.21,31.9375,7.4375,190.125,0.039791,0,0,44.33968,0,0,1000,-50,-40
08.08.2026,02:43:53,85649,0.473549,-0.047083,0,0.25,31.5625,6.25,187.4375,0.002203,0,0,44.3399,0,0,1000,-50,-40
08.08.2026,02:43:53,85755,0.462299,0.08285,0.23,0.06,30.75,6.125,184.1875,0.002081,0,0,44.34011,0,0,1000,-50,-40
08.08.2026,02:43:53,85861,0.454116,0.282479,0.4,-0.07,30.125,6.75,182.4375,0.01155,0,0,44.34127,0,0,1000,-50,-40
08.08.2026,02:43:53,85967,0.445934,0.321401,0.36,-0.27,29.375,7.375,180.375,0.033514,0,0,44.34462,0,0,1000,-50,-40
08.08.2026,02:43:53,86073,0.42957,0.139469,0.12,-0.28,28.6875,6.625,177.5,0.060064,0,0,44.35063,0,0,1000,-50,-40
08.08.2026,02:43:53,86179,0.421387,-0.472876,-0.09,0.16,27.875,5,174.3125,0.072946,0,0,44.35793,0,0,1000,-50,-40
08.08.2026,02:43:53,86285,0.417296,-0.404048,-0.3,-0.06,26.9375,4.75,172.1875,0.036446,0,0,44.36157,0,0,1000,-50,-40
08.08.2026,02:43:53,86391,0.413205,-0.163831,-0.17,-0.13,26,5.375,171.25,-0.006746,0,0,44.36089,0,0,1000,-50,-40
08.08.2026,02:43:53,86497,0.388658,-0.283113,0,-0.06,24.5625,5.5,170.1875,-0.022326,0,0,44.35866,0,0,1000,-50,-40
08.08.2026,02:43:53,86603,0.384567,-0.341853,-0.13,-0.08,23,5.8125,169.5,-0.054458,0,0,44.3493,0,0,1000,-50,-40
08.08.2026,02:43:53,86709,0.354906,0.212045,0.11,-0.23,20.4375,7.6875,168.9375,-0.066757,0,0,44.34262,0,0,1000,-50,-40
08.08.2026,02:43:53,86815,0.337519,0.572969,0.24,-0.08,18.1875,9.4375,168.5625,-0.028735,0,0,44.33975,0,0,1000,-50,-40
08.08.2026,02:43:53,86921,0.324223,0.73195,0.41,-0.16,15.875,10.5,167.9375,0.03168,0,0,44.34291,0,0,1000,-50,-40
08.08.2026,02:43:53,87027,0.299676,0.488859,0.5,-0.11,13.25,10.75,166.625,0.096116,0,0,44.35253,0,0,1000,-50,-40
08.08.2026,02:43:53,87133,0.281266,0.134896,0.64,-0.01,11.375,8.3125,165.1875,0.123254,0,0,44.36485,0,0,1000,-50,-40
08.08.2026,02:43:53,87239,0.259787,-0.858618,0.33,-0.12,9.75,6.875,164.25,0.109269,0,0,44.37578,0,0,1000,-50,-40
08.08.2026,02:43:53,87345,0.232172,-0.649795,0.09,-0.38,9.0625,6.6875,164.375,0.036589,0,0,44.37944,0,0,1000,-50,-40
08.08.2026,02:43:53,87451,0.219899,-0.098969,0.28,-0.57,8.75,7.625,164.875,-0.025675,0,0,44.37687,0,0,1000,-50,-40
08.08.2026,02:43:53,87557,0.194329,-0.377871,0.41,-0.31,8.375,6.0625,164.8125,-0.034145,0,0,44.37346,0,0,1000,-50,-40
08.08.2026,02:43:53,87663,0.178987,-0.126029,0.51,-0.14,7.9375,4.0625,164.9375,-0.057287,0,0,44.36773,0,0,1000,-50,-40
08.08.2026,02:43:53,87769,0.175919,-0.19411,0.42,-0.48,7.375,3.1875,165.6875,-0.059673,0,0,44.36176,0,0,1000,-50,-40
08.08.2026,02:43:53,87875,0.162623,-0.102328,0.23,-0.44,7.125,2.625,166.4375,-0.055406,0,0,44.35622,0,0,1000,-50,-40
08.08.2026,02:43:53,87981,0.153418,0.319811,0.5,-0.18,6.875,3.375,167.5625,-0.066537,0,0,44.34957,0,0,1000,-50,-40
08.08.2026,02:43:53,88087,0.146258,0.361057,0.48,-0.21,5.9375,4.375,168.5,-0.038731,0,0,44.3457,0,0,1000,-50,-40
08.08.2026,02:43:53,88193,0.137053,-0.108888,0.19,-0.55,5.25,4.25,169,-0.001716,0,0,44.34552,0,0,1000,-50,-40
08.08.2026,02:43:53,88299,0.13603,-0.359278,-0.21,-0.31,4.875,2.3125,169.1875,0.012118,0,0,44.34674,0,0,1000,-50,-40
08.08.2026,02:43:53,88405,0.126825,-0.248901,-0.33,-0.41,4.875,0.75,169.1875,-0.033548,0,0,44.34221,0,0,1000,-50,-40
08.08.2026,02:43:53,88511,0.118643,-0.477823,0.14,-0.35,4.5,-1.0625,169,-0.056691,0,0,44.33654,0,0,1000,-50,-40
08.08.2026,02:43:53,88617,0.114552,0.004,0.25,-0.51,3.8125,-1.5,169.0625,-0.074034,0,0,44.32914,0,0,1000,-50,-40
08.08.2026,02:43:53,88723,0.122734,-0.081906,0.12,-0.27,2.875,-1.4375,169,-0.053278,0,0,44.32381,0,0,1000,-50,-40
08.08.2026,02:43:53,88829,0.130916,0.129661,0.15,-0.09,2,-0.1875,169.3125,-0.048729,0,0,44.31894,0,0,1000,-50,-40
08.08.2026,02:43:53,88935,0.137053,0.580461,0.4,-0.22,1.125,2.625,169.9375,-0.024877,0,0,44.31645,0,0,1000,-50,-40
08.08.2026,02:43:53,89041,0.138076,0.349489,0.56,-0.21,-0.1875,5.0625,170.25,0.030242,0,0,44.31948,0,0,1000,-50,-39.38274
08.08.2026,02:43:53,89147,0.133985,0.03766,0.46,-0.19,-1.5625,6.0625,170.0625,0.056877,0,0,44.32516,0,0,1000,-50,-35.32477
08.08.2026,02:43:53,89253,0.138076,-0.054278,0.22,-0.1,-3,6.75,169.4375,0.060264,0,0,44.33119,0,0,1000,-50,-33.10207
08.08.2026,02:43:53,89359,0.138076,-0.186048,0.04,0.01,-4.125,6.9375,168.625,0.055036,0,0,44.3367,0,0,1000,-50,-29.14747
08.08.2026,02:43:53,89465,0.137053,0.052818,0,-0.09,-5.1875,7.75,167.75,0.035265,0,0,44.34022,0,0,1000,-50,-25.68042
08.08.2026,02:43:53,89571,0.139099,0.061752,-0.09,-0.18,-6.25,7.875,166.3125,0.033164,0,0,44.34354,0,0,1000,-50,-20.61509
08.08.2026,02:43:53,89677,0.131939,0.020504,-0.24,-0.29,-7.1875,7.1875,164.625,0.038815,0,0,44.34742,0,0,1000,-50,-18.67023
08.08.2026,02:43:53,89783,0.135008,-0.150697,-0.25,-0.52,-8.0625,5.4375,161.75,0.037338,0,0,44.35115,0,0,1000,-50,-16.72989
08.08.2026,02:43:53,89889,0.125803,-0.061522,0.17,-0.22,-8.375,3.6875,159.4375,0.025644,0,0,44.35372,0,0,1000,-50,-16.03673
08.08.2026,02:43:53,89995,0.13603,0.057969,0.51,-0.01,-8.375,3.125,157.5,0.015824,0,0,44.3553,0,0,1000,-50,-16.43845
08.08.2026,02:43:53,90101,0.129894,0.067518,0.56,-0.09,-8.25,3.875,156.1875,0.022538,0,0,44.35896,0,0,1000,-50,-17.03389
08.08.2026,02:43:53,90207,0.130916,-0.053207,0.25,-0.31,-7.3125,4.8125,155.1875,0.022577,0,0,44.36122,0,0,1000,-50,-19.01227
08.08.2026,02:43:53,90313,0.135008,-0.394194,-0.24,-0.3,-4.6875,5,154.3125,0.008103,0,0,44.36203,0,0,1000,-50,-24.45657
08.08.2026,02:43:53,90419,0.137053,-0.623139,-0.57,-0.44,-2.125,4.9375,154.0625,-0.032799,0,0,44.35875,0,0,1000,-50,-31.14181
08.08.2026,02:43:53,90525,0.138076,0.098958,-0.27,-0.31,0.3125,5.4375,154.25,-0.065225,0,0,44.35222,0,0,1000,-50,-39.54182
08.08.2026,02:43:53,90631,0.152395,0.100375,-0.09,-0.28,2.6875,5.25,154.3125,-0.044061,0,0,44.34782,0,0,1000,-50,-40
08.08.2026,02:43:53,90737,0.146258,-0.248285,0.01,0.09,5.0625,3.4375,154.4375,-0.04166,0,0,44.34365,0,0,1000,-50,-40
08.08.2026,02:43:53,90843,0.15444,-0.006513,-0.03,-0.19,6.25,3.9375,155.375,-0.055109,0,0,44.33814,0,0,1000,-50,-40
08.08.2026,02:43:53,90949,0.155463,0.234965,0.05,-0.12,6.875,4.4375,156.5,-0.045957,0,0,44.33354,0,0,1000,-50,-40
08.08.2026,02:43:53,91055,0.152395,-0.12446,0.15,0,6.875,4.375,157.5,-0.017887,0,0,44.33175,0,0,1000,-50,-40
08.08.2026,02:43:53,91161,0.141144,-0.003832,0.14,-0.19,6.4375,4.75,158.375,-0.019524,0,0,44.3298,0,0,1000,-50,-40
08.08.2026,02:43:53,91267,0.129894,-0.323352,-0.08,-0.2,5.375,5,159.4375,-0.014917,0,0,44.32831,0,0,1000,-50,-40
08.08.2026,02:43:53,91373,0.135008,-0.152523,-0.33,-0.2,4.6875,4.875,159.875,-0.025804,0,0,44.32573,0,0,1000,-50,-40
08.08.2026,02:43:53,91479,0.126825,0.008799,-0.19,-0.23,3.75,4.8125,160.0625,-0.041087,0,0,44.32162,0,0,1000,-50,-40
08.08.2026,02:43:53,91585,0.123757,0.03005,0.04,-0.39,2.3125,3.75,159.6875,-0.03893,0,0,44.31773,0,0,1000,-50,-40
08.08.2026,02:43:53,91691,0.118643,0.110834,0.49,-0.37,0.625,1.5,158.6875,-0.024366,0,0,44.31529,0,0,1000,-50,-40
08.08.2026,02:43:53,91797,0.108415,0.17121,0.42,-0.44,-1.9375,-0.625,156.625,-0.011699,0,0,44.31412,0,0,1000,-50,-37.68732
08.08.2026,02:43:53,91903,0.113529,0.241178,-0.12,-0.52,-3.625,-0.875,154.625,0.026254,0,0,44.31684,0,0,1000,-50,-32.28729
08.08.2026,02:43:53,92009,0.11762,-0.169666,-0.16,-0.26,-4.875,-1.375,152.5,0.030458,0,0,44.31989,0,0,1000,-50,-25.69128
08.08.2026,02:43:53,92115,0.122734,0.019355,-0.04,-0.57,-6.375,-0.5,150.25,0.020445,0,0,44.32193,0,0,1000,-50,-21.37538
08.08.2026,02:43:53,92221,0.127848,-0.282191,-0.19,-0.32,-8.25,-0.125,147.125,0.027632,0,0,44.32469,0,0,1000,-50,-15.58667
08.08.2026,02:43:53,92327,0.130916,-0.37243,-0.05,-0.13,-9.4375,3.375,145.6875,0.007426,0,0,44.32544,0,0,1000,-50,-12.99519
08.08.2026,02:43:53,92433,0.147281,-0.541473,0.38,-0.38,-10.5,9.875,145.9375,-0.029766,0,0,44.32246,0,0,1000,-50,-8.057678
08.08.2026,02:43:53,92539,0.153418,0.900079,0.19,-0.7,-11.1875,15.1875,148.25,-0.048267,0,0,44.31763,0,0,1000,-50,-5.565613
08.08.2026,02:43:53,92645,0.166714,0.279134,-0.1,-0.39,-11.8125,16.9375,150.9375,0.029387,0,0,44.32057,0,0,1000,-50,-4.580437
08.08.2026,02:43:53,92751,0.171828,0.41764,0.06,-0.3,-12.3125,19.1875,155.125,0.046483,0,0,44.32522,0,0,1000,-50,-3.531532
08.08.2026,02:43:53,92857,0.186147,0.815576,0.2,-0.48,-12.8125,20.875,157.4375,0.064182,0,0,44.33164,0,0,1000,-50,-1.878113
08.08.2026,02:43:53,92963,0.190238,0.131354,0.62,-0.11,-13.5,18.875,158.375,0.131289,0,0,44.34477,0,0,1000,-50,-0.125847
08.08.2026,02:43:53,93069,0.186147,0.06695,0.24,-0.25,-14.375,17.6875,158.125,0.13696,0,0,44.35846,0,0,1000,-50,2.618484
08.08.2026,02:43:53,93175,0.188192,0.072896,-0.19,-0.29,-15.125,16.4375,156.75,0.12606,0,0,44.37107,0,0,1000,-50,6.612255
08.08.2026,02:43:53,93281,0.181033,-0.110992,-0.45,0.02,-15.5,14.0625,153.625,0.120902,0,0,44.38316,0,0,1000,-50,6.844601
08.08.2026,02:43:53,93387,0.174896,-0.254257,-0.15,0.01,-15.125,12.5625,150.875,0.10152,0,0,44.39331,0,0,1000,-50,5.316181
08.08.2026,02:43:53,93493,0.166714,-0.236623,0.11,-0.09,-14.8125,12.375,148.5625,0.073589,0,0,44.40067,0,0,1000,-50,4.402569
08.08.2026,02:43:53,93599,0.156486,0.012046,0.15,-0.24,-14.25,13.25,146.5,0.041389,0,0,44.40481,0,0,1000,-50,1.36216
08.08.2026,02:43:53,93705,0.141144,0.021292,0.09,-0.37,-13.375,13.9375,145.0625,0.023811,0,0,44.40953,0,0,1000,-50,-0.777565
08.08.2026,02:43:53,93811,0.133985,-0.090212,0.18,-0.38,-12.0625,13.625,144.125,0.022943,0,0,44.41183,0,0,1000,-50,-3.79409
08.08.2026,02:43:53,93917,0.121711,-0.090646,0.22,-0.41,-11.0625,12.4375,144.0625,0.013516,0,0,44.41318,0,0,1000,-50,-7.315704
08.08.2026,02:43:53,94023,0.114552,-0.190848,0.13,-0.32,-10.0625,10.625,144.375,0.006267,0,0,44.4138,0,0,1000,-50,-10.68391
08.08.2026,02:43:53,94129,0.102278,-0.210568,0.16,-0.3,-9,8.9375,144.8125,-0.008716,0,0,44.41293,0,0,1000,-50,-15.99188
08.08.2026,02:43:53,94235,0.088982,-0.179748,0.06,-0.42,-7.625,7.4375,145.5625,-0.025477,0,0,44.41039,0,0,1000,-50,-19.01633
08.08.2026,02:43:53,94341,0.085914,-0.208601,0.06,-0.52,-6.6875,7,146.0625,-0.035677,0,0,44.40682,0,0,1000,-50,-22.47998
08.08.2026,02:43:53,94447,0.069549,0.192876,0.27,-0.68,-5.375,7.5625,146.5625,-0.045939,0,0,44.40223,0,0,1000,-50,-28.00217
08.08.2026,02:43:53,94553,0.058299,0.023583,0.27,-0.3,-4.25,6.5,146.1875,-0.021983,0,0,44.40003,0,0,1000,-50,-30.85272
08.08.2026,02:43:53,94659,0.052162,-0.345955,0.09,0.12,-3.375,4.4375,145.125,-0.014376,0,0,44.39859,0,0,1000,-50,-33.22659
08.08.2026,02:43:53,94765,0.049094,0.015328,0.15,-0.35,-3.5,4.9375,143.875,-0.0399,0,0,44.3946,0,0,1000,-50,-32.87774
08.08.2026,02:43:53,94871,0.034775,-0.003274,0.08,-0.39,-4.25,4.8125,142.6875,-0.043467,0,0,44.39025,0,0,1000,-50,-29.80901
08.08.2026,02:43:53,94977,0.023524,-0.152151,0.11,-0.43,-5.5,1.9375,141.1875,-0.034918,0,0,44.38676,0,0,1000,-50,-27.21931
08.08.2026,02:43:53,95083,0.010228,-0.370879,0.05,-0.33,-6.875,-1.6875,139.8125,-0.039553,0,0,44.38281,0,0,1000,-50,-23.61877
08.08.2026,02:43:53,95189,0,-0.458977,0.08,-0.22,-8.5,-5,138.5625,-0.05915,0,0,44.37689,0,0,1000,-50,-18.70742
08.08.2026,02:43:53,95295,0,-0.286093,0.09,-0.32,-10.875,-6,137.8125,-0.089685,0,0,44.36792,0,0,1000,-50,-14.0625
08.08.2026,02:43:53,95401,0,-0.12278,0.06,-0.42,-12.625,-4.0625,137.6875,-0.105514,0,0,44.34707,0,0,1000,-50,-8.625
08.08.2026,02:43:53,95507,0,-0.089387,0.03,-0.48,-14.125,-1.125,137.6875,-0.099265,0,0,44.33715,0,0,1000,-50,-3.9375
08.08.2026,02:43:53,95613,0,0.073805,0.06,-0.59,-15,1.375,137.6875,-0.082972,0,0,44.32885,0,0,1000,-50,0.625
08.08.2026,02:43:53,95719,0,0.038528,0.11,-0.49,-15.25,1.875,137.375,-0.063911,0,0,44.32246,0,0,1000,-50,1.09375
08.08.2026,02:43:53,95825,0,0.030068,0.22,-0.32,-15,0.4375,136.8125,-0.047889,0,0,44.31767,0,0,1000,-50,0.21875
08.08.2026,02:43:53,95931,0,-0.078786,0.21,-0.06,-14.6875,-1.625,136,-0.035652,0,0,44.31411,0,0,1000,-50,-1.25
08.08.2026,02:43:53,96037,0,0.012171,-0.21,0.1,-14.375,-3.4375,135.0625,-0.029748,0,0,44.31113,0,0,1000,-50,-2.1875
08.08.2026,02:43:53,96143,0,-0.026822,-0.04,0,-13.9375,-4.25,134.375,-0.031318,0,0,44.308,0,0,1000,-50,-3.65625
08.08.2026,02:43:53,96249,0,-0.025953,0.07,-0.36,-13.0625,-4.625,133.6875,-0.02702,0,0,44.3053,0,0,1000,-50,-5.25
08.08.2026,02:43:53,96355,0,-0.145201,-0.04,-0.35,-12.625,-5.9375,133.0625,-0.023382,0,0,44.30296,0,0,1000,-50,-6.9375
08.08.2026,02:43:53,96461,0,-0.034314,-0.16,-0.44,-12.4375,-6.4375,132.4375,-0.027574,0,0,44.3002,0,0,1000,-50,-7.6875
08.08.2026,02:43:53,96567,0,0.026517,-0.24,-0.4,-12.25,-6.5625,132.0625,-0.025845,0,0,44.29762,0,0,1000,-50,-8.40625
08.08.2026,02:43:53,96673,0,0.027101,0,-0.37,-12.25,-7.125,131.75,-0.01818,0,0,44.2958,0,0,1000,-50,-8.09375
08.08.2026,02:43:53,96779,0,-0.112588,0.11,-0.34,-12.5625,-9.3125,131.0625,-0.009649,0,0,44.29483,0,0,1000,-50,-7.53125
08.08.2026,02:43:53,96885,0,-0.172326,0.24,-0.08,-13,-11.0625,130.1875,-0.008166,0,0,44.29401,0,0,1000,-50,-6.375
08.08.2026,02:43:53,96991,0,-0.31184,0.22,0.17,-13.625,-12,129.125,-0.015108,0,0,44.2925,0,0,1000,-50,-3.65625
08.08.2026,02:43:53,97097,0,-0.3707,0.26,0.25,-14.25,-11.875,128.125,-0.035455,0,0,44.28896,0,0,1000,-50,-1.625
08.08.2026,02:43:53,97203,0,-0.108878,0.28,-0.06,-14.6875,-9.875,127.375,-0.061663,0,0,44.27713,0,0,1000,-50,-0.625
08.08.2026,02:43:53,97309,0,0.16446,0.16,-0.58,-14.875,-5.8125,126.375,-0.04215,0,0,44.27291,0,0,1000,-50,-0.375
08.08.2026,02:43:53,97415,0,0.055113,0.18,-0.6,-14.625,-5.25,125.5,-0.020283,0,0,44.27089,0,0,1000,-50,-0.75
08.08.2026,02:43:53,97521,0,-0.054516,0.06,-0.56,-14.25,-6.125,124.375,-0.011563,0,0,44.26973,0,0,1000,-50,-1.875
08.08.2026,02:43:53,97627,0,-0.204107,0.1,-0.33,-13.8125,-7.375,123.1875,-0.012698,0,0,44.26846,0,0,1000,-50,-3.1875
08.08.2026,02:43:53,97733,0,-0.233386,0.07,-0.07,-13.125,-7.25,122.0625,-0.022419,0,0,44.26622,0,0,1000,-50,-5.0625
08.08.2026,02:43:53,97839,0,-0.052323,0.08,-0.21,-12.625,-4.5,121.6875,-0.033054,0,0,44.26291,0,0,1000,-50,-6.5625
08.08.2026,02:43:53,97945,0,0.028536,-0.01,-0.22,-12.25,-1.625,121.6875,-0.026723,0,0,44.26024,0,0,1000,-50,-7.875
08.08.2026,02:43:53,98051,0,-0.03095,-0.29,-0.23,-12.125,-0.5625,121.8125,-0.015986,0,0,44.25864,0,0,1000,-50,-8.78125
08.08.2026,02:43:53,98157,0,-0.290614,-0.35,-0.29,-12.375,-1.875,122.125,-0.010451,0,0,44.2576,0,0,1000,-50,-7.5625
08.08.2026,02:43:53,98263,0,-0.39972,-0.17,-0.2,-13.25,-4.0625,122.6875,-0.027789,0,0,44.25482,0,0,1000,-50,-5.53125
08.08.2026,02:43:53,98369,0,-0.248032,-0.04,-0.13,-14.0625,-3.625,123.125,-0.052519,0,0,44.24957,0,0,1000,-50,-2.34375
08.08.2026,02:43:53,98475,0,-0.02581,0.2,-0.24,-14.5,-1.3125,123.75,-0.069094,0,0,44.24266,0,0,1000,-50,-1.34375
08.08.2026,02:43:53,98581,0,0.326055,0.36,-0.39,-14.4375,0.25,124.375,-0.057978,0,0,44.23686,0,0,1000,-50,-2
08.08.2026,02:43:53,98687,0,0.116868,0.3,-0.32,-14.25,-0.375,124.8125,-0.025295,0,0,44.23433,0,0,1000,-50,-2.25
08.08.2026,02:43:53,98793,0,-0.073184,0.17,-0.21,-13.1875,-4.375,124.625,0.001616,0,0,44.23449,0,0,1000,-50,-4.3125
08.08.2026,02:43:53,98899,0,-0.143556,0.17,-0.17,-12.5,-5.875,124.1875,0.011575,0,0,44.23565,0,0,1000,-50,-6.9375
08.08.2026,02:43:53,99005,0,0.13619,0.09,-0.42,-12.25,-4.6875,123.8125,0.007364,0,0,44.23717,0,0,1000,-50,-8.25
08.08.2026,02:43:53,99111,0,0.295953,0,-0.47,-12.375,-2.4375,123.5,0.034914,0,0,44.24066,0,0,1000,-50,-7.5625
08.08.2026,02:43:53,99217,0,0.10483,0.23,-0.19,-12.875,-1,123.3125,0.053777,0,0,44.24604,0,0,1000,-50,-5.75
08.08.2026,02:43:53,99323,0,0.280704,0.18,-0.18,-13.5,1,123,0.074546,0,0,44.25349,0,0,1000,-50,-4.5625
08.08.2026,02:43:53,99429,0,0.307569,0.19,-0.08,-13.5625,0.5,122.625,0.09747,0,0,44.26324,0,0,1000,-50,-4.3125
08.08.2026,02:43:53,99535,0,0.013829,0.11,-0.13,-13.0625,-0.8125,122.3125,0.116306,0,0,44.27487,0,0,1000,-50,-6.28125
08.08.2026,02:43:53,99641,0,0.030243,0.1,-0.49,-12.1875,-2.125,121.875,0.111512,0,0,44.28602,0,0,1000,-50,-9.0625
08.08.2026,02:43:53,99747,0,0.046997,-0.08,-0.74,-11.75,-2.5625,121.25,0.100955,0,0,44.29612,0,0,1000,-50,-9.90625
08.08.2026,02:43:53,99853,0,0.054029,0.07,-0.44,-12.0625,-1.625,121,0.092314,0,0,44.30535,0,0,1000,-50,-9.1875
08.08.2026,02:43:53,99959,0,0.171176,0.12,-0.1,-12.625,-0.125,121.4375,0.088706,0,0,44.31422,0,0,1000,-50,-7.5
08.08.2026,02:43:53,100065,0,0.118153,-0.03,0.15,-12.5,1.4375,121.875,0.094015,0,0,44.32362,0,0,1000,-50,-7.125
08.08.2026,02:43:53,100171,0,-0.105064,-0.1,0.27,-11.6875,1.9375,121.6875,0.100033,0,0,44.33362,0,0,1000,-50,-9.9375
08.08.2026,02:43:53,100277,0,0.092364,0.07,-0.4,-10.75,2.75,121.5,0.079967,0,0,44.34162,0,0,1000,-50,-12.375
08.08.2026,02:43:53,100383,0,0.030034,0.15,-0.46,-11.0625,2.0625,121.1875,0.072484,0,0,44.34887,0,0,1000,-50,-12.375
08.08.2026,02:43:53,100489,0,0.00794,0.08,-0.26,-12.4375,1.0625,120.375,0.065117,0,0,44.35538,0,0,1000,-50,-6.4375
08.08.2026,02:43:53,100595,0,-0.334157,0.46,-0.17,-13.8125,0.0625,119.5,0.065215,0,0,44.3619,0,0,1000,-50,-2.625
08.08.2026,02:43:53,100701,0,0.054349,0.35,-0.55,-14.5625,0,119.375,0.033505,0,0,44.3699,0,0,1000,-50,-1.15625
08.08.2026,02:43:53,100807,0,0.291697,-0.04,-0.6,-14.0625,0.125,120.4375,0.048955,0,0,44.37479,0,0,1000,-50,-2.4375
08.08.2026,02:43:53,100913,0,0.061697,0.04,-0.2,-13.8125,-1.0625,121.1875,0.063632,0,0,44.38115,0,0,1000,-50,-3.5625
08.08.2026,02:43:53,101019,0,0.049651,0.06,-0.44,-14.125,-2.0625,121.4375,0.061919,0,0,44.38734,0,0,1000,-50,-2.3125
08.08.2026,02:43:53,101125,0,-0.29234,0,-0.28,-14.4375,-3.4375,121.4375,0.052146,0,0,44.39256,0,0,1000,-50,-1.53125
08.08.2026,02:43:53,101231,0,0.005179,0.05,-0.34,-14.4375,-4.125,121.5625,0.025007,0,0,44.39506,0,0,1000,-50,-1.6875
08.08.2026,02:43:53,101337,0,0.464285,-0.13,-0.39,-14.5,-4.625,122,0.027774,0,0,44.39784,0,0,1000,-50,-1.6875
08.08.2026,02:43:53,101443,0,-0.657633,0.32,-0.62,-15.0625,-5.0625,123.1875,0.059665,0,0,44.4038,0,0,1000,-50,-0.1875
08.08.2026,02:43:53,101549,0,0.221064,-0.44,-0.4,-15.25,-1.8125,125,0.040523,0,0,44.40786,0,0,1000,-50,0
08.08.2026,02:43:53,101655,0,0.599453,0,-0.08,-16.5,-0.375,126.5,0.050093,0,0,44.41286,0,0,1000,-50,5.90625
08.08.2026,02:43:53,101761,0,0.346431,0.59,-0.68,-19.25,-2.6875,128.0625,0.093981,0,0,44.42226,0,0,1000,-50,12.03125
08.08.2026,02:43:53,101867,0,-1.188027,-0.05,0.31,-19.6875,-8.25,129.0625,0.138628,0,0,44.43613,0,0,1000,-50,14.75
08.08.2026,02:43:53,101973,0,-0.219862,0,0.04,-17.8125,-10.3125,130.875,0.057049,0,0,44.44183,0,0,1000,-50,6.875
08.08.2026,02:43:53,102079,0,0.430603,-0.26,-0.39,-17.0625,-7.6875,132.8125,-0.01444,0,0,44.44038,0,0,1000,-50,6.34375
08.08.2026,02:43:53,102185,0,-0.329618,0.55,-0.52,-17.875,-6.4375,133.6875,0.006856,0,0,44.44107,0,0,1000,-50,9.25
08.08.2026,02:43:53,102291,0,0.080137,0.1,0.3,-17.6875,-5.25,135.125,0.007614,0,0,44.44183,0,0,1000,-50,8.4375
08.08.2026,02:43:53,102397,0,0.221862,-0.02,-0.83,-17.5,-4.0625,135.5,-0.053647,0,0,44.43647,0,0,1000,-50,7.6875
08.08.2026,02:43:53,102503,0,-0.717417,-0.08,-0.19,-17,-6.1875,134.75,-0.03844,0,0,44.43039,0,0,1000,-50,6.9375
08.08.2026,02:43:53,102609,0,-0.216181,-0.03,-0.16,-16.0625,-5.875,134,-0.086894,0,0,44.4217,0,0,1000,-50,2.5625
08.08.2026,02:43:53,102715,0,-0.541113,0.06,-0.07,-15.6875,-5.3125,132,-0.070707,0,0,44.41462,0,0,1000,-50,2.0625
08.08.2026,02:43:53,102821,0,-0.237832,0.15,0,-15.8125,-3.8125,130.125,-0.102038,0,0,44.40442,0,0,1000,-50,2.59375
08.08.2026,02:43:53,102927,0,-0.384424,0.19,-0.29,-15.75,-1.875,128.25,-0.105955,0,0,44.39382,0,0,1000,-50,2.25
08.08.2026,02:43:53,103033,0,-0.450694,0.13,0.2,-15.375,-0.3125,125.5625,-0.116011,0,0,44.38222,0,0,1000,-50,0.8125
08.08.2026,02:43:53,103139,0,0.063393,0.12,0.5,-15.8125,2.3125,121.0625,-0.127094,0,0,44.36951,0,0,1000,-50,3.21875
08.08.2026,02:43:53,103245,0,-0.583416,0.4,0.69,-17.125,1.3125,114.25,-0.099232,0,0,44.35959,0,0,1000,-50,5.84375
08.08.2026,02:43:53,103351,0,-0.429631,0.8,-0.62,-17.25,3.5625,111.625,-0.117701,0,0,44.34782,0,0,1000,-50,7.125
08.08.2026,02:43:53,103457,0,0.734897,0.7,-1.19,-15.25,7.0625,111.25,-0.140813,0,0,44.33374,0,0,1000,-50,3.375
08.08.2026,02:43:53,103563,0,0.227921,0.55,0.08,-11.25,5.875,111.9375,-0.094022,0,0,44.32434,0,0,1000,-50,-7.3125
08.08.2026,02:43:53,103669,0,-0.020872,0.38,-0.59,-7.125,5.5,112.5,-0.037536,0,0,44.32058,0,0,1000,-50,-26.4375
08.08.2026,02:43:53,103775,0,-0.309768,-0.03,-0.48,-4.8125,7.75,113.3125,-0.034359,0,0,44.31715,0,0,1000,-50,-29.8125
08.08.2026,02:43:53,103881,0,-1.048719,0,-0.46,-4.875,7.125,113.3125,-0.032617,0,0,44.31388,0,0,1000,-50,-30.75
08.08.2026,02:43:53,103987,0,-0.155642,-0.22,-0.67,-5.3125,9,113.3125,-0.095672,0,0,44.30432,0,0,1000,-50,-29.8125
08.08.2026,02:43:53,104093,0,-0.171818,0.28,-0.66,-6.3125,8.25,112.4375,-0.118907,0,0,44.29243,0,0,1000,-50,-24.96875
08.08.2026,02:43:53,104199,0,-0.778262,0.56,-0.31,-8.8125,5.75,111.8125,-0.110608,0,0,44.28136,0,0,1000,-50,-18.71875
08.08.2026,02:43:53,104305,0,0.496971,0.35,-1.43,-10.5,7.5,113.25,-0.163884,0,0,44.2487,0,0,1000,-50,-13.375
08.08.2026,02:43:53,104411,0,0.262241,0.06,-1.62,-11.25,4,115.125,-0.08127,0,0,44.24058,0,0,1000,-50,-10.78125
08.08.2026,02:43:53,104517,0,1.404854,-0.24,-1.74,-12.1875,0.875,117.3125,-0.014994,0,0,44.23908,0,0,1000,-50,-7.5
08.08.2026,02:43:53,104623,0,0.345337,1.19,2.95,-13.625,-2.4375,118.4375,0.112739,0,0,44.25035,0,0,1000,-50,-2.71875
08.08.2026,02:43:53,104729,0,1.59945,-0.3,-1.76,-12.5,-1.4375,118.0625,0.070326,0,0,44.25739,0,0,1000,-50,-5.25
08.08.2026,02:43:53,104835,0,-0.43666,0.24,0.04,-10.125,-1.6875,117.4375,0.189985,0,0,44.27638,0,0,1000,-50,-11.625
08.08.2026,02:43:53,104941,0,0.068779,-0.08,0.14,-7.625,-0.5,117.0625,0.141834,0,0,44.29057,0,0,1000,-50,-19.5
08.08.2026,02:43:53,105047,0,-0.454503,0.06,-0.44,-6.125,0.4375,117.4375,0.102082,0,0,44.30077,0,0,1000,-50,-27.25
08.08.2026,02:43:53,105153,0,0.173847,0.34,-0.59,-6.125,2.875,118.4375,0.051317,0,0,44.3059,0,0,1000,-50,-26.625
08.08.2026,02:43:53,105259,0,0.151584,0.38,0.19,-5.4375,3,118.3125,0.070366,0,0,44.31294,0,0,1000,-50,-28.71875
08.08.2026,02:43:53,105365,0,0.208839,0.25,-0.32,-4.5,3.3125,117.6875,0.085369,0,0,44.32148,0,0,1000,-50,-31.875
08.08.2026,02:43:53,105471,0,0.586156,0.34,-0.33,-4.4375,4,117.4375,0.083425,0,0,44.32982,0,0,1000,-50,-31.375
08.08.2026,02:43:53,105577,0,-0.11757,0.37,0.07,-4.8125,2.75,117.0625,0.115861,0,0,44.34141,0,0,1000,-50,-30.25
08.08.2026,02:43:53,105683,0,-0.091131,0.29,-0.21,-4.875,2.375,116.9375,0.110739,0,0,44.35248,0,0,1000,-50,-30.21875
08.08.2026,02:43:53,105789,0,-0.114054,0.27,-0.3,-5,1.5625,117.6875,0.090889,0,0,44.36157,0,0,1000,-50,-30.1875
08.08.2026,02:43:53,105895,0,-0.266232,0.38,0.02,-5.125,0.8125,118.3125,0.067752,0,0,44.36835,0,0,1000,-50,-29.625
08.08.2026,02:43:53,106001,0,0.072486,0.23,-0.62,-4.875,0.5625,118.6875,0.037125,0,0,44.37605,0,0,1000,-50,-30
08.08.2026,02:43:53,106107,0,-0.298708,0.2,0.12,-4.8125,-0.1875,118.5625,0.024584,0,0,44.3785,0,0,1000,-50,-30.40625
08.08.2026,02:43:53,106213,0,-0.019785,0.18,-0.42,-5.5,-0.125,118.1875,0.00889,0,0,44.37939,0,0,1000,-50,-29.25
08.08.2026,02:43:53,106319,0,-0.050094,0.26,-0.28,-5.9375,-0.3125,117.4375,0.009621,0,0,44.38035,0,0,1000,-50,-27.5625
08.08.2026,02:43:53,106425,0,0.149634,0.2,-0.28,-6.125,-0.5625,116.4375,0.008461,0,0,44.3812,0,0,1000,-50,-26.625
08.08.2026,02:43:53,106531,0,-0.18068,0.23,0.12,-6.625,-1,115.625,0.009756,0,0,44.38218,0,0,1000,-50,-24.65625
08.08.2026,02:43:53,106637,0,0.059308,0.16,-0.45,-7.25,-0.375,115.375,0.000371,0,0,44.38221,0,0,1000,-50,-22.78125
08.08.2026,02:43:53,106743,0,-0.030872,0.22,-0.17,-7.6875,-0.3125,115.5,0.005607,0,0,44.38277,0,0,1000,-50,-21.8125
08.08.2026,02:43:53,106849,0,0.108948,0.11,-0.21,-7.75,-0.6875,115.6875,0.005608,0,0,44.38334,0,0,1000,-50,-21.75
08.08.2026,02:43:53,106955,0,0.038491,0.06,-0.25,-7.8125,-1.0625,115.8125,0.014205,0,0,44.38475,0,0,1000,-50,-21.40625
08.08.2026,02:43:53,107061,0,-0.002073,0.13,-0.19,-8.0625,-1.5625,115.8125,0.017525,0,0,44.38651,0,0,1000,-50,-20.65625
08.08.2026,02:43:53,107167,0,-0.042496,0.11,-0.28,-8.25,-2.125,115.5625,0.013175,0,0,44.38782,0,0,1000,-50,-20.25
08.08.2026,02:43:53,107273,0,-0.13267,0.06,-0.34,-8.0625,-2.9375,115.0625,0.005386,0,0,44.38836,0,0,1000,-50,-20.8125
08.08.2026,02:43:53,107379,0,-0.252139,0.19,-0.16,-8.3125,-3,115,-0.016513,0,0,44.38671,0,0,1000,-50,-20.4375
08.08.2026,02:43:53,107485,0,-0.041288,0.2,-0.24,-8.8125,-2.625,114.75,-0.026448,0,0,44.38406,0,0,1000,-50,-18.9375
08.08.2026,02:43:53,107591,0,0.079971,0.18,-0.42,-8.875,-1.9375,114.5,-0.039145,0,0,44.38015,0,0,1000,-50,-18.375
08.08.2026,02:43:53,107697,0,0.020864,0.2,-0.15,-9.125,-1.0625,114.375,-0.027771,0,0,44.37737,0,0,1000,-50,-17.84375
08.08.2026,02:43:53,107803,0,0.231899,0.21,-0.28,-9.4375,0,114.4375,-0.021921,0,0,44.37196,0,0,1000,-50,-16.90625
08.08.2026,02:43:53,107909,0,0.262604,0.15,-0.28,-9.4375,0.1875,114.375,0.004775,0,0,44.37244,0,0,1000,-50,-16.6875
08.08.2026,02:43:53,108015,0,0.02245,0.06,0.08,-9.375,-0.5,114.0625,0.017056,0,0,44.37414,0,0,1000,-50,-16.875
08.08.2026,02:43:53,108121,0,0.061902,0.08,-0.34,-9.625,-0.5,114.0625,0.023229,0,0,44.37646,0,0,1000,-50,-15.8125
08.08.2026,02:43:53,108227,0,-0.109733,0.17,-0.12,-10,-1.0625,114.0625,0.027613,0,0,44.37923,0,0,1000,-50,-15.03125
08.08.2026,02:43:53,108333,0,-0.340428,0.1,0,-9.875,-1.875,114.125,0.021609,0,0,44.38139,0,0,1000,-50,-15.1875
08.08.2026,02:43:53,108439,0,-0.080314,0.03,-0.37,-9.6875,-1.3125,114.5,-0.003535,0,0,44.38103,0,0,1000,-50,-15.75
08.08.2026,02:43:53,108545,0,-0.069975,0.13,-0.38,-9.625,-0.6875,115.0625,-0.010547,0,0,44.37998,0,0,1000,-50,-15.9375
08.08.2026,02:43:53,108651,0,-0.279511,0.13,0.03,-9.375,-1.1875,115.3125,-0.014426,0,0,44.37854,0,0,1000,-50,-17.1875
08.08.2026,02:43:53,108757,0,0.131476,0.1,-0.38,-9.1875,-0.4375,115.375,-0.030716,0,0,44.37547,0,0,1000,-50,-17.78125
08.08.2026,02:43:53,108863,0,-0.017707,0.11,-0.19,-9.4375,0,115.0625,-0.025406,0,0,44.37292,0,0,1000,-50,-17.0625
08.08.2026,02:43:53,108969,0,-0.067063,0.11,-0.23,-9.625,0.125,114.5,-0.020014,0,0,44.37092,0,0,1000,-50,-15.96875
08.08.2026,02:43:53,109075,0,-0.036644,0.1,-0.26,-9.6875,0.375,113.9375,-0.013021,0,0,44.36962,0,0,1000,-50,-15.78125
08.08.2026,02:43:53,109181,0,-0.016309,0.17,-0.19,-9.8125,0.875,113.75,-0.010422,0,0,44.36858,0,0,1000,-50,-15.40625
08.08.2026,02:43:53,109287,0,-0.005934,0.1,-0.27,-9.875,1.8125,113.75,-0.011671,0,0,44.36741,0,0,1000,-50,-15.375
08.08.2026,02:43:53,109393,0,-0.08575,0.13,-0.16,-9.9375,2.375,113.75,-0.005722,0,0,44.36684,0,0,1000,-50,-15.1875
08.08.2026,02:43:53,109499,0,-0.135557,0.08,-0.17,-10.0625,3.0625,113.9375,-0.005992,0,0,44.36624,0,0,1000,-50,-15
08.08.2026,02:43:53,109605,0,-0.225196,0.08,-0.27,-10.4375,3.75,114,-0.013418,0,0,44.36377,0,0,1000,-50,-13.375
08.08.2026,02:43:53,109711,0,0.195236,0.08,-0.41,-10.875,5.125,114.0625,-0.014712,0,0,44.3623,0,0,1000,-50,-12.375
08.08.2026,02:43:53,109817,0,-0.374286,0.27,-0.31,-11,5.375,114.125,-0.000156,0,0,44.36229,0,0,1000,-50,-11.8125
08.08.2026,02:43:53,109923,0,0.586603,0.18,-0.04,-10.75,6.375,114,-0.02764,0,0,44.35952,0,0,1000,-50,-12.5625
08.08.2026,02:43:53,110029,0,0.356455,0.67,-0.73,-10.5,7.5,114.875,0.004594,0,0,44.35998,0,0,1000,-50,-13.3125
08.08.2026,02:43:53,110135,0,0.075662,0.21,-0.18,-10.125,6.4375,115.125,0.024654,0,0,44.36244,0,0,1000,-50,-14.9375
08.08.2026,02:43:53,110241,0,0.204612,0.25,-0.2,-11.1875,4.1875,114.75,0.032678,0,0,44.36571,0,0,1000,-50,-12
08.08.2026,02:43:53,110347,0,0.27335,0.45,-0.27,-12.9375,3.3125,113.9375,0.03923,0,0,44.36963,0,0,1000,-50,-5.8125
08.08.2026,02:43:53,110453,0,-0.278542,0.41,-0.39,-13.5,1.25,112.875,0.058841,0,0,44.37551,0,0,1000,-50,-4.34375
08.08.2026,02:43:53,110559,0,-0.45955,-0.01,0.65,-13.75,0.1875,112.625,0.031333,0,0,44.37865,0,0,1000,-50,-3.28125
08.08.2026,02:43:53,110665,0,0.061032,0.07,0.32,-14.8125,1.5625,112.5625,-0.018099,0,0,44.37684,0,0,1000,-50,0.53125
08.08.2026,02:43:53,110771,0,-0.358643,0.32,0.03,-16.5625,1.9375,111.5625,-0.010109,0,0,44.37583,0,0,1000,-50,3.75
08.08.2026,02:43:53,110877,0,0.502384,0.22,0.14,-16.9375,3.375,110.6875,-0.031934,0,0,44.37263,0,0,1000,-50,6.1875
08.08.2026,02:43:53,110983,0,-0.696803,0.65,1.67,-15.4375,2.5,110.3125,-0.025274,0,0,44.37011,0,0,1000,-50,3.375
08.08.2026,02:43:53,111089,0,0.224303,0.08,1.72,-13.125,5,110.1875,-0.034398,0,0,44.36666,0,0,1000,-50,-7.1875
08.08.2026,02:43:53,111195,0,-0.543484,0.31,1.45,-11.9375,5.9375,109.5625,-0.068827,0,0,44.35978,0,0,1000,-50,-9.96875
08.08.2026,02:43:53,111301,0,1.127343,0.22,0.98,-11.375,6.8125,109.5,0.003348,0,0,44.35755,0,0,1000,-50,-10.46875
08.08.2026,02:43:53,111407,0,-0.662765,-0.04,1.41,-11.375,4.875,109,0.020916,0,0,44.35964,0,0,1000,-50,-10.5625
08.08.2026,02:43:53,111513,0,0.096563,-0.03,0.71,-12.5625,3.6875,107.5,0.007102,0,0,44.36035,0,0,1000,-50,-5.90625
08.08.2026,02:43:53,111619,0,-0.883666,0,-1,-14.5,1.75,104.5,-0.035581,0,0,44.35679,0,0,1000,-50,-0.5625
08.08.2026,02:43:53,111725,0,-1.08022,0.01,-3.87,-13.5,2.6875,101.375,-0.071571,0,0,44.34963,0,0,1000,-50,-3.34375
08.08.2026,02:43:53,111831,0,0.484149,-0.01,-3.85,-9.0625,4.8125,100.1875,-0.135862,0,0,44.33604,0,0,1000,-50,-13.3125
08.08.2026,02:43:53,111937,0,-0.333453,0.15,-0.76,-4.5,3.375,99,-0.074573,0,0,44.32859,0,0,1000,-50,-28.125
08.08.2026,02:43:53,112043,0,-0.620125,0.45,1.02,-3.625,1.8125,97.9375,-0.103485,0,0,44.31824,0,0,1000,-50,-33.65625
08.08.2026,02:43:53,112149,0,-0.316242,0,1.19,-5.9375,4.875,97.25,-0.120777,0,0,44.30616,0,0,1000,-50,-24.6875
08.08.2026,02:43:53,112255,0,0.527912,0.3,-0.28,-11.1875,8.0625,98.0625,-0.129167,0,0,44.29324,0,0,1000,-50,-15.375
08.08.2026,02:43:53,112361,0,-0.447708,0.15,-2.09,-12.5,9,100,-0.136196,0,0,44.27962,0,0,1000,-50,-8.25
08.08.2026,02:43:53,112467,0,-0.75257,0.24,-2.9,-11.625,11.6875,102.5625,-0.159778,0,0,44.26365,0,0,1000,-50,-8.4375
08.08.2026,02:43:53,112573,0,-0.945712,0.63,-2.15,-9.75,13.125,103.875,-0.213265,0,0,44.24232,0,0,1000,-50,-17
08.08.2026,02:43:53,112679,0,-0.307628,0.64,-0.58,-8.5,13.5625,102.5,-0.251395,0,0,44.21718,0,0,1000,-50,-20.59375
08.08.2026,02:43:53,112785,0,-2.609851,-0.12,1.77,-8.3125,7.3125,100.125,-0.241841,0,0,44.193,0,0,1000,-50,-20.65625
08.08.2026,02:43:53,112891,0,0.379638,-0.34,2.22,-11.25,6.625,100.0625,-0.29508,0,0,44.16349,0,0,1000,-50,-7.5
08.08.2026,02:43:53,112997,0,-0.156838,-0.14,1.77,-15.875,5.5625,99,-0.420562,0,0,44.12143,0,0,1000,-50,6.375
08.08.2026,02:43:53,113103,0,-0.077026,0.36,0.51,-19.4375,8,97.4375,-0.315272,0,0,44.05939,0,0,1000,-50,15.1875
08.08.2026,02:43:53,113209,0,2.159209,0.19,-0.39,-18.375,14.3125,94.25,-0.189608,0,0,44.04043,0,0,1000,-50,12.375
08.08.2026,02:43:53,113315,0,0.53143,-0.13,-0.98,-15.8125,14.25,89.3125,-0.069051,0,0,44.03353,0,0,1000,-50,4.6875
08.08.2026,02:43:53,113421,0,-0.835847,-0.69,-1.33,-14.1875,14.8125,84.8125,-0.084704,0,0,44.02506,0,0,1000,-50,-1.125
08.08.2026,02:43:53,113527,0,-0.772212,-0.72,-1.69,-13.6875,16.25,79.9375,-0.113041,0,0,44.01376,0,0,1000,-50,-4.25
08.08.2026,02:43:53,113633,0,-1.056667,-0.2,-0.95,-14,19.0625,74.0625,-0.172411,0,0,43.99651,0,0,1000,-50,-2.6875
08.08.2026,02:43:53,113739,0,1.659448,-0.08,-0.6,-15.1875,24.625,64,-0.190173,0,0,43.9775,0,0,1000,-50,-0.125
08.08.2026,02:43:53,113845,0,0.581885,0.97,-0.18,-15.4375,20.75,57.875,-0.075777,0,0,43.96992,0,0,1000,-50,1.65625
08.08.2026,02:43:53,113951,0,-0.506954,0.52,-1.04,-15.5,16.5,51,-0.036104,0,0,43.96631,0,0,1000,-50,1.65625
08.08.2026,02:43:53,114057,0,-0.254174,0.74,-1,-15.125,12.5,45.1875,-0.086464,0,0,43.95766,0,0,1000,-50,0.0625
08.08.2026,02:43:53,114163,0,-0.771284,1.13,-0.58,-15.1875,9.125,40.4375,-0.089866,0,0,43.94868,0,0,1000,-50,1.03125
08.08.2026,02:43:53,114269,0,0.313639,1.29,0.29,-17.25,8,34,-0.153078,0,0,43.93337,0,0,1000,-50,6.90625
08.08.2026,02:43:53,114375,0,-0.782072,0.92,-0.94,-19.125,5.5,28.9375,-0.133389,0,0,43.92003,0,0,1000,-50,10.3125
08.08.2026,02:43:53,114481,0,-0.486215,0.77,-0.62,-20.125,3.9375,24.5,-0.182133,0,0,43.90181,0,0,1000,-50,14.625
08.08.2026,02:43:53,114587,0,-1.529615,0.72,0.81,-20.75,0,20,-0.205261,0,0,43.88129,0,0,1000,-50,17.25
08.08.2026,02:43:53,114693,0,-0.270767,0.04,-0.55,-19.6875,1.375,16.25,-0.275134,0,0,43.85378,0,0,1000,-50,12.5
08.08.2026,02:43:53,114799,0,-0.420589,-0.29,-0.11,-15.6875,2.1875,11.5,-0.316507,0,0,43.82212,0,0,1000,-50,4.3125
08.08.2026,02:43:53,114905,0,-0.901034,-0.74,-0.13,-15.375,5.625,7.375,-0.326514,0,0,43.75976,0,0,1000,-50,0.75
08.08.2026,02:43:53,115011,0,0.239466,-0.7,0.53,-15.5,10.1875,4.125,-0.273873,0,0,43.73238,0,0,1000,-50,1.34375
08.08.2026,02:43:53,115117,0,0.278273,-0.76,0.02,-14.875,13,2.3125,-0.175429,0,0,43.71483,0,0,1000,-50,-1
08.08.2026,02:43:53,115223,0,0.09691,-0.9,-0.33,-14.8125,16.875,3.875,-0.093183,0,0,43.70551,0,0,1000,-50,-0.96875
08.08.2026,02:43:53,115329,0,0.098401,-0.24,0.42,-14.8125,17.125,7.875,-0.046359,0,0,43.70088,0,0,1000,-50,-0.1875
08.08.2026,02:43:53,115435,0,-1.011708,0.13,0,-14.25,15.375,13.9375,0.003379,0,0,43.70122,0,0,1000,-50,-1.5
08.08.2026,02:43:53,115541,0,-1.810389,0.46,-0.45,-12.8125,11.625,20.125,-0.041015,0,0,43.69712,0,0,1000,-50,-7.65625
08.08.2026,02:43:53,115647,0,-0.655542,0.6,0.03,-12.4375,11.125,25.0625,-0.150708,0,0,43.68204,0,0,1000,-50,-7.6875
08.08.2026,02:43:53,115753,0,-0.570957,0.43,-1.08,-14.625,6.375,28.3125,-0.142598,0,0,43.66779,0,0,1000,-50,-2.8125
08.08.2026,02:43:53,115859,0,0.192664,0.75,-0.84,-16.125,4.4375,29.6875,-0.112589,0,0,43.65653,0,0,1000,-50,2.0625
08.08.2026,02:43:53,115965,0,0.03515,1,-0.21,-16,2.75,29.6875,-0.077332,0,0,43.6488,0,0,1000,-50,3.75
08.08.2026,02:43:53,116071,0,-1.992799,0.41,1.1,-13.1875,2.5,27.625,-0.063756,0,0,43.64242,0,0,1000,-50,-7.78125
08.08.2026,02:43:53,116177,0,0.142194,-0.43,-0.24,-10.6875,9.25,25.75,-0.155273,0,0,43.6269,0,0,1000,-50,-14.34375
08.08.2026,02:43:53,116283,0,0.566673,-0.35,-1.39,-10.75,9.8125,23.125,-0.139304,0,0,43.61296,0,0,1000,-50,-13
08.08.2026,02:43:53,116389,0,-0.980343,-0.32,-1.6,-11.375,5.4375,22.25,-0.092785,0,0,43.60369,0,0,1000,-50,-10.8125
08.08.2026,02:43:53,116495,0,-0.138341,-0.05,-0.78,-12,5.1875,24.0625,-0.062241,0,0,43.59746,0,0,1000,-50,-8.53125
08.08.2026,02:43:53,116601,0,0.175141,0.03,0.52,-12.3125,5.8125,27.125,-0.086891,0,0,43.57794,0,0,1000,-50,-7.59375
08.08.2026,02:43:53,116707,0,-0.580141,0.38,2.3,-13.6875,6.6875,29.8125,-0.059817,0,0,43.57196,0,0,1000,-50,-4.3125
08.08.2026,02:43:53,116813,0,-0.76748,0.56,-0.12,-14.3125,9.5625,31.75,-0.082766,0,0,43.56368,0,0,1000,-50,-2.25
08.08.2026,02:43:53,116919,0,-0.782794,0.23,-0.41,-13.625,9,33.5,-0.145714,0,0,43.54911,0,0,1000,-50,-3.5625
08.08.2026,02:43:53,117025,0,-0.628705,0.32,-1.08,-13.625,8.4375,34.625,-0.127177,0,0,43.53639,0,0,1000,-50,-4.125
08.08.2026,02:43:53,117131,0,-0.504003,0.01,-2.07,-13.625,7.0625,35.3125,-0.146211,0,0,43.52177,0,0,1000,-50,-4.28125
08.08.2026,02:43:53,117237,0,-1.759281,-0.08,0.29,-13.75,5.6875,34.375,-0.146821,0,0,43.50709,0,0,1000,-50,-3.75
08.08.2026,02:43:53,117343,0,0.338076,0.15,1.95,-14.25,7.9375,32.8125,-0.228805,0,0,43.48421,0,0,1000,-50,-2.34375
08.08.2026,02:43:53,117449,0,-1.625983,-0.51,-0.46,-15.0625,7.375,31.5,-0.184738,0,0,43.46573,0,0,1000,-50,1.28125
08.08.2026,02:43:53,117555,0,-0.058175,-0.29,-0.24,-16.5625,7.9375,29.875,-0.24281,0,0,43.44145,0,0,1000,-50,5.46875
08.08.2026,02:43:53,117661,0,-0.121795,-0.35,-1.83,-16.625,6.8125,28.625,-0.198416,0,0,43.42161,0,0,1000,-50,4.71875
08.08.2026,02:43:53,117767,0,0.073433,-0.14,-0.37,-15.9375,6.1875,27.8125,-0.162571,0,0,43.40535,0,0,1000,-50,3.375
08.08.2026,02:43:53,117873,0,-0.472565,0.07,1.05,-15.4375,5.8125,28.375,-0.124452,0,0,43.39291,0,0,1000,-50,1.5
08.08.2026,02:43:53,117979,0,-0.94988,0.5,1.37,-14.875,7.3125,30.5,-0.083482,0,0,43.38456,0,0,1000,-50,-1.15625
08.08.2026,02:43:53,118085,0,-0.725678,0.27,-0.27,-13.25,10.125,34.25,-0.13068,0,0,43.37149,0,0,1000,-50,-7.125
08.08.2026,02:43:53,118191,0,0.009158,0.11,-1.07,-13,8.9375,38.625,-0.15038,0,0,43.35646,0,0,1000,-50,-7.5
08.08.2026,02:43:53,118297,0,-0.256095,-0.09,-1.81,-14.4375,6.75,40.0625,-0.147636,0,0,43.34169,0,0,1000,-50,-2.8125
08.08.2026,02:43:53,118403,0,-0.123144,0,-1.2,-15,5.1875,40.125,-0.053417,0,0,43.32718,0,0,1000,-50,-0.1875
08.08.2026,02:43:53,118509,0,-0.691426,0.65,0.36,-14.875,4.625,38.1875,-0.045804,0,0,43.32259,0,0,1000,-50,0
08.08.2026,02:43:53,118615,0,0.130047,0.77,3.15,-14.3125,6.8125,35.6875,-0.034111,0,0,43.31918,0,0,1000,-50,-2.53125
08.08.2026,02:43:53,118721,0,-0.659747,-0.71,-0.82,-14.4375,6.6875,31.0625,0.027702,0,0,43.32195,0,0,1000,-50,-2.125
08.08.2026,02:43:53,118827,0,-1.158866,-0.35,-1.31,-15.375,5.1875,26.75,-0.027385,0,0,43.31921,0,0,1000,-50,1.3125
08.08.2026,02:43:53,118933,0,-0.206143,-0.22,-1.39,-14.75,6.5625,24.0625,-0.084694,0,0,43.31075,0,0,1000,-50,-1.6875
08.08.2026,02:43:53,119039,0,-0.18403,0.09,-0.91,-14.0625,6.375,22.625,-0.065695,0,0,43.30418,0,0,1000,-50,-3.4375
08.08.2026,02:43:53,119145,0,-0.442583,-0.16,0.55,-13.625,6.8125,22.5,-0.04501,0,0,43.29967,0,0,1000,-50,-4.125
08.08.2026,02:43:53,119251,0,-0.441505,0.76,1.74,-14.5,8.625,23.8125,-0.033516,0,0,43.29632,0,0,1000,-50,-1.875
08.08.2026,02:43:53,119357,0,-0.650049,0.51,-0.6,-13.625,9.125,26.375,-0.045268,0,0,43.29179,0,0,1000,-50,-2.625
08.08.2026,02:43:53,119463,0,-1.218113,0.56,-1.13,-11.9375,6.75,29.875,-0.06023,0,0,43.28577,0,0,1000,-50,-8.25
08.08.2026,02:43:53,119569,0,-0.554363,-0.08,-2.23,-11.875,6.3125,32.875,-0.116607,0,0,43.27411,0,0,1000,-50,-9.0625
08.08.2026,02:43:53,119675,0,0.259747,0.34,-0.42,-12.5625,6.5,34.25,-0.127817,0,0,43.26133,0,0,1000,-50,-6.6875
08.08.2026,02:43:53,119781,0,-0.647891,0.59,1.1,-12.3125,6.9375,34.75,-0.073429,0,0,43.25398,0,0,1000,-50,-8.15625
08.08.2026,02:43:53,119887,0,0.423377,0.88,2.06,-12.125,10,35.1875,-0.039441,0,0,43.25004,0,0,1000,-50,-8.625
08.08.2026,02:43:53,119993,0,-0.736066,-0.24,-0.83,-11.75,10.75,34.75,-0.017325,0,0,43.24831,0,0,1000,-50,-9.59375
08.08.2026,02:43:53,120099,0,-1.257191,0.46,-0.63,-12.875,8.3125,32,0.034998,0,0,43.2518,0,0,1000,-50,-5.75
08.08.2026,02:43:53,120205,0,-0.846204,0.21,-1.57,-12.5625,7.625,31.3125,-0.088075,0,0,43.23993,0,0,1000,-50,-8.09375
08.08.2026,02:43:53,120311,0,-0.330556,0.32,-0.46,-11.625,9.4375,34.125,-0.087572,0,0,43.23117,0,0,1000,-50,-9.5625
08.08.2026,02:43:53,120417,0,0.401017,0.39,0.56,-11.875,10.875,38.125,-0.048904,0,0,43.22628,0,0,1000,-50,-9.9375
08.08.2026,02:43:53,120523,0,-0.309089,0.89,1.78,-12.125,10.6875,42.8125,0.003298,0,0,43.2266,0,0,1000,-50,-8.4375
08.08.2026,02:43:53,120629,0,-0.149809,1.01,-0.27,-10.9375,11.0625,49.1875,0.022382,0,0,43.22884,0,0,1000,-50,-10.5
08.08.2026,02:43:53,120735,0,-0.239373,0.9,-0.83,-9.0625,8.125,58.375,-0.013572,0,0,43.22749,0,0,1000,-50,-18.375
08.08.2026,02:43:53,120841,0,0.480889,0.4,-1.68,-10.4375,6.875,64.25,-0.00815,0,0,43.22667,0,0,1000,-50,-15.375
08.08.2026,02:43:53,120947,0,0.258616,0.44,-1.24,-11.8125,3.875,67.75,0.070698,0,0,43.23374,0,0,1000,-50,-10.5
08.08.2026,02:43:53,121053,0,-0.134888,0.72,0.17,-12.1875,4.125,69.4375,0.108955,0,0,43.24463,0,0,1000,-50,-8.4375
08.08.2026,02:43:53,121159,0,0.561085,1.3,2.13,-11.625,5.5625,70.0625,0.125228,0,0,43.25716,0,0,1000,-50,-10.90625
08.08.2026,02:43:53,121265,0,-0.384698,0.42,-0.63,-10.5,6.6875,71.5625,0.179859,0,0,43.27514,0,0,1000,-50,-14.5
08.08.2026,02:43:53,121371,0,-0.301012,0.64,-0.65,-11.625,4.1875,72.375,0.196355,0,0,43.29478,0,0,1000,-50,-9.5
08.08.2026,02:43:53,121477,0,-0.4864,0.03,-1.33,-11.9375,1.875,74.9375,0.16755,0,0,43.31153,0,0,1000,-50,-9.34375
08.08.2026,02:43:53,121583,0,0.55889,-0.08,-0.88,-11.8125,0.9375,78.1875,0.146448,0,0,43.32618,0,0,1000,-50,-9.5625
08.08.2026,02:43:53,121689,0,0.772933,-0.66,-0.26,-11.8125,-0.4375,81.4375,0.185265,0,0,43.3447,0,0,1000,-50,-9.5625
08.08.2026,02:43:53,121795,0,-0.384958,-0.38,0.97,-11.625,-2.75,84.6875,0.245369,0,0,43.36924,0,0,1000,-50,-9.75
08.08.2026,02:43:53,121901,0,0.246934,0.26,1.25,-10.625,-0.875,87.125,0.242103,0,0,43.41867,0,0,1000,-50,-11.8125
08.08.2026,02:43:53,122007,0,0.179149,0.48,-0.76,-9.6875,0.0625,88.5,0.272245,0,0,43.44589,0,0,1000,-50,-16.71875
08.08.2026,02:43:53,122113,0,0.730394,0.48,-0.51,-9.875,1,88.75,0.298594,0,0,43.47575,0,0,1000,-50,-14.59375
08.08.2026,02:43:53,122219,0,0.21967,0.52,-1.14,-13,2.375,85.8125,0.345871,0,0,43.51034,0,0,1000,-50,-5.875
08.08.2026,02:43:53,122325,0,-0.401648,0.76,-0.82,-14.0625,3.5,81.9375,0.351958,0,0,43.54553,0,0,1000,-50,-1.875
08.08.2026,02:43:53,122431,0,0.20971,1.48,1.19,-13.0625,5.1875,77.625,0.268748,0,0,43.57241,0,0,1000,-50,-6.75
08.08.2026,02:43:53,122537,0,0.120692,0.12,0.28,-12,7.0625,74,0.280434,0,0,43.60045,0,0,1000,-50,-9.46875
08.08.2026,02:43:53,122643,0,-1.227177,-0.02,-1.28,-13.3125,4.8125,69.75,0.244692,0,0,43.62492,0,0,1000,-50,-3.5
08.08.2026,02:43:53,122749,0,-0.431585,-0.19,-0.8,-13.75,2.625,66.25,0.137108,0,0,43.63863,0,0,1000,-50,-3.34375
08.08.2026,02:43:53,122855,0,-0.414595,0.05,-0.53,-13.3125,1,65.625,0.093587,0,0,43.64798,0,0,1000,-50,-5.0625
08.08.2026,02:43:53,122961,0,-0.416706,0.06,0.39,-13.5625,0.8125,65.875,0.065652,0,0,43.65455,0,0,1000,-50,-4.6875
08.08.2026,02:43:53,123067,0,-0.327952,0.3,0.9,-13.875,2.125,67.625,0.038744,0,0,43.65842,0,0,1000,-50,-3.5625
08.08.2026,02:43:53,123173,0,-0.259243,0.23,0.35,-13.5,4,70.5625,0.040149,0,0,43.66244,0,0,1000,-50,-5.125
08.08.2026,02:43:53,123279,0,-0.250454,0.47,-1.25,-13,4.6875,74.5625,0.037662,0,0,43.6662,0,0,1000,-50,-5.625
08.08.2026,02:43:53,123385,0,-0.582012,0.84,-0.58,-12.75,5.4375,77.3125,0.048444,0,0,43.67105,0,0,1000,-50,-6
08.08.2026,02:43:53,123491,0,0.457527,0.93,-0.29,-11.8125,8.4375,79.875,0.014344,0,0,43.67248,0,0,1000,-50,-10.34375
08.08.2026,02:43:53,123597,0,0.727548,0.82,-0.38,-11.625,10,82.4375,-0.000651,0,0,43.67242,0,0,1000,-50,-9.8125
08.08.2026,02:43:53,123703,0,0.091846,0.54,-1.08,-13,9.125,85.125,0.114054,0,0,43.69015,0,0,1000,-50,-6.15625
08.08.2026,02:43:53,123809,0,0.527327,0.73,-0.46,-13.75,8.25,86.6875,0.140547,0,0,43.7042,0,0,1000,-50,-4.125
08.08.2026,02:43:53,123915,0,-0.208314,0.45,0.24,-13.5625,7.25,88.1875,0.175407,0,0,43.72174,0,0,1000,-50,-3.9375
08.08.2026,02:43:53,124021,0,0.731686,0.36,-0.64,-13.1875,8.5,89.375,0.177798,0,0,43.73952,0,0,1000,-50,-5.59375
08.08.2026,02:43:53,124127,0,0.645969,0.31,-0.63,-13.5,7.6875,90.25,0.230544,0,0,43.76258,0,0,1000,-50,-4.5
08.08.2026,02:43:53,124233,0,-0.129434,-0.18,-0.74,-13.4375,6.75,92.75,0.248438,0,0,43.78742,0,0,1000,-50,-4.5
08.08.2026,02:43:53,124339,0,0.503126,-0.23,-0.06,-13.9375,7.6875,94.5625,0.23139,0,0,43.81056,0,0,1000,-50,-3.9375
08.08.2026,02:43:53,124445,0,0.824529,-0.23,-0.17,-14.875,7.5,95.5,0.267339,0,0,43.8373,0,0,1000,-50,-1.125
08.08.2026,02:43:53,124551,0,-0.07576,-0.51,0.02,-15.8125,5.6875,95,0.319951,0,0,43.86929,0,0,1000,-50,3.53125
08.08.2026,02:43:53,124657,0,0.014658,-0.49,-0.63,-17,5.125,93.0625,0.297991,0,0,43.89909,0,0,1000,-50,7.09375
08.08.2026,02:43:53,124763,0,0.205725,-0.51,-1.03,-17.25,4.6875,88.25,0.277773,0,0,43.92687,0,0,1000,-50,6.9375
08.08.2026,02:43:53,124869,0,0.777421,-0.26,1.16,-16.9375,4,82.6875,0.25823,0,0,43.95269,0,0,1000,-50,5.875
08.08.2026,02:43:53,124975,0,0.298154,-0.61,-0.22,-16.5,4,76.6875,0.288191,0,0,43.98151,0,0,1000,-50,4.03125
08.08.2026,02:43:53,125081,0,0.367905,-0.79,-0.87,-15.8125,4,70.6875,0.318728,0,0,44.01338,0,0,1000,-50,1.8125
08.08.2026,02:43:53,125187,0,0.528067,-0.72,-0.67,-15.5,6.3125,66.3125,0.30593,0,0,44.04398,0,0,1000,-50,1.5
08.08.2026,02:43:53,125293,0,0.937368,0.18,0.38,-15.9375,7.125,61.0625,0.332706,0,0,44.07725,0,0,1000,-50,2.625
08.08.2026,02:43:53,125399,0,0.534154,0.54,0.23,-15.5625,6.75,56.6875,0.410933,0,0,44.11834,0,0,1000,-50,2.25
08.08.2026,02:43:53,125505,0,-0.139589,0.82,0.74,-14.0625,6.375,52.75,0.394819,0,0,44.20056,0,0,1000,-50,-0.5625
08.08.2026,02:43:53,125611,0,-0.712285,0.24,-1.29,-11.6875,5.875,49.375,0.326324,0,0,44.23319,0,0,1000,-50,-12.4375
08.08.2026,02:43:53,125717,0,-0.05974,0.49,-1.21,-9.5625,5.1875,44.8125,0.216475,0,0,44.25484,0,0,1000,-50,-16.625
08.08.2026,02:43:53,125823,0,0.084154,0.49,-0.73,-9.5,4.8125,42.9375,0.189883,0,0,44.27383,0,0,1000,-50,-17.21875
08.08.2026,02:43:53,125929,0,0.158187,0.43,-0.17,-10.4375,4.75,42.1875,0.185585,0,0,44.29239,0,0,1000,-50,-13.0625
08.08.2026,02:43:53,126035,0,-1.447025,0.63,0.64,-11.1875,3.375,41.1875,0.162059,0,0,44.30859,0,0,1000,-50,-11.125
08.08.2026,02:43:53,126141,0,-0.638033,0.46,1.48,-11.625,5.8125,39.875,0.031339,0,0,44.31173,0,0,1000,-50,-9.8125
08.08.2026,02:43:53,126247,0,-1.606476,-0.11,-0.54,-12.9375,6.625,37.625,-0.048412,0,0,44.30688,0,0,1000,-50,-7.125
08.08.2026,02:43:53,126353,0,-1.410172,-0.06,-0.5,-12.75,7.75,37.25,-0.196033,0,0,44.28728,0,0,1000,-50,-6
08.08.2026,02:43:53,126459,0,-1.090628,0.03,-1.07,-12.0625,8.25,38.875,-0.296791,0,0,44.2576,0,0,1000,-50,-8.25
08.08.2026,02:43:53,126565,0,-1.168809,-0.06,-0.09,-11.6875,8.25,43,-0.367545,0,0,44.22085,0,0,1000,-50,-9.5625
08.08.2026,02:43:53,126671,0,-0.215568,0.36,1.13,-11.6875,9.125,48.5,-0.411745,0,0,44.17967,0,0,1000,-50,-9.9375
08.08.2026,02:43:53,126777,0,-0.96278,0.4,-0.95,-11.0625,8.6875,57,-0.397682,0,0,44.1399,0,0,1000,-50,-11.4375
08.08.2026,02:43:53,126883,0,-1.030309,0.45,-0.69,-11,7.25,63.3125,-0.387813,0,0,44.10112,0,0,1000,-50,-12
08.08.2026,02:43:53,126989,0,-0.31673,0.59,-0.31,-11.0625,7.125,68.3125,-0.422268,0,0,44.0589,0,0,1000,-50,-11.8125
08.08.2026,02:43:53,127095,0,-0.22433,0.24,-0.38,-11.25,5.5,71.875,-0.385619,0,0,44.02034,0,0,1000,-50,-10.9375
08.08.2026,02:43:53,127201,0,-0.243828,-0.1,-0.08,-11.875,3.5,75.1875,-0.323042,0,0,43.95538,0,0,1000,-50,-9.65625
08.08.2026,02:43:53,127307,0,0.15656,0,0.07,-12.5,4,76.875,-0.27763,0,0,43.92761,0,0,1000,-50,-7.78125
08.08.2026,02:43:53,127413,0,0.045488,0.06,-0.25,-12.9375,4.3125,77.4375,-0.204284,0,0,43.90718,0,0,1000,-50,-5.875
08.08.2026,02:43:53,127519,0,0.152057,0.01,-0.45,-13.1875,4.75,77.25,-0.160571,0,0,43.89113,0,0,1000,-50,-5.28125
08.08.2026,02:43:53,127625,0,0.21722,0.13,-0.26,-13.375,5.3125,76.75,-0.116208,0,0,43.87951,0,0,1000,-50,-4.71875
08.08.2026,02:43:53,127731,0,0.263008,0.2,-0.4,-13.5,5.9375,76.3125,-0.063768,0,0,43.87313,0,0,1000,-50,-4.5
08.08.2026,02:43:53,127837,0,0.033782,0.13,-0.35,-13.6875,5.875,76.125,-0.024079,0,0,43.87072,0,0,1000,-50,-4.125
08.08.2026,02:43:53,127943,0,0.313587,0.08,-0.28,-13.875,6.125,76.125,0.006061,0,0,43.87133,0,0,1000,-50,-3.5625
08.08.2026,02:43:53,128049,0,0.242262,-0.19,-0.36,-14.0625,6,76,0.041211,0,0,43.87545,0,0,1000,-50,-2.65625
08.08.2026,02:43:53,128155,0,0.090034,-0.48,-0.45,-14.25,5.75,75.6875,0.069291,0,0,43.88238,0,0,1000,-50,-2.09375
08.08.2026,02:43:53,128261,0,0.36712,-0.37,-0.5,-14.3125,5.4375,74.375,0.090611,0,0,43.89144,0,0,1000,-50,-1.875
08.08.2026,02:43:53,128367,0,0.093212,-0.15,-0.32,-13.625,4.6875,72.375,0.121514,0,0,43.90359,0,0,1000,-50,-4.90625
08.08.2026,02:43:53,128473,0,0.408737,0.11,0.05,-12.5625,5,69.25,0.139165,0,0,43.9175,0,0,1000,-50,-7.9375
08.08.2026,02:43:53,128579,0,0.633442,0.26,-0.16,-12.5,5.6875,65.1875,0.164677,0,0,43.93397,0,0,1000,-50,-7.03125
08.08.2026,02:43:53,128685,0,1.186726,-0.04,-0.58,-13.1875,6.5625,59.8125,0.208846,0,0,43.95486,0,0,1000,-50,-5.6875
08.08.2026,02:43:53,128791,0,0.94838,0.04,-0.92,-13.625,7.1875,56.0625,0.259543,0,0,43.98081,0,0,1000,-50,-4.5
08.08.2026,02:43:53,128897,0,0.397506,0.54,-0.38,-13.5,4.9375,52.4375,0.338151,0,0,44.01463,0,0,1000,-50,-4.125
08.08.2026,02:43:53,129003,0,-0.674427,0.51,0.66,-12.5,2.5625,47.8125,0.328084,0,0,44.08455,0,0,1000,-50,-6.375
08.08.2026,02:43:53,129109,0,-0.264977,0.24,0.8,-11.125,3.75,42.875,0.268613,0,0,44.11141,0,0,1000,-50,-10.3125
08.08.2026,02:43:53,129215,0,-1.549186,-0.39,-1.09,-10.5,4,36.625,0.173232,0,0,44.12873,0,0,1000,-50,-13.6875
08.08.2026,02:43:53,129321,0,0.098897,-0.09,0.32,-10.75,5.875,33.4375,0.05962,0,0,44.13469,0,0,1000,-50,-12.75
08.08.2026,02:43:53,129427,0,-0.123542,-0.38,-1.37,-11.375,5.0625,31.5625,0.075858,0,0,44.14228,0,0,1000,-50,-12
08.08.2026,02:43:53,129533,0,0.024224,-0.25,-1.24,-12.375,3.1875,30.75,0.069462,0,0,44.14923,0,0,1000,-50,-7.25
08.08.2026,02:43:53,129639,0,0.032292,-0.32,0.52,-13.0625,2.1875,31.625,0.060095,0,0,44.15524,0,0,1000,-50,-5.5
08.08.2026,02:43:53,129745,0,-1.449376,0.74,1.62,-13.5,0.25,33.875,0.051851,0,0,44.16042,0,0,1000,-50,-4.1875
08.08.2026,02:43:53,129851,0,-0.918179,0.66,0.6,-13.1875,1.5,37,-0.037222,0,0,44.1567,0,0,1000,-50,-5.0625
08.08.2026,02:43:53,129957,0,-1.884275,0.25,-1.3,-12.375,2.5,40.125,-0.121382,0,0,44.14456,0,0,1000,-50,-6.9375
08.08.2026,02:43:53,130063,0,-0.047056,0.72,-0.92,-11.8125,4.3125,41.8125,-0.224491,0,0,44.12211,0,0,1000,-50,-9.71875
08.08.2026,02:43:53,130169,0,0.219224,0.06,-1.96,-12.125,3.25,42.25,-0.195294,0,0,44.10258,0,0,1000,-50,-8.625
08.08.2026,02:43:53,130275,0,-0.635846,0.36,-0.27,-12,0,41.75,-0.153317,0,0,44.08725,0,0,1000,-50,-8.625
08.08.2026,02:43:53,130381,0,-1.80119,0.47,0.79,-11.3125,1.5625,42.0625,-0.144796,0,0,44.07277,0,0,1000,-50,-10.3125
08.08.2026,02:43:53,130487,0,0.046054,0.3,1.48,-10.9375,6.625,42.9375,-0.22528,0,0,44.05024,0,0,1000,-50,-12.1875
08.08.2026,02:43:53,130593,0,-0.335814,-0.27,-0.29,-11.25,9.625,42.625,-0.252874,0,0,44.02495,0,0,1000,-50,-10.625
08.08.2026,02:43:53,130699,0,-0.629296,-0.04,-1.22,-12.3125,9.6875,40.625,-0.202691,0,0,44.00468,0,0,1000,-50,-7.59375
08.08.2026,02:43:53,130805,0,-0.251989,-0.33,-1.99,-12.25,8.25,38.6875,-0.212497,0,0,43.96071,0,0,1000,-50,-8.375
08.08.2026,02:43:53,130911,0,0.134844,0.1,-0.28,-12.6875,6.75,37.875,-0.182854,0,0,43.94242,0,0,1000,-50,-6.3125
08.08.2026,02:43:53,131017,0,-1.049276,0.07,0.85,-13.125,5.125,37.875,-0.165198,0,0,43.9259,0,0,1000,-50,-5.15625
08.08.2026,02:43:53,131123,0,-0.963964,0.94,2.18,-12.9375,5.9375,38.3125,-0.230745,0,0,43.90283,0,0,1000,-50,-6.65625
08.08.2026,02:43:53,131229,0,-0.618795,0.56,-0.8,-10.6875,10.25,39.9375,-0.240964,0,0,43.87873,0,0,1000,-50,-12.3125
08.08.2026,02:43:53,131335,0,-0.260652,0.6,-0.84,-9.25,10.3125,41.0625,-0.253235,0,0,43.85341,0,0,1000,-50,-16.6875
08.08.2026,02:43:53,131441,0,0.096296,0.21,-1.62,-9.5,9.5,42.375,-0.216067,0,0,43.8318,0,0,1000,-50,-17.0625
08.08.2026,02:43:53,131547,0,-0.168151,0.37,-1.48,-10.625,7.25,42.9375,-0.172669,0,0,43.81454,0,0,1000,-50,-14.25
08.08.2026,02:43:53,131653,0,-0.573124,0.98,-0.02,-11,7.1875,42.8125,-0.156327,0,0,43.7989,0,0,1000,-50,-12.15625
08.08.2026,02:43:53,131759,0,-0.948295,0.84,2.74,-10.25,7.4375,42.5,-0.150172,0,0,43.78389,0,0,1000,-50,-14.34375
08.08.2026,02:43:53,131865,0,-0.103279,-0.42,-0.03,-10.5625,10.4375,42.9375,-0.155987,0,0,43.76829,0,0,1000,-50,-13.71875
08.08.2026,02:43:53,131971,0,-0.309448,-0.26,-1.24,-11.9375,8.5625,42.1875,-0.119136,0,0,43.75637,0,0,1000,-50,-8.09375
08.08.2026,02:43:53,132077,0,-0.75524,-0.29,-2.27,-12.4375,6.1875,41.375,-0.130855,0,0,43.74329,0,0,1000,-50,-7.53125
08.08.2026,02:43:53,132183,0,-0.380571,-0.07,-1.15,-12.625,5.25,40.9375,-0.14519,0,0,43.72877,0,0,1000,-50,-6.8125
08.08.2026,02:43:53,132289,0,0.484317,0.11,1.09,-13.375,6.625,40.9375,-0.151997,0,0,43.71357,0,0,1000,-50,-5.625
08.08.2026,02:43:53,132395,0,-0.412854,0.85,2.21,-13.625,7.0625,40.5,-0.087968,0,0,43.70477,0,0,1000,-50,-3.9375
08.08.2026,02:43:53,132501,0,-0.470887,0.83,0.33,-12.25,8.9375,40.3125,-0.048978,0,0,43.69376,0,0,1000,-50,-10.125
08.08.2026,02:43:53,132607,0,-1.529312,0.64,-1.14,-10.4375,7.9375,40.1875,-0.111709,0,0,43.68259,0,0,1000,-50,-13.6875
08.08.2026,02:43:53,132713,0,-0.610997,0.34,-1.59,-9.25,8.5625,39.9375,-0.146878,0,0,43.6679,0,0,1000,-50,-16.6875
08.08.2026,02:43:53,132819,0,-0.296415,0.64,-1.15,-8.625,8.375,39.625,-0.142475,0,0,43.65365,0,0,1000,-50,-18.375
08.08.2026,02:43:53,132925,0,-0.083379,1.32,0.06,-7.8125,7.5,39.125,-0.094433,0,0,43.64421,0,0,1000,-50,-20.8125
08.08.2026,02:43:53,133031,0,-0.130924,1.02,2.03,-7.1875,5.9375,39.3125,-0.076321,0,0,43.63658,0,0,1000,-50,-23.4375
08.08.2026,02:43:53,133137,0,-0.748917,-0.25,0.62,-7.5625,6.5625,38.875,-0.06243,0,0,43.63033,0,0,1000,-50,-21.84375
08.08.2026,02:43:53,133243,0,-0.795059,-0.47,-1.12,-8.4375,5.25,36.9375,-0.119955,0,0,43.61834,0,0,1000,-50,-19.96875
08.08.2026,02:43:53,133349,0,-0.199975,-0.25,-1.39,-8.25,4.0625,36.5,-0.158105,0,0,43.60252,0,0,1000,-50,-20.1875
08.08.2026,02:43:53,133455,0,-0.245787,-0.17,-0.87,-8.5,2.5625,37.875,-0.130255,0,0,43.5895,0,0,1000,-50,-19.03125
08.08.2026,02:43:53,133561,0,-0.102523,-0.03,-0.06,-10,2.8125,40.3125,-0.101496,0,0,43.57935,0,0,1000,-50,-13.75
08.08.2026,02:43:53,133667,0,-1.120044,0.81,2.63,-12,3.125,41.625,-0.077074,0,0,43.57164,0,0,1000,-50,-7.59375
08.08.2026,02:43:53,133773,0,-0.735958,0.62,0.02,-12.3125,8.875,42,-0.12708,0,0,43.55893,0,0,1000,-50,-7.3125
08.08.2026,02:43:53,133879,0,0.257835,0.3,-0.87,-11.4375,10.1875,42.3125,-0.117932,0,0,43.54714,0,0,1000,-50,-10.3125
08.08.2026,02:43:53,133985,0,-0.169068,-0.34,-2.71,-12,8.625,43.375,-0.096309,0,0,43.53751,0,0,1000,-50,-9.9375
08.08.2026,02:43:53,134091,0,-0.03752,0,-2.13,-12.75,6.5,43.8125,-0.048157,0,0,43.53269,0,0,1000,-50,-5.96875
08.08.2026,02:43:53,134197,0,0.503414,0.95,0.58,-13.625,6.5,43.375,-0.029043,0,0,43.52979,0,0,1000,-50,-3.84375
08.08.2026,02:43:53,134303,0,0.502719,1.21,2.91,-13.5,7.125,43.1875,0.072323,0,0,43.53918,0,0,1000,-50,-4.65625
08.08.2026,02:43:53,134409,0,-0.419607,-0.14,-0.15,-13.25,7.875,42.625,0.148314,0,0,43.55402,0,0,1000,-50,-5.25
08.08.2026,02:43:53,134515,0,-0.174376,-0.11,-1.28,-14.375,5.8125,40.9375,0.091149,0,0,43.56313,0,0,1000,-50,-1.09375
08.08.2026,02:43:53,134621,0,-0.627307,-0.03,-2.29,-14.875,2.9375,39.125,0.098726,0,0,43.573,0,0,1000,-50,-0.21875
08.08.2026,02:43:53,134727,0,-0.382215,0.46,-0.73,-14.625,2.375,38.625,0.053883,0,0,43.57839,0,0,1000,-50,-0.5625
08.08.2026,02:43:53,134833,0,-0.273492,0.9,2.39,-13.9375,4.5625,39.125,0.039736,0,0,43.58237,0,0,1000,-50,-2.4375
08.08.2026,02:43:53,134939,0,0.065222,1.12,2.14,-13.1875,8.375,39.375,0.039984,0,0,43.58636,0,0,1000,-50,-4.6875
08.08.2026,02:43:53,135045,0,-0.916302,0.36,-0.75,-12,9.625,40,0.047383,0,0,43.5911,0,0,1000,-50,-7.875
08.08.2026,02:43:53,135151,0,-0.316141,0.27,-2.09,-11.3125,7.9375,41.4375,-0.004995,0,0,43.5906,0,0,1000,-50,-11.21875
08.08.2026,02:43:53,135257,0,-0.535443,-0.05,-2.45,-11.6875,4.625,44.125,-0.021726,0,0,43.58843,0,0,1000,-50,-10
08.08.2026,02:43:53,135363,0,0.105845,0.9,-0.23,-12,5.125,44.9375,-0.040035,0,0,43.58442,0,0,1000,-50,-9
08.08.2026,02:43:53,135469,0,-0.494063,1.83,2.35,-11.625,6.25,45.0625,-0.002869,0,0,43.58414,0,0,1000,-50,-9.5625
08.08.2026,02:43:53,135575,0,0.766217,0.68,1.22,-11.375,10.4375,46.375,-0.008701,0,0,43.58327,0,0,1000,-50,-11.03125
08.08.2026,02:43:53,135681,0,-0.235609,0.53,-0.83,-12.75,9.5625,46.5625,0.05677,0,0,43.58894,0,0,1000,-50,-7.34375
08.08.2026,02:43:53,135787,0,-0.376586,0.37,-1.96,-13,7.875,45.625,0.030404,0,0,43.59198,0,0,1000,-50,-5.65625
08.08.2026,02:43:53,135893,0,-0.418058,0.2,-2.59,-12.5625,6.4375,45.3125,0.045762,0,0,43.59656,0,0,1000,-50,-6.9375
08.08.2026,02:43:53,135999,0,0.191351,0.41,-0.15,-12.25,6.75,46.5,0.018372,0,0,43.5984,0,0,1000,-50,-8.40625
08.08.2026,02:43:53,136105,0,-0.24974,1.34,2.59,-12.4375,7.1875,47.6875,0.068351,0,0,43.60863,0,0,1000,-50,-7.53125
08.08.2026,02:43:53,136211,0,-0.334724,1.41,0.23,-11.375,9.25,49.75,0.086639,0,0,43.61729,0,0,1000,-50,-9.75
08.08.2026,02:43:53,136317,0,-0.046817,0.83,-1.18,-10,6.5,52.125,0.065062,0,0,43.6238,0,0,1000,-50,-13.6875
08.08.2026,02:43:53,136423,0,-0.589071,0.21,-3.03,-10.0625,2.25,54.125,0.07009,0,0,43.63081,0,0,1000,-50,-15.1875
08.08.2026,02:43:53,136529,0,-0.390186,0.41,-2.07,-10.375,-1.125,55.5,0.034686,0,0,43.63428,0,0,1000,-50,-13.71875
08.08.2026,02:43:53,136635,0,0.459187,1.42,0.25,-10.0625,0.5,56.125,0.019488,0,0,43.63623,0,0,1000,-50,-15.125
08.08.2026,02:43:53,136741,0,-0.033257,0.85,2.68,-9.25,2.375,56.75,0.076028,0,0,43.64383,0,0,1000,-50,-17.71875
08.08.2026,02:43:53,136847,0,-0.305984,0,-0.05,-10.3125,4.4375,56.625,0.084803,0,0,43.65231,0,0,1000,-50,-12.96875
08.08.2026,02:43:53,136953,0,-0.359077,0.17,-1,-11.6875,2.9375,54.8125,0.096161,0,0,43.66193,0,0,1000,-50,-9.15625
08.08.2026,02:43:53,137059,0,-0.621624,0.23,-2.11,-11,1.5625,53.3125,0.079204,0,0,43.66985,0,0,1000,-50,-12.9375
08.08.2026,02:43:53,137165,0,-0.093221,0.39,-0.69,-10.4375,1.75,53,0.049683,0,0,43.67481,0,0,1000,-50,-13.84375