Log_Date,Log_Time,Time,Depth,Ax,Ay,Az,pitch,roll,yaw,velocityx,velocityy,velocityz,distancex,distancey,distancez,rpm,rudderangle,sternangle
07.08.2026,22:57:47,357114,0,0,0,0,0,0,0,0,0,0,0,0,0,1000,-50,-40
07.08.2026,22:57:47,357220,0,0,0,0,0,0,0,0,0,0,0,0,0,1000,-50,-40
07.08.2026,22:57:47,357326,0,0,0,0,0,0,0,0,0,0,0,0,0,1000,-50,-40
07.08.2026,22:57:47,357432,0,0,0,0,0,0,0,0,0,0,0,0,0,1000,-50,-40
07.08.2026,22:57:47,357538,0,0,0,0,0,0,0,0,0,0,0,0,0,1000,-50,-40
07.08.2026,22:57:47,357644,0,0,0,0,0,0,0,0,0,0,0,0,0,1000,-50,-40
07.08.2026,22:57:47,357750,0,0,0,0,0,0,0,0,0,0,0,0,0,1000,-50,-40
07.08.2026,22:57:47,357856,0,0,0,0,0,0,0,0,0,0,0,0,0,1000,-50,-40
07.08.2026,22:57:47,357962,0,0,0,0,0,0,0,0,0,0,0,0,0,1000,-50,-40
07.08.2026,22:57:47,358068,0,0,0,0,0,0,0,0,0,0,0,0,0,1000,-50,-40
07.08.2026,22:57:47,358174,0,-0.76,1.64,-0.52,-6.75,-0.375,90,0,0,0,0,0,0,1000,-50,-24
07.08.2026,22:57:47,358280,0,0.290639,-0.17,-0.36,-15.625,-5.5625,90.125,-0.019871,0,0,-0.001987,0,0,1000,-50,1.875
07.08.2026,22:57:47,358386,0,0.231902,0.1,-0.42,-15.9375,-4.8125,90,-0.039264,0,0,-0.005914,0,0,1000,-50,2.4375
07.08.2026,22:57:47,358492,0,0.332238,-0.01,-0.47,-16.125,-4.4375,89.6875,-0.010455,0,0,-0.006959,0,0,1000,-50,3.53125
07.08.2026,22:57:47,358598,0,-0.03853,0.07,-0.23,-16.125,-5.875,89.25,0.023862,0,0,-0.004573,0,0,1000,-50,3.375
07.08.2026,22:57:47,358704,0,0.160467,0.04,-0.3,-16.125,-5.6875,89.1875,0.028686,0,0,0.001415,0,0,1000,-50,3.375
07.08.2026,22:57:47,358810,0,0.289545,0.07,-0.41,-16.4375,-4.875,89.1875,0.042378,0,0,0.005653,0,0,1000,-50,4.625
07.08.2026,22:57:47,358916,0,0.138182,0.02,-0.43,-16.875,-4.9375,89.125,0.058094,0,0,0.011462,0,0,1000,-50,5.9375
07.08.2026,22:57:47,359022,0,0.066314,-0.02,-0.38,-16.9375,-5.3125,89.0625,0.059538,0,0,0.017416,0,0,1000,-50,5.8125
07.08.2026,22:57:47,359128,0,0.162458,-0.04,-0.39,-16.6875,-5.0625,89.0625,0.060377,0,0,0.023454,0,0,1015,-50,5.4375
07.08.2026,22:57:47,359234,0,0.120299,0,-0.32,-16.5625,-5,89.0625,0.067133,0,0,0.030167,0,0,1040,-50,4.6875
07.08.2026,22:57:47,359340,0,0.129926,-0.02,-0.28,-16.5625,-5,89.0625,0.078745,0,0,0.038041,0,0,1065,-50,4.6875
07.08.2026,22:57:47,359446,0,0.209586,-0.03,-0.3,-16.5625,-5,89.0625,0.089387,0,0,0.04698,0,0,1095,-50,4.875
07.08.2026,22:57:47,359552,0,0.169302,0.04,-0.34,-16.4375,-5,89.0625,0.098513,0,0,0.056831,0,0,1120,-50,4.15625
07.08.2026,22:57:47,359658,0,0.239061,-0.08,-0.72,-16.25,-5.0625,89.1875,0.106676,0,0,0.067499,0,0,1145,-50,3.9375
07.08.2026,22:57:47,359764,0,0.247101,-0.4,-0.9,-15.5625,-4.625,270,0.112009,0,0,0.0787,0,0,1175,50,2.8125
07.08.2026,22:57:47,359870,0.008182,0.134971,-0.47,-0.75,-14.0625,-4.875,270.125,0.120989,0,0,0.090799,0,0,1200,0.65625,-4.592613
07.08.2026,22:57:47,359976,0.026592,0.173282,-0.13,-0.56,-12.75,-5.5,270.1875,0.131373,0,0,0.103936,0,0,1225,0.75,-6.52153
07.08.2026,22:57:47,360082,0.058299,-0.157863,0.01,-0.29,-11.5625,-7.0625,270.0625,0.141756,0,0,0.118112,0,0,1255,0.5,-9.175507
07.08.2026,22:57:47,360188,0.068527,0.293151,-0.05,-0.43,-11.25,-7,270,0.141221,0,0,0.132234,0,0,1280,0,-9.036819
07.08.2026,22:57:47,360294,0.100233,0.045025,-0.07,-0.33,-10.9375,-6.5,270,0.13596,0,0,0.14583,0,0,1300,0,-8.28389
07.08.2026,22:57:47,360400,0.12478,0.42459,-0.02,-0.7,-10.875,-6.125,269.9375,0.160133,0,0,0.176733,0,0,1300,-0.25,-7.741783
07.08.2026,22:57:47,360507,0.164668,0.374385,-0.11,-0.62,-11.125,-6.875,269.875,0.178425,0,0,0.194575,0,0,1300,-0.5,-6.832703
07.08.2026,22:57:47,360613,0.183078,0.344957,-0.73,-0.52,-12,-6,269.9375,0.173918,0,0,0.211967,0,0,1300,-0.75,-3.834877
07.08.2026,22:57:47,360719,0.206602,0.303033,-0.47,-0.09,-12.875,-5.1875,270.1875,0.20033,0,0,0.232,0,0,1300,0.5,-0.132553
07.08.2026,22:57:47,360825,0.226035,0.142031,-0.36,-0.02,-13.875,-7.0625,270.375,0.218598,0,0,0.25386,0,0,1300,1.65625,3.024265
07.08.2026,22:57:47,360931,0.237286,-0.097596,-0.37,0.29,-15.125,-10.9375,270.5625,0.224427,0,0,0.276302,0,0,1300,2.40625,9.106117
07.08.2026,22:57:47,361037,0.263878,-0.316359,-0.23,0.34,-16.3125,-14.6875,270.8125,0.222403,0,0,0.298543,0,0,1300,3.40625,13.55561
07.08.2026,22:57:47,361143,0.280243,0.026295,-0.28,0.12,-17.25,-16.5625,271.375,0.207562,0,0,0.319299,0,0,1300,5.46875,16.75736
07.08.2026,22:57:47,361249,0.280243,0.027362,-0.19,0.1,-17.5625,-15.3125,272,0.20719,0,0,0.340018,0,0,1300,8.625,15.79079
07.08.2026,22:57:47,361355,0.28638,0.048017,-0.25,0.1,-17.8125,-12.5,272.6875,0.210568,0,0,0.361075,0,0,1300,11.53125,17.64539
07.08.2026,22:57:47,361461,0.306835,0.118157,-0.19,-0.03,-18,-10.0625,273.3125,0.218566,0,0,0.382931,0,0,1300,13.71875,19.22044
07.08.2026,22:57:47,361567,0.315018,0.216994,-0.15,-0.16,-17.9375,-8.5,274.25,0.238119,0,0,0.406743,0,0,1300,16.25,18.8801
07.08.2026,22:57:47,361673,0.326268,0.226121,-0.13,-0.2,-17.75,-9.4375,274.875,0.254907,0,0,0.432234,0,0,1300,18.75,18.56306
07.08.2026,22:57:47,361779,0.335473,0.09507,-0.09,-0.05,-17.375,-11.625,275.5,0.273088,0,0,0.459543,0,0,1300,21.5,18.1165
07.08.2026,22:57:47,361885,0.342633,0.174435,-0.1,-0.03,-17,-14.125,276.0625,0.287425,0,0,0.488285,0,0,1300,24.5625,16.071
07.08.2026,22:57:47,361991,0.355929,-0.175685,-0.08,0.06,-16.5625,-15.5625,276.625,0.29711,0,0,0.517996,0,0,1300,26.96875,14.77389
07.08.2026,22:57:47,362097,0.351838,0.096397,-0.07,0.11,-16.0625,-14.875,277.4375,0.287608,0,0,0.546757,0,0,1300,29.21875,14.38813
07.08.2026,22:57:47,362203,0.36002,0.285769,-0.07,0,-15.75,-13.1875,278.0625,0.31444,0,0,0.608368,0,0,1300,32.71875,14.22054
07.08.2026,22:57:47,362309,0.368202,0.445273,-0.06,-0.18,-15.5625,-11.3125,278.6875,0.333773,0,0,0.641745,0,0,1300,35.21875,12.4273
07.08.2026,22:57:47,362415,0.362066,0.373996,0,-0.28,-15.5,-10.125,279.25,0.371204,0,0,0.678866,0,0,1300,37.46875,12.42334
07.08.2026,22:57:47,362521,0.357975,0.360574,-0.09,-0.23,-15.625,-10.25,279.625,0.397946,0,0,0.71866,0,0,1300,38.5,12.86254
07.08.2026,22:57:47,362627,0.350815,0.126586,-0.03,-0.32,-15.9375,-11.75,280.0625,0.42041,0,0,0.760701,0,0,1300,39.75,12.96479
07.08.2026,22:57:47,362733,0.343656,0.046314,-0.02,-0.18,-16.3125,-13.1875,280.375,0.429875,0,0,0.803689,0,0,1300,41,13.34715
07.08.2026,22:57:47,362839,0.34877,0.22704,-0.05,-0.14,-16.6875,-14,280.75,0.430725,0,0,0.846761,0,0,1300,43.46875,15.81023
07.08.2026,22:57:47,362945,0.338542,0.286194,-0.05,-0.1,-17.125,-14,281.125,0.444929,0,0,0.891254,0,0,1300,44.5,17.21479
07.08.2026,22:57:47,363051,0.331382,0.065371,0,-0.2,-17.75,-13.0625,281.75,0.458751,0,0,0.937129,0,0,1300,46.5,18.4915
07.08.2026,22:57:47,363157,0.336496,0.244384,0.09,-0.24,-18.25,-12.0625,282.25,0.473781,0,0,0.984507,0,0,1300,48.5,19.50057
07.08.2026,22:57:47,363263,0.325245,0.222901,0.01,-0.28,-18.8125,-11.375,282.75,0.492828,0,0,1.03379,0,0,1300,50,20.69713
07.08.2026,22:57:47,363369,0.328314,0.341053,-0.01,-0.37,-19.4375,-11.4375,283.125,0.514731,0,0,1.085263,0,0,1300,50,23.2011
07.08.2026,22:57:47,363475,0.315018,0.298681,0.04,-0.45,-20,-12.0625,283.4375,0.540801,0,0,1.139343,0,0,1300,50,23.84819
07.08.2026,22:57:47,363581,0.311949,-0.022852,0.03,-0.3,-20.6875,-13,283.8125,0.559283,0,0,1.195272,0,0,1300,50,26.14313
07.08.2026,22:57:47,363687,0.318086,0.007266,-0.02,-0.21,-21.125,-13.1875,284.0625,0.563254,0,0,1.251597,0,0,1300,50,28.69316
07.08.2026,22:57:47,363793,0.313995,0.187237,-0.04,-0.31,-21.5,-12.9375,284.125,0.568428,0,0,1.30844,0,0,1300,50,29.99943
07.08.2026,22:57:47,363899,0.301721,0.177944,0.06,-0.37,-21.9375,-12.3125,284.1875,0.567132,0,0,1.365153,0,0,1300,50,30.08459
07.08.2026,22:57:47,364005,0.329337,0.157367,-0.04,-0.29,-22.375,-11.5625,284.125,0.589657,0,0,1.481818,0,0,1300,50,32.77785
07.08.2026,22:57:47,364111,0.317063,0.175196,-0.01,-0.58,-22.9375,-10.875,284.0625,0.605045,0,0,1.542323,0,0,1300,50,33.47102
07.08.2026,22:57:47,364217,0.327291,0.194468,0.05,-0.39,-23.375,-11,284,0.61557,0,0,1.60388,0,0,1300,50,35.30513
07.08.2026,22:57:47,364323,0.324223,0.073895,-0.07,-0.42,-23.75,-11.4375,283.875,0.624551,0,0,1.666335,0,0,1300,50,36.82903
07.08.2026,22:57:47,364429,0.331382,0.013605,0,-0.37,-24.0625,-11.875,283.875,0.630868,0,0,1.729422,0,0,1300,50,38.04607
07.08.2026,22:57:47,364535,0.339564,0.303937,-0.04,-0.38,-24.375,-12.125,283.8125,0.631575,0,0,1.792579,0,0,1300,50,39.29947
07.08.2026,22:57:47,364641,0.352861,0.052935,-0.09,-0.22,-24.625,-12.125,283.8125,0.644088,0,0,1.856988,0,0,1300,50,39.76709
07.08.2026,22:57:47,364747,0.355929,-0.037258,-0.02,-0.33,-24.8125,-12,283.8125,0.649171,0,0,1.921905,0,0,1300,50,39.25566
07.08.2026,22:57:47,364853,0.373316,0.411665,0.03,-0.47,-25.0625,-11.75,283.8125,0.662043,0,0,1.988109,0,0,1300,50,40
07.08.2026,22:57:47,364959,0.371271,-0.029822,-0.08,-0.41,-25.25,-11.625,283.8125,0.678338,0,0,2.055943,0,0,1300,50,40
07.08.2026,22:57:47,365065,0.379453,-0.149929,-0.07,-0.18,-25.5,-11.6875,283.8125,0.681948,0,0,2.124138,0,0,1300,50,40
07.08.2026,22:57:47,365171,0.382521,0.160351,-0.12,-0.41,-25.75,-11.8125,283.875,0.682016,0,0,2.19234,0,0,1300,50,40
07.08.2026,22:57:47,365277,0.399909,-0.079802,-0.05,-0.25,-26,-11.875,283.875,0.685965,0,0,2.260936,0,0,1300,50,40
07.08.2026,22:57:47,365383,0.399909,0.04992,-0.05,-0.48,-26.1875,-11.9375,283.8125,0.690964,0,0,2.330033,0,0,1300,50,40
07.08.2026,22:57:47,365489,0.435706,0.048948,0,-0.33,-26.3125,-11.8125,283.6875,0.702139,0,0,2.400246,0,0,1300,50,40
07.08.2026,22:57:47,365595,0.434683,0.028668,-0.06,-0.37,-26.375,-11.625,283.4375,0.706805,0,0,2.470927,0,0,1300,50,40
07.08.2026,22:57:47,365701,0.444911,-0.02073,-0.11,-0.25,-26.375,-11.375,283.25,0.706347,0,0,2.611898,0,0,1300,50,40
07.08.2026,22:57:47,365807,0.465367,0.179174,-0.1,-0.32,-26.3125,-11.1875,283.0625,0.704529,0,0,2.682351,0,0,1300,50,40
07.08.2026,22:57:47,365913,0.474572,-0.140402,-0.07,-0.13,-26.25,-11.125,282.875,0.708173,0,0,2.753169,0,0,1300,50,40
07.08.2026,22:57:47,366019,0.502187,0.059427,-0.07,-0.45,-26.0625,-11.25,282.625,0.70731,0,0,2.8239,0,0,1300,50,40
07.08.2026,22:57:47,366125,0.50321,0.239046,-0.06,-0.2,-25.8125,-11.5,282.375,0.715673,0,0,2.895467,0,0,1300,49.75,40
07.08.2026,22:57:47,366231,0.525711,0.048313,-0.07,-0.26,-25.5625,-11.625,282.1875,0.724219,0,0,2.967889,0,0,1300,49,40
07.08.2026,22:57:47,366337,0.519575,-0.110697,-0.05,-0.2,-25.375,-11.75,282,0.716781,0,0,3.039567,0,0,1300,47.84375,40
07.08.2026,22:57:47,366443,0.542076,0.149939,-0.09,-0.41,-25.1875,-11.8125,281.75,0.712745,0,0,3.110841,0,0,1300,47,40
07.08.2026,22:57:47,366549,0.546167,0.220623,-0.08,-0.39,-24.9375,-11.75,281.3125,0.708369,0,0,3.181678,0,0,1300,45.75,40
07.08.2026,22:57:47,366655,0.559463,0.160277,-0.01,-0.37,-24.75,-11.5625,281,0.713543,0,0,3.253032,0,0,1300,44.5,40
07.08.2026,22:57:47,366761,0.57685,0.189438,-0.03,-0.42,-24.625,-11.1875,280.625,0.723134,0,0,3.325346,0,0,1300,42.1875,40
07.08.2026,22:57:47,366867,0.594238,-0.031498,-0.03,-0.3,-24.5,-10.9375,280.1875,0.733405,0,0,3.398686,0,0,1300,40.28125,40
07.08.2026,22:57:47,366973,0.616739,-0.210323,-0.07,-0.23,-24.5625,-10.8125,279.75,0.724006,0,0,3.471087,0,0,1300,38.6875,40
07.08.2026,22:57:47,367079,0.608557,-0.129171,-0.08,-0.21,-24.6875,-10.875,279.125,0.715037,0,0,3.54259,0,0,1300,36.78125,40
07.08.2026,22:57:47,367185,0.606511,0.131516,-0.07,-0.36,-24.875,-11,278.625,0.710542,0,0,3.613645,0,0,1300,34.03125,40
07.08.2026,22:57:47,367291,0.624921,-0.067029,-0.03,-0.31,-25,-11.125,278.125,0.699072,0,0,3.683552,0,0,1300,32.03125,40
07.08.2026,22:57:47,367397,0.644354,0.202237,-0.05,-0.44,-25.125,-11.1875,277.5625,0.708048,0,0,3.754357,0,0,1300,29.78125,40
07.08.2026,22:57:47,367503,0.66481,-0.017851,0.03,-0.37,-25.1875,-11.0625,277,0.701045,0,0,3.895547,0,0,1300,27.53125,40
07.08.2026,22:57:47,367609,0.675038,-0.265423,-0.05,-0.3,-25.1875,-10.875,276.1875,0.692543,0,0,3.964802,0,0,1300,25.5,40
07.08.2026,22:57:47,367715,0.675038,-0.253569,-0.05,-0.22,-25.125,-10.75,275.5625,0.677768,0,0,4.032578,0,0,1300,23,40
07.08.2026,22:57:47,367821,0.703676,0.217954,-0.04,-0.46,-25.0625,-10.625,275,0.666362,0,0,4.099215,0,0,1300,20.75,40
07.08.2026,22:57:47,367927,0.709812,-0.052554,-0.11,-0.18,-24.875,-10.5625,274.5,0.673963,0,0,4.166611,0,0,1300,17.53125,40
07.08.2026,22:57:47,368033,0.722086,0.116991,-0.01,-0.21,-24.625,-10.625,274,0.680923,0,0,4.234703,0,0,1300,15.53125,40
07.08.2026,22:57:47,368139,0.73845,0.15756,0.02,-0.36,-24.25,-10.6875,273.375,0.678266,0,0,4.30253,0,0,1300,13.53125,40
07.08.2026,22:57:47,368245,0.755838,-0.081164,-0.07,-0.32,-24,-10.75,272.875,0.669128,0,0,4.369442,0,0,1300,11.03125,40
07.08.2026,22:57:47,368351,0.769134,-0.259148,-0.05,-0.16,-23.75,-10.75,272.375,0.653343,0,0,4.434777,0,0,1300,9.03125,40
07.08.2026,22:57:47,368457,0.767088,0.112005,-0.07,-0.31,-23.5,-10.75,271.9375,0.645858,0,0,4.499362,0,0,1300,7.4375,40
07.08.2026,22:57:47,368563,0.788567,-0.167452,-0.08,-0.19,-23.3125,-10.75,271.5,0.644181,0,0,4.563781,0,0,1300,6,40
07.08.2026,22:57:47,368669,0.790612,-0.087396,0.01,-0.25,-22.9375,-10.875,271,0.647028,0,0,4.628484,0,0,1300,4.5,40
07.08.2026,22:57:47,368775,0.816182,0.191993,-0.03,-0.29,-22.75,-11.0625,270.75,0.655992,0,0,4.694083,0,0,1300,2.6875,40
07.08.2026,22:57:47,368881,0.841752,0.091936,-0.02,-0.47,-22.625,-11.0625,270.625,0.659653,0,0,4.760048,0,0,1300,2.5,40
07.08.2026,22:57:47,368987,0.824364,-0.027214,-0.09,-0.28,-22.5,-10.875,270.5,0.654844,0,0,4.825533,0,0,1300,2,40
07.08.2026,22:57:47,369093,0.831524,-0.076769,-0.07,-0.15,-22.375,-10.625,270.4375,0.65388,0,0,4.890921,0,0,1300,1.75,40
07.08.2026,22:57:47,369199,0.848911,0.033385,-0.09,-0.35,-22.375,-10.625,270.4375,0.65563,0,0,4.956484,0,0,1300,1.75,40
07.08.2026,22:57:47,369305,0.843797,0.12426,-0.03,-0.43,-22.375,-10.8125,270.4375,0.658773,0,0,5.087429,0,0,1300,1.75,40
07.08.2026,22:57:47,369411,0.868344,0.193734,-0.08,-0.33,-22.375,-11.1875,270.5,0.663849,0,0,5.153813,0,0,1300,2.15625,40
07.08.2026,22:57:47,369517,0.882663,0.023517,0,-0.15,-22.375,-11.4375,270.5625,0.672186,0,0,5.221032,0,0,1300,2.40625,40
07.08.2026,22:57:47,369623,0.879595,0.122868,0.01,-0.33,-22.375,-11.625,270.75,0.675601,0,0,5.288592,0,0,1300,2.90625,40
07.08.2026,22:57:47,369729,0.902096,0.052629,-0.07,-0.32,-22.375,-11.625,270.9375,0.680528,0,0,5.356645,0,0,1300,3.90625,40
07.08.2026,22:57:47,369835,0.891868,0.012685,-0.09,-0.12,-22.375,-11.4375,271.125,0.682612,0,0,5.424906,0,0,1300,4.65625,40
07.08.2026,22:57:47,369941,0.906187,0.302554,-0.1,-0.36,-22.3125,-11.1875,271.3125,0.686391,0,0,5.493546,0,0,1300,5.40625,40
07.08.2026,22:57:47,370047,0.920506,0.091656,-0.1,-0.25,-22.375,-10.9375,271.4375,0.697175,0,0,5.563263,0,0,1300,5.75,40
07.08.2026,22:57:47,370153,0.929711,0.080468,-0.03,-0.25,-22.375,-10.9375,271.6875,0.710407,0,0,5.634304,0,0,1300,6.5,40
07.08.2026,22:57:47,370259,0.922552,0.379609,-0.1,-0.38,-22.4375,-11.125,271.8125,0.720299,0,0,5.706334,0,0,1300,7,40
07.08.2026,22:57:47,370365,0.932779,0.228127,-0.05,-0.45,-22.4375,-11.375,272,0.735727,0,0,5.779906,0,0,1300,8.15625,40
07.08.2026,22:57:47,370471,0.956304,0.067752,-0.1,-0.33,-22.5,-11.6875,272.1875,0.740566,0,0,5.853963,0,0,1300,8.90625,40
07.08.2026,22:57:47,370577,0.952212,-0.0127,-0.08,-0.15,-22.625,-11.8125,272.5625,0.746001,0,0,5.928563,0,0,1300,9.90625,40
07.08.2026,22:57:47,370683,0.966531,0.166996,-0.08,-0.29,-22.6875,-11.6875,272.8125,0.749941,0,0,6.003557,0,0,1300,11.40625,40
07.08.2026,22:57:47,370789,0.984941,0.236463,-0.01,-0.28,-22.75,-11.5,273.125,0.755901,0,0,6.079147,0,0,1300,12.8125,40
07.08.2026,22:57:47,370895,0.986987,0.305016,-0.14,-0.32,-22.8125,-11.3125,273.4375,0.77018,0,0,6.156166,0,0,1300,14.0625,40
07.08.2026,22:57:47,371001,0.98085,0.084198,-0.04,-0.18,-22.8125,-11.3125,273.75,0.793717,0,0,6.313366,0,0,1300,15,40
07.08.2026,22:57:47,371107,1.005397,0.251148,-0.01,-0.23,-22.8125,-11.5,274.1875,0.806805,0,0,6.394046,0,0,1300,16.25,40
07.08.2026,22:57:47,371213,1.019716,0.110427,-0.1,-0.32,-22.75,-11.8125,274.5625,0.813098,0,0,6.475356,0,0,1300,17.75,40
07.08.2026,22:57:47,371319,1.014602,0.209229,-0.09,-0.18,-22.6875,-12,274.9375,0.823647,0,0,6.557721,0,0,1300,19.25,40
07.08.2026,22:57:47,371425,1.046309,0.278186,-0.14,-0.3,-22.625,-12.125,275.3125,0.832483,0,0,6.640969,0,0,1300,21.5625,40
07.08.2026,22:57:47,371531,1.065741,0.068186,-0.11,-0.2,-22.5,-12,275.6875,0.836849,0,0,6.724654,0,0,1300,22.75,40
07.08.2026,22:57:47,371637,1.057559,0.036214,-0.07,-0.1,-22.4375,-11.5625,276.1875,0.848534,0,0,6.809507,0,0,1300,24.25,40
07.08.2026,22:57:47,371743,1.062673,0.364904,-0.12,-0.33,-22.375,-11.3125,276.5,0.859186,0,0,6.895426,0,0,1300,25.5,40
07.08.2026,22:57:47,371849,1.079038,0.242907,-0.05,-0.35,-22.25,-11.3125,276.75,0.8759,0,0,6.983016,0,0,1300,27.3125,40
07.08.2026,22:57:47,371955,1.076992,0.121681,-0.06,-0.37,-22.1875,-11.5625,276.9375,0.885023,0,0,7.071518,0,0,1300,27.90625,40
07.08.2026,22:57:47,372061,1.097448,0.090632,-0.03,-0.13,-22.125,-11.875,277.1875,0.892256,0,0,7.160744,0,0,1300,28.90625,40
07.08.2026,22:57:47,372167,1.097448,-0.010015,-0.11,-0.16,-22.0625,-12.0625,277.5,0.895563,0,0,7.2503,0,0,1300,29.75,40
07.08.2026,22:57:47,372273,1.109721,0.289961,-0.13,-0.37,-22,-12,277.75,0.893016,0,0,7.339602,0,0,1300,31.3125,40
07.08.2026,22:57:47,372379,1.119949,0.088122,0.31,-0.13,-21.9375,-11.75,277.9375,0.900329,0,0,7.429635,0,0,1000,31.90625,40
07.08.2026,22:57:47,372485,1.141428,0.029366,0.29,-0.27,-21.9375,-10.375,278.0625,0.876405,0,0,7.517276,0,0,1000,32.25,40
07.08.2026,22:57:47,372591,1.152678,0.110282,0.2,-0.38,-21.9375,-7.0625,278.1875,0.844584,0,0,7.601734,0,0,1000,32.75,40
07.08.2026,22:57:47,372697,1.150633,0.250838,0.17,-0.41,-22,-5,278.25,0.818659,0,0,7.6836,0,0,1000,33,40
07.08.2026,22:57:47,372803,1.16086,0.18099,0.09,-0.53,-22,-4.5625,278.1875,0.774053,0,0,7.840893,0,0,1000,32.59375,40
07.08.2026,22:57:47,372909,1.169043,0.030829,0.05,-0.38,-22,-5.625,278.125,0.747429,0,0,7.915636,0,0,1000,32.5,40
07.08.2026,22:57:47,373015,1.176202,-0.089587,0.02,-0.25,-22,-7.5625,277.9375,0.706034,0,0,7.986239,0,0,1000,31.59375,40
07.08.2026,22:57:47,373121,1.182339,-0.160178,0.01,-0.19,-21.9375,-9.625,277.75,0.653901,0,0,8.05163,0,0,1000,30.84375,40
07.08.2026,22:57:47,373227,1.181316,-0.149978,0,-0.2,-21.9375,-9.9375,277.5625,0.598276,0,0,8.111458,0,0,1000,30.09375,40
07.08.2026,22:57:47,373333,1.197681,-0.099314,0,-0.25,-21.875,-9.3125,277.4375,0.542989,0,0,8.165757,0,0,1000,29.75,40
07.08.2026,22:57:47,373439,1.183362,-0.038177,-0.04,-0.27,-21.875,-8.0625,277.3125,0.492378,0,0,8.214995,0,0,1000,29.25,40
07.08.2026,22:57:47,373545,1.189498,-0.036586,-0.03,-0.3,-21.8125,-6.8125,277.125,0.447207,0,0,8.259716,0,0,1000,28.5,40
07.08.2026,22:57:47,373651,1.183362,-0.024508,-0.03,-0.34,-21.875,-6.125,277,0.404388,0,0,8.300155,0,0,1000,28.25,40
07.08.2026,22:57:47,373757,1.180293,-0.081883,-0.05,-0.3,-22,-6.5,276.875,0.362134,0,0,8.336368,0,0,1000,27.75,40
07.08.2026,22:57:47,373863,1.184384,-0.128577,-0.05,-0.29,-22.125,-7.3125,276.75,0.316816,0,0,8.36805,0,0,1000,27.25,40
07.08.2026,22:57:47,373969,1.165974,-0.164441,-0.04,-0.28,-22.25,-8.25,276.625,0.268089,0,0,8.394858,0,0,1000,26.5,40
07.08.2026,22:57:47,374075,1.176202,-0.16936,-0.04,-0.24,-22.3125,-8.8125,276.375,0.217693,0,0,8.416628,0,0,1000,25.59375,40
07.08.2026,22:57:47,374181,1.169043,-0.163281,-0.06,-0.27,-22.4375,-8.5625,276.25,0.168331,0,0,8.433461,0,0,1000,24.84375,40
07.08.2026,22:57:47,374287,1.164952,-0.12615,-0.05,-0.3,-22.5,-7.875,276.125,0.11967,0,0,8.445428,0,0,1000,24.5,40
07.08.2026,22:57:47,374393,1.152678,-0.118088,-0.04,-0.32,-22.625,-7.125,276,0.078705,0,0,8.453299,0,0,1000,23.84375,40
07.08.2026,22:57:47,374499,1.158815,-0.109152,-0.07,-0.33,-22.6875,-6.6875,275.8125,0.042114,0,0,8.45751,0,0,1000,23.09375,40
07.08.2026,22:57:47,374605,1.152678,-0.088927,-0.07,-0.31,-22.8125,-6.8125,275.625,-0.018196,0,0,8.456682,0,0,1000,22.75,40
07.08.2026,22:57:47,374711,1.14245,-0.127689,-0.05,-0.27,-22.875,-7.25,275.4375,-0.045943,0,0,8.452088,0,0,1000,22,40
07.08.2026,22:57:47,374817,1.132222,-0.1457,-0.07,-0.27,-22.875,-7.8125,275.25,-0.07243,0,0,8.444845,0,0,1000,21.25,40
07.08.2026,22:57:47,374923,1.1312,-0.1557,-0.06,-0.27,-22.8125,-8.1875,275.0625,-0.097594,0,0,8.435086,0,0,1000,20.25,40
07.08.2026,22:57:47,375029,1.120972,-0.132973,-0.08,-0.25,-22.8125,-8.25,274.9375,-0.120559,0,0,8.42303,0,0,1000,19.75,40
07.08.2026,22:57:47,375135,1.108698,-0.105566,-0.07,-0.28,-22.75,-7.8125,274.6875,-0.138358,0,0,8.409194,0,0,1000,19,40
07.08.2026,22:57:47,375241,1.111767,-0.061159,-0.07,-0.29,-22.75,-7.375,274.5625,-0.151009,0,0,8.394094,0,0,1000,18.09375,40
07.08.2026,22:57:47,375347,1.101539,-0.066453,-0.09,-0.32,-22.75,-7.125,274.375,-0.159294,0,0,8.378164,0,0,1000,17.34375,40
07.08.2026,22:57:47,375453,1.090288,-0.051506,-0.1,-0.31,-22.6875,-7.125,274.25,-0.165644,0,0,8.3616,0,0,1000,17,40
07.08.2026,22:57:47,375559,1.075969,-0.076421,-0.07,-0.31,-22.6875,-7.5,274,-0.16859,0,0,8.344741,0,0,1000,16.09375,40
07.08.2026,22:57:47,375665,1.06881,-0.081196,-0.06,-0.3,-22.6875,-7.8125,273.875,-0.171687,0,0,8.327572,0,0,1000,15.34375,40
07.08.2026,22:57:47,375771,1.057559,-0.07583,-0.04,-0.29,-22.625,-8.0625,273.6875,-0.1749,0,0,8.310081,0,0,1000,14.59375,40
07.08.2026,22:57:47,375877,1.052445,-0.060352,-0.05,-0.27,-22.625,-8.125,273.5625,-0.177305,0,0,8.292351,0,0,1000,14.09375,40
07.08.2026,22:57:47,375983,1.025853,-0.054815,-0.05,-0.3,-22.625,-7.9375,273.4375,-0.178088,0,0,8.274542,0,0,1000,13.59375,40
07.08.2026,22:57:47,376089,1.016648,-0.009288,-0.07,-0.29,-22.5625,-7.5,273.3125,-0.176811,0,0,8.256861,0,0,1000,13.25,40
07.08.2026,22:57:47,376195,1.007443,0.006136,-0.05,-0.31,-22.5625,-7.3125,273.1875,-0.172662,0,0,8.239594,0,0,1000,13,40
07.08.2026,22:57:47,376301,1.000283,0.001355,-0.05,-0.28,-22.5625,-7.3125,273.1875,-0.159133,0,0,8.207138,0,0,1000,12.75,40
07.08.2026,22:57:47,376407,0.986987,0.016392,-0.06,-0.33,-22.5625,-7.4375,273.1875,-0.152481,0,0,8.19189,0,0,1000,12.75,40
07.08.2026,22:57:47,376513,0.9696,0.021233,-0.08,-0.29,-22.5625,-7.625,273.1875,-0.145668,0,0,8.177323,0,0,1000,12.75,40
07.08.2026,22:57:47,376619,0.952212,0.020301,-0.07,-0.29,-22.5625,-7.9375,273.3125,-0.138952,0,0,8.163428,0,0,1000,13,40
07.08.2026,22:57:47,376725,0.946076,0.054521,-0.07,-0.29,-22.5625,-8.0625,273.5,-0.132117,0,0,8.150217,0,0,1000,14.15625,40
07.08.2026,22:57:47,376831,0.924597,0.058461,-0.1,-0.27,-22.5,-8.0625,273.75,-0.123212,0,0,8.137896,0,0,1000,15.3125,40
07.08.2026,22:57:47,376937,0.909255,0.052125,-0.1,-0.27,-22.5,-7.9375,274,-0.114494,0,0,8.126446,0,0,1000,16.15625,40
07.08.2026,22:57:47,377043,0.899028,0.085501,-0.09,-0.31,-22.4375,-7.8125,274.375,-0.105395,0,0,8.115907,0,0,1000,17.5,40
07.08.2026,22:57:47,377149,0.880617,0.088534,-0.12,-0.26,-22.3125,-7.8125,274.875,-0.094714,0,0,8.106436,0,0,1000,19,40
07.08.2026,22:57:47,377255,0.847888,0.111211,-0.1,-0.29,-22.1875,-8,275.375,-0.083575,0,0,8.098079,0,0,1000,20.75,40
07.08.2026,22:57:47,377361,0.834592,0.103547,-0.1,-0.27,-21.9375,-8.3125,275.8125,-0.072933,0,0,8.090785,0,0,1000,23.25,40
07.08.2026,22:57:47,377467,0.821296,0.095597,-0.12,-0.26,-21.6875,-8.5,276.3125,-0.064031,0,0,8.084382,0,0,1000,25.25,40
07.08.2026,22:57:47,377573,0.802886,0.097395,-0.12,-0.25,-21.3125,-8.625,276.875,-0.056189,0,0,8.078763,0,0,1000,26.75,40
07.08.2026,22:57:47,377679,0.792658,0.128922,-0.14,-0.29,-21,-8.5625,277.375,-0.047753,0,0,8.073988,0,0,1000,28.75,40
07.08.2026,22:57:47,377785,0.775271,0.130199,-0.13,-0.26,-20.625,-8.5,277.8125,-0.039993,0,0,8.069988,0,0,1000,31.5625,40
07.08.2026,22:57:47,377891,0.752769,0.131224,-0.14,-0.23,-20.25,-8.375,278.3125,-0.032086,0,0,8.06678,0,0,1000,33.5625,37.40691
07.08.2026,22:57:47,377997,0.749701,0.122009,-0.14,-0.27,-19.8125,-8.1875,278.8125,-0.024628,0,0,8.064318,0,0,1000,35.5625,36.70808
07.08.2026,22:57:47,378103,0.722086,0.092598,-0.13,-0.24,-19.3125,-8.1875,279.5,-0.012302,0,0,8.061239,0,0,1000,38.125,33.21762
07.08.2026,22:57:47,378209,0.705721,0.102989,-0.16,-0.28,-18.9375,-8.25,280,-0.009458,0,0,8.060293,0,0,1000,40.46875,32.08582
07.08.2026,22:57:47,378315,0.694471,0.05329,-0.13,-0.27,-18.6875,-8.375,280.5,-0.00709,0,0,8.059585,0,0,1000,42.46875,31.43354
07.08.2026,22:57:47,378421,0.678106,0.093515,-0.14,-0.26,-18.375,-8.5625,281,-0.0055,0,0,8.059034,0,0,1000,44.3125,29.87953
07.08.2026,22:57:47,378527,0.659696,0.09369,-0.14,-0.24,-18.125,-8.625,281.625,-0.00434,0,0,8.0586,0,0,1000,46.5,28.73631
07.08.2026,22:57:47,378633,0.649468,0.103921,-0.15,-0.25,-17.875,-8.5,282.5,-0.002951,0,0,8.058306,0,0,1000,49,28.29655
07.08.2026,22:57:47,378739,0.623899,0.103978,-0.15,-0.28,-17.6875,-8.375,283.1875,-0.001808,0,0,8.058125,0,0,1000,50,26.78286
07.08.2026,22:57:47,378845,0.610602,0.12397,-0.13,-0.24,-17.5625,-8.3125,283.9375,0.00025,0,0,8.058149,0,0,1000,50,25.85555
07.08.2026,22:57:47,378951,0.582987,0.123861,-0.14,-0.29,-17.375,-8.3125,284.75,0.003444,0,0,8.058494,0,0,1000,50,24.7652
07.08.2026,22:57:47,379057,0.570714,0.11369,-0.13,-0.26,-17.1875,-8.4375,285.9375,0.005431,0,0,8.059037,0,0,1000,50,23.99131
07.08.2026,22:57:47,379163,0.551281,0.113468,-0.15,-0.25,-17.0625,-8.5625,286.8125,0.007051,0,0,8.059742,0,0,1000,50,22.05145
07.08.2026,22:57:47,379269,0.527757,0.123192,-0.15,-0.23,-16.9375,-8.6875,287.8125,0.008776,0,0,8.060619,0,0,1000,50,22.17022
07.08.2026,22:57:47,379375,0.512415,0.122864,-0.14,-0.23,-16.75,-8.75,288.875,0.01041,0,0,8.061661,0,0,1000,50,19.94458
07.08.2026,22:57:47,379481,0.499119,0.14248,-0.17,-0.22,-16.625,-8.6875,290,0.012214,0,0,8.062882,0,0,1000,50,18.89454
07.08.2026,22:57:47,379587,0.487868,0.12203,-0.14,-0.2,-16.4375,-8.625,291.5625,0.014334,0,0,8.064316,0,0,1000,50,18.36613
07.08.2026,22:57:47,379693,0.462299,0.121519,-0.14,-0.22,-16.375,-8.5625,292.6875,0.016281,0,0,8.065944,0,0,1000,50,17.65644
07.08.2026,22:57:47,379799,0.445934,0.140963,-0.14,-0.23,-16.3125,-8.5625,293.75,0.017719,0,0,8.067716,0,0,1000,50,17.62235
07.08.2026,22:57:47,379905,0.424456,0.120354,-0.14,-0.23,-16.25,-8.5625,294.9375,0.020589,0,0,8.071714,0,0,1000,50,15.93136
07.08.2026,22:57:47,380011,0.405023,0.119709,-0.15,-0.22,-16.1875,-8.625,296.0625,0.020466,0,0,8.073761,0,0,1000,50,15.31429
07.08.2026,22:57:47,380117,0.391726,0.128438,-0.13,-0.2,-16.1875,-8.6875,297.5,0.020073,0,0,8.075768,0,0,1000,50,15.06882
07.08.2026,22:57:47,380223,0.366157,0.097837,-0.16,-0.21,-16.1875,-8.75,298.5625,0.019183,0,0,8.077686,0,0,1000,50,14.33242
07.08.2026,22:57:47,380329,0.357975,0.107278,-0.15,-0.2,-16.25,-8.6875,299.625,0.017863,0,0,8.079473,0,0,1000,50,14.15455
07.08.2026,22:57:47,380435,0.337519,0.09676,-0.14,-0.22,-16.25,-8.5625,300.5625,0.016521,0,0,8.081124,0,0,1000,50,14.27445
07.08.2026,22:57:47,380541,0.30479,0.096302,-0.17,-0.23,-16.3125,-8.375,301.8125,0.014648,0,0,8.082589,0,0,1000,50,12.40616
07.08.2026,22:57:47,380647,0.294562,0.075899,-0.15,-0.24,-16.3125,-8.3125,302.625,0.012844,0,0,8.083874,0,0,1000,50,13.08119
07.08.2026,22:57:47,380753,0.272061,0.075568,-0.16,-0.25,-16.3125,-8.25,303.5,0.010588,0,0,8.084932,0,0,1000,50,11.9459
07.08.2026,22:57:47,380859,0.251605,0.085305,-0.14,-0.24,-16.3125,-8.3125,304.3125,0.008385,0,0,8.085771,0,0,1000,50,11.36292
07.08.2026,22:57:47,380965,0.237286,-0.114912,-0.31,-0.26,-16.3125,-8.3125,305.125,0.006939,0,0,8.086465,0,0,1000,50,11.17881
07.08.2026,22:57:47,381071,0.212739,0.065116,-0.13,-0.25,-16.25,-8.3125,306.1875,-0.000909,0,0,8.086374,0,0,1000,50,9.856022
07.08.2026,22:57:47,381177,0.188192,0.07517,-0.15,-0.25,-16.25,-8.25,306.9375,-0.001734,0,0,8.086201,0,0,1000,50,8.751419
07.08.2026,22:57:47,381283,0.176942,0.075283,-0.15,-0.25,-16.1875,-8.25,307.625,-0.00358,0,0,8.085843,0,0,1000,50,9.208271
07.08.2026,22:57:47,381389,0.15444,0.055442,-0.14,-0.23,-16.125,-8.25,308.375,-0.005084,0,0,8.085335,0,0,1000,50,7.547962
07.08.2026,22:57:47,381495,0.131939,0.075628,-0.13,-0.25,-16.0625,-8.25,309.1875,-0.005938,0,0,8.084741,0,0,1000,50,6.83601
07.08.2026,22:57:47,381601,0.11762,0.08598,-0.13,-0.25,-16.0625,-8.25,310.1875,-0.009524,0,0,8.082668,0,0,1000,50,6.133118
07.08.2026,22:57:47,381707,0.087959,0.066279,-0.14,-0.25,-16.0625,-8.25,311,-0.009236,0,0,8.081745,0,0,1000,50,5.703548
07.08.2026,22:57:47,381813,0.074663,0.136569,-0.2,-0.32,-16,-8.3125,311.8125,-0.009894,0,0,8.080756,0,0,1000,50,4.163139
07.08.2026,22:57:47,381919,0.06239,0.09688,-0.11,-0.26,-16.0625,-8.375,312.625,-0.007269,0,0,8.080029,0,0,1000,50,4.322792
07.08.2026,22:57:47,382025,0.032729,0.097108,-0.15,-0.28,-16.125,-8.375,313.3125,-0.006856,0,0,8.079344,0,0,1000,50,4.663708
07.08.2026,22:57:47,382131,0.015342,-0.002489,-0.14,-0.26,-16.1875,-8.3125,314.3125,-0.005934,0,0,8.078751,0,0,1000,50,2.979511
07.08.2026,22:57:47,382237,0,0.107751,-0.19,-0.39,-16.1875,-8.1875,315.125,-0.007627,0,0,8.077988,0,0,1000,50,2.51926
07.08.2026,22:57:47,382343,0,0.157918,-0.19,-0.52,-15.9375,-8,316,-0.00531,0,0,8.077456,0,0,1000,50,3.1875
07.08.2026,22:57:47,382449,0,0.137946,-0.23,-0.79,-15.375,-7.875,316.8125,-0.000901,0,0,8.077367,0,0,1000,50,0.34375
07.08.2026,22:57:47,382555,0,0.147892,-0.3,-1,-14.1875,-7.6875,317.9375,0.001735,0,0,8.07754,0,0,1000,50,-2.78125
07.08.2026,22:57:47,382661,0,0.017729,-0.25,-0.79,-13.5625,-7.625,318.75,0.005163,0,0,8.078056,0,0,1000,50,-4.21875
07.08.2026,22:57:47,382767,0,0.037706,-0.21,-0.37,-13.625,-7.5,319.5,0.00071,0,0,8.078127,0,0,1000,50,-3.96875
07.08.2026,22:57:47,382873,0,0.047807,-0.14,-0.09,-14.0625,-7.375,320.1875,-0.003184,0,0,8.077808,0,0,1000,50,-2.5
07.08.2026,22:57:47,382979,0.004091,0.048067,-0.08,0.04,-14.625,-7.25,320.875,-0.008225,0,0,8.076986,0,0,1000,50,-0.380096
07.08.2026,22:57:47,383085,0,0.028429,-0.09,-0.04,-15.125,-7.5,321.625,-0.011448,0,0,8.075842,0,0,1000,50,0.343185
07.08.2026,22:57:47,383191,0.008182,0.008889,-0.11,-0.13,-15.5,-7.8125,322.0625,-0.014547,0,0,8.074388,0,0,1000,50,1.585251
07.08.2026,22:57:47,383297,0.010228,0.009507,-0.12,-0.19,-15.9375,-8.0625,322.5,-0.019529,0,0,8.072434,0,0,1000,50,3.342617
07.08.2026,22:57:47,383403,0.012273,0.030288,-0.09,-0.15,-16.4375,-8.125,322.875,-0.027577,0,0,8.067212,0,0,1000,50,4.195427
07.08.2026,22:57:47,383509,0.012273,0.041162,-0.09,-0.14,-16.9375,-8.0625,323.25,-0.027628,0,0,8.064449,0,0,1000,50,6.309097
07.08.2026,22:57:47,383615,0.012273,0.042917,-0.06,-0.09,-17.375,-7.875,323.75,-0.027694,0,0,8.06168,0,0,1000,50,7.858006
07.08.2026,22:57:47,383721,0.012273,0.073768,-0.04,-0.1,-17.5,-7.75,324.125,-0.026812,0,0,8.058999,0,0,1000,50,7.5
07.08.2026,22:57:47,383827,0.004091,0.064538,0,-0.06,-17.375,-7.6875,324.4375,-0.024234,0,0,8.056576,0,0,1000,50,7.097717
07.08.2026,22:57:47,383933,0.005114,0.105201,-0.02,-0.14,-17.1875,-7.875,324.6875,-0.020883,0,0,8.054487,0,0,1000,50,6.621037
07.08.2026,22:57:47,384039,0,0.135702,-0.02,-0.28,-16.9375,-8.3125,325.0625,-0.015747,0,0,8.052913,0,0,1000,50,5.594883
07.08.2026,22:57:47,384145,0,0.096035,-0.04,-0.3,-16.875,-8.6875,325.375,-0.01048,0,0,8.051865,0,0,1000,50,5.625
07.08.2026,22:57:47,384251,0,0.126271,-0.12,-0.44,-16.9375,-8.75,325.75,-0.007395,0,0,8.051126,0,0,1000,50,5.96875
07.08.2026,22:57:47,384357,0,0.126411,-0.25,-0.56,-16.9375,-8.5625,326.0625,-0.004399,0,0,8.050686,0,0,1000,50,5.8125
07.08.2026,22:57:47,384463,0,0.116428,-0.41,-0.59,-16.875,-8.0625,326.4375,-0.00054,0,0,8.050632,0,0,1000,50,5.46875
07.08.2026,22:57:47,384569,0,0.086324,-0.6,-0.54,-16.1875,-7.375,326.75,0.003268,0,0,8.050959,0,0,1000,50,4.3125
07.08.2026,22:57:47,384675,0,0.006198,-0.56,-0.48,-15.25,-7,326.8125,0.003954,0,0,8.051354,0,0,1000,50,1.6875
07.08.2026,22:57:47,384781,0,-0.023811,-0.23,-0.18,-14.5625,-6.875,326.8125,0.000258,0,0,8.05138,0,0,1000,50,-0.5625
07.08.2026,22:57:47,384887,0,0.056457,0.36,0.12,-13.9375,-6.875,326.6875,-0.008378,0,0,8.050543,0,0,1000,50,-3.8125
07.08.2026,22:57:47,384993,0,0.086846,0.53,0.08,-13.1875,-7.125,326.75,-0.012209,0,0,8.049322,0,0,1000,50,-5.90625
07.08.2026,22:57:47,385099,0,-0.06281,0.26,-0.18,-12.875,-8.3125,327.1875,-0.010776,0,0,8.048244,0,0,1000,50,-6.5625
07.08.2026,22:57:47,385205,0.006137,-0.03241,0.07,-0.32,-14.0625,-9.125,327.5625,-0.021811,0,0,8.044812,0,0,1000,50,-3.258492
07.08.2026,22:57:47,385311,0.007159,-0.081713,-0.06,-0.35,-16.25,-9.1875,327.875,-0.032683,0,0,8.041544,0,0,1000,50,5.683533
07.08.2026,22:57:47,385417,0.001023,-0.040668,-0.03,-0.23,-18,-8.3125,328,-0.041031,0,0,8.037441,0,0,1000,50,10.43694
07.08.2026,22:57:47,385523,0.008182,0.140644,-0.08,-0.21,-18.3125,-7.0625,327.875,-0.038408,0,0,8.033601,0,0,1000,50,10.14946
07.08.2026,22:57:47,385629,0.004091,0.052828,-0.11,-0.16,-16.8125,-6.375,327.5,-0.029886,0,0,8.030612,0,0,1000,50,5.969883
07.08.2026,22:57:47,385735,0.002046,-0.036191,-0.05,-0.05,-15.5,-6.5,327.25,-0.030652,0,0,8.027547,0,0,1000,50,2.563629
07.08.2026,22:57:47,385841,0,-0.004995,0.02,-0.04,-14.5625,-7,327.0625,-0.03734,0,0,8.023813,0,0,1000,50,-0.565903
07.08.2026,22:57:47,385947,0,0.026316,0.05,-0.24,-14.625,-7.75,326.875,-0.040962,0,0,8.019717,0,0,1000,50,-1.5
07.08.2026,22:57:47,386053,0,0.017616,0.03,-0.37,-15.0625,-8.4375,326.875,-0.04058,0,0,8.015659,0,0,1000,50,0.1875
07.08.2026,22:57:47,386159,0,-0.070918,-0.39,-0.15,-15.125,-7.6875,327.125,-0.045764,0,0,8.011083,0,0,1000,50,0.75
07.08.2026,22:57:47,386265,0,0.11085,-0.43,-0.28,-14.3125,-5.5625,327.4375,-0.055174,0,0,8.005566,0,0,1000,50,-0.75
07.08.2026,22:57:47,386371,0,0.26224,-0.19,-0.65,-13.0625,-4,327.75,-0.043369,0,0,8.001228,0,0,1000,50,-6.90625
07.08.2026,22:57:47,386477,0,-0.046993,0,-0.65,-11.8125,-3.625,327.9375,-0.023933,0,0,7.998835,0,0,1000,50,-10.34375
07.08.2026,22:57:47,386583,0,0.183733,0.06,-0.63,-11.1875,-3.25,328.375,-0.022623,0,0,7.996573,0,0,1000,50,-11.40625
07.08.2026,22:57:47,386689,0,-0.005641,0.03,-0.5,-11.625,-5.1875,328.5625,-0.019522,0,0,7.994621,0,0,1000,50,-10.6875
07.08.2026,22:57:47,386795,0,-0.295307,0.14,-0.01,-12.75,-9.125,328.375,-0.01043,0,0,7.993578,0,0,1000,50,-5.8125
07.08.2026,22:57:47,386901,0,-0.254336,0.11,0.14,-13.75,-11.9375,328.5,-0.055655,0,0,7.984987,0,0,1000,50,-2.8125
07.08.2026,22:57:47,387007,0,-0.11255,-0.03,0.06,-14.3125,-12.625,329.1875,-0.067828,0,0,7.978204,0,0,1000,50,-2.0625
07.08.2026,22:57:47,387113,0,0.071804,-0.1,-0.14,-14.3125,-11.0625,330.375,-0.067848,0,0,7.971419,0,0,1000,50,-1.875
07.08.2026,22:57:47,387219,0,0.033651,-0.11,-0.29,-13.875,-9.5,331,-0.057546,0,0,7.965665,0,0,1000,50,-2.8125
07.08.2026,22:57:47,387325,0,-0.004626,-0.12,-0.36,-13.1875,-7,331.4375,-0.053644,0,0,7.9603,0,0,1000,50,-4.6875
07.08.2026,22:57:47,387431,0,-0.022874,-0.07,-0.41,-12.3125,-3.1875,332,-0.05456,0,0,7.954844,0,0,1000,50,-8.6875
07.08.2026,22:57:47,387537,0,0.168793,-0.09,-0.55,-11.5625,0.3125,333,-0.051915,0,0,7.949653,0,0,1000,50,-10.78125
07.08.2026,22:57:47,387643,0,0.449752,0.17,-0.42,-11.25,0.125,334.875,-0.029877,0,0,7.946665,0,0,1000,50,-11.59375
07.08.2026,22:57:47,387749,0,0.339518,0.15,-0.25,-11.5,-5.625,336.25,0.007291,0,0,7.947394,0,0,1000,50,-10.71875
07.08.2026,22:57:47,387855,0,-0.171414,-0.09,-0.32,-11.9375,-13.8125,337.4375,0.029025,0,0,7.950297,0,0,1000,50,-8.71875
07.08.2026,22:57:47,387961,0,-0.321766,0.03,0.33,-12.4375,-18.8125,338.5625,0.010942,0,0,7.951391,0,0,1000,50,-7.375
07.08.2026,22:57:47,388067,0,0.218949,-0.33,-0.37,-12.9375,-17.0625,341.125,-0.022235,0,0,7.949168,0,0,1000,50,-6.0625
07.08.2026,22:57:47,388173,0,0.379743,-0.4,-0.71,-13.0625,-12,343.625,-0.024734,0,0,7.946694,0,0,1000,50,-5.8125
07.08.2026,22:57:47,388279,0,0.39957,-0.41,-0.78,-13,-8,346.375,0.00539,0,0,7.947233,0,0,1000,50,-6
07.08.2026,22:57:47,388385,0,0.508354,-0.28,-0.4,-12.6875,-5.5625,349.1875,0.037839,0,0,7.951017,0,0,1000,50,-6.75
07.08.2026,22:57:47,388491,0,0.706084,0.1,0.45,-12.6875,-5.1875,351.75,0.070645,0,0,7.958081,0,0,1000,50,-6.9375
07.08.2026,22:57:47,388597,0,0.11278,-0.06,-0.11,-12.6875,-4.3125,354.875,0.102795,0,0,7.968361,0,0,1000,50,-6.9375
07.08.2026,22:57:47,388703,0,-0.001284,-0.34,-0.7,-12.75,-4.6875,357,0.104335,0,0,7.991438,0,0,1000,50,-6.9375
07.08.2026,22:57:47,388809,0,0.185363,-0.42,-0.62,-12.875,-5.3125,359.375,0.089176,0,0,8.000356,0,0,1000,50,-6.21875
07.08.2026,22:57:47,388915,0,0.262496,-0.47,-0.16,-13.0625,-6.3125,1.5,0.089919,0,0,8.009348,0,0,1000,-50,-5.8125
07.08.2026,22:57:47,389021,0,0.219606,-0.38,0.12,-12.8125,-7,3.5,0.094072,0,0,8.018755,0,0,1000,-50,-6.875
07.08.2026,22:57:47,389127,0,0.043601,-0.16,-0.06,-12.1875,-6.625,6.3125,0.092723,0,0,8.028028,0,0,1000,-50,-8.0625
07.08.2026,22:57:47,389233,0,-0.158885,-0.12,-0.35,-11.9375,-6.375,8.6875,0.077341,0,0,8.035762,0,0,1000,-50,-9.34375
07.08.2026,22:57:47,389339,0,-0.250388,-0.11,-0.32,-12,-5.625,10.9375,0.04673,0,0,8.040435,0,0,1000,-50,-8.84375
07.08.2026,22:57:47,389445,0,0.049167,-0.09,-0.26,-12.1875,-4.25,12.6875,0.013843,0,0,8.04182,0,0,1000,-50,-8.28125
07.08.2026,22:57:47,389551,0,0.308702,0.27,-0.41,-12.4375,-4.25,14.25,0.014456,0,0,8.043265,0,0,1000,-50,-7.875
07.08.2026,22:57:47,389657,0,0.097553,0.43,-0.11,-12.5625,-8.9375,14.75,0.035741,0,0,8.04684,0,0,1000,-50,-7.3125
07.08.2026,22:57:47,389763,0,-0.353559,0.03,0.09,-12.3125,-14.3125,14.875,0.03458,0,0,8.050298,0,0,1000,-50,-7.6875
07.08.2026,22:57:47,389869,0,-0.413514,-0.09,-0.12,-11.875,-16.875,14.875,-0.001403,0,0,8.050158,0,0,1000,-50,-9
07.08.2026,22:57:47,389975,0,-0.272059,0.03,-0.47,-11.625,-16.125,14.75,-0.045241,0,0,8.045633,0,0,1000,-50,-10.125
07.08.2026,22:57:47,390081,0,-0.079655,0.1,-0.51,-12.0625,-12,14.5,-0.074767,0,0,8.038157,0,0,1000,-50,-9.25
07.08.2026,22:57:47,390187,0,0.213054,0.22,-0.47,-12.75,-8.75,14.0625,-0.084235,0,0,8.029733,0,0,1000,-50,-7.21875
07.08.2026,22:57:47,390293,0,0.165416,0.2,-0.35,-13.4375,-7.6875,13.4375,-0.073456,0,0,8.022388,0,0,1000,-50,-4.21875
07.08.2026,22:57:47,390399,0,0.067173,0.11,-0.32,-13.8125,-8.375,12.5625,-0.054645,0,0,8.016923,0,0,1000,-50,-3.40625
07.08.2026,22:57:47,390505,0,-0.071369,0.02,-0.25,-13.6875,-10.1875,11.5,-0.045962,0,0,8.007792,0,0,1000,-50,-4.09375
07.08.2026,22:57:47,390611,0,-0.208079,0.05,-0.23,-13.0625,-13,9.9375,-0.056352,0,0,8.002156,0,0,1000,-50,-5.4375
07.08.2026,22:57:47,390717,0,-0.435535,0.02,0.06,-12.875,-15.0625,8.75,-0.079127,0,0,7.994244,0,0,1000,-50,-6.375
07.08.2026,22:57:47,390823,0,-0.292016,0.05,0.14,-13,-15.25,7.625,-0.109434,0,0,7.9833,0,0,1000,-50,-6.1875
07.08.2026,22:57:47,390929,0,-0.058123,0.03,0.07,-13.4375,-13.875,6.5625,-0.121037,0,0,7.971197,0,0,1000,-50,-4.375
07.08.2026,22:57:47,391035,0,0.085467,0,-0.19,-14.125,-12.375,4.5625,-0.111649,0,0,7.960032,0,0,1000,-50,-2.53125
07.08.2026,22:57:47,391141,0,-0.051507,-0.12,-0.18,-14.3125,-12.375,2.5,-0.094122,0,0,7.95062,0,0,1000,-50,-1.90625
07.08.2026,22:57:47,391247,0,-0.108641,-0.15,-0.27,-13.875,-12.6875,0.125,-0.08912,0,0,7.941708,0,0,1000,-50,-3.84375
07.08.2026,22:57:47,391353,0,-0.345674,-0.22,-0.21,-12.9375,-13,357.5625,-0.092267,0,0,7.932481,0,0,1000,50,-6.96875
07.08.2026,22:57:47,391459,0,-0.282072,-0.16,-0.25,-12,-12.625,355,-0.112014,0,0,7.921279,0,0,1000,50,-9.9375
07.08.2026,22:57:47,391565,0,0.021969,0,-0.45,-11.375,-11.6875,351.6875,-0.125655,0,0,7.908714,0,0,1000,50,-11
07.08.2026,22:57:47,391671,0,0.195634,0,-0.55,-11.5,-12,348.875,-0.113986,0,0,7.897316,0,0,1000,50,-10.875
07.08.2026,22:57:47,391777,0,0.078517,0.13,-0.34,-11.75,-13.25,345.9375,-0.089656,0,0,7.88835,0,0,1000,50,-9.9375
07.08.2026,22:57:47,391883,0,-0.239256,0.29,-0.09,-11.9375,-15.625,342.125,-0.069236,0,0,7.881426,0,0,1000,50,-9.1875
07.08.2026,22:57:47,391989,0,-0.686794,0.26,0.1,-11.5625,-17.625,338.1875,-0.076571,0,0,7.873769,0,0,1000,50,-9.75
07.08.2026,22:57:47,392095,0,-0.393007,0.26,-0.21,-11.25,-16.6875,333.9375,-0.117751,0,0,7.861994,0,0,1000,50,-11.0625
07.08.2026,22:57:47,392201,0,-0.098182,0.23,-0.28,-11.0625,-14.0625,331.25,-0.157608,0,0,7.831228,0,0,1000,50,-11.625
07.08.2026,22:57:47,392307,0,0.306886,0.22,-0.42,-11.0625,-11.125,328.875,-0.13098,0,0,7.81813,0,0,1000,50,-11.8125
07.08.2026,22:57:47,392413,0,0.301098,0.13,-0.31,-11.1875,-10.1875,326.625,-0.086447,0,0,7.809485,0,0,1000,50,-11.28125
07.08.2026,22:57:47,392519,0,0.093878,0.12,-0.38,-11.3125,-10.625,324.1875,-0.053388,0,0,7.804147,0,0,1000,50,-11.0625
07.08.2026,22:57:47,392625,0,-0.162828,0.13,-0.2,-11.3125,-11.1875,321.25,-0.049071,0,0,7.79924,0,0,1000,50,-11.0625
07.08.2026,22:57:47,392731,0,-0.211001,0.08,-0.26,-11.125,-9.625,319.3125,-0.056798,0,0,7.79356,0,0,1000,50,-11.78125
07.08.2026,22:57:47,392837,0,-0.178789,0.03,-0.27,-10.875,-7.6875,317.1875,-0.068796,0,0,7.78668,0,0,1000,50,-12.53125
07.08.2026,22:57:47,392943,0,0.003621,-0.02,-0.38,-10.8125,-5.5625,315,-0.074953,0,0,7.779185,0,0,1000,50,-12.5625
07.08.2026,22:57:47,393049,0,0.275717,-0.16,-0.33,-11,-3.625,312.3125,-0.065172,0,0,7.772667,0,0,1000,50,-12.375
07.08.2026,22:57:47,393155,0,0.196944,0.06,-0.63,-11.25,-3.875,310.375,-0.038149,0,0,7.768853,0,0,1000,50,-11.625
07.08.2026,22:57:47,393261,0,-0.182549,0.43,-0.28,-11.25,-5.0625,308.5,-0.015762,0,0,7.767277,0,0,1000,50,-10.875
07.08.2026,22:57:47,393367,0,-0.231325,0.55,-0.07,-11.0625,-5.6875,306.4375,-0.038071,0,0,7.76347,0,0,1000,50,-12.125
07.08.2026,22:57:47,393473,0,-0.029592,0.32,-0.19,-10.1875,-4.5,305,-0.053915,0,0,7.758078,0,0,1000,50,-15.21875
07.08.2026,22:57:47,393579,0,0.252036,0.01,-0.29,-9.6875,-2.4375,303.75,-0.05061,0,0,7.753017,0,0,1000,50,-15.90625
07.08.2026,22:57:47,393685,0,-0.337002,0.16,0.16,-9.8125,-2.1875,302.4375,-0.029911,0,0,7.750026,0,0,1000,50,-15.59375
07.08.2026,22:57:47,393791,0,0.724582,-0.37,-0.69,-9.875,0.125,301.3125,-0.049261,0,0,7.7451,0,0,1000,50,-15.53125
07.08.2026,22:57:47,393897,0,0.425158,-0.63,-0.21,-9.75,-2.875,300.1875,-0.01792,0,0,7.743308,0,0,1000,50,-15.90625
07.08.2026,22:57:47,394003,0,-0.346053,-0.96,-0.36,-11,-9.875,299,0.019051,0,0,7.748978,0,0,1000,50,-10.59375
07.08.2026,22:57:47,394109,0,-0.385088,-1.07,-0.19,-14.625,-12.625,298.375,-0.049048,0,0,7.744073,0,0,1000,50,-1.5625
07.08.2026,22:57:47,394215,0,0.027268,0.28,0.16,-16.3125,-13.625,296.8125,-0.073282,0,0,7.736745,0,0,1000,50,3.1875
07.08.2026,22:57:47,394321,0,-0.251573,0.71,0.27,-16,-16.1875,294,-0.03604,0,0,7.733141,0,0,1000,50,3.9375
07.08.2026,22:57:47,394427,0,-0.640173,0.08,-0.15,-14.6875,-16.625,291.5625,-0.043549,0,0,7.728786,0,0,1000,50,0.1875
07.08.2026,22:57:47,394533,0,-0.400173,-0.12,-0.49,-14,-15.6875,289.875,-0.078089,0,0,7.720978,0,0,1000,50,-3
07.08.2026,22:57:47,394639,0,0.115237,-0.1,-0.47,-15.25,-13.5625,289,-0.090138,0,0,7.711964,0,0,1000,50,-0.75
07.08.2026,22:57:47,394745,0,-0.552075,-0.03,-0.07,-16.25,-12.4375,288.4375,-0.083588,0,0,7.703605,0,0,1000,50,3
07.08.2026,22:57:47,394851,0,-0.108325,-0.04,0.1,-16.375,-11,287.5,-0.116623,0,0,7.691943,0,0,1000,50,3.96875
07.08.2026,22:57:47,394957,0,0.675644,-0.11,0.26,-16.875,-9.125,286.3125,-0.123446,0,0,7.679598,0,0,1000,50,6.25
07.08.2026,22:57:47,395063,0,0.23709,-0.44,0.2,-19.0625,-11.125,285.125,-0.044951,0,0,7.675103,0,0,1000,50,11.90625
07.08.2026,22:57:47,395169,0,-0.213463,-0.39,-0.43,-20.3125,-10.9375,284.75,0.01719,0,0,7.676822,0,0,1000,50,15.375
07.08.2026,22:57:47,395275,0,0.077646,-0.12,-0.24,-20.25,-9,283.6875,-0.034502,0,0,7.673372,0,0,1000,50,15.59375
07.08.2026,22:57:47,395381,0,-0.110885,-0.26,-0.15,-20.4375,-10.25,282.25,-0.045674,0,0,7.668804,0,0,1000,47.59375,16.625
07.08.2026,22:57:47,395487,0,-0.179478,-0.15,-0.54,-20.875,-11.375,280.9375,-0.043748,0,0,7.664429,0,0,1000,43.75,17.625
07.08.2026,22:57:47,395593,0,0.122141,-0.21,-1.11,-20.4375,-12.5,279.125,-0.050364,0,0,7.659393,0,0,1000,37.75,17.0625
07.08.2026,22:57:47,395699,0,-0.346646,-0.42,-1.12,-19.625,-15.0625,277.9375,-0.037724,0,0,7.655621,0,0,1000,33.25,14.4375
07.08.2026,22:57:47,395805,0,-0.575797,-0.36,-0.88,-19.375,-14.625,276.5625,-0.059165,0,0,7.647064,0,0,1000,25.3125,13.125
07.08.2026,22:57:47,395911,0,-0.213894,0.55,-0.35,-18.75,-11.875,275.125,-0.11461,0,0,7.635603,0,0,1000,19.40625,10.46875
07.08.2026,22:57:47,396017,0,-0.500209,0.04,-0.05,-17.4375,-9.625,274.375,-0.099238,0,0,7.625679,0,0,1000,16.71875,5.90625
07.08.2026,22:57:47,396123,0,-0.43248,0.19,-0.52,-16.875,-6.875,273.3125,-0.141109,0,0,7.611568,0,0,1000,12.625,5.65625
07.08.2026,22:57:47,396229,0,-0.108086,0.15,-0.28,-16.8125,-5.9375,272.875,-0.136657,0,0,7.597902,0,0,1000,11.03125,5.625
07.08.2026,22:57:47,396335,0,-0.043793,-0.15,-0.25,-16.125,-6.6875,272.3125,-0.133489,0,0,7.584553,0,0,1000,8.9375,2.59375
07.08.2026,22:57:47,396441,0,0.049652,-0.31,-0.07,-15.375,-7.875,271.9375,-0.107144,0,0,7.573839,0,0,1000,7.75,0.65625
07.08.2026,22:57:47,396547,0,-0.187028,0.23,0.36,-15.6875,-9.75,271.4375,-0.103264,0,0,7.563512,0,0,1000,5.75,2.53125
07.08.2026,22:57:47,396653,0,-0.083689,0.36,0.59,-16.1875,-10.9375,270.125,-0.103834,0,0,7.553129,0,0,1000,2,3.375
07.08.2026,22:57:47,396759,0,-0.00086,0.29,0.27,-15.6875,-12.75,268.5625,-0.087973,0,0,7.544332,0,0,1000,-3,2.8125
07.08.2026,22:57:47,396865,0,0.25173,-0.2,0.47,-14.8125,-14.25,266.8125,-0.080533,0,0,7.536279,0,0,1000,-14.46875,0.375
07.08.2026,22:57:47,396971,0,-0.206722,-0.3,-0.18,-14.375,-16.375,265.3125,-0.048144,0,0,7.531464,0,0,1000,-19.84375,-2.1875
07.08.2026,22:57:47,397077,0,0.244562,-0.3,-0.61,-13.8125,-17.25,263.375,-0.039934,0,0,7.527471,0,0,1000,-25.84375,-3.5
07.08.2026,22:57:47,397183,0,0.014431,-0.33,-0.81,-13.9375,-17.625,261.6875,0.004066,0,0,7.527877,0,0,1000,-32.25,-3.21875
07.08.2026,22:57:47,397289,0,0.233157,-0.2,-1.12,-14.375,-16.8125,259.75,0.039615,0,0,7.531839,0,0,1000,-42.40625,-1.5625
07.08.2026,22:57:47,397395,0,-0.317797,-0.12,-0.46,-14.4375,-16.0625,257.5,0.029685,0,0,7.534807,0,0,1000,-50,-1.84375
07.08.2026,22:57:47,397501,0,0.281072,0,-0.12,-13.5,-14.8125,255,0.033712,0,0,7.541694,0,0,1000,-50,-5.90625
07.08.2026,22:57:47,397607,0,-1.060973,-0.43,0.12,-12.125,-15.125,251.75,0.029912,0,0,7.544685,0,0,1000,-50,-8.0625
07.08.2026,22:57:47,397713,0,-0.199402,-0.48,-0.41,-12,-13.5,250.25,-0.048871,0,0,7.539798,0,0,1000,-50,-9
07.08.2026,22:57:47,397819,0,0.171718,-0.43,-0.61,-11.8125,-11.8125,249.3125,-0.034833,0,0,7.536314,0,0,1000,-50,-9.1875
07.08.2026,22:57:47,397925,0,-0.867307,-0.27,0.29,-10.6875,-14.125,247.8125,-0.030331,0,0,7.533281,0,0,1000,-50,-12
07.08.2026,22:57:47,398031,0,-0.317307,-0.04,-0.12,-9.875,-14.375,245.875,-0.095089,0,0,7.523772,0,0,1000,-50,-15.375
07.08.2026,22:57:47,398137,0,0.419211,0,-0.81,-11,-11.5625,244.625,-0.107603,0,0,7.513012,0,0,1000,-50,-13.5
07.08.2026,22:57:47,398243,0,-0.099096,-0.17,-0.46,-12.375,-11.5625,243.25,-0.052641,0,0,7.507748,0,0,1000,-50,-8.8125
07.08.2026,22:57:47,398349,0,-0.178176,-0.98,0.61,-13.6875,-13.25,241.125,-0.028597,0,0,7.504888,0,0,1000,-50,-6
07.08.2026,22:57:47,398455,0,0.852279,-0.68,0.18,-16.0625,-12.4375,238.625,-0.014171,0,0,7.503471,0,0,1000,-50,5.375
07.08.2026,22:57:47,398561,0,0.269632,-0.7,-0.61,-17.875,-14.25,231.8125,0.082337,0,0,7.511704,0,0,1000,-50,9.3125
07.08.2026,22:57:47,398667,0,-0.86429,-0.47,-1.22,-17,-16.625,224.0625,0.121968,0,0,7.523901,0,0,1000,-50,6.375
07.08.2026,22:57:47,398773,0,-0.806211,0.29,-1.17,-15.25,-16.125,216.375,0.059725,0,0,7.529874,0,0,1000,-50,-0.65625
07.08.2026,22:57:47,398879,0,-1.606257,0.42,-0.7,-13.5625,-17.625,209.5625,0.00143,0,0,7.530017,0,0,1000,-50,-5.71875
07.08.2026,22:57:47,398985,0,-0.902787,0.29,-0.61,-12.625,-18.4375,204.1875,-0.107916,0,0,7.519225,0,0,1000,-50,-7.28125
07.08.2026,22:57:47,399091,0,-0.676762,0.23,-0.7,-13.75,-17.6875,198.875,-0.187365,0,0,7.500489,0,0,1000,-50,-5.625
07.08.2026,22:57:47,399197,0,-0.410148,0.03,-0.68,-15.25,-17.0625,195.4375,-0.205685,0,0,7.47992,0,0,1000,-50,-0.75
07.08.2026,22:57:47,399303,0,-0.192633,-0.19,-0.38,-16,-15.8125,192.6875,-0.20277,0,0,7.436276,0,0,1000,-50,2.4375
07.08.2026,22:57:47,399409,0,-0.796113,-0.09,0.28,-16,-16.9375,190,-0.215817,0,0,7.414694,0,0,1000,-50,2.84375
07.08.2026,22:57:47,399515,0,0.810827,-0.16,0,-15.1875,-14.8125,187.625,-0.196179,0,0,7.395076,0,0,1000,-50,-0.0625
07.08.2026,22:57:47,399621,0,0.598533,-0.54,0.19,-14,-14.75,184.25,-0.043472,0,0,7.390729,0,0,1000,-50,-3.375
07.08.2026,22:57:47,399727,0,0.968135,-0.55,-0.43,-13.75,-15.3125,180.4375,0.012382,0,0,7.391967,0,0,1000,-50,-3.75
07.08.2026,22:57:47,399833,0,0.004847,-0.94,0.16,-14.375,-15.75,175.5625,0.102249,0,0,7.402192,0,0,1000,-50,-1.09375
07.08.2026,22:57:47,399939,0,0.151577,-1.01,-0.12,-14.5,-15.75,170.75,0.101696,0,0,7.412362,0,0,1000,-50,-2.4375
07.08.2026,22:57:47,400045,0,-0.811665,-0.34,-0.45,-15.1875,-16.75,163.125,0.100819,0,0,7.422443,0,0,1000,-50,0.5625
07.08.2026,22:57:47,400151,0,-1.373034,-0.07,-0.79,-15.8125,-17.4375,158.8125,0.042576,0,0,7.426701,0,0,1000,-50,2.0625
07.08.2026,22:57:47,400257,0,-1.07105,-0.33,-1.19,-15.625,-17.875,156.8125,-0.061709,0,0,7.42053,0,0,1000,-50,2.25
07.08.2026,22:57:47,400363,0,-1.0868,-0.45,-1.1,-14.75,-18.5,155.9375,-0.132162,0,0,7.407314,0,0,1000,-50,0.1875
07.08.2026,22:57:47,400469,0,-1.100139,-0.61,0,-14.25,-18.5625,155.5,-0.207137,0,0,7.3866,0,0,1000,-50,-2.09375
07.08.2026,22:57:47,400575,0,-0.242027,0.14,1.15,-16.125,-17.6875,154.9375,-0.252256,0,0,7.361375,0,0,1000,-50,1.125
07.08.2026,22:57:47,400681,0,0.727287,0.25,0.14,-17.75,-15.5625,155.6875,-0.289655,0,0,7.332409,0,0,1000,-50,6.5625
07.08.2026,22:57:47,400787,0,1.873495,-0.64,-1.07,-17.9375,-13.5,156.75,-0.193042,0,0,7.313105,0,0,1000,-50,9.1875
07.08.2026,22:57:47,400893,0,0.31546,-0.71,-0.71,-16.8125,-13.6875,156.9375,-0.0611,0,0,7.306995,0,0,1000,-50,4.34375
07.08.2026,22:57:47,400999,0,0.613709,-0.75,-0.94,-14.9375,-14.5625,156.8125,0.054448,0,0,7.31244,0,0,1000,-50,-1.75
07.08.2026,22:57:47,401105,0,-0.952221,-0.22,-0.72,-14.3125,-16.625,157.8125,0.082348,0,0,7.330882,0,0,1000,-50,-2.0625
07.08.2026,22:57:47,401211,0,-0.02352,-0.34,-0.58,-13.75,-16.125,160.0625,0.040379,0,0,7.334919,0,0,1000,-50,-3
07.08.2026,22:57:47,401317,0,-0.42352,0.17,3.05,-12.5625,-17.625,162.6875,0.035375,0,0,7.338457,0,0,1000,-50,-8.5625
07.08.2026,22:57:47,401423,0,-0.094657,0.43,2.74,-12.25,-16.75,165.375,0.043655,0,0,7.342823,0,0,1000,-50,-8.25
07.08.2026,22:57:47,401529,0,3.220814,-1.09,-4.14,-12.75,-11.3125,170,0.097165,0,0,7.352539,0,0,1000,-50,-7.125
07.08.2026,22:57:47,401635,0,0.290063,-0.78,-2.15,-12.9375,-20.5625,170.9375,0.334348,0,0,7.385974,0,0,1000,-50,-6.375
07.08.2026,22:57:47,401741,0,-1.980814,-0.58,1.09,-13.8125,-31.1875,171.6875,0.338236,0,0,7.419797,0,0,1000,-50,-4.5
07.08.2026,22:57:47,401847,0,-0.466372,0.33,1.99,-15,-32.5625,171.3125,0.172829,0,0,7.43708,0,0,1000,-50,0.78125
07.08.2026,22:57:47,401953,0,1.339987,0.92,0.43,-15.8125,-30.125,170.0625,0.113234,0,0,7.448404,0,0,1000,-50,2.90625
07.08.2026,22:57:47,402059,0,1.223991,0.19,-2.45,-16.375,-27.3125,168.1875,0.186461,0,0,7.46705,0,0,1000,-50,4.21875
07.08.2026,22:57:47,402165,0,0.655627,0.06,-2.52,-16.375,-26.375,167,0.260106,0,0,7.493061,0,0,1000,-50,4.125
07.08.2026,22:57:47,402271,0,-0.704356,0.05,-0.77,-16.0625,-27.125,166.625,0.310433,0,0,7.524104,0,0,1000,-50,2.875
07.08.2026,22:57:47,402377,0,-0.352494,0.4,2.22,-15.375,-27.9375,166.9375,0.253066,0,0,7.54941,0,0,1000,-50,0.5
07.08.2026,22:57:47,402483,0,-0.757427,0.39,3.73,-14.25,-26.875,168.8125,0.153403,0,0,7.564751,0,0,1000,-50,-3.1875
07.08.2026,22:57:47,402589,0,1.669224,-0.65,-2.15,-13.8125,-20.3125,173.875,0.104166,0,0,7.575167,0,0,1000,-50,-3.5625
07.08.2026,22:57:47,402695,0,1.001974,-0.59,-3.56,-13.5,-21.5,177.4375,0.225452,0,0,7.597713,0,0,1000,-50,-3.9375
07.08.2026,22:57:47,402801,0,-0.938844,-0.38,0.03,-12.9375,-23.4375,179.875,0.30684,0,0,7.662038,0,0,1000,-50,-5.4375
07.08.2026,22:57:47,402907,0,0.551289,-0.09,3.32,-12.1875,-22.625,179.8125,0.248302,0,0,7.686868,0,0,1000,-50,-7.5
07.08.2026,22:57:47,403013,0,0.423304,0.48,3.39,-11.3125,-25.125,177.1875,0.222005,0,0,7.709069,0,0,1000,-50,-11.53125
07.08.2026,22:57:47,403119,0,1.51852,-0.36,-3.11,-11.875,-25.6875,174.25,0.237743,0,0,7.732843,0,0,1000,-50,-9.875
07.08.2026,22:57:47,403225,0,1.676895,-0.54,-4.41,-13.4375,-25.8125,172.8125,0.361521,0,0,7.768995,0,0,1000,-50,-4.75
07.08.2026,22:57:47,403331,0,-0.565455,-0.01,1.37,-14.375,-28.375,172.5,0.384036,0,0,7.807398,0,0,1000,-50,-1.40625
07.08.2026,22:57:47,403437,0,-1.425564,0.15,4.66,-14.5,-30.375,173.6875,0.314363,0,0,7.838835,0,0,1000,-50,-1.5
07.08.2026,22:57:47,403543,0,1.388202,-1.05,0.81,-12.6875,-27.75,177,0.193878,0,0,7.858222,0,0,1000,-50,-7.6875
07.08.2026,22:57:47,403649,0,2.608578,-1.05,-3.89,-12.9375,-25.4375,180.375,0.299275,0,0,7.88815,0,0,1000,-50,-7.3125
07.08.2026,22:57:47,403755,0,-0.826357,-0.93,-1.9,-14.6875,-28.375,183.5625,0.464441,0,0,7.934594,0,0,1000,-50,-2.8125
07.08.2026,22:57:47,403861,0,0.741123,-0.3,2.31,-15.6875,-27.25,185.5625,0.38934,0,0,7.973528,0,0,1000,-50,2.0625
07.08.2026,22:57:47,403967,0,-0.819771,0.11,4.97,-14.5,-27.5,184.875,0.338764,0,0,8.007404,0,0,1000,-50,-1.5
07.08.2026,22:57:47,404073,0,1.100374,-0.4,-0.9,-12.8125,-28,182.3125,0.306456,0,0,8.03805,0,0,1000,-50,-6.1875
07.08.2026,22:57:47,404179,0,1.459847,-0.54,-3.98,-13.5625,-28.0625,180.5,0.327381,0,0,8.070787,0,0,1000,-50,-5.25
07.08.2026,22:57:47,404285,0,-0.803837,-0.2,-0.99,-14.375,-27.75,180.3125,0.425542,0,0,8.113341,0,0,1000,-50,-2.625
07.08.2026,22:57:47,404391,0,1.754271,0.23,2.02,-14.8125,-26.4375,181.25,0.369811,0,0,8.150322,0,0,1000,-50,-0.25
07.08.2026,22:57:47,404497,0,1.372906,-0.75,2.97,-14,-27.25,183.5,0.353402,0,0,8.185662,0,0,1000,-50,-3.9375
07.08.2026,22:57:47,404603,0,1.12475,-1.27,-2.32,-14.1875,-22.875,187.5625,0.315094,0,0,8.242537,0,0,1000,-50,-3.25
07.08.2026,22:57:47,404709,0,0.764617,-1.12,-3.54,-15.9375,-22,189.8125,0.370954,0,0,8.279633,0,0,1000,-50,2.53125
07.08.2026,22:57:47,404815,0,-0.237312,-0.61,0.05,-17.3125,-22.9375,190.8125,0.313454,0,0,8.310978,0,0,1000,-50,7.5625
07.08.2026,22:57:47,404921,0,0.552609,0.3,4.13,-17.4375,-23.3125,189.375,0.308774,0,0,8.341855,0,0,1000,-50,7
07.08.2026,22:57:47,405027,0,1.192679,0.63,2.26,-16.1875,-22,184.9375,0.26557,0,0,8.368412,0,0,1000,-50,1.84375
07.08.2026,22:57:47,405133,0,1.203793,-0.82,-3.62,-14.3125,-19.75,179.25,0.321738,0,0,8.400586,0,0,1000,-50,-0.5625
07.08.2026,22:57:47,405239,0,-0.287964,-0.39,-2.1,-13.375,-21.9375,175.75,0.365623,0,0,8.437148,0,0,1000,-50,-3.9375
07.08.2026,22:57:47,405345,0,0.573191,0.07,2.97,-12.625,-23.75,173.75,0.275048,0,0,8.464653,0,0,1000,-50,-6.375
07.08.2026,22:57:47,405451,0,-1.764627,-0.09,4.44,-11.8125,-27.25,174,0.243122,0,0,8.488965,0,0,1000,-50,-10.1875
07.08.2026,22:57:47,405557,0,0.951082,-0.97,-1.08,-12.1875,-24.4375,176.75,0.133462,0,0,8.502312,0,0,1000,-50,-9.09375
07.08.2026,22:57:47,405663,0,1.865921,-0.75,-4.72,-13.9375,-22.6875,179.4375,0.16046,0,0,8.518357,0,0,1000,-50,-2.8125
07.08.2026,22:57:47,405769,0,-1.533139,-0.83,0.16,-15.1875,-26.0625,181.9375,0.281773,0,0,8.546535,0,0,1000,-50,1.65625
07.08.2026,22:57:47,405875,0,1.981459,-0.03,4.22,-15.4375,-23.375,182.5,0.167971,0,0,8.563332,0,0,1000,-50,1.46875
07.08.2026,22:57:47,405981,0,0.806363,0.63,2.5,-15.5625,-24.25,180.6875,0.158471,0,0,8.579179,0,0,1000,-50,1.375
07.08.2026,22:57:47,406087,0,0.960303,-0.33,-3.75,-14.25,-25.125,177.3125,0.18847,0,0,8.598025,0,0,1000,-50,-1.6875
07.08.2026,22:57:47,406193,0,0.964393,-0.07,-4.13,-14.3125,-24.9375,175.3125,0.183769,0,0,8.616403,0,0,1000,-50,-2.25
07.08.2026,22:57:47,406299,0,-1.692697,0.3,2.53,-14.5,-26.8125,175.625,0.220473,0,0,8.63845,0,0,1000,-50,-1.6875
07.08.2026,22:57:47,406405,0,-1.056757,0,5.24,-14.8125,-25.5625,177.875,0.054208,0,0,8.656497,0,0,1000,-50,-1.125
07.08.2026,22:57:47,406511,0,0.9015,-0.65,0.87,-15.75,-24.5625,180.25,0.053813,0,0,8.661879,0,0,1000,-50,2.25
07.08.2026,22:57:47,406617,0,1.945263,-1.02,-4.41,-17.5,-23.5,183.0625,0.140147,0,0,8.675893,0,0,1000,-50,5.8125
07.08.2026,22:57:47,406723,0,-0.292338,-0.87,-0.61,-18.3125,-26.125,184.75,0.236357,0,0,8.699529,0,0,1000,-50,9.375
07.08.2026,22:57:47,406829,0,0.912061,0.24,3.85,-18.1875,-26.125,185.0625,0.174194,0,0,8.716949,0,0,1000,-50,9.9375
07.08.2026,22:57:47,406935,0,-1.012529,0.82,4.49,-17.125,-26.75,183.375,0.142727,0,0,8.731221,0,0,1000,-50,5.28125
07.08.2026,22:57:47,407041,0,1.215294,-0.23,-1.75,-16.3125,-25.375,181.6875,0.067691,0,0,8.73799,0,0,1000,-50,3.625
07.08.2026,22:57:47,407147,0,1.54043,-0.89,-4.12,-17.125,-26.5,180.5,0.151278,0,0,8.753119,0,0,1000,-50,6.21875
07.08.2026,22:57:47,407253,0,-1.067528,-0.4,0.67,-17.8125,-29.8125,180.75,0.247445,0,0,8.777864,0,0,1000,-50,8.90625
07.08.2026,22:57:47,407359,0,-0.421754,0.15,4.25,-17.6875,-30.4375,181.4375,0.131447,0,0,8.791008,0,0,1000,-50,7.75
07.08.2026,22:57:47,407465,0,-0.002692,-0.52,2.82,-17.25,-30.125,182.4375,0.029144,0,0,8.793922,0,0,1000,-50,6.59375
07.08.2026,22:57:47,407571,0,1.498194,-1.3,-3.48,-18.125,-28.25,185.1875,-0.027528,0,0,8.791169,0,0,1000,-50,8.625
07.08.2026,22:57:47,407677,0,1.305806,-1.23,-2.59,-18.875,-30.9375,187.625,0.074258,0,0,8.798594,0,0,1000,-50,11.25
07.08.2026,22:57:47,407783,0,0.870533,-0.3,2.22,-18.875,-33.625,188.4375,0.163977,0,0,8.814992,0,0,1000,-50,11.625
07.08.2026,22:57:47,407889,0,-4.525339,1.54,5.29,-18.75,-37.1875,187.1875,0.182586,0,0,8.833251,0,0,1000,-50,10.78125
07.08.2026,22:57:47,407995,0,3.129127,0.18,-0.6,-19.125,-30.875,185.9375,-0.13888,0,0,8.819363,0,0,1000,-50,13.625
07.08.2026,22:57:47,408101,0,1.87035,-1.23,-3.48,-20.8125,-34.4375,183.625,0.162016,0,0,8.831761,0,0,1000,-50,17.65625
07.08.2026,22:57:47,408207,0,-1.09486,0.48,-0.52,-20.3125,-36.1875,181.8125,0.181155,0,0,8.849876,0,0,1000,-50,15.3125
07.08.2026,22:57:47,408313,0,-0.840685,0.35,3.02,-18.6875,-36.625,181.8125,-0.000007376625,0,0,8.849875,0,0,1000,-50,9.5
07.08.2026,22:57:47,408419,0,0.419315,-0.81,3.61,-18,-33.4375,184.25,-0.11491,0,0,8.838385,0,0,1000,-50,9.46875
07.08.2026,22:57:47,408525,0,2.52301,-1.2,-2.18,-20.625,-28.1875,188.0625,-0.042461,0,0,8.834139,0,0,1000,-50,19.0625
07.08.2026,22:57:47,408631,0,0.159601,-1.51,-1.94,-21.6875,-32.1875,191,0.14849,0,0,8.848988,0,0,1000,-50,20.625
07.08.2026,22:57:47,408737,0,-0.613949,-0.35,1.83,-20.125,-34.5625,190.1875,0.110385,0,0,8.860026,0,0,1000,-50,17.25
07.08.2026,22:57:47,408843,0,-2.524145,1.31,5.27,-18.4375,-35.75,188.3125,0.006102,0,0,8.860637,0,0,1000,-50,12.5625
07.08.2026,22:57:47,408949,0,1.700362,0.23,0.76,-16.875,-31.5,186.6875,-0.140164,0,0,8.846621,0,0,1000,-50,6.9375
07.08.2026,22:57:47,409055,0,1.980309,-1.07,-3.78,-16.625,-28.8125,184.3125,0.001632,0,0,8.846784,0,0,1000,-50,4.5
07.08.2026,22:57:47,409161,0,-0.905046,0,-0.86,-17.5,-33.4375,182.5625,0.166551,0,0,8.863439,0,0,1000,-50,7.53125
07.08.2026,22:57:47,409267,0,-1.198934,0.43,2.98,-16.9375,-36.375,181.75,0.120886,0,0,8.875527,0,0,1000,-50,6.9375
07.08.2026,22:57:47,409373,0,1.342233,-0.27,3.07,-15,-33.875,182.4375,-0.036276,0,0,8.8719,0,0,1000,-50,-1.40625
07.08.2026,22:57:47,409479,0,2.055881,-0.75,-0.57,-15,-31.625,184.125,-0.113436,0,0,8.860556,0,0,1000,-50,0.625
07.08.2026,22:57:47,409585,0,0.503746,-0.69,-3.37,-15.625,-32.125,185.75,0.066384,0,0,8.867194,0,0,1000,-50,1.625
07.08.2026,22:57:47,409691,0,0.290678,-0.21,0.39,-16.4375,-31.5625,186,0.095414,0,0,8.876736,0,0,1000,-50,5.40625
07.08.2026,22:57:47,409797,0,-1.762195,-0.01,4.6,-16.9375,-32.25,185.3125,0.089344,0,0,8.88567,0,0,1000,-50,5.96875
07.08.2026,22:57:47,409903,0,1.286225,0.52,2.95,-16.6875,-30.6875,182.9375,0.011853,0,0,8.891768,0,0,1000,-50,4.59375
07.08.2026,22:57:47,410009,0,0.225844,-0.37,-1.85,-15.5625,-29.125,180,0.036195,0,0,8.895387,0,0,1000,-50,1.6875
07.08.2026,22:57:47,410115,0,0.95178,-0.58,-2.54,-15.9375,-27.5625,177.875,0.090166,0,0,8.904404,0,0,1000,-50,1.6875
07.08.2026,22:57:47,410221,0,-1.030571,0.19,3.21,-17,-32.5625,178,0.073106,0,0,8.911715,0,0,1000,-50,5.4375
07.08.2026,22:57:47,410327,0,0.190329,-0.47,4.28,-17.0625,-32.5,179.625,-0.027963,0,0,8.908918,0,0,1000,-50,6.1875
07.08.2026,22:57:47,410433,0,-0.089672,-1.3,0.69,-17.6875,-31.1875,181.5625,0.000089,0,0,8.908927,0,0,1000,-50,9
07.08.2026,22:57:47,410539,0,1.309197,-1.59,-2.87,-19.5625,-30,185.1875,0.035171,0,0,8.912444,0,0,1000,-50,13.28125
07.08.2026,22:57:47,410645,0,1.245177,-1.97,0.37,-21.0625,-33,186.875,0.125,0,0,8.924944,0,0,1000,-50,18.15625
07.08.2026,22:57:47,410751,0,-0.560377,-0.07,3.49,-21.9375,-36.375,185.5,0.172721,0,0,8.942216,0,0,1000,-50,20.96875
07.08.2026,22:57:47,410857,0,1.21825,0.6,2.35,-19.875,-36.4375,183.125,0.042707,0,0,8.946486,0,0,1000,-50,12.59375
07.08.2026,22:57:47,410963,0,1.857841,-0.87,-0.33,-18.75,-33.8125,183.0625,0.012699,0,0,8.947757,0,0,1000,-50,10.9375
07.08.2026,22:57:47,411069,0,0.073728,-1.14,-2.36,-20.625,-34,185.0625,0.12792,0,0,8.960548,0,0,1000,-50,15.5
07.08.2026,22:57:47,411175,0,0.267242,-0.7,-0.05,-22.1875,-37.5,188.1875,0.201683,0,0,8.980717,0,0,1000,-50,20.25
07.08.2026,22:57:47,411281,0,0.66259,-0.68,3.76,-22.75,-37.1875,192.3125,0.144675,0,0,8.995184,0,0,1000,-50,22.6875
07.08.2026,22:57:47,411387,0,-0.9817,-1.38,5.24,-24,-36.9375,198.5625,0.133417,0,0,9.008526,0,0,1000,-50,25.5
07.08.2026,22:57:47,411493,0,1.203713,-1.94,0.01,-25.4375,-32.625,207,0.142629,0,0,9.022789,0,0,1000,-50,32.5625
07.08.2026,22:57:47,411599,0,2.096849,-2.47,-1.68,-27.1875,-28.5,218.625,0.213452,0,0,9.044134,0,0,1000,-50,36.875
07.08.2026,22:57:47,411705,0,0.569606,-1.39,4.4,-28.8125,-27.875,227.125,0.330295,0,0,9.099687,0,0,1000,-50,40
07.08.2026,22:57:47,411811,0,1.618985,-1.29,2.33,-29.3125,-26.4375,236.6875,0.412168,0,0,9.140903,0,0,1000,-50,40
07.08.2026,22:57:47,411917,0,-0.034269,-2.14,0.84,-29.4375,-26.4375,247.6875,0.338871,0,0,9.17479,0,0,1000,-50,40
07.08.2026,22:57:47,412023,0,1.134356,-2.33,-1.29,-28.6875,-21.0625,265.625,0.325844,0,0,9.207375,0,0,1000,-24.53125,40
07.08.2026,22:57:47,412129,0,-0.136971,-2.54,1.36,-28.1875,-20.1875,279.9375,0.352221,0,0,9.242597,0,0,1000,23.25,39.9375
07.08.2026,22:57:47,412235,0,1.716439,-3.33,0.8,-27.8125,-14.3125,291.9375,0.204961,0,0,9.263093,0,0,1000,50,38.4375
07.08.2026,22:57:47,412341,0,-2.829687,-2.27,0.45,-28.6875,-12.6875,301.375,0.190475,0,0,9.282141,0,0,1000,50,40
07.08.2026,22:57:47,412447,0,-0.867378,-2.77,-0.26,-28.25,-9.9375,308.0625,-0.071798,0,0,9.274961,0,0,1000,50,39.75
07.08.2026,22:57:47,412553,0,-1.661133,-2.28,0.8,-26.5625,-8.0625,314.75,-0.194199,0,0,9.255541,0,0,1000,50,36.1875
07.08.2026,22:57:47,412659,0,-2.129358,-1.74,-0.31,-25.625,-7.5,319.6875,-0.366185,0,0,9.218923,0,0,1000,50,32.8125
07.08.2026,22:57:47,412765,0,-1.312982,-1.13,-0.33,-24.5625,-6.875,323.0625,-0.509242,0,0,9.167998,0,0,1000,50,29.4375
07.08.2026,22:57:47,412871,0,-1.143238,-1.06,-0.11,-23.1875,-6.125,325.9375,-0.613981,0,0,9.1066,0,0,1000,50,22.53125
07.08.2026,22:57:47,412977,0,-1.021517,-0.91,-0.1,-21,-6.875,328.25,-0.675476,0,0,9.039052,0,0,1000,50,16.59375
07.08.2026,22:57:47,413083,0,-0.828465,-0.51,-0.21,-19.3125,-8,330.3125,-0.716866,0,0,8.967365,0,0,1000,50,12.59375
07.08.2026,22:57:47,413189,0,-0.684838,-0.37,-0.43,-18.75,-8.4375,331,-0.734738,0,0,8.893891,0,0,1000,50,11
07.08.2026,22:57:47,413295,0,-0.751226,-0.33,-0.24,-18.3125,-8.75,331.1875,-0.734266,0,0,8.820465,0,0,1000,50,9.46875
07.08.2026,22:57:47,413401,0,-0.677718,-0.33,-0.2,-17.9375,-8.75,331.0625,-0.722746,0,0,8.675086,0,0,1000,50,8.5
07.08.2026,22:57:47,413507,0,-0.514476,-0.4,-0.28,-17.4375,-8.8125,331,-0.709771,0,0,8.604109,0,0,1000,50,6.84375
07.08.2026,22:57:47,413613,0,-0.299625,-0.3,-0.34,-17.125,-8.875,331.0625,-0.684981,0,0,8.53561,0,0,1000,50,6.375
07.08.2026,22:57:47,413719,0,-0.478582,-0.11,-0.36,-16.9375,-8.8125,331.125,-0.654387,0,0,8.470172,0,0,1000,50,6
07.08.2026,22:57:47,413825,0,-0.798083,0.02,-0.09,-16.3125,-10.1875,331.1875,-0.637467,0,0,8.406425,0,0,1000,50,4.6875
07.08.2026,22:57:47,413931,0,0.391328,-0.43,-0.29,-15,-11.3125,332.125,-0.603629,0,0,8.346063,0,0,1000,50,-1.40625
07.08.2026,22:57:47,414037,0,-0.802281,-1.05,-0.35,-13.3125,-15.4375,334.625,-0.509736,0,0,8.295089,0,0,1000,50,-5.34375
07.08.2026,22:57:47,414143,0,-0.965909,-0.08,0.33,-13.375,-17.625,336.375,-0.509124,0,0,8.244176,0,0,1000,50,-5.4375
07.08.2026,22:57:47,414249,0,0.171142,0.03,-0.46,-13.0625,-15.3125,338.5625,-0.530227,0,0,8.191154,0,0,1000,50,-6.28125
07.08.2026,22:57:47,414355,0,0.026273,0.6,-0.17,-11.8125,-13.6875,340.9375,-0.470526,0,0,8.144101,0,0,1000,50,-10.8125
07.08.2026,22:57:47,414461,0,0.179356,0.36,-0.04,-9.125,-14.6875,342.6875,-0.406862,0,0,8.103415,0,0,1000,50,-19.96875
07.08.2026,22:57:47,414567,0,-0.149405,0.51,0.1,-7.0625,-17.4375,344.3125,-0.349506,0,0,8.068464,0,0,1000,50,-23.25
07.08.2026,22:57:47,414673,0,-0.139648,-0.48,-0.15,-7.1875,-18.875,346.875,-0.30342,0,0,8.038122,0,0,1000,50,-24
07.08.2026,22:57:47,414779,0,0.279311,0,-0.9,-8.625,-21.4375,348.6875,-0.278586,0,0,8.010263,0,0,1000,50,-21.375
07.08.2026,22:57:47,414885,0,-0.612492,-0.16,-0.07,-11.8125,-25.0625,350.125,-0.254923,0,0,7.984771,0,0,1000,50,-13.3125
07.08.2026,22:57:47,414991,0,-0.314642,-0.57,-0.31,-16.0625,-25.4375,353.5625,-0.244094,0,0,7.960362,0,0,1000,50,5.84375
07.08.2026,22:57:47,415097,0,-0.236258,-0.8,-0.32,-21.8125,-22.8125,358.3125,-0.260733,0,0,7.934289,0,0,1000,50,19.8125
07.08.2026,22:57:47,415203,0,-0.828309,-0.19,-0.22,-25.625,-23.625,0.8125,-0.25903,0,0,7.883665,0,0,1000,-50,28.3125
07.08.2026,22:57:47,415309,0,-0.059979,-0.25,-0.33,-29.25,-22.875,4,-0.270161,0,0,7.856648,0,0,1000,-50,39.75
07.08.2026,22:57:47,415415,0,0.058708,-0.6,0,-32.0625,-21.25,8.3125,-0.236871,0,0,7.832961,0,0,1000,-50,40
07.08.2026,22:57:47,415521,0,-0.006916,-0.81,0.16,-34.625,-20.1875,14.75,-0.210162,0,0,7.811945,0,0,1000,-50,40
07.08.2026,22:57:47,415627,0,0.048954,-0.31,0.33,-38,-20.0625,20.375,-0.182546,0,0,7.79369,0,0,1000,-50,40
07.08.2026,22:57:47,415733,0,-0.645971,-0.41,0.54,-39.8125,-19.875,25.125,-0.157814,0,0,7.777909,0,0,1000,-50,40
07.08.2026,22:57:47,415839,0,-0.05015,-0.33,0.12,-40.25,-17,30.0625,-0.181031,0,0,7.759806,0,0,1000,-50,40
07.08.2026,22:57:47,415945,0,-0.784769,-0.93,0.31,-39.1875,-13.125,36.1875,-0.167319,0,0,7.743074,0,0,1000,-50,40
07.08.2026,22:57:47,416051,0,-0.008046,-1.18,-0.66,-37.25,-6,43,-0.209069,0,0,7.722167,0,0,1000,-50,40
07.08.2026,22:57:47,416157,0,-0.211491,-1.05,-0.62,-36.1875,-3.5625,47.0625,-0.203868,0,0,7.70178,0,0,1000,-50,40
07.08.2026,22:57:47,416263,0,0.223927,-0.39,0.13,-37.0625,-2.8125,51.125,-0.168469,0,0,7.684933,0,0,1000,-50,40
07.08.2026,22:57:47,416369,0,-0.70194,-0.45,-0.01,-37.0625,-3.75,55.125,-0.128547,0,0,7.672079,0,0,1000,-50,40
07.08.2026,22:57:47,416475,0,-0.106485,-0.6,-0.33,-35.0625,-0.5625,59.1875,-0.16962,0,0,7.655117,0,0,1000,-50,40
07.08.2026,22:57:47,416581,0,-0.37096,-1.25,-0.21,-31.0625,3.1875,64.6875,-0.171807,0,0,7.637936,0,0,1000,-50,40
07.08.2026,22:57:47,416687,0,-0.386501,-1.26,-0.59,-30.125,3.1875,69.5625,-0.138672,0,0,7.624069,0,0,1000,-50,40
07.08.2026,22:57:47,416793,0,0.205209,-0.34,-0.04,-31.4375,3.125,75.5625,-0.05318,0,0,7.618751,0,0,1000,-50,40
07.08.2026,22:57:47,416899,0,0.725886,-0.19,-0.46,-32.875,4.75,81.75,-0.021052,0,0,7.616645,0,0,1000,-50,40
07.08.2026,22:57:47,417005,0,1.143198,-0.23,-0.32,-32.5,7,86.6875,0.13872,0,0,7.638877,0,0,1000,-50,40
07.08.2026,22:57:47,417111,0,1.011722,-1.33,-0.03,-30,10.0625,91.5625,0.218161,0,0,7.660694,0,0,1000,-50,40
07.08.2026,22:57:47,417217,0,0.663368,-0.99,-0.2,-30.375,10.5,95.125,0.259789,0,0,7.686673,0,0,1000,-50,40
07.08.2026,22:57:47,417323,0,-0.155274,-0.63,-0.16,-31.875,10.125,98.625,0.268741,0,0,7.713547,0,0,1000,-50,40
07.08.2026,22:57:47,417429,0,0.407241,-1.66,-1.37,-32.125,9.75,101.1875,0.232768,0,0,7.736824,0,0,1000,-50,40
07.08.2026,22:57:47,417535,0,-0.000172,-1.18,-0.02,-33.1875,8.0625,103.375,0.230519,0,0,7.759875,0,0,1000,-50,40
07.08.2026,22:57:47,417641,0,0.283831,-0.65,-0.26,-34.625,5.9375,106.1875,0.186477,0,0,7.778523,0,0,1000,-50,40
07.08.2026,22:57:47,417747,0,-0.481507,-0.44,-0.1,-33.8125,5.625,108.1875,0.166016,0,0,7.795125,0,0,1000,-50,40
07.08.2026,22:57:47,417853,0,-0.044605,-1.71,-0.33,-32.1875,7.875,110.4375,0.096332,0,0,7.804758,0,0,1000,-50,40
07.08.2026,22:57:47,417959,0,0.042286,-0.89,0.81,-31.625,9.0625,113.5625,0.096685,0,0,7.814426,0,0,1000,-50,40
07.08.2026,22:57:47,418065,0,0.569145,-0.12,-0.57,-33,10.625,118,0.097673,0,0,7.824193,0,0,1000,-50,40
07.08.2026,22:57:47,418171,0,0.034181,-0.59,-0.33,-34.5,11.8125,119.4375,0.154376,0,0,7.839631,0,0,1000,-50,40
07.08.2026,22:57:47,418277,0,0.080065,-1.28,-0.61,-33.8125,13.25,119.8125,0.127998,0,0,7.85243,0,0,1000,-50,40
07.08.2026,22:57:47,418383,0,0.446328,-0.5,0.04,-32.125,13.25,120.125,0.116208,0,0,7.864051,0,0,1000,-50,40
07.08.2026,22:57:47,418489,0,0.122262,-1.49,0.03,-30.375,13.4375,119.5,0.12645,0,0,7.876697,0,0,1000,-50,40
07.08.2026,22:57:47,418595,0,-0.341484,-0.91,-0.02,-30.6875,13.3125,118.3125,0.116461,0,0,7.888343,0,0,1000,-50,40
07.08.2026,22:57:47,418701,0,-0.324866,-0.99,-0.8,-30.8125,12.875,117.875,0.065109,0,0,7.905371,0,0,1000,-50,40
07.08.2026,22:57:47,418807,0,-0.116959,-0.79,-0.06,-30.25,12.5,117.8125,0.031882,0,0,7.908559,0,0,1000,-50,40
07.08.2026,22:57:47,418913,0,0.342015,-0.82,-0.38,-29.3125,12.1875,117.5625,0.038623,0,0,7.912422,0,0,1000,-50,40
07.08.2026,22:57:47,419019,0,0.180773,-0.67,-0.05,-28.8125,11.4375,117.1875,0.033743,0,0,7.915796,0,0,1000,-50,40
07.08.2026,22:57:47,419125,0,-0.011402,-0.69,-0.44,-28.1875,10.9375,116.25,0.033915,0,0,7.919187,0,0,1000,-50,39.5
07.08.2026,22:57:47,419231,0,-0.052194,-0.33,-0.25,-27.8125,10.5625,115.5,0.024627,0,0,7.92165,0,0,1000,-50,38.125
07.08.2026,22:57:47,419337,0,-0.072654,-0.44,-0.48,-27.3125,10.5,114.8125,0.014297,0,0,7.923079,0,0,1000,-50,36.3125
07.08.2026,22:57:47,419443,0,-0.252799,-0.42,-0.2,-26.6875,10.375,114.3125,0.00451,0,0,7.923531,0,0,1000,-50,34.4375
07.08.2026,22:57:47,419549,0,-0.212318,-0.53,-0.27,-25.375,10.0625,113.6875,-0.014944,0,0,7.922036,0,0,1000,-50,31.46875
07.08.2026,22:57:47,419655,0,0.18873,-0.41,-0.7,-24.3125,9.875,113.625,-0.032611,0,0,7.918775,0,0,1000,-50,28.875
07.08.2026,22:57:47,419761,0,-0.070267,-0.43,-0.16,-23.5625,9.6875,113.6875,-0.03119,0,0,7.915656,0,0,1000,-50,26.25
07.08.2026,22:57:47,419867,0,0.01059,-0.43,-0.16,-22.875,9.625,113.625,-0.026637,0,0,7.912992,0,0,1000,-50,24.1875
07.08.2026,22:57:47,419973,0,0.261277,-0.31,-0.35,-22.9375,9.5,113.4375,-0.021385,0,0,7.910854,0,0,1000,-50,23.96875
07.08.2026,22:57:47,420079,0,0.581682,-0.4,-0.55,-23.5,8.5,112.4375,-0.012588,0,0,7.909595,0,0,1000,-50,25.0625
07.08.2026,22:57:47,420185,0,-0.359095,-0.42,-0.52,-24.6875,4.1875,109.875,0.024177,0,0,7.912013,0,0,1000,-50,28.84375
07.08.2026,22:57:47,420291,0,-0.039658,-0.19,-0.31,-25.6875,1.0625,106.9375,0.017489,0,0,7.913762,0,0,1000,-50,32.84375
07.08.2026,22:57:47,420397,0,-0.549348,-0.18,-0.12,-26.375,-0.5625,105.5,-0.00962,0,0,7.9128,0,0,1000,-50,34.4375
07.08.2026,22:57:47,420503,0,0.024172,0.08,-1.74,-26.25,0,104.625,-0.120851,0,0,7.889769,0,0,1000,-50,33.4375
07.08.2026,22:57:47,420609,0,-0.986912,-0.15,1.11,-24.375,-0.3125,104.5625,-0.156425,0,0,7.874126,0,0,1000,-50,29.8125
07.08.2026,22:57:47,420715,0,0.309642,-0.6,-0.83,-22.0625,2.6875,105.75,-0.20382,0,0,7.853744,0,0,1000,-50,23.0625
07.08.2026,22:57:47,420821,0,-0.184204,0.01,0.05,-19.75,5,107.6875,-0.191356,0,0,7.834609,0,0,1000,-50,17.25
07.08.2026,22:57:47,420927,0,0.560649,-0.68,-0.56,-17.0625,7.4375,108.75,-0.150917,0,0,7.819517,0,0,1000,-50,4
07.08.2026,22:57:47,421033,0,-0.196021,-0.39,0.34,-14.3125,5.75,108.125,-0.103572,0,0,7.809159,0,0,1000,-50,-2.3125
07.08.2026,22:57:47,421139,0,-0.372553,-0.34,0.16,-13.9375,4.9375,107.5,-0.10782,0,0,7.798378,0,0,1000,-50,-3.75
07.08.2026,22:57:47,421245,0,-0.048533,-0.34,-0.9,-15.4375,5.9375,107.5625,-0.125041,0,0,7.785873,0,0,1000,-50,-0.375
07.08.2026,22:57:47,421351,0,-0.2549,0.02,-0.7,-16.75,6.4375,107.5,-0.112961,0,0,7.774577,0,0,1000,-50,5.875
07.08.2026,22:57:47,421457,0,-0.131233,-0.2,-0.68,-16.375,6.5625,107,-0.114043,0,0,7.763173,0,0,1000,-50,3.34375
07.08.2026,22:57:47,421563,0,0.30231,-0.1,0.09,-14.5625,6.375,105.75,-0.110164,0,0,7.752156,0,0,1000,-50,-0.53125
07.08.2026,22:57:47,421669,0,1.275174,-0.28,0.02,-14.1875,6.75,103.625,-0.08908,0,0,7.743248,0,0,1000,-50,-3.125
07.08.2026,22:57:47,421775,0,0.855032,-0.35,-0.25,-16.125,4.1875,99.75,0.004418,0,0,7.74369,0,0,1000,-50,5.5625
07.08.2026,22:57:47,421881,0,-0.468396,0.1,0.05,-19.6875,-0.125,93.9375,0.106616,0,0,7.754351,0,0,1000,-50,16.71875
07.08.2026,22:57:47,421987,0,-0.981357,0.39,-0.37,-22.4375,0,87.875,0.092071,0,0,7.763558,0,0,1000,-50,24.03125
07.08.2026,22:57:47,422093,0,0.488316,0.08,-1.12,-23.3125,7.1875,81.4375,0.010187,0,0,7.764577,0,0,1000,-50,24.75
07.08.2026,22:57:47,422199,0,-0.251563,-0.13,-0.27,-24.125,8.5625,77.125,-0.003783,0,0,7.764199,0,0,1000,-50,26.25
07.08.2026,22:57:47,422305,0,-0.881978,-0.11,-0.03,-26.1875,7.6875,72.75,-0.036416,0,0,7.761847,0,0,1000,-50,30.75
07.08.2026,22:57:47,422411,0,-1.050807,-0.71,0.6,-27.625,8.1875,68.9375,-0.103465,0,0,7.751501,0,0,1000,-50,38.8125
07.08.2026,22:57:47,422517,0,-0.572664,-1.51,-0.57,-28.9375,11.5625,62.3125,-0.149757,0,0,7.736525,0,0,1000,-50,40
07.08.2026,22:57:47,422623,0,-0.896389,-1.89,-0.72,-29.6875,11.8125,56.3125,-0.195129,0,0,7.717012,0,0,1000,-50,40
07.08.2026,22:57:47,422729,0,0.050935,-2.06,-0.58,-31.6875,10.6875,47.375,-0.227765,0,0,7.694235,0,0,1000,-50,40
07.08.2026,22:57:47,422835,0,0.996202,-1.42,-0.33,-33.6875,6.1875,37.375,-0.163787,0,0,7.677856,0,0,1000,-50,40
07.08.2026,22:57:47,422941,0,0.118572,-0.38,0.25,-33.3125,-0.25,28.3125,-0.073692,0,0,7.670487,0,0,1000,-50,40
07.08.2026,22:57:47,423047,0,-0.639216,0.72,-0.81,-29.875,-0.75,17.5625,-0.068787,0,0,7.663609,0,0,1000,-50,40
07.08.2026,22:57:47,423153,0,-0.215621,0.98,-0.99,-25.875,3.375,10.9375,-0.111798,0,0,7.652429,0,0,1000,-50,37.6875
07.08.2026,22:57:47,423259,0,-0.541961,0.67,-0.5,-22.125,4.1875,6.9375,-0.11382,0,0,7.641047,0,0,1000,-50,24.9375
07.08.2026,22:57:47,423365,0,-1.577483,0.49,-0.04,-19.25,2.25,4,-0.139262,0,0,7.62712,0,0,1000,-50,14.625
07.08.2026,22:57:47,423471,0,-0.968182,0.1,-1.44,-18.9375,1.25,0.0625,-0.289224,0,0,7.598198,0,0,1000,-50,12.125
07.08.2026,22:57:47,423577,0,-0.965826,-0.12,-0.69,-20.8125,-2.4375,354.375,-0.384228,0,0,7.559775,0,0,1000,50,16.125
07.08.2026,22:57:47,423683,0,-0.663108,0.17,-0.53,-21.6875,-3.875,351,-0.395526,0,0,7.520223,0,0,1000,50,19.6875
07.08.2026,22:57:47,423789,0,-0.609515,0,-0.66,-21,-5.25,348.125,-0.422683,0,0,7.477954,0,0,1000,50,19.3125
07.08.2026,22:57:47,423895,0,-0.315785,-0.53,-0.37,-19.5,-7.4375,345.6875,-0.426994,0,0,7.435255,0,0,1000,50,12.25
07.08.2026,22:57:47,424001,0,-0.932909,0.05,0.55,-18.625,-8.6875,343.3125,-0.419037,0,0,7.353313,0,0,1000,50,10.5625
07.08.2026,22:57:47,424107,0,-0.736243,-0.05,-0.76,-18.25,-9.375,341.9375,-0.410205,0,0,7.312293,0,0,1000,50,10.15625
07.08.2026,22:57:47,424213,0,-0.742239,-0.03,0.29,-17.0625,-9.625,341.5,-0.435504,0,0,7.268743,0,0,1000,50,7.6875
07.08.2026,22:57:47,424319,0,-0.968209,-0.1,-0.16,-15.1875,-7.75,341.0625,-0.436293,0,0,7.225113,0,0,1000,50,2.0625
07.08.2026,22:57:47,424425,0,0.481791,0.15,-0.1,-14.0625,-6.9375,340.5,-0.365334,0,0,7.18858,0,0,1000,50,-3.59375
07.08.2026,22:57:47,424531,0,-0.526461,-0.55,-0.62,-13.4375,-10.125,339.5625,-0.314628,0,0,7.157117,0,0,1000,50,-4.6875
07.08.2026,22:57:47,424637,0,-0.437067,0.12,0.01,-14.3125,-11.9375,337.125,-0.288486,0,0,7.128269,0,0,1000,50,-3.5625
07.08.2026,22:57:47,424743,0,0.001192,-0.54,-0.85,-16.25,-13.625,334.125,-0.256828,0,0,7.102586,0,0,1000,50,1.6875
07.08.2026,22:57:47,424849,0,-0.822134,-0.92,-0.22,-18.0625,-15.6875,330.375,-0.20755,0,0,7.081831,0,0,1000,50,9.96875
07.08.2026,22:57:47,424955,0,-0.844522,0,-0.81,-17.625,-15.0625,327.625,-0.236694,0,0,7.058162,0,0,1000,50,7.09375
07.08.2026,22:57:47,425061,0,0.484178,-0.29,-0.39,-16.125,-11.0625,326.625,-0.270554,0,0,7.031106,0,0,1000,50,3.71875
07.08.2026,22:57:47,425167,0,-0.728987,-0.6,-0.2,-14.8125,-11.375,326.6875,-0.212555,0,0,7.009851,0,0,1000,50,-1.65625
07.08.2026,22:57:47,425273,0,-0.322139,-0.37,-0.54,-13.4375,-12.0625,326.6875,-0.212971,0,0,6.988554,0,0,1000,50,-6.09375
07.08.2026,22:57:47,425379,0,-0.145664,-0.34,-0.2,-12.75,-11.5,326.6875,-0.201333,0,0,6.968421,0,0,1000,50,-7.0625
07.08.2026,22:57:47,425485,0,-0.509727,-0.24,-0.16,-12.3125,-10.8125,326.4375,-0.184647,0,0,6.949956,0,0,1000,50,-8.53125
07.08.2026,22:57:47,425591,0,-0.114402,-0.16,-0.37,-12.1875,-8.875,325.375,-0.16557,0,0,6.933399,0,0,1000,50,-8.4375
07.08.2026,22:57:47,425697,0,-0.279898,-0.11,-0.43,-12.6875,-6.875,324.9375,-0.140068,0,0,6.919392,0,0,1000,50,-7.6875
07.08.2026,22:57:47,425803,0,0.113811,-0.34,-0.1,-13.75,-4.25,324.9375,-0.083976,0,0,6.899461,0,0,1000,50,-4.875
07.08.2026,22:57:47,425909,0,1.006511,0.49,-0.8,-14.25,-4.3125,325.25,0.015926,0,0,6.901053,0,0,1000,50,-1.875
07.08.2026,22:57:47,426015,0,-0.174001,-0.53,-0.29,-13.125,-7.25,325.6875,0.054155,0,0,6.906469,0,0,1000,50,-6.875
07.08.2026,22:57:47,426121,0,-0.646624,-0.33,-0.04,-11.4375,-8.125,326,0.027403,0,0,6.909209,0,0,1000,50,-10.65625
07.08.2026,22:57:47,426227,0,0.003054,-0.34,-0.43,-11.0625,-6.1875,326,0.010019,0,0,6.910211,0,0,1000,50,-12.3125
07.08.2026,22:57:47,426333,0,0.411806,-0.51,-0.21,-12,-4,325.0625,0.038816,0,0,6.914093,0,0,1000,50,-7.90625
07.08.2026,22:57:47,426439,0,0.267994,-0.2,-0.56,-13.9375,-5.1875,324.25,0.118533,0,0,6.925946,0,0,1000,50,-1.625
07.08.2026,22:57:47,426545,0,-0.34626,-0.32,-0.12,-16.1875,-7.75,324.1875,0.132309,0,0,6.939177,0,0,1000,50,3.84375
07.08.2026,22:57:47,426651,0,0.010302,-0.26,-0.3,-17.625,-7.0625,324.4375,0.10689,0,0,6.949865,0,0,1000,50,6.375
07.08.2026,22:57:47,426757,0,0.566687,-0.19,-0.65,-19.75,-5,324.375,0.112417,0,0,6.961107,0,0,1000,50,11.625
07.08.2026,22:57:47,426863,0,-0.228332,0.5,-0.3,-21,-5.75,325.3125,0.156087,0,0,6.976716,0,0,1000,50,18.15625
07.08.2026,22:57:47,426969,0,0.006579,-0.22,0.01,-19.625,-5.6875,326.375,0.158249,0,0,6.992541,0,0,1000,50,13.875
07.08.2026,22:57:47,427075,0,0.231599,-0.29,-0.36,-16.25,-3.375,326.625,0.154889,0,0,7.00803,0,0,1000,50,5.8125
07.08.2026,22:57:47,427181,0,0.275882,0.2,-0.35,-14.875,-2.625,325.8125,0.177761,0,0,7.025806,0,0,1000,50,0.1875
07.08.2026,22:57:47,427287,0,-0.100513,0,-0.18,-14.5,-2.6875,326,0.198885,0,0,7.045694,0,0,1000,50,-1.96875
07.08.2026,22:57:47,427393,0,0.693449,-0.2,-0.35,-13.6875,-0.5625,326.3125,0.187773,0,0,7.064472,0,0,1000,50,-4.40625
07.08.2026,22:57:47,427499,0,0.566357,-0.13,-0.26,-13.25,-0.8125,325.9375,0.220524,0,0,7.086524,0,0,1000,50,-5.5625
07.08.2026,22:57:47,427605,0,0.857718,0.23,-0.55,-13.125,-3.6875,325,0.305481,0,0,7.143939,0,0,1000,50,-5.4375
07.08.2026,22:57:47,427711,0,0.187894,-0.06,-0.28,-12.75,-8.8125,324.25,0.3437,0,0,7.178309,0,0,1000,50,-7.375
07.08.2026,22:57:47,427817,0,-0.603158,-0.72,0.31,-11.9375,-14.125,323.875,0.310544,0,0,7.209363,0,0,1000,50,-9.96875
07.08.2026,22:57:47,427923,0,-0.083144,-0.46,-0.35,-11.4375,-18.75,324.125,0.232544,0,0,7.232618,0,0,1000,50,-10.84375
07.08.2026,22:57:47,428029,0,0.259378,0.01,-0.6,-11.6875,-21.8125,324.9375,0.221239,0,0,7.254742,0,0,1000,50,-9.78125
07.08.2026,22:57:47,428135,0,-0.014769,0.09,-0.18,-12.4375,-24.5,326.6875,0.218677,0,0,7.276609,0,0,1000,50,-8.25
07.08.2026,22:57:47,428241,0,0.108423,-0.19,-0.66,-13.375,-26.5625,328.0625,0.211731,0,0,7.297782,0,0,1000,50,-5.625
07.08.2026,22:57:47,428347,0,0.231718,-0.28,-0.43,-14.125,-26.3125,329.1875,0.208493,0,0,7.318632,0,0,1000,50,-3.375
07.08.2026,22:57:47,428453,0,0.204649,-0.22,0.72,-14.125,-22.6875,330.125,0.219839,0,0,7.340616,0,0,1000,50,-2.78125
07.08.2026,22:57:47,428559,0,0.147379,-0.27,-0.5,-13.1875,-20.75,330.5,0.226065,0,0,7.363222,0,0,1000,50,-5.15625
07.08.2026,22:57:47,428665,0,0.050424,-0.21,-0.04,-12.3125,-19.5,330.3125,0.216284,0,0,7.384851,0,0,1000,50,-7.75
07.08.2026,22:57:47,428771,0,0.274147,-0.12,-0.17,-11.6875,-17.125,330.375,0.195209,0,0,7.404371,0,0,1000,50,-10.25
07.08.2026,22:57:47,428877,0,0.22791,-0.23,0,-11.6875,-15.5625,330.9375,0.193944,0,0,7.423766,0,0,1000,50,-9.78125
07.08.2026,22:57:47,428983,0,0.391519,-0.19,-0.21,-11.8125,-14.625,331.375,0.198759,0,0,7.443642,0,0,1000,50,-9.25
07.08.2026,22:57:47,429089,0,0.144692,0.01,-0.38,-12.375,-15,331.75,0.212303,0,0,7.464872,0,0,1000,50,-8.4375
07.08.2026,22:57:47,429195,0,-0.032118,-0.05,-0.25,-12.8125,-15.75,331.9375,0.211768,0,0,7.486049,0,0,1000,50,-6.9375
07.08.2026,22:57:47,429301,0,0.211576,-0.13,-0.22,-13.3125,-15.9375,332.125,0.189236,0,0,7.524581,0,0,1000,50,-5.4375
07.08.2026,22:57:47,429407,0,0.275491,-0.12,-0.07,-13.6875,-16.125,332.0625,0.193185,0,0,7.5439,0,0,1000,50,-3.625
07.08.2026,22:57:47,429513,0,0.109279,-0.05,-0.05,-14.125,-16.6875,332.0625,0.188749,0,0,7.562774,0,0,1000,50,-2.3125
07.08.2026,22:57:47,429619,0,0.337046,-0.14,-0.21,-14.875,-16.625,332.4375,0.191665,0,0,7.581941,0,0,1000,50,-0.9375
07.08.2026,22:57:47,429725,0,0.110642,-0.24,-0.15,-15.5,-16.25,332.6875,0.199149,0,0,7.601855,0,0,1000,50,0.75
07.08.2026,22:57:47,429831,0,0.104577,-0.17,-0.2,-15.9375,-15.875,332.5,0.188609,0,0,7.620716,0,0,1000,50,3.125
07.08.2026,22:57:47,429937,0,0.248717,-0.15,-0.19,-16,-15.4375,332,0.182229,0,0,7.638939,0,0,1000,50,3
07.08.2026,22:57:47,430043,0,0.192805,-0.19,-0.35,-15.75,-15.1875,331.4375,0.183838,0,0,7.657323,0,0,1000,50,2.28125
07.08.2026,22:57:47,430149,0,0.267016,-0.18,-0.2,-15.8125,-14.5625,331.125,0.180027,0,0,7.675325,0,0,1000,50,2.40625
07.08.2026,22:57:47,430255,0,0.041263,-0.23,-0.11,-16.1875,-14.5,330.75,0.17892,0,0,7.693217,0,0,1000,50,3.1875
07.08.2026,22:57:47,430361,0,0.065883,0.3,-0.07,-16.875,-14.5,330.5,0.167277,0,0,7.709945,0,0,1000,50,6.25
07.08.2026,22:57:47,430467,0,0.000752,-0.1,-0.35,-17.4375,-14.375,330.8125,0.159589,0,0,7.725904,0,0,1000,50,7.78125
07.08.2026,22:57:47,430573,0,0.206069,-0.05,-0.22,-17.5625,-13.75,331.3125,0.145628,0,0,7.740467,0,0,1000,50,7.875
07.08.2026,22:57:47,430679,0,0.301621,0.15,-0.39,-17.4375,-13.375,331.75,0.138306,0,0,7.754297,0,0,1000,50,7.5
07.08.2026,22:57:47,430785,0,0.016995,-0.1,0.01,-16.8125,-13.5,332.3125,0.143872,0,0,7.768684,0,0,1000,50,6.1875
07.08.2026,22:57:47,430891,0,0.152286,-0.07,-0.02,-15.8125,-13.8125,332.5,0.146436,0,0,7.783328,0,0,1000,50,1.65625
07.08.2026,22:57:47,430997,0,-0.102069,-0.23,0.02,-15,-13.625,332.625,0.135424,0,0,7.79687,0,0,1000,50,-0.625
07.08.2026,22:57:47,431103,0,0.083988,0,-0.25,-14.375,-12.625,332.125,0.112142,0,0,7.820346,0,0,1000,50,-1.8125
07.08.2026,22:57:47,431209,0,-0.189618,-0.07,-0.22,-14.1875,-13.125,331.3125,0.095926,0,0,7.829938,0,0,1000,50,-2.75
07.08.2026,22:57:47,431315,0,0.127297,-0.16,-0.31,-14.125,-12.4375,330.9375,0.071039,0,0,7.837042,0,0,1000,50,-2.625
07.08.2026,22:57:47,431421,0,0.305013,-0.01,-0.29,-14.375,-12.375,330.8125,0.076967,0,0,7.844739,0,0,1000,50,-1.5625
07.08.2026,22:57:47,431527,0,-0.130457,-0.1,-0.13,-15.8125,-12.4375,331.1875,0.093125,0,0,7.854052,0,0,1000,50,1.3125
07.08.2026,22:57:47,431633,0,-0.36268,-0.21,-0.21,-17.25,-13.5,331.375,0.069135,0,0,7.860965,0,0,1000,50,5.4375
07.08.2026,22:57:47,431739,0,0.156211,-0.28,-0.29,-18.375,-12.375,331.5,0.034483,0,0,7.864414,0,0,1000,50,9.1875
07.08.2026,22:57:47,431845,0,0.234906,-0.12,-0.17,-19.0625,-10.5,331.6875,0.040579,0,0,7.868472,0,0,1000,50,11.4375
07.08.2026,22:57:47,431951,0,7.763191,2.37,-3.51,-19.875,-9,331.9375,0.053338,0,0,7.873806,0,0,1000,50,15.5625
07.08.2026,22:57:47,432057,0,-1.054663,-0.26,-0.08,-20.0625,-12.375,334.8125,0.244234,0,0,7.898229,0,0,1000,50,16.71875
07.08.2026,22:57:47,432163,0,0.641199,-0.3,-0.07,-18.125,-9.25,335.5,0.128674,0,0,7.911097,0,0,1000,50,10.40625
07.08.2026,22:57:47,432269,0,0.396767,-0.25,-0.12,-16.5,-7.5,336.375,0.137826,0,0,7.924879,0,0,1000,50,4.59375
07.08.2026,22:57:47,432375,0,-0.848645,-0.38,0.62,-15.5625,-8.6875,337.5625,0.168308,0,0,7.94171,0,0,1000,50,1.21875
07.08.2026,22:57:47,432481,0,-0.041363,-0.56,-0.44,-15.6875,-8.3125,339.8125,0.08453,0,0,7.950163,0,0,1000,50,2.53125
07.08.2026,22:57:47,432587,0,-0.142964,-0.75,0.46,-16.875,-8.4375,344.875,0.049776,0,0,7.955141,0,0,1000,50,5.65625
07.08.2026,22:57:47,432693,0,-0.294212,-0.38,-0.14,-18.125,-11.5625,349.75,0.038797,0,0,7.95902,0,0,1000,50,8.25
07.08.2026,22:57:47,432799,0,-1.264525,-0.17,-1.76,-19.4375,-17.3125,355.5,0.009744,0,0,7.959994,0,0,1000,50,14.875
07.08.2026,22:57:47,432905,0,-0.343083,-0.51,-0.51,-21.1875,-19.6875,1.875,-0.139877,0,0,7.941522,0,0,1000,-50,20.125
07.08.2026,22:57:47,433011,0,-0.794583,-0.58,-0.29,-23.9375,-18.625,13.375,-0.124444,0,0,7.929078,0,0,1000,-50,25.125
07.08.2026,22:57:47,433117,0,-0.63919,-0.94,-1.11,-24.6875,-18.3125,22.875,-0.167722,0,0,7.912305,0,0,1000,-50,28.875
07.08.2026,22:57:47,433223,0,-0.142691,-1.12,-0.76,-24.25,-17.625,33.1875,-0.202086,0,0,7.892097,0,0,1000,-50,28.3125
07.08.2026,22:57:47,433329,0,2.402128,-1.48,0.02,-23.6875,-16.4375,44.3125,-0.149868,0,0,7.87711,0,0,1000,-50,25.90625
07.08.2026,22:57:47,433435,0,2.059961,-1.37,0.55,-24.6875,-19.9375,54.375,0.06738,0,0,7.883848,0,0,1000,-50,30.625
07.08.2026,22:57:47,433541,0,0.702764,-1.69,0.49,-26.625,-24.25,64.3125,0.22381,0,0,7.906229,0,0,1000,-50,35.1875
07.08.2026,22:57:47,433647,0,1.63363,-1.84,-0.69,-26.75,-21.375,69.8125,0.28407,0,0,7.934636,0,0,1000,-50,35.09375
07.08.2026,22:57:47,433753,0,1.0312,-1.55,-0.91,-26.3125,-21.875,73.625,0.386524,0,0,7.973288,0,0,1000,-50,33.625
07.08.2026,22:57:47,433859,0,-0.512064,-1.14,0.64,-26.0625,-26.1875,77.5625,0.412497,0,0,8.014538,0,0,1000,-50,32.875
07.08.2026,22:57:47,433965,0,-0.362269,-1.32,1.85,-25.1875,-25.25,81.875,0.317348,0,0,8.046272,0,0,1000,-50,29.9375
07.08.2026,22:57:47,434071,0,0.229914,-0.78,1.52,-23.625,-22.875,87.0625,0.243073,0,0,8.07058,0,0,1000,-50,27.375
07.08.2026,22:57:47,434177,0,0.841144,-1.82,-1.24,-20.0625,-21.1875,89.8125,0.272739,0,0,8.097854,0,0,1000,-50,18
07.08.2026,22:57:47,434283,0,-1.704517,-0.29,1.57,-20.6875,-21.3125,91.625,0.176016,0,0,8.115456,0,0,1000,-50,15
07.08.2026,22:57:47,434389,0,-0.775791,-0.8,1.36,-20.625,-17.4375,92.375,0.039629,0,0,8.119418,0,0,1000,-50,17.4375
07.08.2026,22:57:47,434495,0,1.474531,-1.09,-2.53,-20.3125,-12.5625,92.25,-0.010004,0,0,8.118418,0,0,1000,-50,15.78125
07.08.2026,22:57:47,434601,0,-0.267655,-1.14,0.11,-19.5625,-15.3125,92.5,0.103478,0,0,8.135562,0,0,1000,-50,13.59375
07.08.2026,22:57:47,434707,0,-0.140982,-0.91,-0.08,-19.75,-18.75,92.6875,0.049401,0,0,8.140502,0,0,1000,-50,14.40625
07.08.2026,22:57:47,434813,0,-0.322571,-0.91,0.11,-18.375,-20.3125,92.25,0.019814,0,0,8.142484,0,0,1000,-50,9.65625
07.08.2026,22:57:47,434919,0,-0.133208,-0.41,0.18,-17.75,-21.625,91.625,-0.025718,0,0,8.139912,0,0,1000,-50,8.40625
07.08.2026,22:57:47,435025,0,-0.892381,-0.34,-0.03,-17.8125,-21.0625,90.625,-0.056581,0,0,8.134254,0,0,1000,-50,8.28125
07.08.2026,22:57:47,435131,0,0.243433,-0.79,-0.43,-17.3125,-16.3125,89.8125,-0.124238,0,0,8.12183,0,0,1000,-50,7.125
07.08.2026,22:57:47,435237,0,1.17665,-0.66,-0.33,-17.3125,-14,90.0625,-0.100029,0,0,8.111827,0,0,1000,-50,6.9375
07.08.2026,22:57:47,435343,0,0.436773,-0.53,0.02,-17,-15.6875,90.0625,-0.003831,0,0,8.111444,0,0,1000,-50,6.375
07.08.2026,22:57:47,435449,0,-0.933628,-0.65,0.05,-16.3125,-18.5625,89.375,0.01248,0,0,8.112692,0,0,1000,-50,3.46875
07.08.2026,22:57:47,435555,0,-0.161309,-0.58,0.05,-15.6875,-17.5,88.25,-0.072107,0,0,8.105481,0,0,1000,-50,1.71875
07.08.2026,22:57:47,435661,0,0.382044,-0.7,-0.1,-15.5625,-14.6875,87.75,-0.104271,0,0,8.095054,0,0,1000,-50,1.875
07.08.2026,22:57:47,435767,0,0.304348,-0.7,-0.04,-14.9375,-12.8125,87.4375,-0.071667,0,0,8.087887,0,0,1000,-50,-0.8125
07.08.2026,22:57:47,435873,0,-0.244224,-0.4,-0.09,-14.6875,-12.1875,87,-0.0444,0,0,8.083447,0,0,1000,-50,-1.25
07.08.2026,22:57:47,435979,0,-0.152355,-0.15,-0.38,-14.4375,-10.875,86.8125,-0.05811,0,0,8.077636,0,0,1000,-50,-1.84375
07.08.2026,22:57:47,436085,0,-0.070009,-0.22,-0.2,-14.25,-9.8125,87.25,-0.072965,0,0,8.070339,0,0,1000,-50,-2.0625
07.08.2026,22:57:47,436191,0,0.121992,-0.36,-0.27,-14.25,-9.6875,87.4375,-0.062241,0,0,8.064116,0,0,1000,-50,-2.25
07.08.2026,22:57:47,436297,0,0.253769,-0.49,-0.08,-14.25,-9.875,87.3125,-0.055241,0,0,8.058592,0,0,1000,-50,-1.9375
07.08.2026,22:57:47,436403,0,-0.034692,0.14,-0.23,-14.625,-11.25,86.9375,-0.020166,0,0,8.051788,0,0,1000,-50,-1.4375
07.08.2026,22:57:47,436509,0,-0.144043,-0.46,-0.33,-14.3125,-12.25,87,-0.037117,0,0,8.048077,0,0,1000,-50,-2.0625
07.08.2026,22:57:47,436615,0,-0.111022,-0.21,-0.12,-14.5625,-13.25,87.5,-0.056835,0,0,8.042393,0,0,1000,-50,-1.3125
07.08.2026,22:57:47,436721,0,0.011401,-0.1,-0.14,-14.25,-11.5625,87.4375,-0.075353,0,0,8.034858,0,0,1000,-50,-1.875
07.08.2026,22:57:47,436827,0,0.383758,-0.07,-0.49,-14.375,-9.4375,87.5625,-0.073295,0,0,8.027528,0,0,1000,-50,-2.25
07.08.2026,22:57:47,436933,0,0.384912,-0.18,-0.3,-14.5,-8.5,87.875,-0.035879,0,0,8.02394,0,0,1000,-50,-1.5
07.08.2026,22:57:47,437039,0,-0.054724,-0.12,-0.2,-14.5,-9.1875,88.3125,-0.011338,0,0,8.022806,0,0,1000,-50,-1.6875
07.08.2026,22:57:47,437145,0,0.005733,-0.05,-0.2,-14.5,-10,88.5625,-0.014194,0,0,8.021387,0,0,1000,-50,-1.5
07.08.2026,22:57:47,437251,0,0.016247,-0.17,-0.21,-14.5,-10.4375,88.6875,-0.015995,0,0,8.019788,0,0,1000,-50,-1.5
07.08.2026,22:57:47,437357,0,-0.063216,-0.05,-0.21,-14.4375,-10.6875,88.5625,-0.016691,0,0,8.018119,0,0,1000,-50,-1.84375
07.08.2026,22:57:47,437463,0,-0.012495,-0.2,-0.18,-14.4375,-10.9375,88.375,-0.022433,0,0,8.015876,0,0,1000,-50,-1.6875
07.08.2026,22:57:47,437569,0,0.008459,-0.19,-0.26,-14.4375,-10.8125,88.25,-0.029667,0,0,8.012909,0,0,1000,-50,-1.5
07.08.2026,22:57:47,437675,0,0.059392,-0.12,-0.18,-14.4375,-10.875,88.25,-0.02901,0,0,8.010008,0,0,1000,-50,-1.6875
07.08.2026,22:57:47,437781,0,0.000369,-0.16,-0.21,-14.375,-10.8125,88.25,-0.03039,0,0,8.006968,0,0,1000,-50,-1.6875
07.08.2026,22:57:47,437887,0,0.021352,-0.11,-0.23,-14.375,-10.6875,88.25,-0.030552,0,0,8.003913,0,0,1000,-50,-1.875
07.08.2026,22:57:47,437993,0,0.0224,-0.11,-0.24,-14.375,-10.5625,88.25,-0.032606,0,0,8.000652,0,0,1000,-50,-1.875
07.08.2026,22:57:47,438099,0,0.003428,-0.1,-0.21,-14.3125,-10.375,88.0625,-0.031949,0,0,7.997458,0,0,1000,-50,-2.0625
07.08.2026,22:57:47,438205,0,-0.025776,-0.14,-0.23,-14.3125,-10.5,88.0625,-0.024078,0,0,7.992575,0,0,1000,-50,-2.0625
07.08.2026,22:57:47,438311,0,0.054998,-0.05,-0.23,-14.25,-10.5,88.0625,-0.027107,0,0,7.989864,0,0,1000,-50,-2.25
07.08.2026,22:57:47,438417,0,-0.024131,-0.16,-0.18,-14.1875,-10.4375,88.0625,-0.027941,0,0,7.98707,0,0,1000,-50,-2.4375
07.08.2026,22:57:47,438523,0,0.047556,-0.1,-0.18,-14.125,-10.1875,88,-0.024503,0,0,7.984619,0,0,1000,-50,-2.4375
07.08.2026,22:57:47,438629,0,0.018212,-0.16,-0.16,-14.125,-10.1875,87.875,-0.020408,0,0,7.982578,0,0,1000,-50,-2.625
07.08.2026,22:57:47,438735,0,0.038809,-0.04,-0.22,-14.125,-10.25,87.9375,-0.018551,0,0,7.980723,0,0,1000,-50,-2.625
07.08.2026,22:57:47,438841,0,-0.160499,-0.24,-0.14,-14.125,-10,88.125,-0.021534,0,0,7.97857,0,0,1000,-50,-2.625
07.08.2026,22:57:47,438947,0,0.150433,-0.13,-0.25,-14.125,-9.3125,88.0625,-0.028977,0,0,7.975672,0,0,1000,-50,-2.625
07.08.2026,22:57:47,439053,0,0.15103,-0.14,-0.29,-14.0625,-8.375,88.0625,-0.018572,0,0,7.973814,0,0,1000,-50,-2.8125
07.08.2026,22:57:47,439159,0,0.201411,-0.13,-0.29,-14.125,-8,88.125,-0.011834,0,0,7.972631,0,0,1000,-50,-2.625
07.08.2026,22:57:47,439265,0,0.15153,-0.06,-0.32,-14.125,-7.875,88.25,-0.003712,0,0,7.97226,0,0,1000,-50,-2.625
07.08.2026,22:57:47,439371,0,0.051365,-0.03,-0.21,-14.125,-8.125,88.3125,0.005135,0,0,7.972773,0,0,1000,-50,-2.625
07.08.2026,22:57:47,439477,0,0.041222,-0.02,-0.25,-14.0625,-8.1875,88.25,0.004454,0,0,7.973218,0,0,1000,-50,-2.8125
07.08.2026,22:57:47,439583,0,0.04116,-0.05,-0.28,-14.0625,-8.0625,88.25,0.001919,0,0,7.97341,0,0,1000,-50,-2.8125
07.08.2026,22:57:47,439689,0,0.051125,-0.08,-0.24,-14.0625,-8,88.25,0.001091,0,0,7.973519,0,0,1000,-50,-2.8125
07.08.2026,22:57:47,439795,0,0.031071,-0.12,-0.22,-14.0625,-7.9375,88.1875,0.001671,0,0,7.973686,0,0,1000,-50,-2.8125
07.08.2026,22:57:47,439901,0,0.071032,-0.12,-0.27,-14,-7.8125,88.125,0.002453,0,0,7.974052,0,0,1000,-50,-3.15625
07.08.2026,22:57:47,440007,0,-0.099046,-0.09,-0.18,-14,-7.6875,88.125,-0.007195,0,0,7.973333,0,0,1000,-50,-3
07.08.2026,22:57:47,440113,0,0.320929,-0.1,-0.17,-13.875,-7.25,88.3125,0.007966,0,0,7.97413,0,0,1000,-50,-3.1875
07.08.2026,22:57:47,440219,0,0.130103,-0.07,-0.31,-13.875,-7.375,88.375,0.025671,0,0,7.976697,0,0,1000,-50,-3.375
07.08.2026,22:57:47,440325,0,-0.060698,-0.12,-0.26,-13.8125,-8,88.25,0.024926,0,0,7.979189,0,0,1000,-50,-3.375
07.08.2026,22:57:47,440431,0,-0.081079,-0.06,-0.22,-13.8125,-8.4375,88.0625,0.011849,0,0,7.980374,0,0,1000,-50,-3.5625
07.08.2026,22:57:47,440537,0,-0.06101,-0.07,-0.21,-13.8125,-8.4375,88.0625,-0.002147,0,0,7.98016,0,0,1000,-50,-3.5625
07.08.2026,22:57:47,440643,0,0.009358,-0.08,-0.19,-13.8125,-7.9375,88.1875,-0.011461,0,0,7.979014,0,0,1000,-50,-3.5625
07.08.2026,22:57:47,440749,0,0.049832,-0.01,-0.25,-13.8125,-7.125,88.25,-0.014723,0,0,7.977541,0,0,1000,-50,-3.5625
07.08.2026,22:57:47,440855,0,0.000259,-0.07,-0.25,-13.8125,-6.125,88.375,-0.013301,0,0,7.976212,0,0,1000,-50,-3.5625
07.08.2026,22:57:47,440961,0,-0.049301,-0.08,-0.27,-13.875,-4.9375,88.625,-0.013654,0,0,7.974846,0,0,1000,-50,-3.21875
07.08.2026,22:57:47,441067,0,0.04128,-0.01,-0.26,-13.9375,-2.75,88.875,-0.018069,0,0,7.97304,0,0,1000,-50,-3.1875
07.08.2026,22:57:47,441173,0,0.101833,-0.04,-0.35,-14,-1,89.1875,-0.017196,0,0,7.97132,0,0,1000,-50,-3.1875
07.08.2026,22:57:47,441279,0,0.222198,0,-0.39,-14,0.3125,89.4375,-0.011371,0,0,7.970183,0,0,1000,-50,-3
07.08.2026,22:57:47,441385,0,0.11202,0,-0.33,-14,1.1875,89.5,0.005541,0,0,7.970737,0,0,1000,-50,-3
07.08.2026,22:57:47,441491,0,0.09157,-0.06,-0.37,-14,1.4375,89.5,0.013989,0,0,7.972136,0,0,1000,-50,-3
07.08.2026,22:57:47,441597,0,0.041012,-0.06,-0.3,-14,1.25,89.3125,0.017358,0,0,7.973872,0,0,1000,-50,-3
07.08.2026,22:57:47,441703,0,0.000525,-0.08,-0.26,-14,0.875,89.1875,0.010951,0,0,7.976481,0,0,1000,-50,-3
07.08.2026,22:57:47,441809,0,0.000173,-0.07,-0.31,-14,0.75,89.125,0.004616,0,0,7.976943,0,0,1000,-50,-3
07.08.2026,22:57:47,441915,0,0.090024,-0.12,-0.36,-14,0.75,89.1875,0.004031,0,0,7.977346,0,0,1000,-50,-3
07.08.2026,22:57:47,442021,0,0.099634,-0.06,-0.35,-13.9375,0.125,89.125,0.008118,0,0,7.978158,0,0,1000,-50,-3.1875
07.08.2026,22:57:47,442127,0,-0.040578,-0.06,-0.34,-13.9375,-0.3125,89.125,0.00658,0,0,7.978816,0,0,1000,-50,-3.1875
07.08.2026,22:57:47,442233,0,0.059437,-0.01,-0.39,-13.9375,-0.8125,89,-0.000463,0,0,7.978769,0,0,1000,-50,-3.1875
07.08.2026,22:57:47,442339,0,-0.050362,-0.08,-0.18,-13.9375,-1.25,88.6875,-0.006254,0,0,7.978144,0,0,1000,-50,-3.1875
07.08.2026,22:57:47,442445,0,0.400003,-0.06,-0.47,-14.125,-1.0625,88.1875,-0.011357,0,0,7.977008,0,0,1000,-50,-2.46875
07.08.2026,22:57:47,442551,0,-0.000502,-0.18,-0.28,-14.125,-2.1875,87.125,0.01572,0,0,7.97858,0,0,1000,-50,-2.625
07.08.2026,22:57:47,442657,0,-0.211022,0.03,-0.29,-14.0625,-3.8125,86.625,0.016149,0,0,7.980195,0,0,1000,-50,-2.625
07.08.2026,22:57:47,442763,0,-0.360653,-0.13,0.41,-13.875,-4.5625,86.5625,-0.011456,0,0,7.979049,0,0,1000,-50,-3
07.08.2026,22:57:47,442869,0,-0.169263,0.14,-0.34,-13.6875,-4.875,87.1875,-0.043224,0,0,7.974727,0,0,1000,-50,-3.9375
07.08.2026,22:57:47,442975,0,-0.097214,-0.09,-0.24,-13.625,-3.8125,88.0625,-0.063715,0,0,7.968355,0,0,1000,-50,-4.28125
07.08.2026,22:57:47,443081,0,0.125039,-0.05,-0.33,-13.625,-1.5625,88.4375,-0.070072,0,0,7.961348,0,0,1000,-50,-4.125
07.08.2026,22:57:47,443187,0,0.186967,-0.07,-0.41,-13.5625,0.0625,88.3125,-0.059951,0,0,7.955353,0,0,1000,-50,-4.3125
07.08.2026,22:57:47,443293,0,0.048132,-0.06,-0.33,-13.5625,0.75,88.3125,-0.036237,0,0,7.951729,0,0,1000,-50,-4.3125
07.08.2026,22:57:47,443399,0,0.059004,-0.1,-0.34,-13.5,1,88.375,-0.027125,0,0,7.949017,0,0,1000,-50,-4.5
07.08.2026,22:57:47,443505,0,0.000283,-0.14,-0.33,-13.4375,0.9375,88.3125,-0.017433,0,0,7.94504,0,0,1000,-50,-4.6875
07.08.2026,22:57:47,443611,0,-0.05914,-0.11,-0.29,-13.4375,0.875,88.1875,-0.017939,0,0,7.943246,0,0,1000,-50,-4.6875
07.08.2026,22:57:47,443717,0,0.001636,-0.03,-0.41,-13.5,1,88.1875,-0.024118,0,0,7.940834,0,0,1000,-50,-4.5
07.08.2026,22:57:47,443823,0,-0.037495,0,-0.35,-13.5,1.125,88.1875,-0.027017,0,0,7.938132,0,0,1000,-50,-4.5
07.08.2026,22:57:47,443929,0,0.013455,-0.04,-0.24,-13.5,1.1875,88.375,-0.029567,0,0,7.935175,0,0,1000,-50,-4.5
07.08.2026,22:57:47,444035,0,-0.015665,-0.05,-0.26,-13.5,1.4375,88.5625,-0.027354,0,0,7.93244,0,0,1000,-50,-4.5
07.08.2026,22:57:47,444141,0,-0.044798,0.06,-0.25,-13.5,1.5625,88.5625,-0.026951,0,0,7.929745,0,0,1000,-50,-4.5
07.08.2026,22:57:47,444247,0,0.046167,-0.01,-0.36,-13.5625,1.875,88.625,-0.030021,0,0,7.926743,0,0,1000,-50,-4.3125
07.08.2026,22:57:47,444353,0,0.026995,-0.03,-0.4,-13.5625,1.9375,88.625,-0.025734,0,0,7.924169,0,0,1000,-50,-4.3125
07.08.2026,22:57:47,444459,0,-0.042216,0.02,-0.35,-13.5625,1.625,88.625,-0.02455,0,0,7.921714,0,0,1000,-50,-4.3125
07.08.2026,22:57:47,444565,0,0.008617,-0.08,-0.31,-13.5625,1.4375,88.75,-0.025907,0,0,7.919124,0,0,1000,-50,-4.3125
07.08.2026,22:57:47,444671,0,0.039452,0,-0.4,-13.5625,1.5625,88.75,-0.025979,0,0,7.916526,0,0,1000,-50,-4.3125
07.08.2026,22:57:47,444777,0,0.010224,-0.03,-0.35,-13.5625,1.5,88.75,-0.02398,0,0,7.914128,0,0,1000,-50,-4.3125
07.08.2026,22:57:47,444883,0,-0.019063,-0.02,-0.3,-13.5625,1.4375,88.75,-0.022188,0,0,7.911909,0,0,1000,-50,-4.3125
07.08.2026,22:57:47,444989,0,0.011706,-0.06,-0.35,-13.5625,1.75,88.75,-0.0239,0,0,7.909519,0,0,1000,-50,-4.3125
07.08.2026,22:57:47,445095,0,-0.017558,-0.09,-0.34,-13.5625,2.125,88.6875,-0.022906,0,0,7.907228,0,0,1000,-50,-4.3125
07.08.2026,22:57:47,445201,0,0.013214,-0.09,-0.29,-13.5625,2.3125,88.6875,-0.025347,0,0,7.902293,0,0,1000,-50,-4.3125
07.08.2026,22:57:47,445307,0,0.034029,-0.1,-0.36,-13.5625,2.6875,88.75,-0.023851,0,0,7.899908,0,0,1000,-50,-4.3125
07.08.2026,22:57:47,445413,0,0.024796,-0.04,-0.39,-13.5625,2.9375,88.875,-0.02093,0,0,7.897815,0,0,1000,-50,-4.3125
07.08.2026,22:57:47,445519,0,0.005469,-0.02,-0.31,-13.5,3.1875,88.9375,-0.020269,0,0,7.895788,0,0,1000,-50,-4.5
07.08.2026,22:57:47,445625,0,0.056739,-0.03,-0.42,-13.5625,3.875,89.0625,-0.019225,0,0,7.893866,0,0,1000,-50,-4.3125
07.08.2026,22:57:47,445731,0,0.107173,-0.06,-0.42,-13.5625,4.375,89.125,-0.0135,0,0,7.892516,0,0,1000,-50,-4.3125
07.08.2026,22:57:47,445837,0,0.057346,-0.04,-0.29,-13.5625,4.5625,89.25,-0.005381,0,0,7.891978,0,0,1000,-50,-4.3125
07.08.2026,22:57:47,445943,0,0.037355,-0.04,-0.41,-13.5625,4.8125,89.3125,-0.000275,0,0,7.89195,0,0,1000,-50,-4.3125
07.08.2026,22:57:47,446049,0,0.107282,-0.06,-0.45,-13.5625,5.1875,89.3125,0.002263,0,0,7.892177,0,0,1000,-50,-4.3125
07.08.2026,22:57:47,446155,0,0.087066,-0.06,-0.41,-13.5625,5.3125,89.3125,0.006729,0,0,7.892849,0,0,1000,-50,-4.3125
07.08.2026,22:57:47,446261,0,0.196726,-0.01,-0.44,-13.5625,5.4375,89.3125,0.010586,0,0,7.893908,0,0,1000,-50,-4.3125
07.08.2026,22:57:47,446367,0,0.01615,-0.01,-0.38,-13.5625,5.25,89.3125,0.0179,0,0,7.895698,0,0,1000,-50,-4.3125
07.08.2026,22:57:47,446473,0,0.075619,-0.01,-0.39,-13.5625,5.25,89.3125,0.016509,0,0,7.897349,0,0,1000,-50,-4.3125
07.08.2026,22:57:47,446579,0,0.075161,-0.07,-0.44,-13.5625,5.5,89.3125,0.014244,0,0,7.898773,0,0,1000,-50,-4.3125
07.08.2026,22:57:47,446685,0,0.114688,-0.06,-0.41,-13.5625,5.5625,89.3125,0.014713,0,0,7.900244,0,0,1000,-50,-4.3125
07.08.2026,22:57:47,446791,0,0.024162,-0.06,-0.43,-13.5625,5.5625,89.3125,0.016346,0,0,7.901879,0,0,1000,-50,-4.3125
07.08.2026,22:57:47,446897,0,0.003686,-0.02,-0.36,-13.5625,5.5,89.3125,0.014802,0,0,7.903359,0,0,1000,-50,-4.3125
07.08.2026,22:57:47,447003,0,0.033301,-0.07,-0.31,-13.5625,5.5625,89.3125,0.008579,0,0,7.905415,0,0,1000,-50,-4.3125
07.08.2026,22:57:47,447109,0,0.032661,-0.06,-0.38,-13.5625,5.75,89.25,0.011318,0,0,7.906547,0,0,1000,-50,-4.3125
07.08.2026,22:57:47,447215,0,-0.017615,-0.03,-0.41,-13.5625,5.6875,89.25,0.008589,0,0,7.907405,0,0,1000,-50,-4.3125
07.08.2026,22:57:47,447321,0,0.002385,-0.03,-0.37,-13.5625,5.75,89.25,0.004243,0,0,7.90783,0,0,1000,-50,-4.3125
07.08.2026,22:57:47,447427,0,0.082249,-0.05,-0.4,-13.5625,5.9375,89.25,0.002177,0,0,7.908048,0,0,1000,-50,-4.3125
07.08.2026,22:57:47,447533,0,0.052027,-0.05,-0.41,-13.5625,6.125,89.25,0.00472,0,0,7.90852,0,0,1000,-50,-4.3125
07.08.2026,22:57:47,447639,0,0.081855,-0.05,-0.37,-13.5625,6.1875,89.25,0.005344,0,0,7.909054,0,0,1000,-50,-4.3125
07.08.2026,22:57:47,447745,0,-0.008434,-0.07,-0.34,-13.5625,6.125,89.25,0.008996,0,0,7.909954,0,0,1000,-50,-4.3125
07.08.2026,22:57:47,447851,0,0.001276,-0.03,-0.29,-13.5,6,89.25,0.008995,0,0,7.910853,0,0,1000,-50,-4.65625
07.08.2026,22:57:47,447957,0,-0.008921,-0.11,-0.35,-13.5,6,89.3125,0.006152,0,0,7.911469,0,0,1000,-50,-4.5
07.08.2026,22:57:47,448063,0,0.120914,0,-0.43,-13.5,6,89.25,0.00512,0,0,7.911981,0,0,1000,-50,-4.5
07.08.2026,22:57:47,448169,0,0.090634,0.01,-0.42,-13.5,5.875,89.3125,0.008722,0,0,7.912853,0,0,1000,-50,-4.5
07.08.2026,22:57:47,448275,0,0.170447,-0.18,-0.41,-13.5,5.625,89.4375,0.005802,0,0,7.913433,0,0,1000,-50,-4.5
07.08.2026,22:57:47,448381,0,-0.05973,-0.13,-0.29,-13.5,5.3125,89.4375,0.005488,0,0,7.913982,0,0,1000,-50,-4.5
07.08.2026,22:57:47,448487,0,-0.029823,-0.07,-0.39,-13.4375,5.375,89.4375,0.002918,0,0,7.914274,0,0,1000,-50,-4.6875
07.08.2026,22:57:47,448593,0,-0.019693,-0.07,-0.39,-13.5,5.625,89.5,-0.004048,0,0,7.913869,0,0,1000,-50,-4.5
07.08.2026,22:57:47,448699,0,0.150503,-0.06,-0.42,-13.4375,5.9375,89.625,-0.006092,0,0,7.91326,0,0,1000,-50,-4.6875
07.08.2026,22:57:47,448805,0,0.01064,-0.02,-0.37,-13.5,5.875,89.6875,0.00031,0,0,7.912864,0,0,1000,-50,-4.6875
07.08.2026,22:57:47,448911,0,0.02063,0,-0.36,-13.5,5.9375,89.5625,-0.006854,0,0,7.912179,0,0,1000,-50,-4.5
07.08.2026,22:57:47,449017,0,0.001004,-0.14,-0.36,-13.5,6.125,89.5625,-0.004783,0,0,7.9117,0,0,1000,-50,-4.5
07.08.2026,22:57:47,449123,0,0.101161,-0.03,-0.43,-13.5,6.1875,89.5625,-0.004868,0,0,7.911213,0,0,1000,-50,-4.5
07.08.2026,22:57:47,449229,0,-0.038776,-0.05,-0.33,-13.5,6,89.5625,-0.001952,0,0,7.911018,0,0,1000,-50,-4.5
07.08.2026,22:57:47,449335,0,0.011454,-0.06,-0.33,-13.5,6,89.5,-0.007154,0,0,7.910303,0,0,1000,-50,-4.5
07.08.2026,22:57:47,449441,0,-0.108239,-0.03,-0.33,-13.5,6,89.4375,-0.009559,0,0,7.909347,0,0,1000,-50,-4.5
07.08.2026,22:57:47,449547,0,0.002064,0.16,-0.45,-13.5625,5.875,89.3125,-0.009424,0,0,7.908405,0,0,1000,-50,-4.5
07.08.2026,22:57:47,449653,0,0.012412,-0.04,-0.3,-13.5,5.8125,89.4375,-0.010822,0,0,7.907322,0,0,1000,-50,-4.5
07.08.2026,22:57:47,449759,0,0.193069,-0.15,-0.47,-13.5,6.3125,89.625,-0.020435,0,0,7.905279,0,0,1000,-50,-4.5
07.08.2026,22:57:47,449865,0,0.043477,-0.08,-0.43,-13.5,6.625,89.5,-0.012668,0,0,7.904012,0,0,1000,-50,-4.5
07.08.2026,22:57:47,449971,0,-0.08616,0,-0.38,-13.5,6.6875,89.5,-0.01131,0,0,7.902881,0,0,1000,-50,-4.5
07.08.2026,22:57:47,450077,0,0.014399,-0.08,-0.39,-13.4375,6.875,89.75,-0.017383,0,0,7.901142,0,0,1000,-50,-4.6875
07.08.2026,22:57:47,450183,0,-0.005208,-0.1,-0.39,-13.4375,6.75,89.75,-0.01221,0,0,7.899921,0,0,1000,-50,-4.6875
07.08.2026,22:57:47,450289,0,-0.094786,-0.02,-0.36,-13.5,6.875,89.75,-0.013122,0,0,7.898609,0,0,1000,-50,-4.5
07.08.2026,22:57:47,450395,0,0.055793,-0.05,-0.41,-13.5,7.1875,89.75,-0.018026,0,0,7.896806,0,0,1000,-50,-4.5
07.08.2026,22:57:47,450501,0,0.046878,-0.04,-0.43,-13.5,7.5,89.6875,-0.018852,0,0,7.893433,0,0,1000,-50,-4.5
07.08.2026,22:57:47,450607,0,-0.002674,-0.07,-0.4,-13.4375,7.625,89.875,-0.01393,0,0,7.89204,0,0,1000,-50,-4.5
07.08.2026,22:57:47,450713,0,-0.002352,-0.07,-0.35,-13.4375,7.6875,90,-0.009996,0,0,7.89104,0,0,1000,-50,-4.6875
07.08.2026,22:57:47,450819,0,0.027648,0,-0.46,-13.4375,7.875,89.9375,-0.014006,0,0,7.88964,0,0,1000,-50,-4.6875
07.08.2026,22:57:47,450925,0,0.178098,-0.09,-0.39,-13.4375,8,89.9375,-0.014123,0,0,7.888227,0,0,1000,-50,-4.6875
07.08.2026,22:57:47,451031,0,-0.211144,0.04,-0.26,-13.5625,8.375,90.0625,-0.009439,0,0,7.887283,0,0,1000,-50,-4.3125
07.08.2026,22:57:47,451137,0,0.139993,0.04,-0.52,-13.5625,9.5625,90.4375,-0.035365,0,0,7.883747,0,0,1000,-50,-4.3125
07.08.2026,22:57:47,451243,0,0.130862,-0.07,-0.34,-13.625,10.25,90.9375,-0.027019,0,0,7.881045,0,0,1000,-50,-4.3125
07.08.2026,22:57:47,451349,0,0.071402,-0.09,-0.39,-13.625,11.125,91.1875,-0.016797,0,0,7.879365,0,0,1000,-50,-3.9375
07.08.2026,22:57:47,451455,0,0.091815,0,-0.59,-13.625,12,91.25,-0.012841,0,0,7.878081,0,0,1000,-50,-4.125
07.08.2026,22:57:47,451561,0,-0.048012,-0.06,-0.41,-13.6875,12.1875,91.1875,-0.005395,0,0,7.877542,0,0,1000,-50,-3.78125
07.08.2026,22:57:47,451667,0,-0.328,-0.02,-0.2,-13.5625,11.75,91.1875,-0.000351,0,0,7.877506,0,0,1000,-50,-4.46875
07.08.2026,22:57:47,451773,0,0.432091,-0.06,-0.65,-13.625,11.9375,91.0625,-0.002834,0,0,7.877223,0,0,1000,-50,-3.96875
07.08.2026,22:57:47,451879,0,0.202002,0.02,-0.7,-13.625,11.5625,91,0.002773,0,0,7.877501,0,0,1000,-50,-4.125
07.08.2026,22:57:47,451985,0,0.501985,-0.09,-0.59,-13.5625,10.875,91.1875,0.000502,0,0,7.877551,0,0,1000,-50,-4.3125
07.08.2026,22:57:47,452091,0,-0.028334,0.13,-0.37,-13.5625,10.25,91.1875,0.009935,0,0,7.878544,0,0,1000,-50,-4.125
07.08.2026,22:57:47,452197,0,0.011434,-0.14,-0.46,-13.5,9.875,90.5625,0.007212,0,0,7.879265,0,0,1000,-50,-4.5
07.08.2026,22:57:47,452303,0,-0.248754,-0.04,-0.26,-13.5,9.125,90.3125,-0.007586,0,0,7.879091,0,0,1000,-50,-4.5
07.08.2026,22:57:47,452409,0,-0.12851,-0.05,-0.31,-13.4375,9.25,90.4375,-0.024136,0,0,7.876677,0,0,1000,-50,-4.6875
07.08.2026,22:57:47,452515,0,0.002266,-0.03,-0.53,-13.4375,10.5625,90.4375,-0.040003,0,0,7.872677,0,0,1000,-50,-4.6875
07.08.2026,22:57:47,452621,0,0.154554,-0.04,-0.45,-13.4375,11.5,90.75,-0.03113,0,0,7.869564,0,0,1000,-50,-4.6875
07.08.2026,22:57:47,452727,0,-0.004851,-0.08,-0.41,-13.375,11.875,90.9375,-0.018512,0,0,7.867712,0,0,1000,-50,-5.03125
07.08.2026,22:57:47,452833,0,-0.004313,-0.01,-0.46,-13.4375,12.125,90.9375,-0.016728,0,0,7.86604,0,0,1000,-50,-4.6875
07.08.2026,22:57:47,452939,0,-0.02373,-0.01,-0.42,-13.4375,12.25,90.9375,-0.01813,0,0,7.864227,0,0,1000,-50,-4.6875
07.08.2026,22:57:47,453045,0,0.026897,-0.05,-0.51,-13.4375,12.5,90.9375,-0.019512,0,0,7.862276,0,0,1000,-50,-4.6875
07.08.2026,22:57:47,453151,0,-0.022558,-0.02,-0.42,-13.4375,12.5,90.9375,-0.016947,0,0,7.860581,0,0,1000,-50,-4.6875
07.08.2026,22:57:47,453257,0,-0.021962,-0.04,-0.45,-13.4375,12.5,90.9375,-0.018533,0,0,7.858727,0,0,1000,-50,-4.6875
07.08.2026,22:57:47,453363,0,-0.021269,-0.03,-0.43,-13.4375,12.5625,91,-0.021555,0,0,7.856572,0,0,1000,-50,-4.6875
07.08.2026,22:57:47,453469,0,0.019458,-0.04,-0.48,-13.4375,12.75,91.0625,-0.022587,0,0,7.854313,0,0,1000,-50,-4.6875
07.08.2026,22:57:47,453575,0,0.040114,0,-0.49,-13.4375,12.8125,91.0625,-0.020397,0,0,7.852274,0,0,1000,-50,-4.6875
07.08.2026,22:57:47,453681,0,-0.019254,-0.06,-0.44,-13.5,12.75,91.0625,-0.01968,0,0,7.850306,0,0,1000,-50,-4.5
07.08.2026,22:57:47,453787,0,0.011389,-0.04,-0.43,-13.5,12.75,91.0625,-0.019991,0,0,7.848307,0,0,1000,-50,-4.5
07.08.2026,22:57:47,453893,0,-0.037946,-0.06,-0.44,-13.5,12.75,91.0625,-0.020673,0,0,7.84624,0,0,1000,-50,-4.5
07.08.2026,22:57:47,453999,0,-0.017266,-0.02,-0.4,-13.5,12.75,91.0625,-0.021151,0,0,7.844125,0,0,1000,-50,-4.5
07.08.2026,22:57:47,454105,0,0.003446,-0.02,-0.44,-13.5,12.8125,91,-0.018534,0,0,7.840056,0,0,1000,-50,-4.5
07.08.2026,22:57:47,454211,0,-0.015958,0.01,-0.4,-13.5,12.75,91.0625,-0.018258,0,0,7.838231,0,0,1000,-50,-4.5
07.08.2026,22:57:47,454317,0,0.01463,-0.03,-0.45,-13.5,12.8125,91,-0.018351,0,0,7.836395,0,0,1000,-50,-4.5
07.08.2026,22:57:47,454423,0,0.01522,-0.03,-0.43,-13.5,12.9375,91,-0.015797,0,0,7.834816,0,0,1000,-50,-4.5
07.08.2026,22:57:47,454529,0,0.016195,-0.05,-0.5,-13.5,13.0625,91,-0.014526,0,0,7.833363,0,0,1000,-50,-4.5
07.08.2026,22:57:47,454635,0,0.01652,-0.07,-0.43,-13.5,13.125,91,-0.010111,0,0,7.832352,0,0,1000,-50,-4.5
07.08.2026,22:57:47,454741,0,-0.003205,-0.02,-0.45,-13.5,13.125,91,-0.008556,0,0,7.831497,0,0,1000,-50,-4.5
07.08.2026,22:57:47,454847,0,0.00705,-0.02,-0.45,-13.5,13.1875,91,-0.007936,0,0,7.830703,0,0,1000,-50,-4.5
07.08.2026,22:57:47,454953,0,0.007303,-0.03,-0.44,-13.5,13.125,91,-0.007873,0,0,7.829916,0,0,1000,-50,-4.5
07.08.2026,22:57:47,455059,0,0.027579,-0.05,-0.44,-13.5,13.125,91,-0.008559,0,0,7.82906,0,0,1000,-50,-4.5
07.08.2026,22:57:47,455165,0,0.007846,-0.03,-0.42,-13.5,13.125,91,-0.008324,0,0,7.828228,0,0,1000,-50,-4.5
07.08.2026,22:57:47,455271,0,0.02814,-0.04,-0.43,-13.5,13.1875,91,-0.009119,0,0,7.827316,0,0,1000,-50,-4.5
07.08.2026,22:57:47,455377,0,0.01842,-0.06,-0.42,-13.5,13.1875,91.0625,-0.008716,0,0,7.826444,0,0,1000,-50,-4.5
07.08.2026,22:57:47,455483,0,-0.011318,-0.04,-0.48,-13.5,13.25,91.0625,-0.008138,0,0,7.82563,0,0,1000,-50,-4.5
07.08.2026,22:57:47,455589,0,-0.011049,-0.03,-0.43,-13.5,13.3125,91.0625,-0.008373,0,0,7.824793,0,0,1000,-50,-4.5
07.08.2026,22:57:47,455695,0,-0.030766,-0.05,-0.38,-13.5,13.3125,91.0625,-0.008792,0,0,7.823914,0,0,1000,-50,-4.5
07.08.2026,22:57:47,455801,0,0.019524,-0.04,-0.44,-13.5,13.4375,91.125,-0.007167,0,0,7.822295,0,0,1000,-50,-4.5
07.08.2026,22:57:47,455907,0,0.029754,-0.03,-0.43,-13.5,13.5625,91.0625,-0.006642,0,0,7.82163,0,0,1000,-50,-4.5
07.08.2026,22:57:47,456013,0,0.050084,-0.04,-0.45,-13.5,13.6875,91.0625,-0.003619,0,0,7.821269,0,0,1000,-50,-4.5
07.08.2026,22:57:47,456119,0,0.010107,-0.03,-0.46,-13.5,13.75,91.0625,-0.000701,0,0,7.821198,0,0,1000,-50,-4.5
07.08.2026,22:57:47,456225,0,0.020061,-0.04,-0.47,-13.5,13.8125,91.0625,0.001412,0,0,7.82134,0,0,1000,-50,-4.5
07.08.2026,22:57:47,456331,0,0.029979,-0.02,-0.43,-13.5,13.875,91.0625,0.002549,0,0,7.821595,0,0,1000,-50,-4.5
07.08.2026,22:57:47,456437,0,0.039874,-0.04,-0.47,-13.5,13.9375,91.0625,0.003265,0,0,7.821921,0,0,1000,-50,-4.5
07.08.2026,22:57:47,456543,0,0.039744,-0.05,-0.51,-13.5,14,91.0625,0.004045,0,0,7.822326,0,0,1000,-50,-4.5
07.08.2026,22:57:47,456649,0,0.029554,-0.03,-0.47,-13.5,14,91.0625,0.005922,0,0,7.822918,0,0,1000,-50,-4.5
07.08.2026,22:57:47,456755,0,0.009306,0,-0.41,-13.5,13.875,91.125,0.0077,0,0,7.823688,0,0,1000,-50,-4.5
07.08.2026,22:57:47,456861,0,0.009069,-0.05,-0.53,-13.5,13.75,91.125,0.007376,0,0,7.824426,0,0,1000,-50,-4.5
07.08.2026,22:57:47,456967,0,-0.011141,-0.04,-0.43,-13.5,13.5,91.125,0.00653,0,0,7.825078,0,0,1000,-50,-4.5
07.08.2026,22:57:47,457073,0,0.008741,-0.05,-0.43,-13.5,13.4375,91.125,0.003664,0,0,7.825445,0,0,1000,-50,-4.5
07.08.2026,22:57:47,457179,0,0.008665,-0.05,-0.4,-13.5,13.375,91.125,0.002365,0,0,7.825681,0,0,1000,-50,-4.5
07.08.2026,22:57:47,457285,0,-0.00136,-0.03,-0.44,-13.5,13.375,91.125,0.000783,0,0,7.825759,0,0,1000,-50,-4.5
07.08.2026,22:57:47,457391,0,-0.001383,-0.05,-0.42,-13.5,13.4375,91.125,0.000707,0,0,7.82583,0,0,1000,-50,-4.5
07.08.2026,22:57:47,457497,0,0.07865,-0.03,-0.47,-13.5,13.5625,91.125,-0.001019,0,0,7.825728,0,0,1000,-50,-4.5
07.08.2026,22:57:47,457603,0,-0.001406,-0.01,-0.45,-13.5,13.5,91.125,0.00721,0,0,7.826624,0,0,1000,-50,-4.5
07.08.2026,22:57:47,457709,0,-0.011638,-0.06,-0.43,-13.5,13.3125,91.0625,0.005307,0,0,7.827155,0,0,1000,-50,-4.5
07.08.2026,22:57:47,457815,0,-0.011809,-0.05,-0.44,-13.5,13.125,91.0625,0.00231,0,0,7.827385,0,0,1000,-50,-4.5
07.08.2026,22:57:47,457921,0,-0.011883,-0.04,-0.38,-13.5,12.9375,91.125,-0.002148,0,0,7.827171,0,0,1000,-50,-4.5
07.08.2026,22:57:47,458027,0,0.00834,-0.04,-0.41,-13.5,13.0625,91.125,-0.004805,0,0,7.82669,0,0,1000,-50,-4.5
07.08.2026,22:57:47,458133,0,0.058524,-0.05,-0.48,-13.5,13.25,91.125,-0.005701,0,0,7.82612,0,0,1000,-50,-4.5
07.08.2026,22:57:47,458239,0,0.008644,-0.02,-0.44,-13.5,13.375,91.125,-0.003749,0,0,7.825745,0,0,1000,-50,-4.5
07.08.2026,22:57:47,458345,0,0.048709,-0.06,-0.5,-13.5,13.5,91.1875,-0.002026,0,0,7.825542,0,0,1000,-50,-4.5
07.08.2026,22:57:47,458451,0,-0.051313,-0.03,-0.4,-13.5,13.4375,91.1875,0.00071,0,0,7.825613,0,0,1000,-50,-4.5
07.08.2026,22:57:47,458557,0,-0.001267,-0.07,-0.48,-13.5,13.4375,91.1875,-0.00144,0,0,7.825469,0,0,1000,-50,-4.5
07.08.2026,22:57:47,458663,0,0.028836,-0.06,-0.43,-13.5,13.5,91.125,-0.00322,0,0,7.825148,0,0,1000,-50,-4.5
07.08.2026,22:57:47,458769,0,-0.011055,-0.05,-0.43,-13.5,13.5625,91.125,-0.00336,0,0,7.824811,0,0,1000,-50,-4.5
07.08.2026,22:57:47,458875,0,0.059073,-0.03,-0.48,-13.5,13.625,91.125,-0.003986,0,0,7.824413,0,0,1000,-50,-4.5
07.08.2026,22:57:47,458981,0,0.019108,-0.01,-0.43,-13.5,13.5625,91.125,-0.00111,0,0,7.824302,0,0,1000,-50,-4.5
07.08.2026,22:57:47,459087,0,-0.010898,-0.06,-0.48,-13.5,13.5625,91.125,0.000184,0,0,7.82432,0,0,1000,-50,-4.5
07.08.2026,22:57:47,459193,0,0.049074,-0.05,-0.48,-13.5,13.5625,91.125,0.000875,0,0,7.824408,0,0,1000,-50,-4.5
07.08.2026,22:57:47,459299,0,-0.000934,-0.07,-0.44,-13.5,13.5625,91.125,0.000253,0,0,7.824433,0,0,1000,-50,-4.5
07.08.2026,22:57:47,459405,0,-0.010941,-0.07,-0.46,-13.5,13.5625,91.125,0.000042,0,0,7.824461,0,0,1000,-50,-4.5
07.08.2026,22:57:47,459511,0,0.029058,-0.05,-0.46,-13.5,13.5625,91.125,0.001442,0,0,7.824605,0,0,1000,-50,-4.5
07.08.2026,22:57:47,459617,0,0.078876,-0.04,-0.47,-13.5,13.5625,91.125,0.004223,0,0,7.825027,0,0,1000,-50,-4.5
07.08.2026,22:57:47,459723,0,0.018604,-0.04,-0.42,-13.5,13.625,91.125,0.008453,0,0,7.825873,0,0,1000,-50,-4.5
07.08.2026,22:57:47,459829,0,0.03828,-0.02,-0.47,-13.5,13.625,91.125,0.01009,0,0,7.826882,0,0,1000,-50,-4.5
07.08.2026,22:57:47,459935,0,-0.002106,-0.04,-0.42,-13.5,13.5625,91.1875,0.011983,0,0,7.82808,0,0,1000,-50,-4.5
07.08.2026,22:57:47,460041,0,-0.012475,-0.02,-0.4,-13.5,13.4375,91.1875,0.011475,0,0,7.829227,0,0,1000,-50,-4.5
07.08.2026,22:57:47,460147,0,0.027246,-0.05,-0.45,-13.5,13.5,91.1875,0.008701,0,0,7.830098,0,0,1000,-50,-4.5
07.08.2026,22:57:47,460253,0,-0.123022,-0.05,-0.33,-13.5,13.625,91.1875,0.008326,0,0,7.83093,0,0,1000,-50,-4.5
07.08.2026,22:57:47,460359,0,0.136974,-0.05,-0.54,-13.5,14.25,91.1875,0.000108,0,0,7.830941,0,0,1000,-50,-4.5
07.08.2026,22:57:47,460465,0,0.076728,-0.04,-0.52,-13.5,14.4375,91.25,0.007673,0,0,7.831708,0,0,1000,-50,-4.65625
07.08.2026,22:57:47,460571,0,0.0065,-0.06,-0.42,-13.5,14.5625,91.1875,0.007078,0,0,7.832416,0,0,1000,-50,-4.5
07.08.2026,22:57:47,460677,0,0.076257,-0.03,-0.45,-13.5,14.625,91.1875,0.007571,0,0,7.833173,0,0,1000,-50,-4.5
07.08.2026,22:57:47,460783,0,-0.044002,-0.03,-0.41,-13.5,14.5,91.25,0.008046,0,0,7.833978,0,0,1000,-50,-4.5
07.08.2026,22:57:47,460889,0,-0.014163,-0.05,-0.45,-13.5,14.625,91.25,0.005017,0,0,7.834479,0,0,1000,-50,-4.5
07.08.2026,22:57:47,460995,0,0.015817,-0.02,-0.49,-13.5,14.875,91.25,0.0006,0,0,7.834539,0,0,1000,-50,-4.5
07.08.2026,22:57:47,461101,0,0.065804,0,-0.56,-13.5,15.1875,91.25,0.000493,0,0,7.834629,0,0,1000,-50,-4.5
07.08.2026,22:57:47,461207,0,-0.004212,-0.04,-0.39,-13.5,15.25,91.25,0.00205,0,0,7.834834,0,0,1000,-50,-4.5
07.08.2026,22:57:47,461313,0,0.045723,-0.05,-0.48,-13.5,15.3125,91.25,-0.001224,0,0,7.834712,0,0,1000,-50,-4.5
07.08.2026,22:57:47,461419,0,0.005762,-0.04,-0.49,-13.5,15.375,91.25,-0.000848,0,0,7.834627,0,0,1000,-50,-4.5
07.08.2026,22:57:47,461525,0,0.035887,-0.06,-0.5,-13.5,15.4375,91.25,-0.003042,0,0,7.834322,0,0,1000,-50,-4.5
07.08.2026,22:57:47,461631,0,-0.03401,-0.06,-0.4,-13.5,15.3125,91.25,-0.003197,0,0,7.834003,0,0,1000,-50,-4.5
07.08.2026,22:57:47,461737,0,-0.013792,-0.04,-0.44,-13.5,15.4375,91.25,-0.0068,0,0,7.833323,0,0,1000,-50,-4.5
07.08.2026,22:57:47,461843,0,-0.023524,-0.06,-0.47,-13.5,15.5625,91.25,-0.008336,0,0,7.832489,0,0,1000,-50,-4.5
07.08.2026,22:57:47,461949,0,-0.003203,-0.04,-0.46,-13.5,15.5625,91.25,-0.009976,0,0,7.831492,0,0,1000,-50,-4.5
07.08.2026,22:57:47,462055,0,0.017103,-0.05,-0.46,-13.5,15.6875,91.25,-0.00952,0,0,7.83054,0,0,1000,-50,-4.5
07.08.2026,22:57:47,462161,0,-0.012644,-0.01,-0.44,-13.5,15.6875,91.25,-0.007849,0,0,7.829755,0,0,1000,-50,-4.5
07.08.2026,22:57:47,462267,0,-0.002376,-0.02,-0.46,-13.5,15.625,91.25,-0.008352,0,0,7.82892,0,0,1000,-50,-4.5
07.08.2026,22:57:47,462373,0,-0.022061,-0.06,-0.44,-13.5,15.5,91.25,-0.00979,0,0,7.827941,0,0,1000,-50,-4.5
07.08.2026,22:57:47,462479,0,-0.021693,-0.07,-0.45,-13.5,15.5,91.25,-0.011424,0,0,7.826799,0,0,1000,-50,-4.5
07.08.2026,22:57:47,462585,0,-0.001313,-0.05,-0.45,-13.5,15.5,91.25,-0.011827,0,0,7.825616,0,0,1000,-50,-4.5
07.08.2026,22:57:47,462691,0,-0.010887,-0.04,-0.43,-13.5,15.5,91.25,-0.013246,0,0,7.824292,0,0,1000,-50,-4.5
07.08.2026,22:57:47,462797,0,0.019514,-0.03,-0.5,-13.5,15.5,91.25,-0.012491,0,0,7.823043,0,0,1000,-50,-4.5
07.08.2026,22:57:47,462903,0,0.009848,-0.05,-0.46,-13.5,15.4375,91.25,-0.007758,0,0,7.82123,0,0,1000,-50,-4.5
07.08.2026,22:57:47,463009,0,-0.009903,-0.04,-0.45,-13.5,15.375,91.25,-0.008054,0,0,7.820425,0,0,1000,-50,-4.5
07.08.2026,22:57:47,463115,0,-0.009386,-0.04,-0.4,-13.5,15.375,91.25,-0.008006,0,0,7.819624,0,0,1000,-50,-4.5
07.08.2026,22:57:47,463221,0,0.010843,-0.04,-0.45,-13.5,15.4375,91.25,-0.007134,0,0,7.818911,0,0,1000,-50,-4.5
07.08.2026,22:57:47,463327,0,0.031033,-0.03,-0.47,-13.5,15.5,91.25,-0.005899,0,0,7.818321,0,0,1000,-50,-4.5
07.08.2026,22:57:47,463433,0,0.071148,-0.07,-0.51,-13.5,15.6875,91.25,-0.003568,0,0,7.817965,0,0,1000,-50,-4.5
07.08.2026,22:57:47,463539,0,0.071118,-0.06,-0.49,-13.5,15.8125,91.25,0.000924,0,0,7.818057,0,0,1000,-50,-4.5
07.08.2026,22:57:47,463645,0,0.010948,-0.05,-0.46,-13.5,15.8125,91.25,0.005271,0,0,7.818584,0,0,1000,-50,-4.5
07.08.2026,22:57:47,463751,0,-0.009224,-0.04,-0.42,-13.5,15.8125,91.25,0.005371,0,0,7.819121,0,0,1000,-50,-4.5
07.08.2026,22:57:47,463857,0,0.01064,-0.05,-0.47,-13.5,15.875,91.25,0.004208,0,0,7.819541,0,0,1000,-50,-4.5
07.08.2026,22:57:47,463963,0,-0.009459,-0.05,-0.41,-13.5,15.875,91.25,0.003086,0,0,7.81985,0,0,1000,-50,-4.5
07.08.2026,22:57:47,464069,0,0.020493,-0.06,-0.44,-13.5,15.9375,91.25,0.00148,0,0,7.819998,0,0,1000,-50,-4.5
07.08.2026,22:57:47,464175,0,0.040424,-0.03,-0.48,-13.5,16,91.25,0.002162,0,0,7.820214,0,0,1000,-50,-4.5
07.08.2026,22:57:47,464281,0,0.040358,-0.02,-0.45,-13.5,16.0625,91.25,0.002048,0,0,7.820419,0,0,1000,-50,-4.5
07.08.2026,22:57:47,464387,0,-0.009724,-0.06,-0.46,-13.5,16.125,91.25,0.002547,0,0,7.820673,0,0,1000,-50,-4.5
07.08.2026,22:57:47,464493,0,-0.00978,-0.05,-0.46,-13.5,16.125,91.25,0.001747,0,0,7.820848,0,0,1000,-50,-4.5
07.08.2026,22:57:47,464599,0,-0.009833,-0.04,-0.43,-13.5,16.1875,91.25,0.00165,0,0,7.821013,0,0,1000,-50,-4.5
07.08.2026,22:57:47,464705,0,-0.009824,-0.06,-0.49,-13.5,16.1875,91.25,-0.002911,0,0,7.820694,0,0,1000,-50,-4.5
07.08.2026,22:57:47,464811,0,0.010269,-0.04,-0.47,-13.5,16.1875,91.25,-0.003015,0,0,7.820393,0,0,1000,-50,-4.5
07.08.2026,22:57:47,464917,0,-0.039634,-0.05,-0.48,-13.5,16.125,91.25,-0.00248,0,0,7.820145,0,0,1000,-50,-4.5
07.08.2026,22:57:47,465023,0,0.000564,-0.05,-0.44,-13.5,15.9375,91.3125,-0.003654,0,0,7.81978,0,0,1000,-50,-4.5
07.08.2026,22:57:47,465129,0,-0.009264,-0.04,-0.48,-13.5,15.875,91.3125,-0.005356,0,0,7.819244,0,0,1000,-50,-4.5
07.08.2026,22:57:47,465235,0,-0.009034,-0.07,-0.44,-13.5,15.875,91.3125,-0.007157,0,0,7.818529,0,0,1000,-50,-4.5
07.08.2026,22:57:47,465341,0,-0.028774,-0.04,-0.38,-13.5,15.875,91.3125,-0.00808,0,0,7.81772,0,0,1000,-50,-4.5
07.08.2026,22:57:47,465447,0,-0.008476,-0.04,-0.45,-13.5,16,91.3125,-0.009273,0,0,7.816793,0,0,1000,-50,-4.5
07.08.2026,22:57:47,465553,0,0.021826,-0.04,-0.5,-13.5,16.25,91.375,-0.009391,0,0,7.815854,0,0,1000,-50,-4.5
07.08.2026,22:57:47,465659,0,0.002048,-0.04,-0.48,-13.5,16.3125,91.375,-0.006913,0,0,7.815163,0,0,1000,-50,-4.5
07.08.2026,22:57:47,465765,0,-0.007795,-0.03,-0.51,-13.5,16.4375,91.375,-0.004887,0,0,7.814674,0,0,1000,-50,-4.5
07.08.2026,22:57:47,465871,0,0.042367,-0.02,-0.49,-13.5,16.4375,91.375,-0.005011,0,0,7.814173,0,0,1000,-50,-4.5
07.08.2026,22:57:47,465977,0,0.032477,0,-0.54,-13.5,16.4375,91.4375,-0.003435,0,0,7.813829,0,0,1000,-50,-4.5
07.08.2026,22:57:47,466083,0,-0.047435,-0.02,-0.42,-13.5,16.3125,91.4375,-0.002738,0,0,7.813556,0,0,1000,-50,-4.5
07.08.2026,22:57:47,466189,0,-0.037244,-0.03,-0.43,-13.5,16.375,91.4375,-0.00595,0,0,7.812961,0,0,1000,-50,-4.5
07.08.2026,22:57:47,466295,0,-0.047017,-0.06,-0.42,-13.5,16.375,91.4375,-0.00706,0,0,7.812254,0,0,1000,-50,-4.5
07.08.2026,22:57:47,466401,0,-0.00672,-0.05,-0.45,-13.5,16.4375,91.4375,-0.010507,0,0,7.810283,0,0,1000,-50,-4.5
07.08.2026,22:57:47,466507,0,-0.016061,-0.04,-0.47,-13.5,16.5625,91.4375,-0.010011,0,0,7.809282,0,0,1000,-50,-4.5
07.08.2026,22:57:47,466613,0,-0.035729,-0.04,-0.41,-13.5,16.5625,91.4375,-0.010308,0,0,7.808251,0,0,1000,-50,-4.5
07.08.2026,22:57:47,466719,0,-0.01538,-0.03,-0.47,-13.5,16.625,91.4375,-0.010857,0,0,7.807165,0,0,1000,-50,-4.5
07.08.2026,22:57:47,466825,0,-0.044992,-0.04,-0.46,-13.5,16.625,91.4375,-0.012059,0,0,7.805959,0,0,1000,-50,-4.5
07.08.2026,22:57:47,466931,0,-0.06452,-0.05,-0.43,-13.5,16.5625,91.4375,-0.014696,0,0,7.80449,0,0,1000,-50,-4.5
07.08.2026,22:57:47,467037,0,0.026052,-0.05,-0.5,-13.5,16.5625,91.4375,-0.017784,0,0,7.802711,0,0,1000,-50,-4.5
07.08.2026,22:57:47,467143,0,0.126553,-0.1,-0.51,-13.5,16.25,91.4375,-0.015582,0,0,7.801153,0,0,1000,-50,-4.5
07.08.2026,22:57:47,467249,0,-0.153223,0,-0.35,-13.5,15.3125,91.25,-0.006965,0,0,7.800457,0,0,1000,-50,-4.65625
07.08.2026,22:57:47,467355,0,-0.082707,-0.03,-0.41,-13.5,14.5,91.125,-0.016053,0,0,7.798851,0,0,1000,-50,-4.5
07.08.2026,22:57:47,467461,0,-0.002078,-0.07,-0.47,-13.5,13.6875,91.0625,-0.019536,0,0,7.796897,0,0,1000,-50,-4.5
07.08.2026,22:57:47,467567,0,-0.061398,-0.03,-0.39,-13.5,12.125,90.9375,-0.021158,0,0,7.794782,0,0,1000,-50,-4.5
07.08.2026,22:57:47,467673,0,-0.180721,-0.03,-0.36,-13.4375,10.8125,90.75,-0.021061,0,0,7.792675,0,0,1000,-50,-4.5
07.08.2026,22:57:47,467779,0,-0.049711,-0.1,-0.42,-13.4375,9.8125,90.625,-0.031398,0,0,7.789536,0,0,1000,-50,-4.6875
07.08.2026,22:57:47,467885,0,-0.128638,-0.1,-0.35,-13.4375,8.625,90.5,-0.033355,0,0,7.7862,0,0,1000,-50,-4.6875
07.08.2026,22:57:47,467991,0,-0.097447,-0.05,-0.36,-13.4375,7.625,90.3125,-0.037054,0,0,7.782495,0,0,1000,-50,-4.6875
07.08.2026,22:57:47,468097,0,-0.146091,-0.07,-0.36,-13.4375,6.4375,90.1875,-0.042165,0,0,7.778278,0,0,1000,-50,-4.6875
07.08.2026,22:57:47,468203,0,-0.24461,-0.04,-0.22,-13.4375,5.8125,90.125,-0.054477,0,0,7.768226,0,0,1000,-50,-4.6875
07.08.2026,22:57:47,468309,0,-0.172859,-0.07,-0.33,-13.4375,5.8125,90.1875,-0.065629,0,0,7.761663,0,0,1000,-50,-4.6875
07.08.2026,22:57:47,468415,0,-0.130748,-0.09,-0.35,-13.375,6.5,90.3125,-0.068367,0,0,7.754827,0,0,1000,-50,-4.875
07.08.2026,22:57:47,468521,0,-0.016497,-0.08,-0.39,-13.375,7.625,90.5,-0.063835,0,0,7.748443,0,0,1000,-50,-4.875
07.08.2026,22:57:47,468627,0,-0.034659,-0.05,-0.37,-13.375,8.5,90.625,-0.05717,0,0,7.742726,0,0,1000,-50,-4.875
07.08.2026,22:57:47,468733,0,-0.052976,-0.05,-0.39,-13.3125,9.4375,90.75,-0.052327,0,0,7.737493,0,0,1000,-50,-5.21875
07.08.2026,22:57:47,468839,0,0.018553,-0.04,-0.44,-13.3125,10.3125,90.9375,-0.047549,0,0,7.732738,0,0,1000,-50,-5.0625
07.08.2026,22:57:47,468945,0,0.069788,-0.03,-0.44,-13.3125,11,91.0625,-0.038408,0,0,7.728897,0,0,1000,-50,-5.0625
07.08.2026,22:57:47,469051,0,-0.05931,-0.04,-0.35,-13.25,11.5625,91.3125,-0.028043,0,0,7.726093,0,0,1000,-50,-5.25
07.08.2026,22:57:47,469157,0,0.021484,-0.04,-0.41,-13.25,12.0625,91.3125,-0.024685,0,0,7.723624,0,0,1000,-50,-5.25
07.08.2026,22:57:47,469263,0,0.092179,-0.04,-0.48,-13.25,12.6875,91.3125,-0.021618,0,0,7.721462,0,0,1000,-50,-5.25
07.08.2026,22:57:47,469369,0,0.042543,-0.05,-0.52,-13.25,12.625,91.3125,-0.011327,0,0,7.72033,0,0,1000,-50,-5.25
07.08.2026,22:57:47,469475,0,0.022751,-0.02,-0.48,-13.25,12.375,91.375,-0.006472,0,0,7.719683,0,0,1000,-50,-5.25
07.08.2026,22:57:47,469581,0,-0.047069,-0.05,-0.42,-13.25,12.1875,91.3125,-0.005598,0,0,7.719123,0,0,1000,-50,-5.25
07.08.2026,22:57:47,469687,0,-0.086861,-0.01,-0.38,-13.25,12.125,91.25,-0.006462,0,0,7.718477,0,0,1000,-50,-5.25
07.08.2026,22:57:47,469793,0,-0.026602,-0.07,-0.4,-13.25,12.125,91.3125,-0.00805,0,0,7.717672,0,0,1000,-50,-5.25
07.08.2026,22:57:47,469899,0,0.013745,-0.03,-0.44,-13.25,12.25,91.375,-0.010783,0,0,7.716594,0,0,1000,-50,-5.25