Log_Date,Log_Time,Time,Depth,Ax,Ay,Az,pitch,roll,yaw,velocityx,velocityy,velocityz,distancex,distancey,distancez,rpm,rudderangle,sternangle
07.08.2026,23:20:08,5724,0,0,0,0,0,0,0,0,0,0,0,0,0,1000,-50,-40
07.08.2026,23:20:08,5830,0,0,0,0,0,0,0,0,0,0,0,0,0,1000,-50,-40
07.08.2026,23:20:08,5936,0,0,0,0,0,0,0,0,0,0,0,0,0,1000,-50,-40
07.08.2026,23:20:08,6042,0.008182,0,0,0,0,0,0,0,0,0,0,0,0,1000,-50,-40
07.08.2026,23:20:08,6148,0,0,0,0,0,0,0,0,0,0,0,0,0,1000,-50,-40
07.08.2026,23:20:08,6254,0,0,0,0,0,0,0,0,0,0,0,0,0,1000,-50,-40
07.08.2026,23:20:08,6360,0,0,0,0,0,0,0,0,0,0,0,0,0,1000,-50,-40
07.08.2026,23:20:08,6466,0,0,0,0,0,0,0,0,0,0,0,0,0,1000,-50,-40
07.08.2026,23:20:08,6572,0,0,0,0,0,0,0,0,0,0,0,0,0,1000,-50,-40
07.08.2026,23:20:08,6678,0,0,0,0,-7,0,90,0,0,0,0,0,0,1000,-50,-6.5
07.08.2026,23:20:08,6784,0,0.04,-0.05,-0.33,-6.9375,0,90.1875,0,0,0,0,0,0,1000,-50,-24.1875
07.08.2026,23:20:08,6890,0,0.050895,-0.05,-0.36,-14.5,-6.9375,90.375,-0.028509,0,0,-0.002851,0,0,1000,-50,-1.5
07.08.2026,23:20:08,6996,0,0.031565,-0.08,-0.32,-14.5625,-7.125,90.5625,-0.021293,0,0,-0.00498,0,0,1000,-50,-1.3125
07.08.2026,23:20:08,7102,0,0.072076,-0.07,-0.35,-14.5625,-7.0625,90.6875,-0.009946,0,0,-0.007595,0,0,1000,-50,-0.760193
07.08.2026,23:20:08,7208,0,0.02239,-0.03,-0.38,-14.5625,-7.125,90.6875,-0.003408,0,0,-0.007936,0,0,1000,-50,-1.3125
07.08.2026,23:20:08,7314,0,0.02244,-0.03,-0.35,-14.5625,-7.1875,90.625,0.001837,0,0,-0.007752,0,0,1000,-50,-1.3125
07.08.2026,23:20:08,7420,0.001023,0.042311,-0.04,-0.3,-14.5625,-7.25,90.5,0.004063,0,0,-0.007346,0,0,1000,-50,-1.3125
07.08.2026,23:20:08,7526,0,0.072091,-0.05,-0.34,-14.5625,-7.25,90.4375,0.00696,0,0,-0.00665,0,0,1000,-50,-1.373863
07.08.2026,23:20:08,7632,0,0.031736,-0.01,-0.32,-14.5625,-7.25,90.375,0.011215,0,0,-0.005529,0,0,1000,-50,-1.3125
07.08.2026,23:20:08,7738,0,0.021328,-0.02,-0.33,-14.5625,-7.25,90.3125,0.012864,0,0,-0.004242,0,0,1030,-50,-1.220451
07.08.2026,23:20:08,7844,0,0.040883,0,-0.3,-14.5625,-7.25,90.3125,0.014058,0,0,-0.002836,0,0,1055,-50,-1.3125
07.08.2026,23:20:08,7950,0,0.040754,-0.03,-0.35,-14.5625,-7.25,90.3125,0.018266,0,0,-0.00101,0,0,1080,-50,-1.3125
07.08.2026,23:20:08,8056,0,-0.019305,-0.1,-0.39,-14.5625,-7.375,90.3125,0.020452,0,0,0.001035,0,0,1110,-50,-1.3125
07.08.2026,23:20:08,8162,0.005114,0.160553,0.01,-0.34,-14.5,-7.5,90.1875,0.025556,0,0,0.003591,0,0,1135,-50,-1.5
07.08.2026,23:20:08,8268,0,0.440401,-0.11,-0.63,-14.5,-7.4375,90.1875,0.031482,0,0,0.006739,0,0,1160,-50,-1.806839
07.08.2026,23:20:08,8374,0.012273,0.419862,-0.68,-1.17,-14.125,-7.75,270.0625,0.050329,0,0,0.011772,0,0,1185,0,-1.264732
07.08.2026,23:20:08,8480,0.023524,0.299529,-0.09,-1.18,-13.1875,-7.4375,270.4375,0.063594,0,0,0.018132,0,0,1215,1.25,-3.245377
07.08.2026,23:20:08,8586,0.05523,0.318711,0.33,-0.63,-12.75,-8.1875,270.6875,0.093385,0,0,0.02747,0,0,1240,2.90625,-5.02832
07.08.2026,23:20:08,8692,0.059322,0.088094,0.21,-0.48,-12.875,-10.0625,270.8125,0.118227,0,0,0.039293,0,0,1265,3.40625,-4.065239
07.08.2026,23:20:08,8798,0.077732,0.129609,-0.1,-0.4,-13.6875,-10.1875,270.8125,0.121967,0,0,0.051489,0,0,1295,3.25,-1.06694
07.08.2026,23:20:08,8904,0.115575,0.350409,-0.45,-0.51,-15,-8.9375,270.75,0.136148,0,0,0.077954,0,0,1320,3,2.724602
07.08.2026,23:20:08,9010,0.139099,0.16134,-0.51,-0.49,-16,-9.3125,270.4375,0.158808,0,0,0.093835,0,0,1345,1.28125,9.432682
07.08.2026,23:20:08,9116,0.167737,0.119914,-0.3,-0.14,-16.625,-10.125,270,0.173598,0,0,0.111195,0,0,1375,-0.46875,11.84866
07.08.2026,23:20:08,9222,0.202511,0.000461,-0.6,0.48,-17.625,-12,269.3125,0.19164,0,0,0.130359,0,0,1400,-3.21875,14.88784
07.08.2026,23:20:08,9328,0.213762,-0.088949,-0.89,-0.14,-18.9375,-14.1875,268.9375,0.187487,0,0,0.149108,0,0,1400,-4.25,18.90039
07.08.2026,23:20:08,9434,0.241377,-0.072191,-0.54,0.61,-19.75,-16.0625,268.6875,0.183904,0,0,0.167498,0,0,1400,-5,20.50604
07.08.2026,23:20:08,9540,0.26081,-0.089933,-0.41,0.21,-20.125,-16,268.75,0.187536,0,0,0.186252,0,0,1400,-5.25,23.15842
07.08.2026,23:20:08,9646,0.278197,0.27243,-0.34,0.31,-20.4375,-14.6875,269,0.189552,0,0,0.205207,0,0,1400,-3.6875,24.12661
07.08.2026,23:20:08,9752,0.300699,0.092518,-0.33,-0.11,-20.5,-13.1875,269.375,0.211777,0,0,0.226385,0,0,1400,-2.1875,25.30618
07.08.2026,23:20:08,9858,0.309904,0.522517,-0.24,0.04,-20.375,-12.0625,270.125,0.234675,0,0,0.249852,0,0,1400,-0.1875,25.51756
07.08.2026,23:20:08,9964,0.328314,0.071065,-0.16,-0.04,-20.3125,-12.4375,270.6875,0.270942,0,0,0.276946,0,0,1400,3.21875,26.36707
07.08.2026,23:20:08,10070,0.345701,-0.048517,-0.18,-0.34,-20,-13.4375,271.375,0.28945,0,0,0.305891,0,0,1400,6.125,25.27332
07.08.2026,23:20:08,10176,0.365134,0.391154,-0.08,0.15,-19.5,-14.625,272.1875,0.314798,0,0,0.337371,0,0,1400,9.375,24.4762
07.08.2026,23:20:08,10282,0.364111,0.260494,-0.06,-0.37,-18.9375,-15.625,273,0.343008,0,0,0.371672,0,0,1400,12,22.26709
07.08.2026,23:20:08,10388,0.393772,0.34039,-0.05,-0.13,-18.1875,-16,274.1875,0.365707,0,0,0.408243,0,0,1400,15.5,20.94496
07.08.2026,23:20:08,10494,0.410137,-0.009382,-0.11,-0.09,-17.625,-15.5,275.0625,0.385057,0,0,0.446748,0,0,1400,18.75,21.45072
07.08.2026,23:20:08,10600,0.424456,0.251163,-0.07,-0.28,-17.25,-14.875,275.875,0.434729,0,0,0.530346,0,0,1400,22.5,20.25755
07.08.2026,23:20:08,10707,0.439797,0.089809,-0.05,-0.17,-16.8125,-14.0625,276.8125,0.460218,0,0,0.576368,0,0,1400,27.875,18.45412
07.08.2026,23:20:08,10813,0.441843,0.109143,0.03,-0.23,-16.4375,-13.8125,277.875,0.481625,0,0,0.62453,0,0,1400,31.125,18.46158
07.08.2026,23:20:08,10919,0.44798,0.258033,0.04,0.12,-16.3125,-14,278.625,0.511529,0,0,0.675683,0,0,1400,33.5,16.94732
07.08.2026,23:20:08,11025,0.460253,0.516602,-0.01,0.14,-16.1875,-14.4375,279.25,0.543788,0,0,0.730062,0,0,1400,37.46875,17.86443
07.08.2026,23:20:08,11131,0.465367,0.194664,0.05,-0.34,-16.1875,-14.875,279.875,0.579941,0,0,0.788056,0,0,1400,39.96875,17.00188
07.08.2026,23:20:08,11237,0.469458,0.283891,0.05,0.15,-16.1875,-14.9375,280.375,0.605037,0,0,0.84856,0,0,1400,41.96875,17.30872
07.08.2026,23:20:08,11343,0.472526,0.053036,0.07,-0.49,-16.375,-14.6875,281,0.630359,0,0,0.911596,0,0,1400,43.5625,18.26954
07.08.2026,23:20:08,11449,0.474572,0.422569,0.07,0.08,-16.5,-14.4375,281.4375,0.651744,0,0,0.97677,0,0,1400,46.21875,18.55589
07.08.2026,23:20:08,11555,0.481732,0.190999,0.08,-0.46,-16.75,-14.375,281.6875,0.682337,0,0,1.045004,0,0,1400,46.90625,20.10366
07.08.2026,23:20:08,11661,0.463321,0.060495,0.11,-0.68,-16.9375,-14.3125,281.9375,0.702934,0,0,1.115297,0,0,1400,47.90625,20.51274
07.08.2026,23:20:08,11767,0.483777,0.030358,0.09,-0.22,-17.25,-14.375,282.1875,0.71988,0,0,1.187285,0,0,1400,48.75,21.87698
07.08.2026,23:20:08,11873,0.507301,-0.028934,0.12,-0.42,-17.75,-14.5,282.375,0.729102,0,0,1.260195,0,0,1400,49.5,21.52917
07.08.2026,23:20:08,11979,0.496051,0.301363,0.1,-0.09,-18.125,-14.5625,282.5,0.741683,0,0,1.334364,0,0,1400,50,23.20647
07.08.2026,23:20:08,12085,0.501164,0.171567,0.09,-0.68,-18.5625,-14.6875,282.625,0.754784,0,0,1.409842,0,0,1400,50,24.76104
07.08.2026,23:20:08,12191,0.492982,0.361952,0.08,-0.05,-19,-14.8125,282.6875,0.766,0,0,1.486442,0,0,1400,50,27.87189
07.08.2026,23:20:08,12297,0.515483,0.310693,0.06,-0.03,-19.625,-14.875,282.6875,0.7912,0,0,1.565562,0,0,1400,50,30.16342
07.08.2026,23:20:08,12403,0.506278,0.261063,0.1,-0.21,-20.0625,-14.6875,282.6875,0.821665,0,0,1.727894,0,0,1400,50,30.4696
07.08.2026,23:20:08,12509,0.54003,0.090301,0.12,-0.43,-20.4375,-14.4375,282.5625,0.838391,0,0,1.811733,0,0,1400,50,32.91116
07.08.2026,23:20:08,12615,0.520597,0.159859,0.03,-0.15,-20.875,-14.1875,282.5,0.856784,0,0,1.897412,0,0,1400,49.84375,32.94175
07.08.2026,23:20:08,12721,0.554349,0.189176,0.03,-0.5,-21.25,-13.875,282.4375,0.871735,0,0,1.984585,0,0,1400,49.75,34.86452
07.08.2026,23:20:08,12827,0.562531,0.219215,0.03,-0.48,-21.75,-13.6875,282.1875,0.879921,0,0,2.072577,0,0,1400,49,37.79985
07.08.2026,23:20:08,12933,0.612648,-0.040093,0.05,-0.86,-22.125,-13.6875,281.9375,0.885176,0,0,2.161095,0,0,1400,48.25,38.79645
07.08.2026,23:20:08,13039,0.60958,0.020871,0.05,-0.32,-22.375,-13.75,281.6875,0.887881,0,0,2.249883,0,0,1400,47.25,40
07.08.2026,23:20:08,13145,0.610602,0.011181,0.06,-0.54,-22.5,-13.8125,281.4375,0.896246,0,0,2.339508,0,0,1400,45.4375,40
07.08.2026,23:20:08,13251,0.625944,-0.067604,0.07,-0.64,-22.5,-13.6875,281.1875,0.89639,0,0,2.429147,0,0,1400,44.4375,40
07.08.2026,23:20:08,13357,0.650491,-0.066733,0.03,-0.69,-22.3125,-13.5,280.8125,0.899543,0,0,2.519101,0,0,1400,43.59375,40
07.08.2026,23:20:08,13463,0.6464,0.034442,0.03,-0.44,-22.125,-13.375,280.5,0.899893,0,0,2.60909,0,0,1400,42.5,40
07.08.2026,23:20:08,13569,0.667878,0.163799,0.04,0.04,-21.9375,-13.375,280.125,0.916347,0,0,2.700725,0,0,1400,40.1875,40
07.08.2026,23:20:08,13675,0.711858,-0.17563,0.11,-0.57,-21.75,-13.3125,279.625,0.921541,0,0,2.792879,0,0,1400,38.03125,40
07.08.2026,23:20:08,13781,0.677083,-0.084754,0.07,-0.27,-21.625,-13.25,279.1875,0.923843,0,0,2.885263,0,0,1400,36.4375,37.94477
07.08.2026,23:20:08,13887,0.707767,-0.104614,0.02,-0.52,-21.4375,-13.125,278.5,0.932649,0,0,2.978528,0,0,1400,34.75,40
07.08.2026,23:20:08,13993,0.741519,0.184005,-0.02,0.13,-21.3125,-13.0625,278.0625,0.954826,0,0,3.074011,0,0,1400,32.75,40
07.08.2026,23:20:08,14099,0.751747,0.343362,0,0.05,-21.0625,-13,277.5625,0.969732,0,0,3.170984,0,0,1400,30.75,39.7921
07.08.2026,23:20:08,14205,0.77118,0.113062,0.04,-0.3,-20.875,-13.0625,277.0625,0.995288,0,0,3.368624,0,0,1400,28.25,40
07.08.2026,23:20:08,14311,0.780385,0.212413,0,-0.14,-20.6875,-13.1875,276.625,1.013046,0,0,3.469929,0,0,1400,26.5,40
07.08.2026,23:20:08,14417,0.811068,-0.160287,-0.06,-0.42,-20.5625,-13.3125,276,1.034909,0,0,3.573419,0,0,1400,24.5,40
07.08.2026,23:20:08,14523,0.830501,0.210984,0,-0.03,-20.625,-13.3125,275.5625,1.029989,0,0,3.676418,0,0,1400,21.78125,40
07.08.2026,23:20:08,14629,0.815159,0.210159,-0.02,-0.37,-20.75,-13.25,275.125,1.04425,0,0,3.780843,0,0,1400,20.03125,40
07.08.2026,23:20:08,14735,0.835615,0.23007,0.01,-0.07,-20.8125,-13.125,274.6875,1.051352,0,0,3.885978,0,0,1400,18.4375,40
07.08.2026,23:20:08,14841,0.86323,-0.060459,0.04,-0.54,-20.75,-12.875,274.125,1.062238,0,0,3.992202,0,0,1400,16.1875,40
07.08.2026,23:20:08,14947,0.849934,0.461519,0,-0.01,-20.625,-12.875,273.75,1.049891,0,0,4.097191,0,0,1400,14.6875,40
07.08.2026,23:20:08,15053,0.879595,-0.028995,-0.01,-0.24,-20.4375,-12.9375,273.4375,1.060689,0,0,4.20326,0,0,1400,13.4375,40
07.08.2026,23:20:08,15159,0.921529,0.032748,0.03,-0.52,-20.1875,-13,273.25,1.050502,0,0,4.308311,0,0,1400,12.84375,40
07.08.2026,23:20:08,15265,0.912324,-0.325941,0.03,-0.39,-19.9375,-13.0625,273,1.04458,0,0,4.412768,0,0,1400,12,40
07.08.2026,23:20:08,15371,0.937893,-0.284391,0.03,-0.44,-19.625,-13.125,272.8125,1.036667,0,0,4.516435,0,0,1400,11.5,40
07.08.2026,23:20:08,15477,0.970623,0.186959,0.01,-0.01,-19.4375,-13.125,272.6875,1.030826,0,0,4.619518,0,0,1400,11,40
07.08.2026,23:20:08,15583,0.965509,0.007603,0.01,-0.58,-19.25,-13.25,272.5625,1.031648,0,0,4.722682,0,0,1400,10.5,38.55825
07.08.2026,23:20:08,15689,1.007443,0.177016,0,-0.03,-19.0625,-13.375,272.4375,1.043754,0,0,4.827058,0,0,1400,9.59375,40
07.08.2026,23:20:08,15795,0.993124,0.177074,-0.01,0.08,-18.8125,-13.4375,272.3125,1.049537,0,0,4.932012,0,0,1400,9.25,40
07.08.2026,23:20:08,15901,0.99926,-0.042926,0.07,-0.4,-18.5,-13.25,272.125,1.069371,0,0,5.144514,0,0,1400,8.34375,40
07.08.2026,23:20:08,16007,1.045286,0.386227,-0.07,0,-18.3125,-12.9375,272,1.084809,0,0,5.252995,0,0,1400,8,40
07.08.2026,23:20:08,16113,1.049377,0.085144,0,-0.27,-18.125,-12.8125,271.875,1.114187,0,0,5.364413,0,0,1400,7.5,40
07.08.2026,23:20:08,16219,1.06165,0.242491,-0.01,0.2,-17.9375,-12.9375,271.75,1.128429,0,0,5.477256,0,0,1400,7,40
07.08.2026,23:20:08,16325,1.042217,0.051009,-0.03,-0.61,-17.6875,-13.375,271.5625,1.135158,0,0,5.590772,0,0,1400,6.5,40
07.08.2026,23:20:08,16431,1.047331,0.47958,-0.07,-0.05,-17.625,-13.625,271.5625,1.151501,0,0,5.705922,0,0,1400,6.25,40
07.08.2026,23:20:08,16537,1.093357,0.127922,0.01,-0.15,-17.5,-13.8125,271.5625,1.169369,0,0,5.822859,0,0,1400,6.25,40
07.08.2026,23:20:08,16643,1.086197,-0.25167,0.01,-0.46,-17.4375,-13.75,271.5625,1.167508,0,0,5.93961,0,0,1400,6.25,38.73244
07.08.2026,23:20:08,16749,1.102562,-0.00156,0.03,-0.16,-17.25,-13.5625,271.5625,1.168461,0,0,6.056456,0,0,1400,6.25,40
07.08.2026,23:20:08,16855,1.121995,-0.020978,0.04,-0.2,-16.9375,-13.375,271.625,1.165024,0,0,6.172958,0,0,1400,6.25,40
07.08.2026,23:20:08,16961,1.136314,0.309054,0.01,0.07,-16.6875,-13.375,271.625,1.166801,0,0,6.289638,0,0,1400,6.5,38.35754
07.08.2026,23:20:08,17067,1.137336,-0.161156,0.01,-0.42,-16.375,-13.375,271.6875,1.170743,0,0,6.406713,0,0,1400,6.75,40
07.08.2026,23:20:08,17173,1.120972,0.089202,-0.04,0.11,-16.0625,-13.5,271.75,1.169286,0,0,6.523641,0,0,1400,7,35.27681
07.08.2026,23:20:08,17279,1.128131,0.246932,-0.04,0.24,-15.8125,-13.5625,271.875,1.192173,0,0,6.642859,0,0,1400,7.65625,36.58544
07.08.2026,23:20:08,17385,1.14961,0.165855,0,0.09,-15.5,-13.5625,272.0625,1.203186,0,0,6.763177,0,0,1400,8,37.12756
07.08.2026,23:20:08,17491,1.159838,0.514294,0,0.16,-15.25,-13.5625,272.1875,1.218251,0,0,6.885002,0,0,1400,8.90625,34.03881
07.08.2026,23:20:08,17597,1.178248,0.092936,-0.02,-0.38,-15,-13.6875,272.4375,1.230863,0,0,7.008089,0,0,1400,9.90625,32.33762
07.08.2026,23:20:08,17703,1.156769,0.400523,-0.02,0.22,-14.75,-13.75,272.625,1.274688,0,0,7.260832,0,0,1400,10.8125,32.13991
07.08.2026,23:20:08,17809,1.16086,0.396819,-0.06,0.11,-14.375,-13.6875,272.8125,1.283517,0,0,7.389184,0,0,1400,11,32.7701
07.08.2026,23:20:08,17915,1.173134,0.193631,-0.01,-0.05,-14.1875,-13.6875,272.9375,1.310461,0,0,7.52023,0,0,1400,11.5,33.22017
07.08.2026,23:20:08,18021,1.170066,0.082661,-0.04,-0.47,-14,-13.75,273,1.315792,0,0,7.651809,0,0,1400,12,32.10537
07.08.2026,23:20:08,18127,1.170066,-0.168251,0.05,-0.41,-13.8125,-13.6875,273.125,1.320364,0,0,7.783845,0,0,1400,12.65625,31.07639
07.08.2026,23:20:08,18233,1.171088,0.231999,0.03,0.25,-13.6875,-13.625,273.1875,1.313999,0,0,7.915246,0,0,1400,12.75,31.10027
07.08.2026,23:20:08,18339,1.170066,0.111038,0.05,-0.02,-13.375,-13.5,273.25,1.319095,0,0,8.047155,0,0,1400,12.75,30.80769
07.08.2026,23:20:08,18445,1.184384,-0.028855,0.02,-0.48,-13.125,-13.5625,273.375,1.314102,0,0,8.178566,0,0,1400,13.5,30.73272
07.08.2026,23:20:08,18551,1.161883,-0.108899,0.02,-0.03,-12.875,-13.6875,273.5625,1.310712,0,0,8.309637,0,0,1400,14.40625,28.10763
07.08.2026,23:20:08,18657,1.154724,0.390535,0.01,0.18,-12.6875,-13.75,273.6875,1.312299,0,0,8.440866,0,0,1400,14.90625,28.59121
07.08.2026,23:20:08,18763,1.172111,-0.020982,0.01,-0.08,-12.5,-13.6875,273.8125,1.322606,0,0,8.573127,0,0,1400,15.25,30.57543
07.08.2026,23:20:08,18869,1.166997,-0.242301,0,-0.27,-12.3125,-13.5,274,1.330654,0,0,8.706192,0,0,1400,15.75,25.59451
07.08.2026,23:20:08,18975,1.14961,0.036898,-0.02,-0.43,-12.1875,-13.3125,274.0625,1.333577,0,0,8.83955,0,0,1400,16.25,26.29966
07.08.2026,23:20:08,19081,1.148587,0.474554,-0.03,0.12,-12.125,-13.0625,274.1875,1.350643,0,0,8.974614,0,0,1400,16.75,27.52021
07.08.2026,23:20:08,19187,1.150633,-0.168174,0.01,-0.35,-12.0625,-13,274.3125,1.370538,0,0,9.111668,0,0,1400,17.40625,25.55646
07.08.2026,23:20:08,19293,1.158815,-0.239675,0.03,-0.3,-12,-13.1875,274.375,1.378221,0,0,9.24949,0,0,1400,17.5,25.18146
07.08.2026,23:20:08,19399,1.153701,-0.188876,0.05,-0.46,-11.875,-13.375,274.4375,1.364296,0,0,9.38592,0,0,1400,17.75,25.39284
07.08.2026,23:20:08,19505,1.14245,0.310495,-0.03,-0.31,-11.8125,-13.5,274.5625,1.35629,0,0,9.657968,0,0,1400,18.40625,24.49962
07.08.2026,23:20:08,19611,1.141428,-0.129291,-0.01,-0.51,-11.75,-13.5625,274.6875,1.35281,0,0,9.793248,0,0,1400,18.75,25.10649
07.08.2026,23:20:08,19717,1.145519,-0.179518,0.02,-0.18,-11.6875,-13.625,274.875,1.361407,0,0,9.929389,0,0,1400,19.65625,23.65814
07.08.2026,23:20:08,19823,1.127109,0.299522,-0.02,0.02,-11.5625,-13.625,275,1.350454,0,0,10.06443,0,0,1400,20.15625,22.58365
07.08.2026,23:20:08,19929,1.130177,0.226484,0.04,0.24,-11.5,-13.625,275.0625,1.373218,0,0,10.20176,0,0,1400,20.25,21.38019
07.08.2026,23:20:08,20035,1.115858,0.416417,-0.01,0.02,-11.4375,-13.5,275.125,1.367525,0,0,10.33851,0,0,1400,20.65625,21.9291
07.08.2026,23:20:08,20141,1.127109,0.033812,0.02,0.16,-11.375,-13.5,275.125,1.385556,0,0,10.47706,0,0,1400,20.5,23.03031
07.08.2026,23:20:08,20247,1.097448,0.302083,-0.01,0.15,-11.4375,-13.5,275.1875,1.394691,0,0,10.61653,0,0,1400,20.75,21.92909
07.08.2026,23:20:08,20353,1.096425,0.339891,0.02,0.38,-11.375,-13.75,275.375,1.407708,0,0,10.7573,0,0,1400,21.25,23.52465
07.08.2026,23:20:08,20459,1.095402,0.037912,-0.04,-0.2,-11.4375,-13.9375,275.5,1.418173,0,0,10.89912,0,0,1400,21.75,22.38935
07.08.2026,23:20:08,20565,1.094379,-0.132625,-0.06,-0.58,-11.4375,-14,275.625,1.41484,0,0,11.0406,0,0,1400,22.5,21.16201
07.08.2026,23:20:08,20671,1.090288,-0.24349,0,-0.29,-11.5,-13.9375,275.8125,1.414685,0,0,11.18207,0,0,1400,23.40625,22.82232
07.08.2026,23:20:08,20777,1.072901,0.066764,-0.1,-0.36,-11.5,-13.875,275.9375,1.404191,0,0,11.32249,0,0,1400,23.90625,22.3007
07.08.2026,23:20:08,20883,1.047331,0.137004,-0.01,0.1,-11.5,-13.625,276.125,1.39429,0,0,11.46192,0,0,1400,24.65625,20.95063
07.08.2026,23:20:08,20989,1.056536,-0.132748,-0.08,-0.62,-11.5625,-13.5625,276.25,1.384758,0,0,11.6004,0,0,1400,25.15625,22.39614
07.08.2026,23:20:08,21095,1.055514,-0.042778,-0.07,-0.13,-11.5625,-13.5625,276.375,1.378221,0,0,11.73822,0,0,1400,25.65625,21.23017
07.08.2026,23:20:08,21201,1.038126,0.106187,-0.01,0.33,-11.625,-13.8125,276.625,1.390389,0,0,12.01538,0,0,1400,26.5,19.69939
07.08.2026,23:20:08,21307,1.019716,0.234479,-0.09,0.16,-11.625,-14.0625,276.875,1.402955,0,0,12.15568,0,0,1400,27.5,20.28238
07.08.2026,23:20:08,21413,1.030967,0.229612,-0.08,0.21,-11.6875,-14.1875,277.1875,1.420717,0,0,12.29775,0,0,1400,28.5,20.37783
07.08.2026,23:20:08,21519,1.014602,0.177239,-0.07,-0.43,-11.75,-14.25,277.4375,1.434244,0,0,12.44118,0,0,1400,29.5,19.95167
07.08.2026,23:20:08,21625,1.00642,0.41452,-0.08,0.27,-11.75,-14.25,277.5625,1.450356,0,0,12.58621,0,0,1400,30.40625,20.19713
07.08.2026,23:20:08,21731,1.001306,-0.057261,-0.11,-0.36,-11.8125,-14.125,277.6875,1.457065,0,0,12.73192,0,0,1400,30.90625,20.69147
07.08.2026,23:20:08,21837,0.990055,-0.058235,-0.11,-0.18,-12,-13.875,277.875,1.455994,0,0,12.87752,0,0,1400,31.65625,19.99538
07.08.2026,23:20:08,21943,0.965509,0.060185,-0.04,-0.73,-12.125,-13.8125,278,1.46058,0,0,13.02357,0,0,1400,31.75,21.38293
07.08.2026,23:20:08,22049,0.966531,-0.170391,-0.04,-0.28,-12.3125,-13.8125,278.0625,1.455672,0,0,13.16914,0,0,1400,32.25,23.63643
07.08.2026,23:20:08,22155,0.995169,0.229664,0,0.33,-12.4375,-13.75,278.125,1.445149,0,0,13.31366,0,0,1400,32.5,21.30844
07.08.2026,23:20:08,22261,0.976759,-0.150717,0.01,-0.47,-12.5625,-13.75,278.125,1.439148,0,0,13.45757,0,0,1400,32.5,18.92475
07.08.2026,23:20:08,22367,0.946076,0.469373,-0.07,0.02,-12.75,-13.8125,278.125,1.42906,0,0,13.60048,0,0,1400,32.5,24.63586
07.08.2026,23:20:08,22473,0.94403,0.236841,-0.05,0.14,-12.8125,-13.875,278.125,1.443678,0,0,13.74485,0,0,1400,32.5,21.44817
07.08.2026,23:20:08,22579,0.938916,0.226021,-0.03,0.27,-12.9375,-13.875,278.0625,1.441802,0,0,13.88903,0,0,1400,32.25,22.71922
07.08.2026,23:20:08,22685,0.933802,-0.056045,-0.05,0.06,-13,-13.8125,278.0625,1.451537,0,0,14.03418,0,0,1400,32.25,22.07543
07.08.2026,23:20:08,22791,0.933802,-0.227206,-0.09,-0.63,-13.125,-13.75,278,1.452449,0,0,14.17943,0,0,1400,32,24.13803
07.08.2026,23:20:08,22897,0.936871,-0.037553,-0.06,-0.71,-13.375,-13.6875,277.9375,1.445801,0,0,14.32401,0,0,1400,31.75,21.93901
07.08.2026,23:20:08,23003,0.933802,-0.129674,-0.08,-0.45,-13.5,-13.625,277.875,1.443401,0,0,14.61393,0,0,1400,31.34375,23.51067
07.08.2026,23:20:08,23109,0.921529,-0.179411,-0.08,-0.57,-13.625,-13.5,277.75,1.438485,0,0,14.75778,0,0,1400,30.84375,22.78107
07.08.2026,23:20:08,23215,0.930734,-0.279901,-0.07,-0.56,-13.8125,-13.5,277.5625,1.419095,0,0,14.89969,0,0,1400,29.9375,26.57156
07.08.2026,23:20:08,23321,0.892891,-0.217919,-0.07,-0.63,-14.0625,-13.5,277.3125,1.402591,0,0,15.03995,0,0,1400,28.9375,22.5929
07.08.2026,23:20:08,23427,0.913347,-0.007242,-0.03,-0.01,-14.3125,-13.5,277.125,1.388722,0,0,15.17882,0,0,1400,28.34375,23.80316
07.08.2026,23:20:08,23533,0.908233,-0.32696,-0.05,-0.64,-14.5625,-13.5625,276.9375,1.379123,0,0,15.31673,0,0,1400,27.59375,26.12425
07.08.2026,23:20:08,23639,0.902096,0.183711,-0.11,-0.34,-14.75,-13.5625,276.6875,1.366343,0,0,15.45337,0,0,1400,26.59375,26.46913
07.08.2026,23:20:08,23745,0.904142,0.21155,-0.08,0.23,-14.9375,-13.5625,276.3125,1.38032,0,0,15.5914,0,0,1400,25.25,25.86566
07.08.2026,23:20:08,23851,0.905164,0.120205,-0.04,0.12,-15.25,-13.4375,275.9375,1.386134,0,0,15.73001,0,0,1400,24,26.67419
07.08.2026,23:20:08,23957,0.896982,0.259013,-0.04,0.07,-15.5,-13.4375,275.6875,1.390276,0,0,15.86904,0,0,1400,23.25,28.74018
07.08.2026,23:20:08,24063,0.8888,-0.072157,-0.09,-0.62,-15.75,-13.5,275.5625,1.394035,0,0,16.00844,0,0,1400,22.5,28.50831
07.08.2026,23:20:08,24169,0.902096,0.326771,-0.06,0.11,-15.875,-13.5625,275.4375,1.396725,0,0,16.14812,0,0,1400,21.59375,29.66003
07.08.2026,23:20:08,24275,0.893914,0.214729,-0.1,-0.27,-16.0625,-13.8125,275.4375,1.408271,0,0,16.28894,0,0,1400,21.75,29.51398
07.08.2026,23:20:08,24381,0.912324,0.033663,-0.09,-0.5,-16.3125,-14.3125,275.5625,1.410271,0,0,16.42997,0,0,1400,22,32.56467
07.08.2026,23:20:08,24487,0.908233,-0.107449,-0.04,-0.73,-16.5,-14.75,275.6875,1.412605,0,0,16.57123,0,0,1400,22.90625,30.46111
07.08.2026,23:20:08,24593,0.921529,-0.096728,-0.03,-0.26,-16.625,-14.875,275.8125,1.397879,0,0,16.71102,0,0,1400,23.40625,31.75378
07.08.2026,23:20:08,24699,0.898005,0.24321,-0.05,0.26,-16.75,-14.625,275.9375,1.391058,0,0,16.85012,0,0,1400,23.90625,32.96006
07.08.2026,23:20:08,24805,0.912324,0.272386,-0.05,0.08,-16.875,-14.1875,276.125,1.384443,0,0,17.12778,0,0,1400,24.25,34.5624
07.08.2026,23:20:08,24911,0.931757,-0.189595,-0.02,-0.54,-17,-14,276.1875,1.395958,0,0,17.26738,0,0,1400,24.75,35.0573
07.08.2026,23:20:08,25017,0.935848,0.200228,-0.07,0.19,-17.0625,-13.875,276.1875,1.390281,0,0,17.4064,0,0,1400,24.75,34.81524
07.08.2026,23:20:08,25123,0.941985,0.228337,-0.03,0.06,-17.1875,-13.9375,276.1875,1.400709,0,0,17.54647,0,0,1400,24.75,35.74254
07.08.2026,23:20:08,25229,0.930734,0.096831,-0.04,-0.24,-17.3125,-13.9375,276.1875,1.407117,0,0,17.68719,0,0,1400,24.75,34.73338
07.08.2026,23:20:08,25335,0.953235,0.194766,-0.07,-0.05,-17.4375,-14.0625,276.1875,1.418408,0,0,17.82903,0,0,1400,24.75,35.41522
07.08.2026,23:20:08,25441,0.966531,0.092459,-0.06,-0.58,-17.4375,-14.1875,276.1875,1.431435,0,0,17.97217,0,0,1400,24.75,35.90955
07.08.2026,23:20:08,25547,0.96244,0.531239,-0.06,0.06,-17.4375,-14.1875,276.1875,1.433816,0,0,18.11555,0,0,1400,24.75,35.57204
07.08.2026,23:20:08,25653,0.961417,-0.079833,-0.08,-0.37,-17.4375,-14.1875,276.25,1.434713,0,0,18.25902,0,0,1400,25,35.4493
07.08.2026,23:20:08,25759,0.95119,-0.150528,-0.03,-0.53,-17.4375,-14.0625,276.3125,1.432095,0,0,18.40223,0,0,1400,25.25,38.08809
07.08.2026,23:20:08,25865,0.98085,-0.071093,-0.03,-0.69,-17.4375,-14,276.375,1.428383,0,0,18.54507,0,0,1400,25.5,36.9528
07.08.2026,23:20:08,25971,0.984941,0.289496,-0.08,-0.1,-17.4375,-13.9375,276.375,1.414174,0,0,18.68648,0,0,1400,25.5,40
07.08.2026,23:20:08,26077,0.986987,0.249245,-0.02,0.35,-17.375,-14,276.375,1.408376,0,0,18.82732,0,0,1400,25.5,36.85735
07.08.2026,23:20:08,26183,1.00642,-0.231008,-0.03,-0.51,-17.375,-13.9375,276.375,1.402848,0,0,18.96761,0,0,1400,25.5,39.68023
07.08.2026,23:20:08,26289,1.014602,0.099291,-0.08,0.07,-17.375,-13.875,276.375,1.392464,0,0,19.10685,0,0,1400,25.5,38.33015
07.08.2026,23:20:08,26395,1.009488,-0.011153,-0.06,-0.13,-17.375,-13.6875,276.375,1.389412,0,0,19.24579,0,0,1400,25.5,36.1823
07.08.2026,23:20:08,26501,1.012557,0.238588,-0.06,0.21,-17.25,-13.6875,276.3125,1.387212,0,0,19.52299,0,0,1400,25.5,38.69496
07.08.2026,23:20:08,26607,1.025853,-0.002411,-0.08,-0.1,-17.125,-13.75,276.25,1.395737,0,0,19.66257,0,0,1400,24.84375,35.70563
07.08.2026,23:20:08,26713,1.014602,-0.104082,-0.16,-0.64,-17,-13.75,276.1875,1.397423,0,0,19.80231,0,0,1400,24.59375,33.92202
07.08.2026,23:20:08,26819,1.035058,0.245399,-0.04,0.29,-16.75,-13.6875,276.125,1.385857,0,0,19.9409,0,0,1400,24.5,38.51152
07.08.2026,23:20:08,26925,1.019716,-0.006436,0,-0.29,-16.625,-13.6875,276,1.395961,0,0,20.08049,0,0,1400,24,34.85621
07.08.2026,23:20:08,27031,1.069833,-0.165881,-0.1,-0.64,-16.5,-13.6875,275.875,1.383514,0,0,20.21884,0,0,1400,23.34375,33.95337
07.08.2026,23:20:08,27137,1.059605,-0.06582,-0.01,-0.16,-16.375,-13.625,275.875,1.376191,0,0,20.35646,0,0,1400,23.5,36.00237
07.08.2026,23:20:08,27243,1.053468,-0.076019,-0.07,-0.62,-16.375,-13.6875,275.8125,1.371587,0,0,20.49362,0,0,1400,23.25,35.26879
07.08.2026,23:20:08,27349,1.062673,0.195374,-0.04,0.24,-16.3125,-13.875,275.8125,1.352459,0,0,20.62887,0,0,1400,23.25,36.52058
07.08.2026,23:20:08,27455,1.058582,-0.344263,0,-0.31,-16.25,-14.0625,275.75,1.343688,0,0,20.76324,0,0,1400,23,36.1825
07.08.2026,23:20:08,27561,1.086197,0.126826,-0.06,0.27,-16.1875,-14.1875,275.75,1.328576,0,0,20.8961,0,0,1400,23,35.41201
07.08.2026,23:20:08,27667,1.094379,0.355467,-0.09,0.2,-16.0625,-14.125,275.75,1.336741,0,0,21.02977,0,0,1400,23,34.21195
07.08.2026,23:20:08,27773,1.076992,-0.006051,-0.1,-0.13,-15.9375,-13.9375,275.75,1.346038,0,0,21.16437,0,0,1400,23,36.99396
07.08.2026,23:20:08,27879,1.088243,0.002164,-0.06,-0.07,-15.75,-13.75,275.75,1.357409,0,0,21.30011,0,0,1400,23,35.66777
07.08.2026,23:20:08,27985,1.100516,-0.119006,-0.1,-0.61,-15.625,-13.6875,275.75,1.362594,0,0,21.43637,0,0,1400,23,32.86877
07.08.2026,23:20:08,28091,1.081083,0.269375,-0.14,-0.05,-15.5,-13.6875,275.8125,1.37172,0,0,21.57355,0,0,1400,23.40625,31.41361
07.08.2026,23:20:08,28197,1.096425,-0.192025,-0.1,-0.52,-15.375,-13.8125,275.8125,1.378421,0,0,21.71139,0,0,1400,23.25,32.29665
07.08.2026,23:20:08,28303,1.114835,-0.09986,-0.06,-0.38,-15.25,-13.8125,275.8125,1.345956,0,0,21.98235,0,0,1400,23.25,33.39445
07.08.2026,23:20:08,28409,1.115858,-0.278702,-0.04,-0.44,-15.1875,-13.8125,275.8125,1.330107,0,0,22.11536,0,0,1400,23.25,34.46781
07.08.2026,23:20:08,28515,1.090288,-0.067164,-0.03,-0.19,-15.1875,-13.8125,275.8125,1.311419,0,0,22.2465,0,0,1400,23.25,32.22791
07.08.2026,23:20:08,28621,1.111767,0.154649,-0.09,0.35,-15.125,-13.75,275.8125,1.290976,0,0,22.3756,0,0,1400,23.25,33.3598
07.08.2026,23:20:08,28727,1.095402,-0.215351,-0.04,-0.31,-15.0625,-13.75,275.75,1.27696,0,0,22.50329,0,0,1400,23,32.06769
07.08.2026,23:20:08,28833,1.097448,-0.372628,-0.09,-0.36,-15,-13.75,275.625,1.260683,0,0,22.62936,0,0,1400,22.5,34.33827
07.08.2026,23:20:08,28939,1.111767,-0.061234,-0.12,0.14,-15,-13.75,275.5,1.246172,0,0,22.75398,0,0,1400,22.25,33.65984
07.08.2026,23:20:08,29045,1.099493,0.119683,-0.08,0.19,-14.9375,-13.625,275.3125,1.236664,0,0,22.87764,0,0,1400,21.09375,34.82241
07.08.2026,23:20:08,29151,1.099493,0.020413,-0.08,-0.16,-14.875,-13.4375,275.125,1.22925,0,0,23.00057,0,0,1400,20.34375,34.17466
07.08.2026,23:20:08,29257,1.117903,0.069306,-0.06,0.25,-14.8125,-13.1875,274.9375,1.239114,0,0,23.12448,0,0,1400,19.59375,32.88256
07.08.2026,23:20:08,29363,1.092334,-0.110724,-0.09,-0.64,-14.6875,-13.125,274.625,1.238629,0,0,23.24834,0,0,1400,18.34375,31.28362
07.08.2026,23:20:08,29469,1.10563,0.389896,-0.14,0.14,-14.625,-13.3125,274.375,1.232161,0,0,23.37156,0,0,1400,17.34375,33.12122
07.08.2026,23:20:08,29575,1.117903,-0.22097,-0.13,-0.42,-14.5625,-13.5625,274.125,1.239679,0,0,23.49553,0,0,1400,16.1875,31.58025
07.08.2026,23:20:08,29681,1.102562,-0.330536,-0.02,-0.38,-14.5,-13.75,273.9375,1.234886,0,0,23.61902,0,0,1400,15.75,29.91994
07.08.2026,23:20:08,29787,1.091311,-0.367882,-0.04,-0.62,-14.4375,-13.8125,273.75,1.20975,0,0,23.73999,0,0,1400,15.25,32.27918
07.08.2026,23:20:08,29893,1.104607,0.143987,-0.11,-0.21,-14.375,-13.625,273.625,1.192852,0,0,23.85928,0,0,1400,14.5,31.23254
07.08.2026,23:20:08,29999,1.113812,0.226302,-0.03,0.08,-14.375,-13.4375,273.5,1.172463,0,0,23.97652,0,0,1400,14.25,30.98706
07.08.2026,23:20:08,30105,1.109721,-0.282161,-0.03,-0.54,-14.3125,-13.3125,273.375,1.156554,0,0,24.20818,0,0,1400,13.34375,30.15522
07.08.2026,23:20:08,30211,1.095402,0.168459,-0.14,0.15,-14.25,-13.4375,273.3125,1.134566,0,0,24.32164,0,0,1400,13.25,29.41258
07.08.2026,23:20:08,30317,1.091311,-0.170009,-0.06,-0.04,-14.25,-13.625,273.3125,1.147945,0,0,24.43643,0,0,1400,13.25,29.93703
07.08.2026,23:20:08,30423,1.104607,0.239462,-0.07,0.36,-14.125,-13.6875,273.375,1.155533,0,0,24.55199,0,0,1400,13.65625,30.39388
07.08.2026,23:20:08,30529,1.103585,-0.251064,-0.02,-0.33,-14,-13.6875,273.375,1.162812,0,0,24.66827,0,0,1400,13.5,29.88992
07.08.2026,23:20:08,30635,1.114835,0.159166,-0.06,0.16,-13.9375,-13.6875,273.4375,1.162832,0,0,24.78455,0,0,1400,13.75,29.3649
07.08.2026,23:20:08,30741,1.100516,0.368481,-0.11,0.23,-13.875,-13.625,273.5,1.171309,0,0,24.90168,0,0,1400,14,27.76878
07.08.2026,23:20:08,30847,1.100516,-0.09165,-0.06,-0.51,-13.75,-13.625,273.625,1.174362,0,0,25.01912,0,0,1400,14.5,29.35753
07.08.2026,23:20:08,30953,1.108698,0.168981,-0.15,0.02,-13.6875,-13.625,273.6875,1.170243,0,0,25.13614,0,0,1400,14.5,29.81438
07.08.2026,23:20:08,31059,1.095402,-0.011957,-0.08,-0.54,-13.625,-13.625,273.75,1.180793,0,0,25.25422,0,0,1400,15,27.11084
07.08.2026,23:20:08,31165,1.089265,0.248023,-0.11,0.1,-13.5625,-13.625,273.75,1.182457,0,0,25.37247,0,0,1400,15,26.21762
07.08.2026,23:20:08,31271,1.081083,-0.131131,-0.06,-0.43,-13.5,-13.5,273.75,1.176052,0,0,25.49007,0,0,1400,15,27.87112
07.08.2026,23:20:08,31377,1.070855,-0.008798,-0.13,-0.19,-13.4375,-13.1875,273.6875,1.156133,0,0,25.60569,0,0,1400,15,27.25406
07.08.2026,23:20:08,31483,1.08006,-0.197679,-0.09,-0.58,-13.4375,-13,273.6875,1.148179,0,0,25.7205,0,0,1400,14.75,29.34054
07.08.2026,23:20:08,31589,1.075969,-0.285544,-0.06,-0.39,-13.375,-13,273.5625,1.131113,0,0,25.83362,0,0,1400,14.25,25.13689
07.08.2026,23:20:08,31695,1.072901,-0.012965,-0.04,0.14,-13.375,-13,273.375,1.110564,0,0,25.94467,0,0,1400,13.34375,27.49613
07.08.2026,23:20:08,31801,1.057559,-0.350602,-0.07,-0.64,-13.3125,-13.0625,273.25,1.089353,0,0,26.16288,0,0,1400,13,26.63076
07.08.2026,23:20:08,31907,1.06881,0.520267,-0.06,0.23,-13.375,-13.0625,273,1.074687,0,0,26.27035,0,0,1400,11.84375,28.29673
07.08.2026,23:20:08,32013,1.064719,-0.217631,-0.01,-0.25,-13.375,-13.25,272.875,1.07804,0,0,26.37815,0,0,1400,11.34375,27.06656
07.08.2026,23:20:08,32119,1.046309,0.252577,0,0.32,-13.375,-13.4375,272.75,1.077821,0,0,26.48594,0,0,1400,10.84375,26.20742
07.08.2026,23:20:08,32225,1.039149,-0.206841,-0.06,-0.37,-13.375,-13.625,272.625,1.08844,0,0,26.59478,0,0,1400,10.5,27.15861
07.08.2026,23:20:08,32331,1.042217,0.263403,-0.05,0.08,-13.3125,-13.5,272.4375,1.08553,0,0,26.70333,0,0,1400,10,26.57562
07.08.2026,23:20:08,32437,1.04324,0.272947,-0.04,-0.22,-13.25,-13.25,272.25,1.094651,0,0,26.8128,0,0,1400,9.25,27.30863
07.08.2026,23:20:08,32543,1.040172,-0.038769,-0.04,-0.61,-13.25,-13,272.0625,1.115109,0,0,26.92431,0,0,1400,8.5,26.87566
07.08.2026,23:20:08,32649,1.034035,0.280368,-0.07,-0.03,-13.25,-12.9375,272.0625,1.126968,0,0,27.03701,0,0,1400,8.25,27.52002
07.08.2026,23:20:08,32755,1.0504,0.090037,-0.07,-0.66,-13.25,-13.125,272.0625,1.133473,0,0,27.15036,0,0,1400,8.25,26.41541
07.08.2026,23:20:08,32861,1.0504,0.140882,-0.08,-0.53,-13.3125,-13.5,272.1875,1.128878,0,0,27.26324,0,0,1400,8.5,26.72224
07.08.2026,23:20:08,32967,1.018693,-0.209835,0.02,-0.35,-13.25,-13.8125,272.3125,1.138888,0,0,27.37713,0,0,1400,9.40625,23.65389
07.08.2026,23:20:08,33073,1.030967,0.031969,-0.06,-0.3,-13.1875,-14.0625,272.5,1.125226,0,0,27.48966,0,0,1400,10.15625,27.32969
07.08.2026,23:20:08,33179,1.02483,0.502912,-0.05,0.29,-13.125,-14.0625,272.625,1.120018,0,0,27.60166,0,0,1400,10.5,24.59546
07.08.2026,23:20:08,33285,1.039149,-0.147102,0,-0.14,-13,-13.8125,272.75,1.123844,0,0,27.71404,0,0,1400,11,27.26095
07.08.2026,23:20:08,33391,1.02483,-0.026577,0,-0.41,-12.8125,-13.3125,272.9375,1.122546,0,0,27.8263,0,0,1400,11.5,23.41532
07.08.2026,23:20:08,33497,1.010511,0.223242,0,0.23,-12.625,-13.125,273,1.12783,0,0,27.93908,0,0,1400,12,24.3597
07.08.2026,23:20:08,33603,1.02483,0.384502,-0.06,0.01,-12.4375,-13.125,273,1.136273,0,0,28.16467,0,0,1400,12,22.99943
07.08.2026,23:20:08,33709,0.994147,0.1931,0.03,0.23,-12.3125,-13.125,273,1.156587,0,0,28.28032,0,0,1400,12,22.04144
07.08.2026,23:20:08,33815,1.008466,-0.049111,0,-0.57,-12.25,-13.375,273,1.162219,0,0,28.39655,0,0,1400,12,21.90908
07.08.2026,23:20:08,33921,1.002329,0.339616,-0.04,0.17,-12.3125,-13.6875,273,1.176159,0,0,28.51416,0,0,1400,12,22.53181
07.08.2026,23:20:08,34027,1.000283,0.099541,-0.09,-0.18,-12.3125,-13.9375,273,1.178505,0,0,28.63202,0,0,1400,12,17.58894
07.08.2026,23:20:08,34133,0.992101,-0.070839,-0.08,-0.61,-12.375,-13.9375,273,1.183586,0,0,28.75037,0,0,1400,12,21.39709
07.08.2026,23:20:08,34239,0.976759,-0.149498,0.06,-0.11,-12.5,-13.875,273,1.172557,0,0,28.86763,0,0,1400,12,23.52389
07.08.2026,23:20:08,34345,0.974714,-0.219155,0.07,-0.43,-12.6875,-13.625,273.125,1.171172,0,0,28.98475,0,0,1400,12.5,24.91145
07.08.2026,23:20:08,34451,0.965509,-0.067643,-0.06,-0.41,-12.8125,-13.5,273.1875,1.15903,0,0,29.10065,0,0,1400,12.75,23.01926
07.08.2026,23:20:08,34557,0.966531,-0.23621,0.03,-0.49,-12.9375,-13.4375,273.25,1.148065,0,0,29.21546,0,0,1400,13,24.03862
07.08.2026,23:20:08,34663,0.978805,0.245567,0,0.05,-13.0625,-13.5,273.3125,1.134319,0,0,29.32889,0,0,1400,13.25,26.00916
07.08.2026,23:20:08,34769,0.952212,0.21534,-0.01,0.34,-13.125,-13.625,273.375,1.139601,0,0,29.44285,0,0,1400,13.5,21.34583
07.08.2026,23:20:08,34875,0.975736,0.205886,-0.04,0.17,-13.3125,-13.625,273.375,1.137549,0,0,29.5566,0,0,1400,13.5,23.83799
07.08.2026,23:20:08,34981,0.94403,0.37622,-0.09,0.05,-13.4375,-13.5,273.3125,1.137526,0,0,29.67036,0,0,1400,13.25,21.54352
07.08.2026,23:20:08,35087,0.95119,-0.064011,0,0.05,-13.5625,-13.3125,273.25,1.142739,0,0,29.78463,0,0,1400,13,24.16466
07.08.2026,23:20:08,35193,0.936871,0.266656,-0.03,0.21,-13.625,-13.1875,273.125,1.139447,0,0,29.89857,0,0,1400,12.34375,24.68684
07.08.2026,23:20:08,35299,0.932779,0.355885,-0.03,0.26,-13.75,-13.1875,273,1.149583,0,0,30.01353,0,0,1400,12.25,26.44543
07.08.2026,23:20:08,35405,0.937893,0.265921,-0.06,-0.17,-13.875,-13.375,272.9375,1.164596,0,0,30.24518,0,0,1400,11.75,26.6301
07.08.2026,23:20:08,35511,0.930734,0.324822,0,0.18,-14,-13.625,272.9375,1.16816,0,0,30.362,0,0,1400,11.75,24.2805
07.08.2026,23:20:08,35617,0.994147,-0.155338,0.06,-0.49,-14.125,-13.75,273.0625,1.178764,0,0,30.47987,0,0,1400,12.40625,29.28588
07.08.2026,23:20:08,35723,0.940962,0.033726,-0.05,-0.34,-14.25,-13.875,273.1875,1.169967,0,0,30.59687,0,0,1400,12.75,26.56467
07.08.2026,23:20:08,35829,0.947098,-0.054874,-0.01,-0.22,-14.375,-13.9375,273.375,1.169261,0,0,30.71379,0,0,1400,13.25,24.41739
07.08.2026,23:20:08,35935,0.955281,0.006262,-0.1,-0.66,-14.5,-13.75,273.5,1.160656,0,0,30.82986,0,0,1400,13.75,25.897
07.08.2026,23:20:08,36041,0.931757,-0.103101,-0.01,-0.33,-14.625,-13.6875,273.6875,1.156997,0,0,30.94556,0,0,1400,14.90625,26.51746
07.08.2026,23:20:08,36147,0.930734,-0.002507,-0.06,-0.56,-14.75,-13.625,273.8125,1.153866,0,0,31.06095,0,0,1400,15.40625,27.65956
07.08.2026,23:20:08,36253,0.960395,0.578387,-0.09,0.14,-14.875,-13.625,273.9375,1.148069,0,0,31.17575,0,0,1400,15.90625,29.54428
07.08.2026,23:20:08,36359,0.937893,-0.083466,0,-0.57,-15,-13.6875,274.125,1.167901,0,0,31.29255,0,0,1400,16.25,27.52313
07.08.2026,23:20:08,36465,0.940962,0.276341,-0.09,-0.35,-15.0625,-13.8125,274.25,1.171642,0,0,31.40971,0,0,1400,17,29.61301
07.08.2026,23:20:08,36571,0.938916,0.344714,0,0.33,-15.125,-13.8125,274.4375,1.18851,0,0,31.52856,0,0,1400,17.90625,28.3919
07.08.2026,23:20:08,36677,0.928688,0.243352,-0.1,-0.14,-15.125,-13.75,274.5625,1.202298,0,0,31.64879,0,0,1400,18.40625,27.52993
07.08.2026,23:20:08,36783,0.94403,0.141827,0,0.35,-15.1875,-13.6875,274.6875,1.217067,0,0,31.7705,0,0,1400,18.75,29.80391
07.08.2026,23:20:08,36889,0.94403,0.100715,-0.06,-0.51,-15.1875,-13.5,274.875,1.227453,0,0,31.89324,0,0,1400,19.25,30.08006
07.08.2026,23:20:08,36995,0.950167,0.389263,-0.05,0.29,-15.125,-13.5,275,1.240586,0,0,32.0173,0,0,1400,19.75,29.70846
07.08.2026,23:20:08,37101,0.961417,-0.022552,0.02,-0.1,-15.125,-13.625,275.0625,1.25439,0,0,32.26839,0,0,1400,20.25,28.60386
07.08.2026,23:20:08,37207,0.95119,-0.002475,-0.05,-0.6,-15.0625,-13.875,275.125,1.255013,0,0,32.39389,0,0,1400,20.65625,29.03002
07.08.2026,23:20:08,37313,0.966531,-0.455007,0.6,-0.07,-14.9375,-14.0625,275.1875,1.251603,0,0,32.51905,0,0,1005,20.75,29.39143
07.08.2026,23:20:08,37419,0.960395,0.04313,0.53,-0.11,-15.125,-12.125,275.3125,1.187433,0,0,32.6378,0,0,1000,21,28.87321
07.08.2026,23:20:08,37525,0.974714,0.090846,0.46,-0.26,-14.875,-8.3125,275.3125,1.142056,0,0,32.752,0,0,1000,21.25,28.59706
07.08.2026,23:20:08,37631,0.994147,0.188069,0.33,-0.4,-14.625,-5.125,275.1875,1.107702,0,0,32.86277,0,0,1000,20.59375,26.45667
07.08.2026,23:20:08,37737,0.967554,0.084787,0.21,-0.41,-14.6875,-3.25,274.875,1.077485,0,0,32.97052,0,0,1000,19.1875,28.30674
07.08.2026,23:20:08,37843,0.98085,0.031176,0.16,-0.38,-14.9375,-4,274.1875,1.036907,0,0,33.07421,0,0,1000,16.28125,29.42494
07.08.2026,23:20:08,37949,0.982896,-0.052621,0.16,-0.28,-15.0625,-6.3125,273.4375,0.990043,0,0,33.17322,0,0,1000,13.125,28.87321
07.08.2026,23:20:08,38055,0.995169,-0.256295,0.12,-0.22,-15.25,-8.875,272.75,0.927169,0,0,33.26593,0,0,1000,10.53125,29.93288
07.08.2026,23:20:08,38161,0.98085,-0.239517,0.11,-0.21,-15.5,-10.4375,272.125,0.849518,0,0,33.35089,0,0,1000,8.5,30.10272
07.08.2026,23:20:08,38267,0.958349,-0.17214,0.07,-0.22,-15.875,-10.625,271.5625,0.770605,0,0,33.42795,0,0,1000,6.25,31.16635
07.08.2026,23:20:08,38373,0.958349,-0.124101,0.04,-0.33,-16.375,-8.875,271.125,0.695741,0,0,33.49752,0,0,1000,5,32.37434
07.08.2026,23:20:08,38479,0.958349,-0.045368,0.04,-0.36,-16.75,-7.25,270.8125,0.625892,0,0,33.56011,0,0,1000,3.75,33.16522
07.08.2026,23:20:08,38585,0.95119,-0.035928,0.03,-0.41,-17.1875,-6,270.5,0.561667,0,0,33.61628,0,0,1000,1.6875,34.29361
07.08.2026,23:20:08,38691,0.952212,-0.02586,0.01,-0.42,-17.6875,-5.875,270.1875,0.507024,0,0,33.66698,0,0,1000,0.4375,36.54532
07.08.2026,23:20:08,38797,0.954258,-0.125133,0,-0.34,-18.125,-6.8125,269.8125,0.455297,0,0,33.71251,0,0,1000,-0.90625,39.17438
07.08.2026,23:20:08,38903,0.961417,-0.183443,0,-0.32,-18.6875,-8.4375,269.3125,0.330514,0,0,33.78489,0,0,1000,-2.96875,39.23169
07.08.2026,23:20:08,39009,0.948121,-0.210672,0,-0.27,-19.1875,-9.25,268.9375,0.264444,0,0,33.81133,0,0,1000,-4.5625,40
07.08.2026,23:20:08,39115,0.952212,-0.176647,0,-0.28,-19.5,-9.375,268.625,0.201542,0,0,33.83149,0,0,1000,-5.8125,40
07.08.2026,23:20:08,39221,0.940962,-0.121342,0,-0.28,-19.8125,-8.8125,268.375,0.143399,0,0,33.84583,0,0,1000,-6.65625,40
07.08.2026,23:20:08,39327,0.940962,-0.11709,-0.03,-0.27,-20.0625,-7.625,268.125,0.093839,0,0,33.85521,0,0,1000,-7.25,40
07.08.2026,23:20:08,39433,0.945053,-0.088379,-0.01,-0.32,-20.25,-6.875,268,0.051036,0,0,33.86031,0,0,1000,-7.75,40
07.08.2026,23:20:08,39539,0.94403,-0.0787,-0.04,-0.3,-20.375,-6.625,267.875,0.012402,0,0,33.86155,0,0,1000,-8.25,40
07.08.2026,23:20:08,39645,0.929711,-0.128096,-0.07,-0.3,-20.5,-6.9375,267.75,-0.022838,0,0,33.85927,0,0,1000,-9.15625,40
07.08.2026,23:20:08,39751,0.930734,-0.176538,-0.06,-0.27,-20.5625,-7.625,267.625,-0.057809,0,0,33.85349,0,0,1000,-9.5,40
07.08.2026,23:20:08,39857,0.935848,-0.143987,-0.05,-0.24,-20.625,-8.5625,267.4375,-0.09289,0,0,33.8442,0,0,1000,-10,40
07.08.2026,23:20:08,39963,0.914369,-0.15048,-0.05,-0.2,-20.625,-8.875,267.375,-0.125538,0,0,33.83165,0,0,1000,-10.5,40
07.08.2026,23:20:08,40069,0.92562,-0.136121,-0.06,-0.21,-20.6875,-8.6875,267.25,-0.153561,0,0,33.81629,0,0,1000,-11,40
07.08.2026,23:20:08,40175,0.91846,-0.221007,-0.07,-0.2,-20.6875,-8.0625,267.1875,-0.177572,0,0,33.79853,0,0,1000,-11.25,40
07.08.2026,23:20:08,40281,0.904142,-0.105215,-0.05,-0.29,-20.75,-7.3125,267.0625,-0.198449,0,0,33.77869,0,0,1000,-11.75,40
07.08.2026,23:20:08,40387,0.909255,-0.038983,-0.07,-0.29,-20.8125,-6.8125,266.8125,-0.210992,0,0,33.75759,0,0,1000,-12.5,40
07.08.2026,23:20:08,40493,0.890845,-0.062515,-0.07,-0.28,-20.875,-7.0625,266.5625,-0.216558,0,0,33.73593,0,0,1000,-13.90625,40
07.08.2026,23:20:08,40599,0.880617,-0.105872,-0.08,-0.27,-20.9375,-7.625,266.25,-0.220214,0,0,33.71391,0,0,1000,-15.3125,40
07.08.2026,23:20:08,40705,0.88164,-0.099011,-0.08,-0.25,-21,-8.1875,265.9375,-0.230172,0,0,33.66835,0,0,1000,-16.25,40
07.08.2026,23:20:08,40811,0.877549,-0.124597,-0.08,-0.24,-21.125,-8.625,265.4375,-0.238007,0,0,33.64455,0,0,1000,-17.75,40
07.08.2026,23:20:08,40917,0.861185,-0.067086,-0.08,-0.24,-21.1875,-8.5,265.125,-0.241586,0,0,33.62039,0,0,1000,-19,40
07.08.2026,23:20:08,41023,0.857093,-0.039596,-0.11,-0.28,-21.3125,-8,264.875,-0.239589,0,0,33.59643,0,0,1000,-20.25,40
07.08.2026,23:20:08,41129,0.838683,-0.062262,-0.1,-0.31,-21.4375,-7.5,264.6875,-0.233472,0,0,33.57308,0,0,1000,-21.40625,40
07.08.2026,23:20:08,41235,0.836638,0.024917,-0.09,-0.3,-21.5625,-7.1875,264.5,-0.227581,0,0,33.55032,0,0,1000,-22.15625,40
07.08.2026,23:20:08,41341,0.827433,0.011764,-0.1,-0.28,-21.75,-7.1875,264.4375,-0.216291,0,0,33.52869,0,0,1000,-22.25,40
07.08.2026,23:20:08,41447,0.814137,-0.001708,-0.1,-0.28,-21.875,-7.5625,264.4375,-0.205635,0,0,33.50813,0,0,1000,-22.25,40
07.08.2026,23:20:08,41553,0.811068,0.014527,-0.09,-0.27,-22.0625,-7.9375,264.5,-0.195901,0,0,33.48854,0,0,1000,-22,40
07.08.2026,23:20:08,41659,0.788567,0.020468,-0.09,-0.24,-22.1875,-8.3125,264.625,-0.186277,0,0,33.46991,0,0,1000,-21.34375,40
07.08.2026,23:20:08,41765,0.778339,0.046119,-0.1,-0.24,-22.3125,-8.375,264.875,-0.176921,0,0,33.45222,0,0,1000,-20.5,40
07.08.2026,23:20:08,41871,0.775271,0.091414,-0.12,-0.28,-22.5,-8.1875,265.375,-0.165569,0,0,33.43567,0,0,1000,-19,40
07.08.2026,23:20:08,41977,0.761974,0.126266,-0.1,-0.28,-22.5625,-7.875,265.8125,-0.151603,0,0,33.42051,0,0,1000,-17.25,40
07.08.2026,23:20:08,42083,0.735382,0.120617,-0.12,-0.27,-22.625,-7.75,266.375,-0.135888,0,0,33.40692,0,0,1000,-14.03125,40
07.08.2026,23:20:08,42189,0.724131,0.124476,-0.12,-0.29,-22.6875,-7.8125,266.9375,-0.120471,0,0,33.39487,0,0,1000,-11.78125,40
07.08.2026,23:20:08,42295,0.716972,0.097856,-0.14,-0.26,-22.6875,-8.3125,267.8125,-0.105507,0,0,33.38432,0,0,1000,-9.28125,40
07.08.2026,23:20:08,42401,0.698562,0.090882,-0.14,-0.24,-22.6875,-8.6875,268.4375,-0.085117,0,0,33.36636,0,0,1000,-5.625,40
07.08.2026,23:20:08,42507,0.69038,0.063607,-0.13,-0.24,-22.625,-8.9375,269.0625,-0.077782,0,0,33.35858,0,0,1000,-3.28125,40
07.08.2026,23:20:08,42613,0.672992,0.076096,-0.12,-0.23,-22.5,-9,269.75,-0.072634,0,0,33.35132,0,0,1000,-0.375,40
07.08.2026,23:20:08,42719,0.661742,0.138418,-0.15,-0.25,-22.3125,-8.8125,270.375,-0.066636,0,0,33.34465,0,0,1000,1.96875,40
07.08.2026,23:20:08,42825,0.644354,0.112415,-0.13,-0.24,-22,-8.3125,271.3125,-0.058537,0,0,33.3388,0,0,1000,4.25,39.16238
07.08.2026,23:20:08,42931,0.624921,0.094048,-0.15,-0.23,-21.75,-8,272,-0.051186,0,0,33.33368,0,0,1000,7,39.92494
07.08.2026,23:20:08,43037,0.617762,0.105497,-0.13,-0.25,-21.5,-7.875,272.6875,-0.0455,0,0,33.32913,0,0,1000,11.375,38.73575
07.08.2026,23:20:08,43143,0.607534,0.096764,-0.16,-0.27,-21.1875,-8,273.4375,-0.03981,0,0,33.32515,0,0,1000,14.375,35.74245
07.08.2026,23:20:08,43249,0.588101,0.117884,-0.15,-0.24,-20.8125,-8.1875,274.25,-0.035213,0,0,33.32162,0,0,1000,17,34.00661
07.08.2026,23:20:08,43355,0.578896,0.098876,-0.15,-0.23,-20.375,-8.625,275.375,-0.031253,0,0,33.3185,0,0,1000,20.5,33.95893
07.08.2026,23:20:08,43461,0.564577,0.079782,-0.17,-0.21,-20,-8.875,276.25,-0.028572,0,0,33.31564,0,0,1000,24,31.91343
07.08.2026,23:20:08,43567,0.535939,0.07068,-0.16,-0.2,-19.625,-8.875,277.125,-0.028337,0,0,33.31281,0,0,1000,29.4375,29.69921
07.08.2026,23:20:08,43673,0.533894,0.111472,-0.14,-0.2,-19.25,-8.6875,278,-0.025001,0,0,33.31031,0,0,1000,32.78125,28.14747
07.08.2026,23:20:08,43779,0.52162,0.122193,-0.18,-0.25,-18.75,-8.3125,279.125,-0.022818,0,0,33.30803,0,0,1000,35.875,26.37812
07.08.2026,23:20:08,43885,0.495028,0.072786,-0.14,-0.25,-18.375,-8.125,279.875,-0.018773,0,0,33.30615,0,0,1000,40.125,25.40653
07.08.2026,23:20:08,43991,0.485823,0.123272,-0.15,-0.24,-18.0625,-8.125,280.625,-0.015394,0,0,33.30461,0,0,1000,42.96875,23.17353
07.08.2026,23:20:08,44097,0.465367,0.073662,-0.15,-0.22,-17.75,-8.3125,281.3125,-0.012356,0,0,33.30338,0,0,1000,45.71875,22.17749
07.08.2026,23:20:08,44203,0.450025,0.05402,-0.14,-0.22,-17.4375,-8.5625,281.875,-0.011941,0,0,33.30104,0,0,1000,47.5,20.74905
07.08.2026,23:20:08,44309,0.435706,0.074862,-0.14,-0.21,-17.0625,-8.625,282.4375,-0.014813,0,0,33.29956,0,0,1000,49.25,19.01095
07.08.2026,23:20:08,44415,0.42241,0.055352,-0.15,-0.24,-16.8125,-8.5,282.75,-0.01558,0,0,33.29801,0,0,1000,50,18.1166
07.08.2026,23:20:08,44521,0.395818,0.06592,-0.14,-0.23,-16.5625,-8.25,282.9375,-0.018086,0,0,33.2962,0,0,1000,50,16.84158
07.08.2026,23:20:08,44627,0.38559,0.056553,-0.12,-0.24,-16.3125,-7.875,283,-0.020174,0,0,33.29418,0,0,1000,50,15.26653
07.08.2026,23:20:08,44733,0.368202,0.047224,-0.14,-0.27,-16.125,-7.5625,282.9375,-0.021363,0,0,33.29205,0,0,1000,50,13.65115
07.08.2026,23:20:08,44839,0.342633,0.037966,-0.13,-0.25,-15.8125,-7.4375,282.5625,-0.023681,0,0,33.28968,0,0,1000,50,11.21355
07.08.2026,23:20:08,44945,0.338542,-0.01118,-0.12,-0.22,-15.5625,-7.5,282.125,-0.027234,0,0,33.28695,0,0,1000,48.03125,11.6909
07.08.2026,23:20:08,45051,0.309904,-0.020154,-0.13,-0.26,-15.25,-7.5625,281.5625,-0.032719,0,0,33.28368,0,0,1000,45.625,9.765297
07.08.2026,23:20:08,45157,0.299676,-0.04894,-0.12,-0.25,-15.0625,-7.625,280.875,-0.038753,0,0,33.2798,0,0,1000,42.875,9.052208
07.08.2026,23:20:08,45263,0.272061,-0.037483,-0.14,-0.25,-14.875,-7.5625,280.125,-0.046522,0,0,33.27515,0,0,1000,39.875,7.630573
07.08.2026,23:20:08,45369,0.256719,-0.065832,-0.12,-0.25,-14.625,-7.375,278.9375,-0.05271,0,0,33.26988,0,0,1000,37,6.641335
07.08.2026,23:20:08,45475,0.249559,-0.063974,-0.12,-0.25,-14.5,-7.1875,277.9375,-0.059314,0,0,33.26395,0,0,1000,33,5.744713
07.08.2026,23:20:08,45581,0.225013,-0.081918,-0.11,-0.27,-14.375,-7.0625,276.9375,-0.065635,0,0,33.25738,0,0,1000,29,4.602627
07.08.2026,23:20:08,45687,0.212739,-0.069666,-0.15,-0.25,-14.25,-7,275.8125,-0.071918,0,0,33.25019,0,0,1000,22.46875,3.515671
07.08.2026,23:20:08,45793,0.202511,-0.117264,-0.12,-0.23,-14.125,-7,274.6875,-0.076666,0,0,33.24252,0,0,1000,18.75,3.296921
07.08.2026,23:20:08,45899,0.170805,-0.074828,-0.1,-0.24,-14.125,-7.0625,273.25,-0.077777,0,0,33.23475,0,0,1000,14.75,1.701378
07.08.2026,23:20:08,46005,0.149327,-0.162259,0.07,-0.12,-14.1875,-7.0625,272.25,-0.08749,0,0,33.2178,0,0,1000,8.21875,2.591202
07.08.2026,23:20:08,46111,0.146258,-0.099518,-0.08,-0.28,-14.25,-7,271.1875,-0.093127,0,0,33.20849,0,0,1000,3.96875,1.741695
07.08.2026,23:20:08,46217,0.120689,-0.126599,-0.08,-0.22,-14.375,-6.8125,270.125,-0.097543,0,0,33.19873,0,0,1000,-0.28125,1.779175
07.08.2026,23:20:08,46323,0.097165,-0.200347,-0.05,-0.28,-14.625,-6.5625,268.875,-0.101828,0,0,33.18855,0,0,1000,-3.5,1.359798
07.08.2026,23:20:08,46429,0.087959,-0.106935,-0.05,-0.31,-14.875,-6.4375,267.9375,-0.108768,0,0,33.17768,0,0,1000,-7.25,2.112633
07.08.2026,23:20:08,46535,0.071595,-0.133412,-0.06,-0.35,-15.125,-6.375,267.0625,-0.112227,0,0,33.16645,0,0,1000,-12.53125,2.589882
07.08.2026,23:20:08,46641,0.047048,-0.069875,-0.05,-0.39,-15.375,-6.375,266.25,-0.112683,0,0,33.15519,0,0,1000,-15,2.756893
07.08.2026,23:20:08,46747,0.034775,-0.106411,-0.05,-0.39,-15.5625,-6.5625,265.5625,-0.110279,0,0,33.14416,0,0,1000,-17.75,3.592712
07.08.2026,23:20:08,46853,0.013296,-0.102934,-0.05,-0.57,-15.6875,-6.875,264.6875,-0.110629,0,0,33.13309,0,0,1000,-20.5,2.001129
07.08.2026,23:20:08,46959,0.006137,-0.029491,-0.09,-0.77,-15.3125,-7.0625,264.0625,-0.10954,0,0,33.12214,0,0,1000,-23,1.346581
07.08.2026,23:20:08,47065,0.009205,0.013758,-0.15,-0.89,-14.4375,-7.0625,263.5,-0.103273,0,0,33.11181,0,0,1000,-26.3125,-0.657944
07.08.2026,23:20:08,47171,0.011251,0.036716,-0.15,-0.8,-13.25,-7.0625,262.9375,-0.094,0,0,33.10241,0,0,1000,-28.71875,-5.570999
07.08.2026,23:20:08,47277,0.01841,0.089305,-0.1,-0.54,-12.5,-7.0625,262.5,-0.08224,0,0,33.09419,0,0,1000,-30.46875,-7.143127
07.08.2026,23:20:08,47383,0.019433,0.011506,-0.05,-0.18,-12.4375,-7.3125,262.125,-0.069857,0,0,33.0872,0,0,1000,-31.15625,-6.801071
07.08.2026,23:20:08,47489,0.033752,-0.01656,-0.02,-0.02,-12.75,-7.5,261.875,-0.061361,0,0,33.08107,0,0,1000,-32.65625,-4.749908
07.08.2026,23:20:08,47595,0.037843,-0.004765,0,0,-13.0625,-7.5625,261.5625,-0.056919,0,0,33.07537,0,0,1000,-34.0625,-4.827797
07.08.2026,23:20:08,47701,0.03682,0.016959,-0.04,-0.09,-13.375,-7.5,261.3125,-0.049536,0,0,33.06496,0,0,1000,-35.0625,-3.79541
07.08.2026,23:20:08,47807,0.049094,0.009872,-0.05,-0.18,-13.75,-7.25,261.0625,-0.042719,0,0,33.06068,0,0,1000,-35.5,-2.590828
07.08.2026,23:20:08,47913,0.046025,0.011027,-0.03,-0.22,-14.0625,-7.125,260.875,-0.036532,0,0,33.05703,0,0,1000,-36.25,-1.684006
07.08.2026,23:20:08,48019,0.046025,0.012054,-0.01,-0.18,-14.4375,-7.0625,260.75,-0.032499,0,0,33.05378,0,0,1000,-37,-0.835159
07.08.2026,23:20:08,48125,0.045003,-0.006976,-0.01,-0.14,-14.75,-7,260.5625,-0.03063,0,0,33.05072,0,0,1000,-37.90625,-0.112442
07.08.2026,23:20:08,48231,0.04398,0.013931,0,-0.14,-15,-7.0625,260.375,-0.028655,0,0,33.04785,0,0,1000,-38.65625,0.76992
07.08.2026,23:20:08,48337,0.037843,0.044768,0,-0.21,-15.1875,-7.25,260.125,-0.026422,0,0,33.04521,0,0,1000,-39.40625,1.976772
07.08.2026,23:20:08,48443,0.034775,0.285494,0.04,-0.38,-15.375,-7.4375,260,-0.02293,0,0,33.04292,0,0,1000,-40,2.044941
07.08.2026,23:20:08,48549,0.024547,0.025648,0.02,-0.46,-15.875,-7.75,260.375,-0.004832,0,0,33.04243,0,0,1000,-38.03125,3.412575
07.08.2026,23:20:08,48655,0.021478,-0.024496,-0.01,-0.12,-16.75,-8.0625,261.25,0.004529,0,0,33.04288,0,0,1000,-34.375,7.071655
07.08.2026,23:20:08,48761,0.015342,0.145473,-0.04,-0.27,-17.375,-7.9375,262.1875,0.00099,0,0,33.04298,0,0,1000,-31.25,8.330151
07.08.2026,23:20:08,48867,0.019433,0.145285,-0.04,-0.35,-17.5625,-7.4375,263.375,0.00592,0,0,33.04358,0,0,1000,-27.5,8.580154
07.08.2026,23:20:08,48973,0.015342,0.234758,0.03,-0.51,-17.4375,-7.3125,264.5,0.016563,0,0,33.04523,0,0,1000,-20.75,7.76992
07.08.2026,23:20:08,49079,0.007159,-0.036183,-0.04,-0.15,-17.25,-7.5,265.8125,0.029603,0,0,33.04819,0,0,1000,-15.5,6.317596
07.08.2026,23:20:08,49185,0.019433,0.102685,-0.06,-0.26,-16.625,-7.8125,267.25,0.035591,0,0,33.05175,0,0,1000,-11,4.065895
07.08.2026,23:20:08,49291,0.020456,0.11142,-0.11,-0.22,-15.375,-7.875,269,0.039749,0,0,33.05573,0,0,1000,-5.5,2.553436
07.08.2026,23:20:08,49397,0.024547,0.130129,-0.14,-0.19,-14.1875,-7.75,270.25,0.040541,0,0,33.05978,0,0,1000,-0.5,-0.69883
07.08.2026,23:20:08,49503,0.023524,0.158815,-0.14,-0.2,-13.125,-7.625,271.3125,0.045073,0,0,33.06842,0,0,1000,4,-4.227249
07.08.2026,23:20:08,49609,0.023524,0.117379,-0.12,-0.22,-12.1875,-7.5625,272.3125,0.050674,0,0,33.07348,0,0,1000,10.1875,-9.003967
07.08.2026,23:20:08,49715,0.024547,0.175763,-0.15,-0.26,-11.625,-7.75,273.25,0.053449,0,0,33.07883,0,0,1000,13.9375,-10.16418
07.08.2026,23:20:08,49821,0.029661,0.092587,-0.09,-0.28,-11.4375,-7.125,274.375,0.046138,0,0,33.08344,0,0,1000,16.875,-9.766998
07.08.2026,23:20:08,49927,0.034775,0.181226,-0.13,-0.39,-11.625,-5.625,275,0.042639,0,0,33.0877,0,0,1000,20.46875,-8.462425
07.08.2026,23:20:08,50033,0.030684,0.199707,-0.09,-0.32,-12.1875,-4.3125,275.5625,0.047545,0,0,33.09246,0,0,1000,22.71875,-6.707893
07.08.2026,23:20:08,50139,0.028638,0.19806,-0.05,-0.22,-12.875,-4.375,275.9375,0.051561,0,0,33.09761,0,0,1000,23.90625,-4.341385
07.08.2026,23:20:08,50245,0.037843,0.196338,-0.08,-0.25,-13.3125,-4.625,276,0.053905,0,0,33.103,0,0,1000,24,-3.678909
07.08.2026,23:20:08,50351,0.032729,0.084548,-0.1,-0.16,-13.5625,-5.4375,275.75,0.055997,0,0,33.1086,0,0,1000,23.25,-2.77832
07.08.2026,23:20:08,50457,0.028638,0.072879,-0.09,-0.18,-13.5625,-6.4375,275.4375,0.052189,0,0,33.11382,0,0,1000,22.25,-3.606781
07.08.2026,23:20:08,50563,0.032729,0.011348,-0.11,-0.16,-13.5,-7.4375,275.125,0.047876,0,0,33.11861,0,0,1000,20.1875,-3.73291
07.08.2026,23:20:08,50669,0.02557,-0.019951,0.69,-0.25,-13.5,-8,274.6875,0.040618,0,0,33.12267,0,0,1000,18.28125,-4.070435
07.08.2026,23:20:08,50775,0.027615,0.029143,0.13,-0.22,-13.375,-7.9375,273.9375,0.028301,0,0,33.1255,0,0,1000,15.125,-4.31987
07.08.2026,23:20:08,50881,0.026592,0.048419,-0.12,-0.25,-13.1875,-8.25,273.125,0.022619,0,0,33.12777,0,0,1000,12.1875,-4.669846
07.08.2026,23:20:08,50987,0.02557,0.167771,-0.1,-0.29,-12.9375,-8.25,272.625,0.020239,0,0,33.12979,0,0,1000,10.1875,-5.509064
07.08.2026,23:20:08,51093,0.026592,0.016832,-0.1,-0.31,-12.875,-8.0625,272.375,0.029299,0,0,33.13272,0,0,1000,9.34375,-5.699959
07.08.2026,23:20:08,51199,0.01841,0.026034,-0.1,-0.31,-13,-7.6875,272.25,0.024916,0,0,33.13521,0,0,1000,8.84375,-5.138031
07.08.2026,23:20:08,51305,0.023524,0.014952,-0.11,-0.35,-13.4375,-7.125,272.125,0.014462,0,0,33.13859,0,0,1000,8.75,-4.909653
07.08.2026,23:20:08,51411,0.02557,0.054584,-0.1,-0.31,-13.6875,-6.875,272,0.011472,0,0,33.13974,0,0,1000,8.25,-3.54541
07.08.2026,23:20:08,51517,0.022501,0.064216,-0.1,-0.24,-13.8125,-7,271.875,0.011502,0,0,33.14089,0,0,1000,7.75,-2.94883
07.08.2026,23:20:08,51623,0.021478,0.023901,-0.08,-0.19,-13.875,-7.4375,271.8125,0.009808,0,0,33.14187,0,0,1000,7.25,-2.515862
07.08.2026,23:20:08,51729,0.027615,-0.016099,-0.07,-0.17,-13.75,-7.9375,271.8125,0.004788,0,0,33.14235,0,0,1000,7.25,-3.105644
07.08.2026,23:20:08,51835,0.030684,-0.016184,-0.08,-0.14,-13.5625,-8.25,271.8125,-0.002142,0,0,33.14214,0,0,1000,7.25,-3.603378
07.08.2026,23:20:08,51941,0.030684,0.01407,-0.09,-0.13,-13.3125,-8.0625,271.8125,-0.007917,0,0,33.14134,0,0,1000,7.25,-4.411346
07.08.2026,23:20:08,52047,0.019433,0.064409,-0.09,-0.19,-13.0625,-7.5625,271.8125,-0.010559,0,0,33.14029,0,0,1000,7.25,-5.204498
07.08.2026,23:20:08,52153,0.030684,0.094722,-0.08,-0.21,-12.875,-7.25,271.8125,-0.009753,0,0,33.13931,0,0,1000,7.25,-5.027756
07.08.2026,23:20:08,52259,0.023524,0.074927,-0.06,-0.24,-12.75,-7.125,271.8125,-0.006379,0,0,33.13867,0,0,1000,7.25,-6.630096
07.08.2026,23:20:08,52365,0.023524,0.05505,-0.06,-0.26,-12.6875,-7.375,271.8125,-0.003836,0,0,33.13829,0,0,1000,7.25,-5.894264
07.08.2026,23:20:08,52471,0.026592,0.065141,-0.09,-0.3,-12.75,-7.8125,271.875,-0.002816,0,0,33.138,0,0,1000,7.5,-6.317596
07.08.2026,23:20:08,52577,0.02557,0.045216,-0.09,-0.26,-12.9375,-8.125,271.875,-0.002345,0,0,33.13777,0,0,1000,7.5,-5.202797
07.08.2026,23:20:08,52683,0.024547,0.065317,-0.11,-0.28,-13.125,-8.25,271.875,-0.003142,0,0,33.13746,0,0,1000,7.5,-4.885765
07.08.2026,23:20:08,52789,0.021478,0.0854,-0.09,-0.22,-13.4375,-8.0625,271.875,-0.002599,0,0,33.1372,0,0,1000,7.5,-3.460724
07.08.2026,23:20:08,52895,0.023524,0.075462,-0.09,-0.23,-13.5625,-7.75,271.875,-0.001937,0,0,33.137,0,0,1000,7.5,-3.29995
07.08.2026,23:20:08,53001,0.024547,0.085483,-0.07,-0.19,-13.625,-7.5,271.875,0.001348,0,0,33.13707,0,0,1000,7.34375,-3.327232
07.08.2026,23:20:08,53107,0.024547,0.11544,-0.09,-0.21,-13.625,-7.375,271.875,0.004303,0,0,33.1375,0,0,1000,7.5,-3.204498
07.08.2026,23:20:08,53213,0.027615,0.115302,-0.08,-0.18,-13.5625,-7.5,271.9375,0.008426,0,0,33.13835,0,0,1000,7.90625,-3.606781
07.08.2026,23:20:08,53319,0.031706,0.074691,-0.08,-0.16,-13.3125,-7.9375,271.9375,0.01058,0,0,33.1394,0,0,1000,7.75,-3.834595
07.08.2026,23:20:08,53425,0.034775,0.084323,-0.11,-0.21,-13.125,-8.3125,272,0.011441,0,0,33.14055,0,0,1000,8.15625,-4.574959
07.08.2026,23:20:08,53531,0.029661,0.093934,-0.08,-0.19,-13,-8.5,272,0.012127,0,0,33.14176,0,0,1000,8,-5.573265
07.08.2026,23:20:08,53637,0.033752,0.093502,-0.09,-0.22,-12.875,-8.4375,272,0.013442,0,0,33.1431,0,0,1000,8,-5.948265
07.08.2026,23:20:08,53743,0.030684,0.11301,-0.1,-0.27,-12.875,-8.1875,272,0.015298,0,0,33.14463,0,0,1000,8,-5.914749
07.08.2026,23:20:08,53849,0.031706,0.132416,-0.1,-0.3,-12.9375,-7.75,272.125,0.018488,0,0,33.14648,0,0,1000,8.5,-5.543144
07.08.2026,23:20:08,53955,0.024547,0.141693,-0.11,-0.31,-13.0625,-7.625,272.1875,0.022473,0,0,33.14873,0,0,1000,8.75,-4.953362
07.08.2026,23:20:08,54061,0.022501,0.140827,-0.1,-0.25,-13.25,-7.75,272.1875,0.02695,0,0,33.15142,0,0,1000,8.75,-4.424942
07.08.2026,23:20:08,54167,0.029661,0.109857,-0.1,-0.22,-13.375,-8.0625,272.1875,0.030179,0,0,33.15444,0,0,1000,8.75,-3.555611
07.08.2026,23:20:08,54273,0.029661,0.098824,-0.09,-0.18,-13.5,-8.5,272.1875,0.032128,0,0,33.15765,0,0,1000,8.75,-2.778885
07.08.2026,23:20:08,54379,0.026592,0.10775,-0.06,-0.16,-13.5,-8.625,272.1875,0.033385,0,0,33.16099,0,0,1000,8.75,-3.579498
07.08.2026,23:20:08,54485,0.029661,0.116693,-0.09,-0.15,-13.5,-8.5625,272.1875,0.0329,0,0,33.16428,0,0,1000,8.75,-3.978378
07.08.2026,23:20:08,54591,0.028638,0.145632,-0.1,-0.19,-13.375,-8.3125,272.1875,0.03299,0,0,33.16758,0,0,1000,8.75,-3.86528
07.08.2026,23:20:08,54697,0.022501,0.144527,-0.11,-0.21,-13.25,-8.0625,272.1875,0.034364,0,0,33.17102,0,0,1000,8.75,-4.915314
07.08.2026,23:20:08,54803,0.028638,0.152069,-0.09,-0.22,-13.0625,-7.8125,272.1875,0.039598,0,0,33.17866,0,0,1000,8.75,-4.461861
07.08.2026,23:20:08,54909,0.026592,0.132069,-0.08,-0.25,-12.9375,-7.875,272.1875,0.041422,0,0,33.1828,0,0,1000,8.75,-5.693169
07.08.2026,23:20:08,55015,0.021478,0.130737,-0.09,-0.26,-12.875,-8.0625,272.1875,0.040985,0,0,33.1869,0,0,1000,8.75,-5.76416
07.08.2026,23:20:08,55121,0.021478,0.099419,-0.09,-0.24,-12.875,-8.3125,272.1875,0.03985,0,0,33.19089,0,0,1000,8.75,-5.730644
07.08.2026,23:20:08,55227,0.016365,0.088138,-0.07,-0.23,-12.875,-8.4375,272.25,0.036283,0,0,33.19452,0,0,1000,9,-5.884064
07.08.2026,23:20:08,55333,0.020456,0.085948,-0.07,-0.23,-13,-8.375,272.1875,0.031824,0,0,33.1977,0,0,1000,9,-5.140862
07.08.2026,23:20:08,55439,0.028638,0.104997,-0.07,-0.25,-13.125,-8.0625,272.1875,0.029585,0,0,33.20066,0,0,1000,8.75,-4.735176
07.08.2026,23:20:08,55545,0.02557,0.104099,-0.06,-0.22,-13.1875,-7.8125,272.1875,0.027902,0,0,33.20345,0,0,1000,8.75,-4.486313
07.08.2026,23:20:08,55651,0.02557,0.123263,-0.06,-0.19,-13.1875,-7.625,272.1875,0.026015,0,0,33.20605,0,0,1000,8.75,-4.578362
07.08.2026,23:20:08,55757,0.029661,0.112428,-0.08,-0.19,-13.1875,-7.625,272.125,0.025967,0,0,33.20864,0,0,1000,8.5,-4.854515
07.08.2026,23:20:08,55863,0.026592,0.071663,-0.08,-0.2,-13.125,-7.9375,272,0.023774,0,0,33.21102,0,0,1000,8.25,-5.443726
07.08.2026,23:20:08,55969,0.021478,0.07099,-0.08,-0.2,-13,-8.25,271.9375,0.020944,0,0,33.21312,0,0,1000,7.59375,-5.757362
07.08.2026,23:20:08,56075,0.021478,0.060419,-0.06,-0.2,-12.875,-8.375,271.875,0.017747,0,0,33.21489,0,0,1000,7.5,-6.009628
07.08.2026,23:20:08,56181,0.02557,0.079975,-0.07,-0.23,-12.8125,-8.3125,271.8125,0.013812,0,0,33.21627,0,0,1000,7.25,-5.94883
07.08.2026,23:20:08,56287,0.02557,0.079596,-0.06,-0.23,-12.8125,-8.125,271.8125,0.011784,0,0,33.21745,0,0,1000,7.25,-5.519257
07.08.2026,23:20:08,56393,0.020456,0.079274,-0.05,-0.25,-12.8125,-7.875,271.8125,0.010033,0,0,33.21845,0,0,1000,7.25,-6.317032
07.08.2026,23:20:08,56499,0.029661,0.118957,-0.07,-0.27,-12.875,-7.8125,271.75,0.009843,0,0,33.21944,0,0,1000,7.25,-5.672676
07.08.2026,23:20:08,56605,0.021478,0.108589,-0.06,-0.26,-13,-7.875,271.75,0.011399,0,0,33.22172,0,0,1000,7,-5.297676
07.08.2026,23:20:08,56711,0.022501,0.098222,-0.07,-0.2,-13.125,-8.0625,271.75,0.010503,0,0,33.22277,0,0,1000,7,-5.284653
07.08.2026,23:20:08,56817,0.021478,0.087546,-0.06,-0.2,-13.1875,-8.3125,271.8125,0.010534,0,0,33.22382,0,0,1000,7.25,-5.222717
07.08.2026,23:20:08,56923,0.023524,0.127177,-0.06,-0.19,-13.25,-8.4375,271.8125,0.011461,0,0,33.22497,0,0,1000,7.25,-4.728378
07.08.2026,23:20:08,57029,0.029661,0.106776,-0.05,-0.21,-13.1875,-8.4375,271.8125,0.012467,0,0,33.22622,0,0,1000,7.25,-4.452232
07.08.2026,23:20:08,57135,0.028638,0.136341,-0.07,-0.23,-13.125,-8.375,271.9375,0.013535,0,0,33.22757,0,0,1000,7.90625,-4.983475
07.08.2026,23:20:08,57241,0.022501,0.115842,-0.07,-0.21,-13.0625,-8.1875,272,0.015524,0,0,33.22912,0,0,1000,8,-4.925507
07.08.2026,23:20:08,57347,0.032729,0.125315,-0.08,-0.23,-13,-8,272.1875,0.016383,0,0,33.23076,0,0,1000,8.5,-3.944206
07.08.2026,23:20:08,57453,0.027615,0.114728,-0.07,-0.24,-12.9375,-8,272.25,0.018261,0,0,33.23259,0,0,1000,9,-5.665878
07.08.2026,23:20:08,57559,0.021478,0.1441,-0.08,-0.25,-12.9375,-8.0625,272.375,0.019533,0,0,33.23454,0,0,1000,9.25,-5.635193
07.08.2026,23:20:08,57665,0.027615,0.103411,-0.08,-0.25,-12.9375,-8.25,272.5,0.021405,0,0,33.23668,0,0,1000,10.15625,-4.990845
07.08.2026,23:20:08,57771,0.023524,0.112733,-0.07,-0.23,-12.9375,-8.4375,272.5625,0.021087,0,0,33.23879,0,0,1000,10.25,-5.727242
07.08.2026,23:20:08,57877,0.020456,0.092093,-0.05,-0.21,-12.9375,-8.4375,272.75,0.019907,0,0,33.24078,0,0,1000,10.75,-5.082893
07.08.2026,23:20:08,57983,0.027615,0.101467,-0.04,-0.24,-12.9375,-8.1875,272.8125,0.019463,0,0,33.24273,0,0,1000,11.25,-5.359047
07.08.2026,23:20:08,58089,0.024547,0.100863,-0.06,-0.23,-12.9375,-7.875,272.875,0.018793,0,0,33.24461,0,0,1000,11.5,-5.911346
07.08.2026,23:20:08,58195,0.031706,0.110303,-0.05,-0.24,-12.9375,-7.6875,273,0.017407,0,0,33.24635,0,0,1000,12.15625,-4.990845
07.08.2026,23:20:08,58301,0.021478,0.099777,-0.06,-0.23,-12.9375,-7.75,273.0625,0.016157,0,0,33.2496,0,0,1000,12.25,-5.696564
07.08.2026,23:20:08,58407,0.01841,0.059258,-0.05,-0.19,-12.9375,-8,273.0625,0.014842,0,0,33.25108,0,0,1000,12.25,-6.248863
07.08.2026,23:20:08,58513,0.023524,0.06878,-0.07,-0.2,-12.9375,-8.3125,273.125,0.011171,0,0,33.2522,0,0,1000,12.5,-5.788612
07.08.2026,23:20:08,58619,0.024547,0.078421,-0.07,-0.21,-12.9375,-8.5,273.1875,0.00773,0,0,33.25298,0,0,1000,12.75,-5.205627
07.08.2026,23:20:08,58725,0.028638,0.068172,-0.05,-0.24,-12.9375,-8.4375,273.3125,0.005033,0,0,33.25348,0,0,1000,13.25,-6.126129
07.08.2026,23:20:08,58831,0.027615,0.077937,-0.06,-0.24,-13,-8.0625,273.5,0.002301,0,0,33.25371,0,0,1000,14,-4.990845
07.08.2026,23:20:08,58937,0.027615,0.077903,-0.07,-0.24,-13,-7.8125,273.6875,0.001038,0,0,33.25381,0,0,1000,14.5,-5.815895
07.08.2026,23:20:08,59043,0.022501,0.117875,-0.08,-0.24,-13,-7.6875,273.8125,0.000888,0,0,33.2539,0,0,1000,15.40625,-5.110176
07.08.2026,23:20:08,59149,0.027615,0.1178,-0.06,-0.25,-13,-7.75,273.875,0.002322,0,0,33.25413,0,0,1000,15.5,-5.23291
07.08.2026,23:20:08,59255,0.023524,0.097666,-0.08,-0.22,-13,-7.9375,273.875,0.00417,0,0,33.25455,0,0,1000,15.5,-5.263596
07.08.2026,23:20:08,59361,0.028638,0.107523,-0.09,-0.22,-13,-8.1875,273.9375,0.004451,0,0,33.25499,0,0,1000,15.75,-5.202232
07.08.2026,23:20:08,59467,0.022501,0.107378,-0.06,-0.19,-13,-8.25,273.9375,0.004497,0,0,33.25544,0,0,1000,15.75,-5.324966
07.08.2026,23:20:08,59573,0.029661,0.0872,-0.08,-0.18,-13,-8.1875,273.9375,0.005558,0,0,33.256,0,0,1000,15.75,-4.680611
07.08.2026,23:20:08,59679,0.031706,0.087034,-0.08,-0.2,-13,-8.125,273.9375,0.005145,0,0,33.25652,0,0,1000,15.75,-4.588554
07.08.2026,23:20:08,59785,0.02557,0.106895,-0.08,-0.22,-12.9375,-8,273.9375,0.00432,0,0,33.25695,0,0,1000,15.75,-5.696564
07.08.2026,23:20:08,59891,0.026592,0.086769,-0.07,-0.21,-12.9375,-7.9375,273.9375,0.003924,0,0,33.25734,0,0,1000,15.75,-4.960159
07.08.2026,23:20:08,59997,0.029661,0.096666,-0.05,-0.24,-12.9375,-7.875,273.9375,0.003207,0,0,33.25766,0,0,1000,15.75,-5.665878
07.08.2026,23:20:08,60103,0.027615,0.086583,-0.04,-0.24,-12.9375,-7.8125,273.9375,0.002077,0,0,33.25812,0,0,1000,15.75,-4.837425
07.08.2026,23:20:08,60209,0.024547,0.086517,-0.05,-0.27,-12.9375,-7.875,273.9375,0.00042,0,0,33.25816,0,0,1000,15.75,-5.696564
07.08.2026,23:20:08,60315,0.02557,0.066528,-0.05,-0.22,-12.875,-8,273.9375,-0.000766,0,0,33.25809,0,0,1000,15.75,-5.393127
07.08.2026,23:20:08,60421,0.022501,0.046605,-0.04,-0.24,-12.875,-8.0625,273.9375,-0.002407,0,0,33.25785,0,0,1000,15.75,-5.884064
07.08.2026,23:20:08,60527,0.023524,0.076748,-0.04,-0.21,-12.875,-8.1875,273.9375,-0.004434,0,0,33.2574,0,0,1000,15.75,-5.055611
07.08.2026,23:20:08,60633,0.026592,0.06693,-0.03,-0.21,-12.875,-8.1875,273.9375,-0.005654,0,0,33.25684,0,0,1000,15.75,-6.098846
07.08.2026,23:20:08,60739,0.022501,0.087147,-0.04,-0.22,-12.875,-8.1875,273.9375,-0.006773,0,0,33.25616,0,0,1000,15.75,-5.393127
07.08.2026,23:20:08,60845,0.019433,0.097378,-0.05,-0.21,-12.875,-8.0625,273.9375,-0.007187,0,0,33.25544,0,0,1000,15.75,-5.853378
07.08.2026,23:20:08,60951,0.030684,0.117583,-0.07,-0.23,-12.875,-8.0625,273.9375,-0.006374,0,0,33.25481,0,0,1000,15.75,-4.963554
07.08.2026,23:20:08,61057,0.026592,0.107706,-0.06,-0.2,-12.875,-8.0625,273.9375,-0.0038,0,0,33.25443,0,0,1000,15.75,-6.006798
07.08.2026,23:20:08,61163,0.034775,0.097766,-0.06,-0.22,-12.875,-8.1875,273.9375,-0.001882,0,0,33.25424,0,0,1000,15.75,-5.669281
07.08.2026,23:20:08,61269,0.015342,0.117775,-0.05,-0.2,-12.875,-8.25,273.9375,-0.000287,0,0,33.25421,0,0,1000,15.75,-5.699959
07.08.2026,23:20:08,61375,0.030684,0.097731,-0.06,-0.21,-12.875,-8.375,273.9375,0.001366,0,0,33.25434,0,0,1000,15.75,-4.533989
07.08.2026,23:20:08,61481,0.035797,0.107667,-0.04,-0.21,-12.875,-8.375,273.9375,0.002016,0,0,33.25455,0,0,1000,15.75,-4.963554
07.08.2026,23:20:08,61587,0.026592,0.117553,-0.04,-0.25,-12.875,-8.375,273.9375,0.00353,0,0,33.2549,0,0,1000,15.75,-5.393127
07.08.2026,23:20:08,61693,0.029661,0.147378,-0.04,-0.22,-12.875,-8.3125,273.9375,0.00544,0,0,33.25545,0,0,1000,15.75,-5.393127
07.08.2026,23:20:08,61799,0.019433,0.117089,-0.04,-0.2,-12.875,-8.25,274,0.008992,0,0,33.25635,0,0,1000,16,-5.577225
07.08.2026,23:20:08,61905,0.02557,0.106741,-0.04,-0.22,-12.875,-8.1875,274,0.011233,0,0,33.25855,0,0,1000,16,-5.331757
07.08.2026,23:20:08,62011,0.032729,0.10638,-0.04,-0.18,-12.875,-8.25,274,0.011086,0,0,33.25966,0,0,1000,16,-4.963554
07.08.2026,23:20:08,62117,0.027615,0.086023,-0.05,-0.22,-12.875,-8.25,274,0.009501,0,0,33.26061,0,0,1000,16,-5.515862
07.08.2026,23:20:08,62223,0.026592,0.105718,-0.04,-0.23,-12.875,-8.1875,274,0.008065,0,0,33.26142,0,0,1000,16,-5.76133
07.08.2026,23:20:08,62329,0.027615,0.105213,-0.05,-0.23,-12.875,-8.125,274,0.007639,0,0,33.26218,0,0,1000,16,-5.730652
07.08.2026,23:20:08,62435,0.022501,0.09498,-0.04,-0.23,-12.8125,-8.0625,274,0.007224,0,0,33.2629,0,0,1000,16,-5.580627
07.08.2026,23:20:08,62541,0.02557,0.094778,-0.04,-0.21,-12.8125,-8,274,0.006299,0,0,33.26353,0,0,1000,16,-5.611313
07.08.2026,23:20:08,62647,0.030684,0.084611,-0.04,-0.21,-12.8125,-8,274,0.005195,0,0,33.26405,0,0,1000,16,-6.224976
07.08.2026,23:20:08,62753,0.028638,0.104504,-0.05,-0.23,-12.8125,-7.9375,274,0.003331,0,0,33.26438,0,0,1000,16,-6.102249
07.08.2026,23:20:08,62859,0.030684,0.06443,-0.03,-0.24,-12.8125,-7.9375,274,0.002297,0,0,33.26461,0,0,1000,16,-6.255669
07.08.2026,23:20:08,62965,0.027615,0.054444,-0.04,-0.24,-12.8125,-7.9375,274,-0.000449,0,0,33.26456,0,0,1000,16,-6.102249
07.08.2026,23:20:08,63071,0.031706,0.064569,-0.03,-0.23,-12.8125,-8,274,-0.003888,0,0,33.26418,0,0,1000,16,-5.641998
07.08.2026,23:20:08,63177,0.028638,0.06479,-0.04,-0.22,-12.8125,-8,274,-0.006864,0,0,33.26349,0,0,1000,16,-5.887459
07.08.2026,23:20:08,63283,0.027615,0.065087,-0.03,-0.2,-12.8125,-8,274,-0.009248,0,0,33.26257,0,0,1000,16,-6.163612
07.08.2026,23:20:08,63389,0.024547,0.055433,-0.03,-0.23,-12.8125,-8,274,-0.010752,0,0,33.26149,0,0,1000,16,-6.010193
07.08.2026,23:20:08,63495,0.029661,0.075828,-0.03,-0.22,-12.8125,-8,274,-0.012265,0,0,33.26026,0,0,1000,16,-5.18174
07.08.2026,23:20:08,63601,0.024547,0.106234,-0.03,-0.23,-12.8125,-8,274,-0.012293,0,0,33.25777,0,0,1000,16,-5.580627
07.08.2026,23:20:08,63707,0.023524,0.106629,-0.03,-0.23,-12.8125,-8,274,-0.009827,0,0,33.25679,0,0,1000,16,-5.365845
07.08.2026,23:20:08,63813,0.024547,0.067216,-0.03,-0.24,-12.8125,-8,274,-0.008406,0,0,33.25595,0,0,1000,16,-5.703362
07.08.2026,23:20:08,63919,0.028638,0.057504,-0.03,-0.23,-12.8125,-8,274,-0.008949,0,0,33.25505,0,0,1000,16,-5.918144
07.08.2026,23:20:08,64025,0.030684,0.047816,-0.03,-0.24,-12.8125,-8,274,-0.009719,0,0,33.25408,0,0,1000,16,-5.028328
07.08.2026,23:20:08,64131,0.026592,0.068176,-0.05,-0.22,-12.8125,-8,274,-0.011207,0,0,33.25296,0,0,1000,16,-5.672676
07.08.2026,23:20:08,64237,0.028638,0.068571,-0.03,-0.22,-12.8125,-8,274,-0.012268,0,0,33.25173,0,0,1000,16,-5.304474
07.08.2026,23:20:08,64343,0.028638,0.068979,-0.04,-0.23,-12.8125,-8,274,-0.012687,0,0,33.25046,0,0,1000,16,-5.427208
07.08.2026,23:20:08,64449,0.024547,0.069396,-0.03,-0.23,-12.8125,-8,274,-0.012983,0,0,33.24916,0,0,1000,16,-5.549942
07.08.2026,23:20:08,64555,0.024547,0.089797,-0.03,-0.22,-12.8125,-8,274,-0.01247,0,0,33.24791,0,0,1000,16,-5.734047
07.08.2026,23:20:08,64661,0.02557,0.090162,-0.03,-0.24,-12.8125,-8,274,-0.011343,0,0,33.24678,0,0,1000,16,-6.286346
07.08.2026,23:20:08,64767,0.026592,0.08049,-0.04,-0.23,-12.8125,-8,274,-0.010209,0,0,33.24576,0,0,1000,16,-5.519264
07.08.2026,23:20:08,64873,0.026592,0.090785,-0.04,-0.24,-12.8125,-8,274,-0.009164,0,0,33.24484,0,0,1000,16,-5.54995
07.08.2026,23:20:08,64979,0.02557,0.071057,-0.05,-0.23,-12.8125,-8,274,-0.008463,0,0,33.244,0,0,1000,16,-5.304474
07.08.2026,23:20:08,65085,0.026592,0.081317,-0.04,-0.23,-12.8125,-8,274,-0.008072,0,0,33.24319,0,0,1000,16,-5.918152
07.08.2026,23:20:08,65191,0.024547,0.071556,-0.03,-0.24,-12.8125,-8,274,-0.007425,0,0,33.24244,0,0,1000,16,-5.488579
07.08.2026,23:20:08,65297,0.026592,0.0718,-0.05,-0.25,-12.8125,-8,274,-0.007601,0,0,33.24168,0,0,1000,16,-5.641998
07.08.2026,23:20:08,65403,0.028638,0.092031,-0.05,-0.25,-12.8125,-8,274,-0.006789,0,0,33.24029,0,0,1000,16,-5.672676
07.08.2026,23:20:08,65509,0.020456,0.08225,-0.02,-0.22,-12.8125,-8,274,-0.005182,0,0,33.23977,0,0,1000,16,-6.255669
07.08.2026,23:20:08,65615,0.02557,0.092416,-0.05,-0.23,-12.8125,-8,274,-0.004797,0,0,33.23929,0,0,1000,16,-5.979515
07.08.2026,23:20:08,65721,0.024547,0.08257,-0.02,-0.2,-12.8125,-8,274,-0.004608,0,0,33.23883,0,0,1000,16,-6.102249
07.08.2026,23:20:08,65827,0.019433,0.082869,-0.04,-0.23,-12.8125,-8,274,-0.004679,0,0,33.23836,0,0,1000,16,-6.286346
07.08.2026,23:20:08,65933,0.026592,0.063023,-0.03,-0.21,-12.8125,-8,274,-0.004802,0,0,33.23788,0,0,1000,16,-5.54995
07.08.2026,23:20:08,66039,0.026592,0.083186,-0.03,-0.23,-12.8125,-8,274,-0.005057,0,0,33.23737,0,0,1000,16,-6.040878
07.08.2026,23:20:08,66145,0.029661,0.083333,-0.05,-0.22,-12.8125,-8,274,-0.004554,0,0,33.23692,0,0,1000,16,-5.672676
07.08.2026,23:20:08,66251,0.030684,0.083478,-0.03,-0.22,-12.8125,-8,274,-0.004523,0,0,33.23646,0,0,1000,16,-5.488571
07.08.2026,23:20:08,66357,0.032729,0.083639,-0.02,-0.21,-12.8125,-8,274,-0.004995,0,0,33.23596,0,0,1000,16,-5.549942
07.08.2026,23:20:08,66463,0.031706,0.063792,-0.03,-0.23,-12.8125,-8,274,-0.004768,0,0,33.23549,0,0,1000,16,-5.764732
07.08.2026,23:20:08,66569,0.030684,0.09396,-0.03,-0.24,-12.8125,-8,274,-0.00524,0,0,33.23496,0,0,1000,16,-5.672676
07.08.2026,23:20:08,66675,0.024547,0.074127,-0.04,-0.23,-12.8125,-8,274,-0.005187,0,0,33.23444,0,0,1000,16,-6.194298
07.08.2026,23:20:08,66781,0.027615,0.074289,-0.03,-0.23,-12.8125,-8,274,-0.005024,0,0,33.23394,0,0,1000,16,-5.641998
07.08.2026,23:20:08,66887,0.021478,0.074462,-0.03,-0.25,-12.8125,-8,274,-0.005377,0,0,33.2334,0,0,1000,16,-5.918144
07.08.2026,23:20:08,66993,0.022501,0.084638,-0.05,-0.21,-12.8125,-8,274,-0.005481,0,0,33.23285,0,0,1000,16,-5.54995
07.08.2026,23:20:08,67099,0.020456,0.084808,-0.05,-0.22,-12.8125,-8,274,-0.005279,0,0,33.23233,0,0,1000,16,-5.611313
07.08.2026,23:20:08,67205,0.028638,0.084965,-0.04,-0.22,-12.8125,-8,274,-0.004625,0,0,33.23138,0,0,1000,16,-5.856781
07.08.2026,23:20:08,67311,0.026592,0.085243,-0.02,-0.24,-12.8125,-8,274,-0.004013,0,0,33.23098,0,0,1000,16,-5.580627
07.08.2026,23:20:08,67417,0.027615,0.085363,-0.04,-0.22,-12.8125,-8,274,-0.003718,0,0,33.23061,0,0,1000,16,-6.102249
07.08.2026,23:20:08,67523,0.029661,0.095465,-0.04,-0.22,-12.8125,-8,274,-0.003178,0,0,33.23029,0,0,1000,16,-6.439766
07.08.2026,23:20:08,67629,0.028638,0.07554,-0.05,-0.22,-12.8125,-8,274,-0.002341,0,0,33.23006,0,0,1000,16,-5.764725
07.08.2026,23:20:08,67735,0.02557,0.085639,-0.03,-0.23,-12.8125,-8,274,-0.00308,0,0,33.22975,0,0,1000,16,-6.071564
07.08.2026,23:20:08,67841,0.019433,0.075747,-0.04,-0.23,-12.8125,-8,274,-0.003358,0,0,33.22941,0,0,1000,16,-5.243111
07.08.2026,23:20:08,67947,0.023524,0.065862,-0.02,-0.21,-12.8125,-8,274,-0.003582,0,0,33.22905,0,0,1000,16,-5.611313
07.08.2026,23:20:08,68053,0.027615,0.08598,-0.02,-0.23,-12.8125,-8,274,-0.00367,0,0,33.22869,0,0,1000,16,-5.488579
07.08.2026,23:20:08,68159,0.019433,0.086111,-0.03,-0.21,-12.8125,-8,274,-0.004074,0,0,33.22828,0,0,1000,16,-5.641998
07.08.2026,23:20:08,68265,0.024547,0.086219,-0.02,-0.24,-12.8125,-8,274,-0.003362,0,0,33.22794,0,0,1000,16,-5.672676
07.08.2026,23:20:08,68371,0.031706,0.076296,-0.05,-0.22,-12.8125,-8,274,-0.002373,0,0,33.22771,0,0,1000,16,-5.212425
07.08.2026,23:20:08,68477,0.026592,0.076363,-0.04,-0.23,-12.8125,-8,274,-0.002106,0,0,33.2275,0,0,1000,16,-5.764725
07.08.2026,23:20:08,68583,0.021478,0.086423,-0.04,-0.22,-12.8125,-8,274,-0.001862,0,0,33.22731,0,0,1000,16,-6.224983
07.08.2026,23:20:08,68689,0.028638,0.076468,-0.04,-0.2,-12.8125,-8,274,-0.001377,0,0,33.22717,0,0,1000,16,-5.611313
07.08.2026,23:20:08,68795,0.026592,0.076506,-0.03,-0.24,-12.8125,-8,274,-0.001207,0,0,33.22705,0,0,1000,16,-5.703362
07.08.2026,23:20:08,68901,0.033752,0.076551,-0.04,-0.24,-12.8125,-8,274,-0.000951,0,0,33.22681,0,0,1000,16,-5.488571
07.08.2026,23:20:08,69007,0.026592,0.086582,-0.04,-0.24,-12.8125,-8,274,-0.001861,0,0,33.22663,0,0,1000,16,-6.010193
07.08.2026,23:20:08,69113,0.035797,0.076642,-0.04,-0.23,-12.8125,-8,274,-0.001338,0,0,33.22649,0,0,1000,16,-5.488571
07.08.2026,23:20:08,69219,0.032729,0.086685,-0.04,-0.23,-12.8125,-8,274,-0.001135,0,0,33.22638,0,0,1000,16,-5.02832
07.08.2026,23:20:08,69325,0.02557,0.086752,-0.04,-0.21,-12.8125,-8,274,-0.000951,0,0,33.22628,0,0,1000,16,-4.874908
07.08.2026,23:20:08,69431,0.027615,0.086763,-0.05,-0.24,-12.8125,-8,274,-0.00035,0,0,33.22625,0,0,1000,16,-5.611313
07.08.2026,23:20:08,69537,0.032729,0.076777,-0.06,-0.24,-12.8125,-8,274,-0.000434,0,0,33.22621,0,0,1000,16,-5.918144
07.08.2026,23:20:08,69643,0.023524,0.066793,-0.01,-0.23,-12.8125,-8,274,-0.000504,0,0,33.22616,0,0,1000,16,-6.501137
07.08.2026,23:20:08,69749,0.028638,0.086845,-0.02,-0.26,-12.8125,-8,274,-0.001609,0,0,33.226,0,0,1000,16,-5.764732
07.08.2026,23:20:08,69855,0.022501,0.086897,-0.04,-0.22,-12.8125,-8,274,-0.001605,0,0,33.22584,0,0,1000,16,-5.979515
07.08.2026,23:20:08,69961,0.024547,0.086937,-0.05,-0.24,-12.8125,-8,274,-0.001243,0,0,33.22571,0,0,1000,16,-5.243111
07.08.2026,23:20:08,70067,0.029661,0.096961,-0.03,-0.22,-12.8125,-8,274,-0.000746,0,0,33.22564,0,0,1000,16,-6.255661
07.08.2026,23:20:08,70173,0.024547,0.08696,-0.03,-0.21,-12.8125,-8,274,0.000043,0,0,33.22564,0,0,1000,16,-5.79541
07.08.2026,23:20:08,70279,0.032729,0.106945,-0.02,-0.21,-12.8125,-8,274,0.000466,0,0,33.22569,0,0,1000,16,-5.457893
07.08.2026,23:20:08,70385,0.026592,0.096899,-0.02,-0.22,-12.8125,-8,274,0.001443,0,0,33.22583,0,0,1000,16,-5.396523
07.08.2026,23:20:08,70491,0.029661,0.086839,-0.03,-0.23,-12.8125,-8,274,0.001851,0,0,33.22602,0,0,1000,16,-5.611313
07.08.2026,23:20:08,70597,0.021478,0.086786,-0.04,-0.23,-12.8125,-8,274,0.001673,0,0,33.22618,0,0,1000,16,-6.224976
07.08.2026,23:20:08,70703,0.021478,0.09672,-0.04,-0.23,-12.8125,-8,274,0.001548,0,0,33.22654,0,0,1000,16,-6.224976
07.08.2026,23:20:08,70809,0.030684,0.086615,-0.04,-0.22,-12.8125,-8,274,0.001728,0,0,33.22672,0,0,1000,16,-4.966957
07.08.2026,23:20:08,70915,0.030684,0.086574,-0.03,-0.22,-12.8125,-8,274,0.001265,0,0,33.22684,0,0,1000,16,-5.764732
07.08.2026,23:20:08,71021,0.02557,0.096533,-0.06,-0.2,-12.8125,-8,274,0.00129,0,0,33.22697,0,0,1000,16,-5.734047
07.08.2026,23:20:08,71127,0.026592,0.086488,-0.03,-0.23,-12.8125,-8,274,0.001392,0,0,33.22711,0,0,1000,16,-5.94883
07.08.2026,23:20:08,71233,0.028638,0.096457,-0.04,-0.24,-12.8125,-8,274,0.00095,0,0,33.2272,0,0,1000,16,-5.94883
07.08.2026,23:20:08,71339,0.02557,0.076425,-0.02,-0.24,-12.8125,-8,274,0.000995,0,0,33.2273,0,0,1000,16,-6.715919
07.08.2026,23:20:08,71445,0.022501,0.086409,-0.03,-0.21,-12.8125,-8,274,0.000506,0,0,33.22735,0,0,1000,16,-6.071564
07.08.2026,23:20:08,71551,0.032729,0.086426,-0.03,-0.23,-12.8125,-8,274,-0.000533,0,0,33.2273,0,0,1000,16,-4.966957
07.08.2026,23:20:08,71657,0.02557,0.076433,-0.03,-0.23,-12.8125,-8,274,-0.000217,0,0,33.22728,0,0,1000,16,-6.317032
07.08.2026,23:20:08,71763,0.028638,0.086448,-0.04,-0.22,-12.8125,-8,274,-0.000462,0,0,33.22723,0,0,1000,16,-5.519257
07.08.2026,23:20:08,71869,0.022501,0.086473,-0.05,-0.22,-12.8125,-8,274,-0.000761,0,0,33.22715,0,0,1000,16,-5.641998
07.08.2026,23:20:08,71975,0.023524,0.086514,-0.04,-0.22,-12.8125,-8,274,-0.001279,0,0,33.22702,0,0,1000,16,-6.286346
07.08.2026,23:20:08,72081,0.027615,0.086552,-0.04,-0.21,-12.8125,-8,274,-0.0012,0,0,33.22691,0,0,1000,16,-5.488579
07.08.2026,23:20:08,72187,0.032729,0.08656,-0.05,-0.22,-12.8125,-8,274,-0.000254,0,0,33.22688,0,0,1000,16,-5.611313
07.08.2026,23:20:08,72293,0.026592,0.086576,-0.05,-0.22,-12.8125,-8,274,-0.000472,0,0,33.22683,0,0,1000,16,-6.409081
07.08.2026,23:20:08,72399,0.028638,0.066588,-0.05,-0.23,-12.8125,-8,274,-0.000399,0,0,33.2268,0,0,1000,16,-6.132935
07.08.2026,23:20:08,72505,0.031706,0.086596,-0.05,-0.23,-12.8125,-8,274,-0.000459,0,0,33.22673,0,0,1000,16,-5.887466
07.08.2026,23:20:08,72611,0.028638,0.086611,-0.02,-0.24,-12.8125,-8,274,-0.000381,0,0,33.22669,0,0,1000,16,-5.549942
07.08.2026,23:20:08,72717,0.027615,0.086623,-0.03,-0.22,-12.8125,-8,274,0.000474,0,0,33.22673,0,0,1000,16,-5.672676
07.08.2026,23:20:08,72823,0.02557,0.076566,-0.03,-0.21,-12.8125,-8,274,0.001304,0,0,33.22686,0,0,1000,16,-6.071564
07.08.2026,23:20:08,72929,0.030684,0.086498,-0.04,-0.21,-12.8125,-8,274,0.002108,0,0,33.22707,0,0,1000,16,-6.807968
07.08.2026,23:20:08,73035,0.028638,0.096428,-0.06,-0.21,-12.8125,-8,274,0.002186,0,0,33.22729,0,0,1000,16,-5.549942
07.08.2026,23:20:08,73141,0.02557,0.086339,-0.04,-0.21,-12.8125,-8,274,0.002766,0,0,33.22757,0,0,1000,16,-6.071564
07.08.2026,23:20:08,73247,0.033752,0.086254,-0.05,-0.23,-12.8125,-8,274,0.002646,0,0,33.22783,0,0,1000,16,-5.427216
07.08.2026,23:20:08,73353,0.031706,0.08617,-0.03,-0.23,-12.8125,-8,274,0.002613,0,0,33.22809,0,0,1000,16,-6.010193
07.08.2026,23:20:08,73459,0.026592,0.08609,-0.04,-0.23,-12.8125,-8,274,0.002483,0,0,33.22834,0,0,1000,16,-6.071564
07.08.2026,23:20:08,73565,0.026592,0.08602,-0.04,-0.24,-12.8125,-8,274,0.002181,0,0,33.22856,0,0,1000,16,-6.317032
07.08.2026,23:20:08,73671,0.028638,0.085953,-0.03,-0.23,-12.8125,-8,274,0.00208,0,0,33.22877,0,0,1000,16,-5.580627
07.08.2026,23:20:08,73777,0.033752,0.095904,-0.05,-0.21,-12.8125,-8,274,0.001544,0,0,33.22892,0,0,1000,16,-5.273788
07.08.2026,23:20:08,73883,0.023524,0.105847,-0.05,-0.23,-12.8125,-8,274,0.001766,0,0,33.2291,0,0,1000,16,-6.470444
07.08.2026,23:20:08,73989,0.028638,0.085767,-0.05,-0.23,-12.8125,-8,274,0.002472,0,0,33.22934,0,0,1000,16,-5.641998
07.08.2026,23:20:08,74095,0.027615,0.085705,-0.04,-0.21,-12.8125,-8,274,0.00194,0,0,33.22954,0,0,1000,16,-5.427208
07.08.2026,23:20:08,74201,0.038866,0.075655,-0.03,-0.22,-12.8125,-8,274,0.001207,0,0,33.22982,0,0,1000,16,-5.826096
07.08.2026,23:20:08,74307,0.030684,0.085593,-0.05,-0.22,-12.8125,-8,274,0.000724,0,0,33.22989,0,0,1000,16,-5.856781
07.08.2026,23:20:08,74413,0.024547,0.085569,-0.04,-0.22,-12.8125,-8,274,0.000734,0,0,33.22996,0,0,1000,16,-5.979515
07.08.2026,23:20:08,74519,0.032729,0.075551,-0.04,-0.22,-12.8125,-8,274,0.000565,0,0,33.23002,0,0,1000,16,-4.782852
07.08.2026,23:20:08,74625,0.030684,0.07555,-0.06,-0.22,-12.8125,-8,274,0.000072,0,0,33.23003,0,0,1000,16,-5.457893
07.08.2026,23:20:08,74731,0.023524,0.09555,-0.04,-0.24,-12.8125,-8,274,0.000079,0,0,33.23003,0,0,1000,16,-5.764725
07.08.2026,23:20:08,74837,0.024547,0.085516,-0.05,-0.21,-12.8125,-8,274,0.001036,0,0,33.23014,0,0,1000,16,-5.488579
07.08.2026,23:20:08,74943,0.027615,0.095451,-0.03,-0.22,-12.8125,-8,274,0.002039,0,0,33.23034,0,0,1000,16,-5.672676
07.08.2026,23:20:08,75049,0.027615,0.085366,-0.04,-0.26,-12.8125,-8,274,0.002642,0,0,33.2306,0,0,1000,16,-5.826096
07.08.2026,23:20:08,75155,0.023524,0.095278,-0.04,-0.23,-12.8125,-8,274,0.002718,0,0,33.23087,0,0,1000,16,-5.826096
07.08.2026,23:20:08,75261,0.028638,0.085189,-0.05,-0.22,-12.8125,-8,274,0.002769,0,0,33.23115,0,0,1000,16,-5.212425
07.08.2026,23:20:08,75367,0.027615,0.085111,-0.03,-0.24,-12.8125,-8,274,0.002448,0,0,33.2314,0,0,1000,16,-5.856781
07.08.2026,23:20:08,75473,0.027615,0.075058,-0.04,-0.21,-12.8125,-8,274,0.001632,0,0,33.23156,0,0,1000,16,-5.734047
07.08.2026,23:20:08,75579,0.022501,0.085015,-0.04,-0.22,-12.8125,-8,274,0.001347,0,0,33.23169,0,0,1000,16,-5.243111
07.08.2026,23:20:08,75685,0.022501,0.094977,-0.02,-0.21,-12.8125,-8,274,0.001178,0,0,33.23181,0,0,1000,16,-5.887466
07.08.2026,23:20:08,75791,0.028638,0.094916,-0.05,-0.21,-12.8125,-8,274,0.001895,0,0,33.232,0,0,1000,16,-5.243111
07.08.2026,23:20:08,75897,0.027615,0.074858,-0.03,-0.22,-12.8125,-8,274,0.001813,0,0,33.23219,0,0,1000,16,-5.703362
07.08.2026,23:20:08,76003,0.031706,0.084785,-0.04,-0.23,-12.8125,-8,274,0.001929,0,0,33.2326,0,0,1000,16,-5.457893
07.08.2026,23:20:08,76109,0.023524,0.074723,-0.06,-0.22,-12.8125,-8,274,0.001547,0,0,33.23276,0,0,1000,16,-5.887459
07.08.2026,23:20:08,76215,0.027615,0.074673,-0.04,-0.21,-12.8125,-8,274,0.000682,0,0,33.23283,0,0,1000,16,-5.611313
07.08.2026,23:20:08,76321,0.023524,0.074643,-0.03,-0.23,-12.8125,-8,274,0.000273,0,0,33.23286,0,0,1000,16,-6.654549
07.08.2026,23:20:08,76427,0.035797,0.084665,-0.05,-0.21,-12.8125,-8,274,-0.000696,0,0,33.23279,0,0,1000,16,-6.040878
07.08.2026,23:20:08,76533,0.027615,0.074689,-0.05,-0.19,-12.8125,-8,274,-0.000752,0,0,33.23271,0,0,1000,16,-5.457893
07.08.2026,23:20:08,76639,0.026592,0.094718,-0.03,-0.22,-12.8125,-8,274,-0.000885,0,0,33.23262,0,0,1000,16,-6.378395
07.08.2026,23:20:08,76745,0.028638,0.074717,-0.04,-0.22,-12.8125,-8,274,0.000056,0,0,33.23263,0,0,1000,16,-5.212425
07.08.2026,23:20:08,76851,0.024547,0.094734,-0.05,-0.23,-12.8125,-8,274,-0.000524,0,0,33.23257,0,0,1000,16,-5.243111
07.08.2026,23:20:08,76957,0.021478,0.094725,-0.05,-0.25,-12.8125,-8,274,0.000281,0,0,33.2326,0,0,1000,16,-5.549942
07.08.2026,23:20:08,77063,0.022501,0.084682,-0.03,-0.22,-12.8125,-8,274,0.00133,0,0,33.23273,0,0,1000,16,-5.54995
07.08.2026,23:20:08,77169,0.017387,0.104647,-0.06,-0.24,-12.8125,-8,274,0.001105,0,0,33.23285,0,0,1000,16,-5.365845
07.08.2026,23:20:08,77275,0.024547,0.064609,-0.04,-0.22,-12.8125,-8,274,0.001163,0,0,33.23296,0,0,1000,16,-5.39653
07.08.2026,23:20:08,77381,0.027615,0.084609,-0.04,-0.22,-12.8125,-8,274,-0.000014,0,0,33.23296,0,0,1000,16,-5.79541
07.08.2026,23:20:08,77487,0.028638,0.074626,-0.02,-0.23,-12.8125,-8,274,-0.000516,0,0,33.23291,0,0,1000,16,-5.641998
07.08.2026,23:20:08,77593,0.026592,0.094685,-0.05,-0.23,-12.8125,-8,274,-0.001822,0,0,33.23272,0,0,1000,16,-6.5625
07.08.2026,23:20:08,77699,0.031706,0.094757,-0.03,-0.23,-12.8125,-8,274,-0.002254,0,0,33.2325,0,0,1000,16,-6.317032
07.08.2026,23:20:08,77805,0.030684,0.074907,-0.02,-0.23,-12.8125,-8,274,-0.002147,0,0,33.23203,0,0,1000,16,-5.703362
07.08.2026,23:20:08,77911,0.021478,0.084968,-0.04,-0.24,-12.8125,-8,274,-0.001888,0,0,33.23185,0,0,1000,16,-6.040878
07.08.2026,23:20:08,78017,0.024547,0.065052,-0.03,-0.2,-12.8125,-8,274,-0.00261,0,0,33.23159,0,0,1000,16,-6.132935
07.08.2026,23:20:08,78123,0.021478,0.075052,-0.04,-0.22,-12.8125,-8,274,-0.00401,0,0,33.23119,0,0,1000,16,-6.163612
07.08.2026,23:20:08,78229,0.022501,0.065181,-0.04,-0.22,-12.8125,-8,274,-0.003816,0,0,33.2308,0,0,1000,16,-5.887466
07.08.2026,23:20:08,78335,0.02557,0.07544,-0.04,-0.24,-12.8125,-8,274,-0.004236,0,0,33.23038,0,0,1000,16,-5.519257
07.08.2026,23:20:08,78441,0.029661,0.085584,-0.04,-0.23,-12.8125,-8,274,-0.00449,0,0,33.22993,0,0,1000,16,-6.623863
07.08.2026,23:20:08,78547,0.031706,0.085716,-0.04,-0.21,-12.8125,-8,274,-0.004077,0,0,33.22952,0,0,1000,16,-5.365845
07.08.2026,23:20:08,78653,0.023524,0.065826,-0.05,-0.23,-12.8125,-8,274,-0.003432,0,0,33.22918,0,0,1000,16,-6.715919
07.08.2026,23:20:08,78759,0.026592,0.055965,-0.03,-0.24,-12.8125,-8,274,-0.004332,0,0,33.22874,0,0,1000,16,-5.580627
07.08.2026,23:20:08,78865,0.01841,0.096115,-0.02,-0.22,-12.8125,-8,274,-0.004657,0,0,33.22828,0,0,1000,16,-5.39653
07.08.2026,23:20:08,78971,0.020456,0.096253,-0.04,-0.22,-12.8125,-8,274,-0.004304,0,0,33.22785,0,0,1000,16,-5.856781
07.08.2026,23:20:08,79077,0.019433,0.096364,-0.04,-0.22,-12.8125,-8,274,-0.003449,0,0,33.2275,0,0,1000,16,-4.568069
07.08.2026,23:20:08,79183,0.02557,0.086437,-0.04,-0.21,-12.8125,-8,274,-0.002248,0,0,33.22728,0,0,1000,16,-4.690804
07.08.2026,23:20:08,79289,0.02557,0.076494,-0.04,-0.22,-12.8125,-8,274,-0.001798,0,0,33.2271,0,0,1000,16,-5.427216
07.08.2026,23:20:08,79395,0.020456,0.096564,-0.05,-0.21,-12.8125,-8,274,-0.00218,0,0,33.22688,0,0,1000,16,-5.335159
07.08.2026,23:20:08,79501,0.024547,0.066648,-0.04,-0.21,-12.8125,-8,274,-0.002579,0,0,33.22636,0,0,1000,16,-5.120377
07.08.2026,23:20:08,79607,0.029661,0.056731,-0.03,-0.22,-12.8125,-8,274,-0.002558,0,0,33.22611,0,0,1000,16,-5.488579
07.08.2026,23:20:08,79713,0.031706,0.086813,-0.02,-0.21,-12.8125,-8,274,-0.002786,0,0,33.22583,0,0,1000,16,-5.427208
07.08.2026,23:20:08,79819,0.024547,0.087009,-0.03,-0.24,-12.8125,-8,274,-0.003318,0,0,33.2255,0,0,1000,16,-5.734047
07.08.2026,23:20:08,79925,0.020456,0.067099,-0.04,-0.22,-12.8125,-8,274,-0.002805,0,0,33.22522,0,0,1000,16,-6.194298
07.08.2026,23:20:08,80031,0.027615,0.08718,-0.04,-0.24,-12.8125,-8,274,-0.002516,0,0,33.22496,0,0,1000,16,-5.703362
07.08.2026,23:20:08,80137,0.024547,0.077236,-0.03,-0.21,-12.8125,-8,274,-0.001727,0,0,33.22479,0,0,1000,16,-6.010193
07.08.2026,23:20:08,80243,0.029661,0.087269,-0.03,-0.22,-12.8125,-8,274,-0.00103,0,0,33.22469,0,0,1000,16,-5.089691
07.08.2026,23:20:08,80349,0.022501,0.077282,-0.04,-0.21,-12.8125,-8,274,-0.000415,0,0,33.22465,0,0,1000,16,-6.409081
07.08.2026,23:20:08,80455,0.021478,0.077278,-0.04,-0.23,-12.8125,-8,274,0.000123,0,0,33.22466,0,0,1000,16,-5.335159
07.08.2026,23:20:08,80561,0.027615,0.077293,-0.04,-0.21,-12.8125,-8,274,-0.000454,0,0,33.22461,0,0,1000,16,-5.519264
07.08.2026,23:20:08,80667,0.021478,0.067312,-0.05,-0.21,-12.8125,-8,274,-0.000607,0,0,33.22455,0,0,1000,16,-5.826096
07.08.2026,23:20:08,80773,0.027615,0.077322,-0.03,-0.25,-12.8125,-8,274,-0.0003,0,0,33.22452,0,0,1000,16,-5.672676
07.08.2026,23:20:08,80879,0.038866,0.087331,-0.03,-0.22,-12.8125,-8,274,-0.000293,0,0,33.22449,0,0,1000,16,-5.672676
07.08.2026,23:20:08,80985,0.026592,0.067349,-0.04,-0.23,-12.8125,-8,274,-0.000546,0,0,33.22444,0,0,1000,16,-5.79541
07.08.2026,23:20:08,81091,0.024547,0.077349,-0.04,-0.24,-12.8125,-8,274,0.000023,0,0,33.22444,0,0,1000,16,-6.132935
07.08.2026,23:20:08,81197,0.026592,0.087357,-0.05,-0.22,-12.8125,-8,274,-0.000268,0,0,33.22441,0,0,1000,16,-6.040878
07.08.2026,23:20:08,81303,0.031706,0.077346,-0.05,-0.21,-12.8125,-8,274,0.000192,0,0,33.22447,0,0,1000,16,-5.39653
07.08.2026,23:20:08,81409,0.024547,0.07734,-0.02,-0.21,-12.8125,-8,274,-0.000038,0,0,33.22446,0,0,1000,16,-6.071564
07.08.2026,23:20:08,81515,0.031706,0.07734,-0.03,-0.19,-12.8125,-8,274,-0.000758,0,0,33.22439,0,0,1000,16,-5.243111
07.08.2026,23:20:08,81621,0.030684,0.087365,-0.04,-0.22,-12.8125,-8,274,-0.001121,0,0,33.22428,0,0,1000,16,-6.194298
07.08.2026,23:20:08,81727,0.021478,0.097401,-0.03,-0.2,-12.8125,-8,274,-0.000821,0,0,33.22419,0,0,1000,16,-6.470451
07.08.2026,23:20:08,81833,0.023524,0.077426,-0.03,-0.22,-12.8125,-8,274,0.000061,0,0,33.2242,0,0,1000,16,-5.79541
07.08.2026,23:20:08,81939,0.023524,0.107431,-0.05,-0.23,-12.8125,-8,274,-0.000134,0,0,33.22419,0,0,1000,16,-5.488579
07.08.2026,23:20:08,82045,0.026592,0.097407,-0.04,-0.22,-12.8125,-8,274,0.000742,0,0,33.22426,0,0,1000,16,-5.488579
07.08.2026,23:20:08,82151,0.022501,0.077356,-0.05,-0.23,-12.8125,-8,274,0.00159,0,0,33.22442,0,0,1000,16,-6.040878
07.08.2026,23:20:08,82257,0.026592,0.097306,-0.05,-0.23,-12.8125,-8,274,0.001536,0,0,33.22457,0,0,1000,16,-5.059006
07.08.2026,23:20:08,82363,0.024547,0.087267,-0.03,-0.22,-12.8125,-8,274,0.001219,0,0,33.22469,0,0,1000,16,-6.163612
07.08.2026,23:20:08,82469,0.020456,0.07724,-0.04,-0.25,-12.8125,-8,274,0.000849,0,0,33.22478,0,0,1000,16,-5.273788
07.08.2026,23:20:08,82575,0.029661,0.077226,-0.04,-0.22,-12.8125,-8,274,0.000434,0,0,33.22482,0,0,1000,16,-5.856781
07.08.2026,23:20:08,82681,0.029661,0.077215,-0.03,-0.2,-12.8125,-8,274,0.000331,0,0,33.22485,0,0,1000,16,-6.286346
07.08.2026,23:20:08,82787,0.030684,0.087196,-0.03,-0.2,-12.8125,-8,274,0.000587,0,0,33.22491,0,0,1000,16,-6.378403
07.08.2026,23:20:08,82893,0.02557,0.07721,-0.02,-0.22,-12.8125,-8,274,-0.000412,0,0,33.22487,0,0,1000,16,-6.378403
07.08.2026,23:20:08,82999,0.024547,0.067231,-0.02,-0.22,-12.8125,-8,274,-0.000671,0,0,33.2248,0,0,1000,16,-6.470444
07.08.2026,23:20:08,83105,0.027615,0.077271,-0.03,-0.21,-12.8125,-8,274,-0.000775,0,0,33.2246,0,0,1000,16,-5.089691
07.08.2026,23:20:08,83211,0.026592,0.067296,-0.05,-0.21,-12.8125,-8,274,-0.001496,0,0,33.22445,0,0,1000,16,-5.580627
07.08.2026,23:20:08,83317,0.026592,0.097362,-0.05,-0.21,-12.8125,-8,274,-0.000547,0,0,33.2244,0,0,1000,16,-5.764732
07.08.2026,23:20:08,83423,0.02557,0.117339,-0.03,-0.25,-12.8125,-8,274,0.000719,0,0,33.22447,0,0,1000,16,-5.059006
07.08.2026,23:20:08,83529,0.020456,0.11723,-0.04,-0.26,-12.8125,-8,274,0.003388,0,0,33.22481,0,0,1000,16,-6.255661
07.08.2026,23:20:08,83635,0.026592,0.137024,-0.03,-0.24,-12.8125,-8.0625,274,0.006394,0,0,33.22545,0,0,1000,16,-5.611313
07.08.2026,23:20:08,83741,0.023524,0.146719,-0.02,-0.25,-12.8125,-8.1875,274,0.009502,0,0,33.2264,0,0,1000,16,-5.580627
07.08.2026,23:20:08,83847,0.02557,0.086314,-0.02,-0.2,-12.8125,-8.375,274,0.012596,0,0,33.22766,0,0,1000,16,-5.488579
07.08.2026,23:20:08,83953,0.02557,0.035908,-0.02,-0.2,-12.8125,-8.4375,274,0.012605,0,0,33.22892,0,0,1000,16,-6.255661
07.08.2026,23:20:08,84059,0.030684,0.015648,-0.02,-0.18,-12.8125,-8.25,274,0.008097,0,0,33.22972,0,0,1000,16,-5.887459
07.08.2026,23:20:08,84165,0.024547,0.025597,-0.02,-0.25,-12.8125,-7.875,274.0625,0.001594,0,0,33.22989,0,0,1000,16.25,-6.286346
07.08.2026,23:20:08,84271,0.026592,0.095717,-0.02,-0.29,-12.8125,-7.25,274.125,-0.003735,0,0,33.22951,0,0,1000,16.5,-6.010201
07.08.2026,23:20:08,84377,0.023524,0.165901,-0.04,-0.31,-12.8125,-7.1875,274.1875,-0.005746,0,0,33.22894,0,0,1000,16.75,-6.102242
07.08.2026,23:20:08,84483,0.026592,0.155937,-0.03,-0.25,-12.8125,-7.5,274.125,-0.001105,0,0,33.22882,0,0,1000,16.5,-6.470451
07.08.2026,23:20:08,84589,0.026592,0.11573,-0.03,-0.22,-12.8125,-8.125,274,0.006434,0,0,33.22947,0,0,1000,15.84375,-5.764732
07.08.2026,23:20:08,84695,0.02557,0.045425,-0.05,-0.19,-12.75,-8.75,273.9375,0.009484,0,0,33.23042,0,0,1000,15.75,-6.044281
07.08.2026,23:20:08,84801,0.022501,-0.044796,-0.03,-0.16,-12.75,-8.8125,273.875,-0.003906,0,0,33.23072,0,0,1000,15.5,-5.798813
07.08.2026,23:20:08,84907,0.028638,-0.01467,-0.04,-0.25,-12.75,-8,274,-0.014681,0,0,33.22925,0,0,1000,16.15625,-5.890862
07.08.2026,23:20:08,85013,0.022501,0.095802,-0.05,-0.29,-12.75,-7,274.125,-0.016943,0,0,33.22755,0,0,1000,16.65625,-6.320435
07.08.2026,23:20:08,85119,0.037843,0.176347,-0.02,-0.29,-12.75,-6.4375,274.125,-0.010803,0,0,33.22647,0,0,1000,16.5,-5.399925
07.08.2026,23:20:08,85225,0.022501,0.136694,-0.01,-0.22,-12.75,-6.6875,274.0625,-0.001808,0,0,33.2263,0,0,1000,16.25,-6.351112
07.08.2026,23:20:08,85331,0.024547,-0.033252,-0.01,-0.14,-12.75,-8,273.875,0.000123,0,0,33.22631,0,0,1000,15.5,-5.154457
07.08.2026,23:20:08,85437,0.024547,-0.172878,0,-0.12,-12.75,-8.875,273.75,-0.011616,0,0,33.22514,0,0,1000,15,-5.890862
07.08.2026,23:20:08,85543,0.031706,-0.121922,0,-0.2,-12.75,-8.75,273.8125,-0.029722,0,0,33.22217,0,0,1000,15,-5.645393
07.08.2026,23:20:08,85649,0.024547,-0.020495,-0.02,-0.29,-12.75,-7.75,273.9375,-0.044393,0,0,33.21773,0,0,1000,15.90625,-6.074959
07.08.2026,23:20:08,85755,0.02557,0.190964,-0.03,-0.37,-12.8125,-6.625,274.0625,-0.045351,0,0,33.2132,0,0,1000,16.40625,-6.102249
07.08.2026,23:20:08,85861,0.026592,0.251942,-0.02,-0.31,-12.75,-6.25,274.0625,-0.030419,0,0,33.21016,0,0,1000,16.25,-5.246506
07.08.2026,23:20:08,85967,0.031706,0.092333,-0.02,-0.19,-12.75,-7.25,273.875,-0.012167,0,0,33.20894,0,0,1000,15.1875,-5.491974
07.08.2026,23:20:08,86073,0.02557,-0.187459,-0.01,-0.09,-12.75,-8.5,273.75,-0.00646,0,0,33.20829,0,0,1000,14.84375,-5.399925
07.08.2026,23:20:08,86179,0.030684,-0.306779,-0.01,-0.16,-12.75,-9.125,273.75,-0.021142,0,0,33.20618,0,0,1000,15,-5.522659
07.08.2026,23:20:08,86285,0.030684,-0.095319,-0.02,-0.29,-12.75,-7.9375,273.9375,-0.045418,0,0,33.20164,0,0,1000,15.5,-6.044281
07.08.2026,23:20:08,86391,0.024547,0.136702,-0.03,-0.31,-12.75,-6.4375,274.0625,-0.062849,0,0,33.19535,0,0,1000,16.25,-5.737442
07.08.2026,23:20:08,86497,0.027615,0.238609,-0.03,-0.26,-12.8125,-5.625,274.0625,-0.059309,0,0,33.18942,0,0,1000,16.25,-4.721489
07.08.2026,23:20:08,86603,0.032729,0.089815,-0.02,-0.21,-12.9375,-6.1875,274,-0.02341,0,0,33.18333,0,0,1000,16,-5.174942
07.08.2026,23:20:08,86709,0.030684,-0.169432,-0.02,-0.18,-13,-7.375,273.9375,-0.029904,0,0,33.18034,0,0,1000,15.75,-5.570435
07.08.2026,23:20:08,86815,0.028638,-0.126912,-0.04,-0.27,-12.875,-8.0625,273.9375,-0.048474,0,0,33.17549,0,0,1000,15.75,-5.822693
07.08.2026,23:20:08,86921,0.029661,-0.005015,-0.04,-0.29,-12.8125,-7.625,273.9375,-0.058993,0,0,33.16959,0,0,1000,15.75,-5.79541
07.08.2026,23:20:08,87027,0.01841,0.136811,-0.03,-0.31,-12.875,-7.0625,274,-0.056768,0,0,33.16391,0,0,1000,16.15625,-6.715919
07.08.2026,23:20:08,87133,0.031706,0.188166,-0.02,-0.29,-12.875,-6.9375,274,-0.042133,0,0,33.1597,0,0,1000,16,-4.902191
07.08.2026,23:20:08,87239,0.027615,0.069055,-0.03,-0.24,-12.875,-7.375,274,-0.02764,0,0,33.15694,0,0,1000,16,-5.699966
07.08.2026,23:20:08,87345,0.026592,-0.070132,-0.04,-0.19,-12.8125,-8.25,273.875,-0.025308,0,0,33.15441,0,0,1000,15.5,-5.522095
07.08.2026,23:20:08,87451,0.023524,-0.119074,-0.04,-0.15,-12.8125,-8.25,273.8125,-0.032895,0,0,33.15112,0,0,1000,15.25,-5.39653
07.08.2026,23:20:08,87557,0.021478,-0.137647,-0.01,-0.1,-12.8125,-7.6875,273.75,-0.04438,0,0,33.14668,0,0,1000,14.84375,-5.672676
07.08.2026,23:20:08,87663,0.02557,-0.095894,-0.04,-0.21,-12.9375,-6.75,273.75,-0.054492,0,0,33.14124,0,0,1000,15,-4.742538
07.08.2026,23:20:08,87769,0.028638,-0.033896,-0.07,-0.42,-13.1875,-5.75,273.875,-0.062132,0,0,33.13502,0,0,1000,15.25,-4.765862
07.08.2026,23:20:08,87875,0.021478,0.118249,-0.08,-0.48,-13.25,-5.4375,274,-0.066701,0,0,33.12835,0,0,1000,16,-4.452232
07.08.2026,23:20:08,87981,0.022501,0.240083,-0.09,-0.38,-13.125,-6.125,274.0625,-0.057063,0,0,33.12264,0,0,1000,16.25,-4.701096
07.08.2026,23:20:08,88087,0.019433,0.141243,-0.05,-0.19,-13.0625,-7.75,273.875,-0.036052,0,0,33.11904,0,0,1000,15.34375,-5.631233
07.08.2026,23:20:08,88193,0.029661,-0.018177,-0.03,-0.13,-13.0625,-9.5,273.625,-0.018054,0,0,33.11723,0,0,1000,14.34375,-4.309006
07.08.2026,23:20:08,88299,0.023524,-0.147602,-0.04,-0.1,-12.8125,-10.4375,273.5625,-0.017878,0,0,33.11544,0,0,1000,14.25,-5.73008
07.08.2026,23:20:08,88405,0.028638,-0.146766,0,-0.1,-12.625,-9.375,273.5625,-0.0405,0,0,33.1088,0,0,1000,14.25,-6.48008
07.08.2026,23:20:08,88511,0.029661,-0.075464,-0.01,-0.25,-12.625,-7.0625,273.5625,-0.050927,0,0,33.1037,0,0,1000,14.25,-5.314667
07.08.2026,23:20:08,88617,0.026592,0.126174,-0.09,-0.43,-12.8125,-4.6875,273.4375,-0.05015,0,0,33.09869,0,0,1000,13.75,-5.363014
07.08.2026,23:20:08,88723,0.022501,0.197787,-0.08,-0.43,-13.125,-3.8125,273.5,-0.033678,0,0,33.09532,0,0,1000,14,-4.548248
07.08.2026,23:20:08,88829,0.029661,0.149406,-0.06,-0.24,-13.3125,-5.375,273.625,-0.016679,0,0,33.09365,0,0,1000,14.5,-4.016426
07.08.2026,23:20:08,88935,0.030684,-0.060403,-0.05,0,-13.125,-8.0625,273.5,-0.005938,0,0,33.09306,0,0,1000,14.25,-4.63633
07.08.2026,23:20:08,89041,0.03682,-0.080043,0,-0.22,-12.5,-11.0625,273.0625,-0.011177,0,0,33.09194,0,0,1000,11.78125,-5.672676
07.08.2026,23:20:08,89147,0.022501,0.020528,0.2,-0.07,-11.5625,-13.25,272.9375,-0.017777,0,0,33.09016,0,0,1000,11.90625,-9.654549
07.08.2026,23:20:08,89253,0.031706,0.361058,0.16,-0.31,-10.75,-13,274.25,-0.016462,0,0,33.08851,0,0,1000,18.40625,-12.35961
07.08.2026,23:20:08,89359,0.028638,0.460989,0.17,-0.42,-10.375,-8.3125,277.375,0.002121,0,0,33.08873,0,0,1000,28.375,-13.08006
07.08.2026,23:20:08,89465,0.026592,0.399856,0.38,-0.42,-10.6875,-6,279.4375,0.035229,0,0,33.09225,0,0,1000,39.15625,-12.18061
07.08.2026,23:20:08,89571,0.029661,0.287947,0.07,-0.62,-11.75,-4.375,281.6875,0.059373,0,0,33.09819,0,0,1000,49.25,-7.88916
07.08.2026,23:20:08,89677,0.033752,0.185579,-0.17,-0.47,-13.4375,-2.5625,284.75,0.073647,0,0,33.10555,0,0,1000,50,-1.339691
07.08.2026,23:20:08,89783,0.040911,0.353098,-0.35,-0.16,-15,-0.9375,288.6875,0.077141,0,0,33.11327,0,0,1000,50,2.031914
07.08.2026,23:20:08,89889,0.039889,0.140063,-0.12,-0.08,-15,-2.125,290.4375,0.094399,0,0,33.12271,0,0,1000,50,0.426735
07.08.2026,23:20:08,89995,0.050116,-0.113123,-0.06,-0.2,-14.5,-5.75,292.5,0.099071,0,0,33.13261,0,0,1000,50,0.424561
07.08.2026,23:20:08,90101,0.051139,-0.07587,-0.29,-0.27,-14.0625,-9.5625,294.625,0.059181,0,0,33.14707,0,0,1000,50,-1.005005
07.08.2026,23:20:08,90207,0.058299,-0.067773,-0.2,-0.37,-14.1875,-11,296.8125,0.03945,0,0,33.15102,0,0,1000,50,-0.381706
07.08.2026,23:20:08,90313,0.06239,0.290085,-0.25,-0.21,-15.4375,-8.3125,299.8125,0.027164,0,0,33.15373,0,0,1000,50,1.108006
07.08.2026,23:20:08,90419,0.063413,0.408703,-0.23,-0.35,-16.5,-4.9375,302.4375,0.042966,0,0,33.15803,0,0,1000,50,5.093277
07.08.2026,23:20:08,90525,0.075686,0.246561,-0.22,-0.21,-17.1875,-3.125,305.25,0.066605,0,0,33.16469,0,0,1000,50,8.175133
07.08.2026,23:20:08,90631,0.091028,-0.075699,-0.2,-0.18,-17.5,-3.5,307.8125,0.070281,0,0,33.17171,0,0,1000,50,10.60187
07.08.2026,23:20:08,90737,0.095119,0.112483,-0.3,-0.02,-17.3125,-4.375,310.6875,0.056532,0,0,33.17737,0,0,1000,50,9.263786
07.08.2026,23:20:08,90843,0.09921,-0.029012,-0.17,-0.05,-16.375,-6.25,314.4375,0.046495,0,0,33.18202,0,0,1000,50,6.800133
07.08.2026,23:20:08,90949,0.103301,-0.109951,-0.14,0,-15.375,-7.6875,317.0625,0.029204,0,0,33.18494,0,0,1000,50,4.837708
07.08.2026,23:20:08,91055,0.108415,0.119634,0.07,-0.1,-14.625,-6.5625,319.9375,0.012919,0,0,33.18623,0,0,1000,50,3.070145
07.08.2026,23:20:08,91161,0.101256,0.239153,-0.7,-0.31,-14.625,-2.6875,323.1875,0.014947,0,0,33.18773,0,0,1000,50,2.55986
07.08.2026,23:20:08,91267,0.102278,0.648175,-0.86,-0.47,-15.1875,2.6875,327.875,0.030402,0,0,33.19077,0,0,1000,50,4.150772
07.08.2026,23:20:08,91373,0.100233,0.356027,-0.87,-0.36,-14.875,3.875,331.1875,0.066802,0,0,33.19745,0,0,1000,50,3.361504
07.08.2026,23:20:08,91479,0.10637,0.053064,-0.57,-0.21,-14.375,3.5625,333.75,0.092149,0,0,33.20667,0,0,1000,50,1.445618
07.08.2026,23:20:08,91585,0.096142,-0.079643,-0.43,-0.21,-14.25,2.75,336,0.084175,0,0,33.21508,0,0,1000,50,0.112633
07.08.2026,23:20:08,91691,0.084891,-0.001878,-0.11,-0.2,-14.5625,1.9375,337.6875,0.069511,0,0,33.22203,0,0,1000,50,0.841011
07.08.2026,23:20:08,91797,0.085914,0.216494,-0.09,-0.39,-15.375,1.1875,339.4375,0.050639,0,0,33.2271,0,0,1000,50,4.378586
07.08.2026,23:20:08,91903,0.079777,0.104894,-0.09,-0.22,-16.1875,-0.4375,340.625,0.049749,0,0,33.23705,0,0,1000,50,4.929665
07.08.2026,23:20:08,92009,0.068527,0.163294,-0.09,-0.38,-16.9375,-2,341.5625,0.046415,0,0,33.24169,0,0,1000,50,8.588177
07.08.2026,23:20:08,92115,0.074663,-0.088199,-0.04,-0.3,-17.5,-4.5625,342.0625,0.040807,0,0,33.24577,0,0,1000,50,10.39275
07.08.2026,23:20:08,92221,0.077732,-0.189511,0.08,-0.2,-17.75,-7.75,342.3125,0.017644,0,0,33.24754,0,0,1000,50,10.76605
07.08.2026,23:20:08,92327,0.066481,-0.19964,0.13,-0.13,-17.8125,-8.6875,342.8125,-0.013644,0,0,33.24617,0,0,1000,50,10.83081
07.08.2026,23:20:08,92433,0.053185,0.10156,0.07,-0.36,-17.8125,-5.75,343.5625,-0.03729,0,0,33.24244,0,0,1000,50,9.787575
07.08.2026,23:20:08,92539,0.056253,0.052659,0.03,-0.38,-18,-2.625,344.5,-0.034177,0,0,33.23902,0,0,1000,50,9.852341
07.08.2026,23:20:08,92645,0.049094,0.313516,0.1,-0.37,-18.5625,-0.875,345.375,-0.026651,0,0,33.23635,0,0,1000,50,12.35574
07.08.2026,23:20:08,92751,0.040911,-0.02618,0.01,-0.22,-19.5625,-2,346.3125,-0.009469,0,0,33.23541,0,0,1000,50,14.96261
07.08.2026,23:20:08,92857,0.026592,-0.145703,-0.07,-0.25,-20,-3.8125,346.625,-0.014826,0,0,33.23392,0,0,1000,50,15.11594
07.08.2026,23:20:08,92963,0.020456,-0.114672,-0.06,-0.27,-19.9375,-5.375,346.5625,-0.032053,0,0,33.23072,0,0,1000,50,15.52162
07.08.2026,23:20:08,93069,0.011251,-0.083181,-0.13,-0.33,-19.0625,-6.1875,346.1875,-0.046373,0,0,33.22608,0,0,1000,50,13.03635
07.08.2026,23:20:08,93175,0.012273,0.128731,0,-0.37,-17.5,-6.3125,345.6875,-0.059474,0,0,33.22013,0,0,1000,50,6.554001
07.08.2026,23:20:08,93281,0.013296,0.000348,0.03,-0.19,-14.875,-7.9375,345,-0.050259,0,0,33.21511,0,0,1000,50,0.73867
07.08.2026,23:20:08,93387,0.012273,0.041598,-0.11,-0.16,-12.5625,-7.875,344.625,-0.038891,0,0,33.21122,0,0,1000,50,-6.946564
07.08.2026,23:20:08,93493,0.003068,0.152915,-0.2,-0.68,-10.8125,-5.8125,344.625,-0.04096,0,0,33.20712,0,0,1000,50,-13.7568
07.08.2026,23:20:08,93599,0.010228,0.084006,-0.2,-0.89,-10.25,-3.1875,345.125,-0.033906,0,0,33.20373,0,0,1000,50,-14.59035
07.08.2026,23:20:08,93705,0.011251,0.094828,-0.1,-0.52,-10.75,-1.125,345.625,-0.017608,0,0,33.19941,0,0,1000,50,-11.72612
07.08.2026,23:20:08,93811,0.015342,0.095767,-0.03,-0.3,-12.3125,0,345.8125,-0.011622,0,0,33.19825,0,0,1000,50,-8.727249
07.08.2026,23:20:08,93917,0.012273,0.016064,-0.01,-0.28,-13.4375,-0.1875,345.5625,-0.009214,0,0,33.19733,0,0,1000,50,-5.471581
07.08.2026,23:20:08,94023,0.021478,-0.023499,-0.07,-0.26,-14.125,-1.125,345,-0.0136,0,0,33.19596,0,0,1000,50,-1.803345
07.08.2026,23:20:08,94129,0.026592,-0.01286,-0.17,-0.23,-14.3125,-1.6875,344.4375,-0.019875,0,0,33.19398,0,0,1000,50,-1.602249
07.08.2026,23:20:08,94235,0.020456,-0.022127,-0.22,-0.07,-14,-1.75,343.9375,-0.022794,0,0,33.1917,0,0,1000,50,-2.947128
07.08.2026,23:20:08,94341,0.034775,-0.041232,-0.11,-0.16,-13.1875,-1.5,343.5,-0.027826,0,0,33.18892,0,0,1000,50,-3.410118
07.08.2026,23:20:08,94447,0.037843,-0.010176,0,-0.21,-12.6875,-1.8125,343.3125,-0.032841,0,0,33.18563,0,0,1000,50,-6.574959
07.08.2026,23:20:08,94553,0.048071,0.14097,-0.02,-0.39,-12.25,-2.125,343.3125,-0.035635,0,0,33.18207,0,0,1000,50,-7.731209
07.08.2026,23:20:08,94659,0.053185,0.101866,0,-0.34,-12.0625,-4.25,343.1875,-0.027849,0,0,33.17928,0,0,1000,50,-7.462425
07.08.2026,23:20:08,94765,0.045003,-0.167484,0,-0.25,-12.1875,-7.9375,342.9375,-0.02023,0,0,33.17726,0,0,1000,50,-6.777756
07.08.2026,23:20:08,94871,0.049094,-0.406375,-0.02,-0.24,-12.4375,-11.625,342.875,-0.034472,0,0,33.17381,0,0,1000,50,-6.218094
07.08.2026,23:20:08,94977,0.054208,-0.374173,-0.04,-0.04,-12.6875,-11.5625,343.0625,-0.068487,0,0,33.16697,0,0,1000,50,-5.655594
07.08.2026,23:20:08,95083,0.056253,-0.26102,-0.05,0,-12.875,-8.875,343.4375,-0.09804,0,0,33.15716,0,0,1000,50,-4.414658
07.08.2026,23:20:08,95189,0.049094,0.08282,-0.05,-0.08,-12.875,-5.4375,343.6875,-0.119436,0,0,33.14522,0,0,1000,50,-4.591957
07.08.2026,23:20:08,95295,0.052162,0.276368,-0.02,-0.13,-12.4375,-2.3125,343.75,-0.110328,0,0,33.13419,0,0,1000,50,-5.780586
07.08.2026,23:20:08,95401,0.041934,0.149094,-0.02,-0.32,-11.8125,-2.9375,343.75,-0.057114,0,0,33.12,0,0,1000,50,-8.447693
07.08.2026,23:20:08,95507,0.033752,0.130931,-0.01,-0.51,-11.25,-6,343.875,-0.041035,0,0,33.11589,0,0,1000,50,-9.709023
07.08.2026,23:20:08,95613,0.032729,-0.23775,-0.06,-0.56,-11,-10,344.3125,-0.041595,0,0,33.11174,0,0,1000,50,-10.71129
07.08.2026,23:20:08,95719,0.030684,-0.286412,-0.05,-0.16,-11.5625,-12.5,345.125,-0.061896,0,0,33.10555,0,0,1000,50,-7.812973
07.08.2026,23:20:08,95825,0.024547,-0.201786,-0.12,-0.13,-13.375,-11.5,346.375,-0.081961,0,0,33.09735,0,0,1000,50,-5.288048
07.08.2026,23:20:08,95931,0.022501,0.05108,-0.18,-0.27,-14.625,-8,346.9375,-0.089135,0,0,33.08843,0,0,1000,50,0.58242
07.08.2026,23:20:08,96037,0.021478,0.303453,-0.2,-0.4,-15.25,-4.4375,346.8125,-0.0738,0,0,33.08105,0,0,1000,50,1.645489
07.08.2026,23:20:08,96143,0.020456,0.454747,-0.15,-0.42,-15.1875,-2.3125,346.0625,-0.040228,0,0,33.07703,0,0,1000,50,0.925034
07.08.2026,23:20:08,96249,0.019433,0.314831,-0.14,-0.47,-14.4375,-3.0625,345.1875,-0.002619,0,0,33.07676,0,0,1000,50,-0.797676
07.08.2026,23:20:08,96355,0.020456,-0.055705,-0.09,-0.32,-13.1875,-7.9375,344.4375,0.016687,0,0,33.07843,0,0,1000,50,-3.460159
07.08.2026,23:20:08,96461,0.031706,-0.306074,-0.03,-0.12,-12.5625,-11.5,344.375,0.011467,0,0,33.07958,0,0,1000,50,-6.231781
07.08.2026,23:20:08,96567,0.02557,-0.415521,0,0.03,-12.375,-12.6875,344.625,-0.017205,0,0,33.07786,0,0,1000,50,-7.509628
07.08.2026,23:20:08,96673,0.030684,-0.173805,0,-0.01,-12.4375,-11.0625,344.875,-0.053357,0,0,33.07252,0,0,1000,50,-6.582893
07.08.2026,23:20:08,96779,0.027615,0.198452,0,-0.22,-12.625,-5.5625,345.125,-0.070206,0,0,33.0655,0,0,1000,50,-6.876694
07.08.2026,23:20:08,96885,0.020456,0.320419,-0.03,-0.46,-12.625,-2.875,344.9375,-0.061149,0,0,33.05939,0,0,1000,50,-6.879532
07.08.2026,23:20:08,96991,0.017387,0.20142,-0.05,-0.44,-12.5625,-2.25,344.5625,-0.031118,0,0,33.05627,0,0,1000,50,-6.054474
07.08.2026,23:20:08,97097,0.027615,-0.458425,-0.16,-0.18,-12.4375,-3.625,344,-0.004832,0,0,33.05579,0,0,1000,50,-7.628967
07.08.2026,23:20:08,97203,0.020456,-0.007326,0.28,-0.63,-12.0625,-4.6875,342.8125,-0.048596,0,0,33.04751,0,0,1000,50,-8.848846
07.08.2026,23:20:08,97309,0.02557,-0.183878,0.11,-0.32,-11.5625,-9.5,339.875,-0.058624,0,0,33.04165,0,0,1000,50,-9.516426
07.08.2026,23:20:08,97415,0.02557,-0.221571,-0.13,-0.12,-11.3125,-12.625,337.125,-0.071745,0,0,33.03447,0,0,1000,50,-9.67495
07.08.2026,23:20:08,97521,0.027615,-0.218805,-0.2,-0.02,-11.1875,-13.0625,334.8125,-0.086007,0,0,33.02587,0,0,1000,50,-10.69769
07.08.2026,23:20:08,97627,0.019433,-0.105753,-0.36,-0.17,-11.0625,-10.5,332.5625,-0.094909,0,0,33.01638,0,0,1000,50,-11.16815
07.08.2026,23:20:08,97733,0.022501,0.426811,-0.31,-0.21,-11.125,-6.8125,330.5,-0.079739,0,0,33.00841,0,0,1000,50,-10.55108
07.08.2026,23:20:08,97839,0.021478,-0.032102,-0.26,-0.06,-11.3125,-5.8125,326.875,-0.033818,0,0,33.00502,0,0,1000,50,-10.75906
07.08.2026,23:20:08,97945,0.023524,-0.41122,-0.26,-0.04,-11.375,-7.25,323.3125,-0.02741,0,0,33.00228,0,0,1000,50,-10.41475
07.08.2026,23:20:08,98051,0.011251,0.210635,-0.02,-0.39,-11.375,-6.875,319.375,-0.057688,0,0,32.99651,0,0,1000,50,-10.19713
07.08.2026,23:20:08,98157,0.01841,0.421673,0.45,-0.88,-11.75,-5.4375,316,-0.032278,0,0,32.99329,0,0,1000,50,-8.391426
07.08.2026,23:20:08,98263,0.012273,0.151462,0.17,-0.25,-12.625,-4.875,311.6875,0.006559,0,0,32.99394,0,0,1000,50,-7.0625
07.08.2026,23:20:08,98369,0.029661,0.111228,0.31,-0.18,-12.625,-5.9375,309.625,0.007284,0,0,32.99467,0,0,1000,50,-6.204498
07.08.2026,23:20:08,98475,0.023524,-0.309519,0.37,-0.09,-12.375,-8.125,307.8125,0.023215,0,0,32.99699,0,0,1000,50,-7.349976
07.08.2026,23:20:08,98581,0.019433,-0.239637,-0.08,0.17,-12.25,-8.9375,306.1875,0.00369,0,0,32.99736,0,0,1000,50,-6.991974
07.08.2026,23:20:08,98687,0.01841,-0.208552,-0.46,0.13,-12.0625,-9,304.6875,-0.033759,0,0,32.99399,0,0,1000,50,-8.04541
07.08.2026,23:20:08,98793,0.009205,-0.06735,-0.41,0.47,-11.625,-6.375,302.9375,-0.037391,0,0,32.99025,0,0,1000,50,-10.1216
07.08.2026,23:20:08,98899,0,0.555002,-0.61,-0.36,-11.75,-3.625,301.6875,-0.073121,0,0,32.98294,0,0,1000,50,-10.40115
07.08.2026,23:20:08,99005,0,-0.283959,-0.6,-0.69,-12.5625,-5.125,300.1875,-0.012768,0,0,32.97843,0,0,1000,50,-8.625
07.08.2026,23:20:08,99111,0,-0.333548,-0.02,-0.62,-14.1875,-5.4375,297.75,-0.038165,0,0,32.97461,0,0,1000,50,-1.1875
07.08.2026,23:20:08,99217,0,-0.322321,0.33,-0.82,-15.1875,-4.6875,294.75,-0.071602,0,0,32.96745,0,0,1000,50,1.03125
07.08.2026,23:20:08,99323,0,-0.724697,0.93,0.05,-14.6875,-3.0625,291,-0.165466,0,0,32.9509,0,0,1000,50,-0.625
07.08.2026,23:20:08,99429,0,0.11155,0.66,-0.52,-13.125,-0.75,288.125,-0.19428,0,0,32.93148,0,0,1000,50,-6.03125
07.08.2026,23:20:08,99535,0,0.21715,-0.14,-1.08,-12.9375,0.125,286.5,-0.174132,0,0,32.91406,0,0,1000,50,-5.71875
07.08.2026,23:20:08,99641,0,0.721752,-0.25,-0.71,-13.9375,0.5625,285.5,-0.143122,0,0,32.89975,0,0,1000,50,-2.25
07.08.2026,23:20:08,99747,0,-0.906111,0.27,0.27,-14.75,-3.4375,285.125,-0.066468,0,0,32.8931,0,0,1000,50,-0.4375
07.08.2026,23:20:08,99853,0,-0.373058,-0.08,-0.22,-15.4375,-5.5625,284.375,-0.094941,0,0,32.88361,0,0,1000,50,0.1875
07.08.2026,23:20:08,99959,0,-0.238993,0.07,-0.17,-16.1875,-7.8125,282.25,-0.126387,0,0,32.87097,0,0,1000,50,3.1875
07.08.2026,23:20:08,100065,0,-0.35544,-0.11,0.3,-15.8125,-10.4375,281.0625,-0.110485,0,0,32.85992,0,0,1000,43.625,2.8125
07.08.2026,23:20:08,100171,0,0.258232,-0.32,0.66,-16.4375,-12.125,280.75,-0.114212,0,0,32.8485,0,0,1000,43,5.5625
07.08.2026,23:20:08,100277,0,0.22124,0.33,0.4,-19.75,-17.3125,281.875,-0.09352,0,0,32.83915,0,0,1000,47.09375,14.46875
07.08.2026,23:20:08,100383,0,-0.536978,-0.15,1.43,-21,-21.6875,282.5625,-0.055433,0,0,32.83361,0,0,1000,50,18.34375
07.08.2026,23:20:08,100489,0,-0.005519,0.3,0.97,-20.5,-23.3125,281.875,-0.045361,0,0,32.82907,0,0,1000,46.71875,15.5625
07.08.2026,23:20:08,100595,0,-1.17339,0.38,1.43,-17.8125,-24,280.125,-0.06622,0,0,32.82245,0,0,1000,38.9375,6.09375
07.08.2026,23:20:08,100701,0,-0.230034,0.4,1.07,-15.0625,-21.625,277.9375,-0.176911,0,0,32.79432,0,0,1000,30.1875,-1.375
07.08.2026,23:20:08,100807,0,-0.517094,0.69,1.44,-13.9375,-19.0625,275.6875,-0.225503,0,0,32.77177,0,0,1000,24.5,-2.8125
07.08.2026,23:20:08,100913,0,1.129478,0.36,-0.28,-13.1875,-16.5,274.4375,-0.204375,0,0,32.75134,0,0,1000,19.5,-4.5
07.08.2026,23:20:08,101019,0,1.529726,-0.87,-3.57,-10.875,-19.1875,272.625,-0.007709,0,0,32.75056,0,0,1000,14,-9.1875
07.08.2026,23:20:08,101125,0,-0.460274,-0.66,-2.58,-10.5625,-26.0625,270.625,0.07141,0,0,32.75771,0,0,1000,2.5,-12.375
07.08.2026,23:20:08,101231,0,0.63743,-0.29,-2.04,-12.875,-24,268.9375,0.028402,0,0,32.76055,0,0,1000,-4.25,-6.375
07.08.2026,23:20:08,101337,0,-0.56779,-0.27,-0.92,-15.1875,-25.3125,263.6875,0.133907,0,0,32.77394,0,0,1000,-19,-0.375
07.08.2026,23:20:08,101443,0,-1.710705,0.42,0.89,-16,-26.625,258.3125,0.09066,0,0,32.783,0,0,1000,-50,2.625
07.08.2026,23:20:08,101549,0,0.79046,0.52,-0.47,-15.5,-22.75,254.1875,-0.036225,0,0,32.77938,0,0,1000,-50,2.4375
07.08.2026,23:20:08,101655,0,-0.919415,-0.17,-1.35,-14.4375,-26.3125,250.0625,-0.003905,0,0,32.77899,0,0,1000,-50,-2.46875
07.08.2026,23:20:08,101761,0,0.50306,-0.06,-3.46,-14.9375,-29.8125,245.75,-0.076951,0,0,32.7713,0,0,1000,-50,0.75
07.08.2026,23:20:08,101867,0,-0.975502,0.65,-1.48,-15.125,-33.875,239.5625,-0.044722,0,0,32.76683,0,0,1000,-50,1.84375
07.08.2026,23:20:08,101973,0,-0.451921,0.95,-0.59,-13.4375,-32,234.625,-0.111355,0,0,32.75569,0,0,1000,-50,-6.71875
07.08.2026,23:20:08,102079,0,0.122648,1.01,0.87,-9.4375,-27,228.8125,-0.142104,0,0,32.74148,0,0,1000,-50,-19.8125
07.08.2026,23:20:08,102185,0,-1.383683,-0.45,0.35,-6.9375,-27.4375,222.9375,-0.114096,0,0,32.73007,0,0,1000,-50,-25.125
07.08.2026,23:20:08,102291,0,-0.548275,-1.5,-0.78,-10,-30.9375,216.1875,-0.168161,0,0,32.71326,0,0,1000,-50,-18.5625
07.08.2026,23:20:08,102397,0,-0.311266,-1.91,-0.62,-12.9375,-34.125,211.5625,-0.217957,0,0,32.69146,0,0,1000,-50,-6
07.08.2026,23:20:08,102503,0,0.006044,-1.51,-1.32,-14.875,-35.125,205.9375,-0.219483,0,0,32.64678,0,0,1000,-50,-2.25
07.08.2026,23:20:08,102609,0,-0.816898,-1.31,-1.15,-15.6875,-35.625,200.375,-0.219697,0,0,32.62481,0,0,1000,-50,2.6875
07.08.2026,23:20:08,102715,0,-1.409834,-0.57,-1.05,-15.6875,-35.8125,193.875,-0.263301,0,0,32.59848,0,0,1000,-50,2.6875
07.08.2026,23:20:08,102821,0,-1.680174,0,0.28,-16.5,-32.875,186.1875,-0.34805,0,0,32.56367,0,0,1000,-50,4.1875
07.08.2026,23:20:08,102927,0,0.894105,0.08,0.66,-17.375,-26.6875,182.3125,-0.444065,0,0,32.51927,0,0,1000,-50,7.75
07.08.2026,23:20:08,103033,0,-0.30625,-0.45,0.56,-18.5,-27.9375,180.125,-0.299928,0,0,32.48928,0,0,1000,-50,11.28125
07.08.2026,23:20:08,103139,0,-0.347641,-1.17,-1.62,-18.375,-29.625,178.3125,-0.267716,0,0,32.46251,0,0,1000,-50,9.65625
07.08.2026,23:20:08,103245,0,-0.299743,-0.86,-1.85,-17.8125,-27.8125,176.8125,-0.245619,0,0,32.43794,0,0,1000,-50,7.8125
07.08.2026,23:20:08,103351,0,-0.683279,-0.45,0.78,-16.25,-27.25,177.125,-0.201003,0,0,32.41784,0,0,1000,-50,5.8125
07.08.2026,23:20:08,103457,0,-1.367172,-0.2,2.42,-13.6875,-27.625,179.0625,-0.189901,0,0,32.39885,0,0,1000,-50,-1.125
07.08.2026,23:20:08,103563,0,0.519718,-0.93,0.81,-11.0625,-25.9375,183.1875,-0.214279,0,0,32.37743,0,0,1000,-50,-10.125
07.08.2026,23:20:08,103669,0,0.823997,-0.28,-1.86,-10.9375,-26.9375,187.9375,-0.133063,0,0,32.36412,0,0,1000,-50,-12.75
07.08.2026,23:20:08,103775,0,-0.54501,-0.16,-1.62,-12.75,-31,194.25,-0.030858,0,0,32.36103,0,0,1000,-50,-6.78125
07.08.2026,23:20:08,103881,0,-0.993994,-0.48,1.03,-14.1875,-30.0625,198.8125,-0.031612,0,0,32.35787,0,0,1000,-50,-4.3125
07.08.2026,23:20:08,103987,0,1.6087,0.18,2.43,-15.75,-22.5,202.9375,-0.083774,0,0,32.34949,0,0,1000,-50,1.3125
07.08.2026,23:20:08,104093,0,-0.248507,-0.22,0.38,-14.6875,-23.375,205.8125,-0.08686,0,0,32.34081,0,0,1000,-50,-2.34375
07.08.2026,23:20:08,104199,0,0.008376,-0.05,-1.66,-13.25,-27.125,207.3125,0.096926,0,0,32.3505,0,0,1000,-50,-6.5
07.08.2026,23:20:08,104305,0,0.673966,0.71,-0.74,-11.75,-24.375,209.8125,0.09363,0,0,32.36422,0,0,1000,-50,-10
07.08.2026,23:20:08,104411,0,0.628819,0.7,1.08,-11.375,-22.5625,212.3125,0.160064,0,0,32.38022,0,0,1000,-50,-10.3125
07.08.2026,23:20:08,104517,0,0.632696,0.27,1.1,-11.0625,-22.9375,215.1875,0.190416,0,0,32.39927,0,0,1000,-50,-12
07.08.2026,23:20:08,104623,0,0.072696,-0.95,0.2,-11.25,-23,217.5,0.209885,0,0,32.42025,0,0,1000,-50,-11.40625
07.08.2026,23:20:08,104729,0,0.225946,-1.16,-1.44,-11.75,-21.6875,218.25,0.230391,0,0,32.44329,0,0,1000,-50,-9.75
07.08.2026,23:20:08,104835,0,0.171601,-0.38,-1.57,-14.4375,-19.5625,215.75,0.215705,0,0,32.46487,0,0,1000,-50,-4.125
07.08.2026,23:20:08,104941,0,-0.015165,0.47,0.49,-15.625,-18.25,211.9375,0.210423,0,0,32.48591,0,0,1000,-50,1.125
07.08.2026,23:20:08,105047,0,1.488885,0.93,1.73,-15.125,-14.25,206.875,0.185025,0,0,32.50441,0,0,1000,-50,-0.71875
07.08.2026,23:20:08,105153,0,1.819443,0.01,-0.28,-13.4375,-11.125,201.5625,0.29361,0,0,32.53377,0,0,1000,-50,-5.625
07.08.2026,23:20:08,105259,0,-0.683832,-0.07,-1.41,-12.9375,-17.3125,196.3125,0.41284,0,0,32.57505,0,0,1000,-50,-6.5
07.08.2026,23:20:08,105365,0,-1.084044,0.14,-0.89,-13.125,-19.375,192.1875,0.31757,0,0,32.60681,0,0,1000,-50,-5.5
07.08.2026,23:20:08,105471,0,1.560416,0.19,0.98,-12.8125,-14.4375,191.375,0.172278,0,0,32.62404,0,0,1000,-50,-7.5
07.08.2026,23:20:08,105577,0,1.292573,-0.33,0.31,-11.375,-13.5,190.9375,0.243885,0,0,32.64843,0,0,1000,-50,-12.4375
07.08.2026,23:20:08,105683,0,0.152981,-0.84,-1.1,-10.5,-15.8125,190,0.298276,0,0,32.67825,0,0,1000,-50,-13.8125
07.08.2026,23:20:08,105789,0,-1.426586,-0.7,-1.46,-11.75,-19.6875,187.5,0.297514,0,0,32.708,0,0,1000,-50,-10.5
07.08.2026,23:20:08,105895,0,0.176789,-0.05,0.19,-13.5625,-17.8125,184.1875,0.206022,0,0,32.72861,0,0,1000,-50,-5.625
07.08.2026,23:20:08,106001,0,-0.396555,0.15,3.44,-14.375,-17,179.5625,0.152385,0,0,32.75425,0,0,1000,-50,-2.25
07.08.2026,23:20:08,106107,0,1.148545,-0.16,0.26,-14.125,-16.125,175.125,0.230171,0,0,32.77726,0,0,1000,-50,-2.25
07.08.2026,23:20:08,106213,0,0.611143,-0.62,-1.85,-14.375,-18.25,172.125,0.25532,0,0,32.8028,0,0,1000,-50,-1.40625
07.08.2026,23:20:08,106319,0,-0.895183,-0.78,-1.38,-14.6875,-21.4375,170.4375,0.252377,0,0,32.82803,0,0,1000,-50,-0.96875
07.08.2026,23:20:08,106425,0,0.039719,-0.28,0.43,-14.875,-20.375,170.5625,0.158538,0,0,32.84389,0,0,1000,-50,-0.40625
07.08.2026,23:20:08,106531,0,-1.275409,-0.18,3.42,-14.125,-21.1875,172.5625,0.159481,0,0,32.85984,0,0,1000,-50,-3.40625
07.08.2026,23:20:08,106637,0,-0.588786,-0.53,1.52,-13.125,-21.6875,175.5625,0.105024,0,0,32.87034,0,0,1000,-50,-6.25
07.08.2026,23:20:08,106743,0,0.998161,-0.77,-2.67,-13,-22.25,178.875,0.094942,0,0,32.87983,0,0,1000,-50,-5.53125
07.08.2026,23:20:08,106849,0,-1.125764,-0.69,-0.58,-15.0625,-27.6875,181.3125,0.122048,0,0,32.89204,0,0,1000,-50,-1.125
07.08.2026,23:20:08,106955,0,0.453458,-0.6,0.37,-16,-25.5,180.9375,0.024172,0,0,32.89445,0,0,1000,-50,2.25
07.08.2026,23:20:08,107061,0,-0.027538,0.28,2.66,-16.0625,-24.375,178.875,0.031003,0,0,32.89756,0,0,1000,-50,2.875
07.08.2026,23:20:08,107167,0,0.011581,-0.1,-0.32,-14.8125,-23.8125,177.125,0.027371,0,0,32.9003,0,0,1000,-50,-0.5625
07.08.2026,23:20:08,107273,0,0.298647,-0.22,-2.39,-13.4375,-25.6875,176.125,0.091249,0,0,32.90942,0,0,1000,-50,-3.5625
07.08.2026,23:20:08,107379,0,-0.623789,-0.19,-1.31,-12.6875,-24.9375,177,0.075745,0,0,32.917,0,0,1000,-50,-6.5625
07.08.2026,23:20:08,107485,0,0.244577,0.16,0.81,-12.5625,-23.0625,179.625,0.050821,0,0,32.92208,0,0,1000,-50,-6.9375
07.08.2026,23:20:08,107591,0,1.383839,-0.53,1.6,-12.25,-21.0625,184.1875,0.022968,0,0,32.92437,0,0,1000,-50,-8.25
07.08.2026,23:20:08,107697,0,0.243406,-0.47,-0.28,-12.5625,-21.625,188.25,0.01346,0,0,32.92572,0,0,1000,-50,-6.84375
07.08.2026,23:20:08,107803,0,-0.519558,-0.51,-1.64,-14.0625,-24.3125,191.6875,0.044694,0,0,32.93941,0,0,1000,-50,-3.5625
07.08.2026,23:20:08,107909,0,0.929005,-0.68,-0.07,-15.375,-22.6875,192.5625,0.026018,0,0,32.94201,0,0,1000,-50,0.875
07.08.2026,23:20:08,108015,0,1.518168,-0.26,1.1,-16.6875,-22.9375,192.9375,0.07712,0,0,32.94972,0,0,1000,-50,5.53125
07.08.2026,23:20:08,108121,0,0.185688,-0.49,0.32,-16.4375,-25.25,195.1875,0.202926,0,0,32.97002,0,0,1000,-50,3.84375
07.08.2026,23:20:08,108227,0,0.139163,-0.72,-1.11,-15.25,-25.5625,198.875,0.171569,0,0,32.98717,0,0,1000,-50,-0.1875
07.08.2026,23:20:08,108333,0,-1.111241,-0.5,0.39,-13.5625,-22.25,206.3125,0.151968,0,0,33.00237,0,0,1000,-50,-3.5625
07.08.2026,23:20:08,108439,0,-0.14388,-0.45,2.16,-12.1875,-20.125,214.5625,0.082071,0,0,33.01058,0,0,1000,-50,-6
07.08.2026,23:20:08,108545,0,0.403158,-1.17,0.64,-9.8125,-22.5625,222,0.092101,0,0,33.01979,0,0,1000,-50,-12.75
07.08.2026,23:20:08,108651,0,0.789954,-1,-1.6,-8.75,-24.9375,227.375,0.099637,0,0,33.02975,0,0,1000,-50,-19.0625
07.08.2026,23:20:08,108757,0,0.005811,-1.56,-0.18,-10.4375,-26.75,234.1875,0.128837,0,0,33.04263,0,0,1000,-50,-14.15625
07.08.2026,23:20:08,108863,0,1.882769,-1.19,-0.92,-12.375,-22.1875,237.0625,0.094584,0,0,33.05209,0,0,1000,-50,-7.625
07.08.2026,23:20:08,108969,0,-1.303423,-0.33,3.12,-13,-24.6875,236.6875,0.192552,0,0,33.07135,0,0,1000,-50,-6
07.08.2026,23:20:08,109075,0,0.760968,-0.15,1.07,-11.75,-24.5625,235.375,0.174444,0,0,33.08879,0,0,1000,-50,-10.6875
07.08.2026,23:20:08,109181,0,1.393161,0.17,-0.23,-10.3125,-22.9375,235,0.242772,0,0,33.11307,0,0,1000,-50,-15.46875
07.08.2026,23:20:08,109287,0,-0.205776,0.23,-0.64,-8.5,-24.3125,236.875,0.277904,0,0,33.14086,0,0,1000,-50,-17.8125
07.08.2026,23:20:08,109393,0,0.254112,0.73,-0.34,-7.4375,-24.9375,238.9375,0.314481,0,0,33.17231,0,0,1000,-50,-21.75
07.08.2026,23:20:08,109499,0,0.255715,0.55,1.99,-6.5625,-23.6875,241.125,0.261123,0,0,33.19842,0,0,1000,-50,-24.5625
07.08.2026,23:20:08,109605,0,1.397855,-0.83,0.53,-5.875,-22.375,243.6875,0.355805,0,0,33.25844,0,0,1000,-50,-26.8125
07.08.2026,23:20:08,109711,0,0.556413,-1.19,-0.12,-6.9375,-24.6875,243.9375,0.334779,0,0,33.29192,0,0,1000,-50,-22.625
07.08.2026,23:20:08,109817,0,0.33442,-0.58,-0.46,-9.625,-26.625,239.375,0.349166,0,0,33.32683,0,0,1000,-50,-17.25
07.08.2026,23:20:08,109923,0,0.803827,-0.19,-0.61,-9.875,-26.0625,232.5625,0.329426,0,0,33.35978,0,0,1000,-50,-15.375
07.08.2026,23:20:08,110029,0,-0.486751,0.39,-0.01,-9.9375,-26,223.5,0.328927,0,0,33.39267,0,0,1000,-50,-15.5625
07.08.2026,23:20:08,110135,0,-1.333454,0.7,2.25,-11,-24.25,214.6875,0.208461,0,0,33.41352,0,0,1000,-50,-10.75
07.08.2026,23:20:08,110241,0,0.392464,0.06,0.28,-13.4375,-20.875,202.625,0.126931,0,0,33.42621,0,0,1000,-50,-4.96875
07.08.2026,23:20:08,110347,0,0.076933,-0.2,-1.56,-14.25,-23.375,194,0.172014,0,0,33.44341,0,0,1000,-50,-1.8125
07.08.2026,23:20:08,110453,0,-0.006612,-0.32,-1.66,-13.6875,-22.1875,186.9375,0.110213,0,0,33.45443,0,0,1000,-50,-3.1875
07.08.2026,23:20:08,110559,0,-1.499328,-0.02,0.28,-12.5,-22.375,182.0625,0.084477,0,0,33.46288,0,0,1000,-50,-8.59375
07.08.2026,23:20:08,110665,0,-1.397995,0.17,3.23,-10.875,-20.5625,180.8125,-0.041453,0,0,33.45873,0,0,1000,-50,-14.09375
07.08.2026,23:20:08,110771,0,-0.213719,-0.39,-0.26,-9.75,-20.8125,181.6875,-0.132969,0,0,33.44543,0,0,1000,-50,-15.375
07.08.2026,23:20:08,110877,0,-0.182392,-0.22,-2.15,-10.0625,-24.1875,181.8125,-0.041273,0,0,33.44131,0,0,1000,-50,-15.5625
07.08.2026,23:20:08,110983,0,0.191183,-0.25,-1.01,-10.75,-24.25,182.0625,-0.111179,0,0,33.43019,0,0,1000,-50,-13.125
07.08.2026,23:20:08,111089,0,-0.834773,-0.61,1.05,-10.6875,-26,181.125,-0.125747,0,0,33.41761,0,0,1000,-50,-12.78125
07.08.2026,23:20:08,111195,0,-0.900635,0,2.98,-11.3125,-26.6875,178.625,-0.128697,0,0,33.40474,0,0,1000,-50,-10.59375
07.08.2026,23:20:08,111301,0,0.976313,0.22,-0.86,-10.625,-26.75,175.6875,-0.088519,0,0,33.37429,0,0,1000,-50,-12.96875
07.08.2026,23:20:08,111407,0,-0.540841,-0.18,-1.84,-8.875,-30,174,-0.033904,0,0,33.3709,0,0,1000,-50,-19.78125
07.08.2026,23:20:08,111513,0,-0.62975,-0.2,-1.39,-7.125,-30.75,173.0625,-0.104149,0,0,33.36048,0,0,1000,-50,-25.1875
07.08.2026,23:20:08,111619,0,0.533599,0,1.87,-6.375,-29.4375,173.5,-0.107227,0,0,33.34976,0,0,1000,-50,-26.65625
07.08.2026,23:20:08,111725,0,1.067047,-0.4,1.65,-5.0625,-29.75,175.0625,-0.179036,0,0,33.33186,0,0,1000,-50,-30.59375
07.08.2026,23:20:08,111831,0,0.655675,0.03,-1.43,-4.75,-31.125,176.5625,-0.089289,0,0,33.32293,0,0,1000,-50,-31.5
07.08.2026,23:20:08,111937,0,0.016778,0.11,-1.86,-6.25,-33.5625,176.875,-0.034287,0,0,33.3195,0,0,1000,-50,-27.75
07.08.2026,23:20:08,112043,0,0.25787,-0.44,0.03,-8.125,-33,176.3125,-0.03396,0,0,33.3161,0,0,1000,-50,-22.6875
07.08.2026,23:20:08,112149,0,-1.581692,0.29,3.93,-10.25,-31.5625,174.0625,-0.013612,0,0,33.31474,0,0,1000,-50,-16.125
07.08.2026,23:20:08,112255,0,0.660095,0.52,-0.13,-10.5,-27.25,171.375,-0.055574,0,0,33.30918,0,0,1000,-50,-13.46875
07.08.2026,23:20:08,112361,0,0.579083,0.01,-1.76,-9.5,-26.6875,170.1875,0.031456,0,0,33.31233,0,0,1000,-50,-15.78125
07.08.2026,23:20:08,112467,0,-0.152817,-0.2,-1.27,-8.25,-26.6875,169.8125,0.059094,0,0,33.31824,0,0,1000,-50,-20.21875
07.08.2026,23:20:08,112573,0,-0.474097,0.45,0.57,-7.9375,-26.875,170.0625,0.039819,0,0,33.32222,0,0,1000,-50,-21.1875
07.08.2026,23:20:08,112679,0,-0.893916,0.44,3.69,-8,-26.5625,171.875,-0.005643,0,0,33.32166,0,0,1000,-50,-20.84375
07.08.2026,23:20:08,112785,0,-0.000972,0.23,0.47,-8.3125,-26.875,174.25,-0.091539,0,0,33.3125,0,0,1000,-50,-20.09375
07.08.2026,23:20:08,112891,0,0.547965,-0.06,-1.95,-8.875,-29.375,175,0.033038,0,0,33.3158,0,0,1000,-50,-18.9375
07.08.2026,23:20:08,112997,0,-0.683718,-0.15,-0.67,-9.625,-30.6875,174.1875,0.052339,0,0,33.32104,0,0,1000,-50,-15.1875
07.08.2026,23:20:08,113103,0,0.195452,0.45,1.2,-10.5625,-27.9375,171.5625,-0.007992,0,0,33.32282,0,0,1000,-50,-12.53125
07.08.2026,23:20:08,113209,0,1.705709,0.66,0.11,-10.375,-25.1875,168.375,0.001346,0,0,33.32296,0,0,1000,-50,-13.875
07.08.2026,23:20:08,113315,0,0.59401,0.37,-1.62,-9.5625,-27.4375,164.375,0.051492,0,0,33.32811,0,0,1000,-50,-15.5625
07.08.2026,23:20:08,113421,0,-0.538376,-0.25,-1.73,-8.25,-29.625,162.625,0.074193,0,0,33.33553,0,0,1000,-50,-19.3125
07.08.2026,23:20:08,113527,0,-0.788115,0.44,-0.51,-7.8125,-29.6875,162.25,-0.008136,0,0,33.33471,0,0,1000,-50,-21.875
07.08.2026,23:20:08,113633,0,-2.384441,0.14,4.41,-6.6875,-28.75,164.3125,-0.114227,0,0,33.32329,0,0,1000,-50,-25.875
07.08.2026,23:20:08,113739,0,1.560552,0.02,0.83,-6.25,-26.9375,167.125,-0.155269,0,0,33.30777,0,0,1000,-50,-26.25