Log_Date,Log_Time,Time,Depth,Ax,Ay,Az,pitch,roll,yaw,velocityx,velocityy,velocityz,distancex,distancey,distancez,rpm,rudderangle,sternangle
08.08.2026,01:42:56,22578,0.002046,0,0,0,0,0,0,0,0,0,0,0,0,1000,-50,-40
08.08.2026,01:42:56,22684,0,0,0,0,0,0,0,0,0,0,0,0,0,1000,-50,-40
08.08.2026,01:42:56,22790,0,0,0,0,0,0,0,0,0,0,0,0,0,1000,-50,-40
08.08.2026,01:42:56,22896,0,0,0,0,0,0,0,0,0,0,0,0,0,1000,-50,-40
08.08.2026,01:42:56,23002,0,0,0,0,0,0,0,0,0,0,0,0,0,1000,-50,-40
08.08.2026,01:42:56,23108,0,0,0,0,0,0,0,0,0,0,0,0,0,1000,-50,-40
08.08.2026,01:42:56,23214,0.003068,0,0,0,0,0,0,0,0,0,0,0,0,1000,-50,-40
08.08.2026,01:42:56,23320,0,0,0,0,0,0,0,0,0,0,0,0,0,1000,-50,-40
08.08.2026,01:42:56,23426,0,0,0,0,0,0,0,0,0,0,0,0,0,1000,-50,-40
08.08.2026,01:42:56,23532,0.003068,0,0,0,0,0,0,0,0,0,0,0,0,1000,-50,-40
08.08.2026,01:42:56,23638,0.005114,0,0,0,-7,0,90,0,0,0,0,0,0,1000,-50,-6.377266
08.08.2026,01:42:56,23744,0.004091,-0.079596,0.03,-0.3,-17.1875,-5.375,89.875,-0.01255,0,0,-0.001255,0,0,1000,-50,-23.12783
08.08.2026,01:42:56,23850,0.002046,-0.138953,0,-0.32,-17.375,-6.3125,89.75,-0.020023,0,0,-0.003257,0,0,1000,-50,7.035782
08.08.2026,01:42:56,23956,0.003068,-0.098086,-0.08,-0.41,-17.3125,-6.6875,89.625,-0.026948,0,0,-0.005952,0,0,1000,-50,6.658516
08.08.2026,01:42:56,24062,0,0.11283,-0.2,-0.64,-16.875,-6.75,89.375,-0.0285,0,0,-0.008802,0,0,1000,-50,5.616501
08.08.2026,01:42:56,24168,0.005114,-0.056377,0.05,-0.24,-16.125,-6.6875,88.8125,-0.02464,0,0,-0.011266,0,0,1000,-50,4.210255
08.08.2026,01:42:56,24274,0.003068,-0.065673,0.01,-0.26,-15.875,-6.625,88.3125,-0.021917,0,0,-0.013458,0,0,1000,-50,3.242069
08.08.2026,01:42:56,24380,0.005114,0.025044,-0.15,-0.39,-15.8125,-6.375,88,-0.022288,0,0,-0.015687,0,0,1000,-50,3.20459
08.08.2026,01:42:56,24486,0.005114,-0.084255,-0.01,-0.31,-15.875,-6,87.9375,-0.021789,0,0,-0.017866,0,0,1000,-50,3.146618
08.08.2026,01:42:56,24592,0.007159,0.036366,0,-0.39,-16.25,-5.3125,87.875,-0.019315,0,0,-0.019797,0,0,1005,-50,4.492073
08.08.2026,01:42:56,24698,0,-0.04331,-0.1,-0.49,-16.8125,-5.1875,87.625,-0.010076,0,0,-0.020805,0,0,1030,-50,5.313633
08.08.2026,01:42:56,24804,0.004091,-0.11293,-0.02,-0.41,-17,-5.5,87.4375,-0.016068,0,0,-0.023592,0,0,1060,-50,6.828453
08.08.2026,01:42:56,24910,0.014319,-0.032791,0.03,-0.33,-17.0625,-5.5,87.375,-0.022372,0,0,-0.025829,0,0,1085,-50,7.108006
08.08.2026,01:42:56,25016,0.013296,0.047418,-0.07,-0.3,-17.0625,-5.625,87.375,-0.021465,0,0,-0.027976,0,0,1110,-50,7.077324
08.08.2026,01:42:56,25122,0.01841,-0.02267,-0.29,-0.44,-17.125,-6.0625,87.5,-0.018413,0,0,-0.029817,0,0,1135,-50,7.819958
08.08.2026,01:42:56,25228,0.026592,0.167207,-0.72,-1.01,-16.6875,-6.4375,87.5,-0.013209,0,0,-0.031138,0,0,1165,-50,6.451191
08.08.2026,01:42:56,25334,0.032729,-0.103059,-0.07,-0.75,-15.5,-7.4375,269.9375,-0.002784,0,0,-0.031416,0,0,1190,-0.40625,1.912575
08.08.2026,01:42:56,25440,0.060344,-0.042838,0.29,-0.6,-14.5625,-7.375,270.0625,-0.006478,0,0,-0.032064,0,0,1215,0.40625,0.029076
08.08.2026,01:42:56,25546,0.076709,0.127245,0.03,-0.53,-14.25,-6.5,270.25,-0.00457,0,0,-0.032521,0,0,1245,1,-0.043617
08.08.2026,01:42:56,25652,0.090005,0.036933,-0.13,-0.3,-14.125,-7,270.0625,0.011247,0,0,-0.031397,0,0,1270,0.5,0.133118
08.08.2026,01:42:56,25758,0.12478,-0.243059,-0.42,-0.01,-14.5,-8.1875,269.8125,0.019078,0,0,-0.029489,0,0,1295,-0.5,3.123016
08.08.2026,01:42:56,25864,0.149327,0.007459,0.12,0.24,-15.4375,-8.375,269.75,0.013437,0,0,-0.028145,0,0,1325,-1,4.479797
08.08.2026,01:42:56,25970,0.15444,-0.062147,-0.02,-0.38,-16.875,-7.9375,269.625,0.014425,0,0,-0.026703,0,0,1350,-1.65625,11.99915
08.08.2026,01:42:56,26076,0.174896,0.428207,-0.07,-0.5,-18.375,-9.1875,269.4375,0.019909,0,0,-0.024712,0,0,1375,-2.5625,16.12528
08.08.2026,01:42:56,26182,0.197397,-0.082141,-0.75,0.59,-19.8125,-15.4375,268.875,0.050949,0,0,-0.019617,0,0,1400,-4.71875,20.57137
08.08.2026,01:42:56,26288,0.197397,-0.091416,-0.84,0.39,-20.6875,-17.6875,268.75,0.05285,0,0,-0.014332,0,0,1430,-5.15625,22.48782
08.08.2026,01:42:56,26394,0.212739,-0.209742,-0.72,0.2,-20.5625,-16.6875,268.9375,0.030034,0,0,-0.011328,0,0,1455,-4.09375,23.5913
08.08.2026,01:42:56,26500,0.217853,0.091499,-0.83,0.16,-21.6875,-13.5,269.5,0.034777,0,0,-0.005235,0,0,1480,-1.53125,27.50208
08.08.2026,01:42:56,26607,0.227058,0.293201,-0.76,-0.2,-22.625,-9.75,270.25,0.061437,0,0,0.000908,0,0,1510,0.25,29.73792
08.08.2026,01:42:56,26713,0.239332,0.146707,-0.64,-0.08,-21.9375,-9,270.75,0.108842,0,0,0.011793,0,0,1535,2.25,29.42089
08.08.2026,01:42:56,26819,0.237286,0.141362,-0.53,-0.24,-21.375,-10.625,271.25,0.156301,0,0,0.027423,0,0,1560,4.25,26.86405
08.08.2026,01:42:56,26925,0.256719,-0.252295,-0.5,0.06,-21.1875,-14.4375,271.6875,0.199889,0,0,0.047412,0,0,1590,7.0625,26.63567
08.08.2026,01:42:56,27031,0.26081,-0.232002,-0.63,0.04,-20.875,-18.3125,272.25,0.225381,0,0,0.06995,0,0,1615,9.46875,23.72536
08.08.2026,01:42:56,27137,0.272061,-0.281555,-0.51,0.23,-20.375,-21.1875,273.25,0.251528,0,0,0.095102,0,0,1640,12.21875,24.93231
08.08.2026,01:42:56,27243,0.289448,0.677153,-0.53,0.03,-19.75,-21.375,274.1875,0.293528,0,0,0.124455,0,0,1665,17.53125,23.21639
08.08.2026,01:42:56,27349,0.293539,-0.107759,-0.49,0.18,-19.375,-20.3125,275.3125,0.369701,0,0,0.161425,0,0,1695,22.1875,21.35498
08.08.2026,01:42:56,27455,0.300699,1.172681,-0.5,-0.19,-19.125,-19.1875,276.5,0.410438,0,0,0.202469,0,0,1700,27.09375,21.60508
08.08.2026,01:42:56,27561,0.311949,0.484374,-0.34,0.33,-19,-18.8125,277.5625,0.520046,0,0,0.254474,0,0,1700,30.25,22.12556
08.08.2026,01:42:56,27667,0.310926,0.127448,-0.16,-0.08,-18.6875,-19.625,278.8125,0.615689,0,0,0.316043,0,0,1700,34,19.62377
08.08.2026,01:42:56,27773,0.334451,1.14209,-0.16,-0.18,-18.5,-20.8125,279.6875,0.69523,0,0,0.385566,0,0,1700,37.75,22.13246
08.08.2026,01:42:56,27879,0.334451,0.19932,0.04,0,-18.1875,-21.9375,280.4375,0.749429,0,0,0.460509,0,0,1700,41,21.10291
08.08.2026,01:42:56,27985,0.357975,1.05082,0.12,0.05,-17.8125,-22.5625,281.125,0.853444,0,0,0.545853,0,0,1700,44.96875,21.88368
08.08.2026,01:42:56,28091,0.357975,-0.128519,0.24,0.32,-17.4375,-22.4375,281.6875,0.962346,0,0,0.642088,0,0,1700,46.75,18.14379
08.08.2026,01:42:56,28197,0.366157,-0.211465,0.06,0.26,-16.875,-21.625,282.3125,1.010268,0,0,0.743114,0,0,1700,48.75,17.47564
08.08.2026,01:42:56,28303,0.368202,0.872522,0.09,-0.25,-16.5,-21.125,282.6875,1.143008,0,0,0.965865,0,0,1700,50,16.78361
08.08.2026,01:42:56,28409,0.391726,0.997995,0.2,0.26,-16.1875,-20.875,283,1.231165,0,0,1.088982,0,0,1700,50,15.67683
08.08.2026,01:42:56,28515,0.412182,0.409954,0.35,-0.21,-15.875,-20.875,283.125,1.344222,0,0,1.223404,0,0,1700,50,15.93882
08.08.2026,01:42:56,28621,0.412182,0.605279,0.3,-0.4,-15.5625,-20.9375,283.1875,1.384198,0,0,1.361824,0,0,1700,50,15.18882
08.08.2026,01:42:56,28727,0.393772,-0.353299,0.27,0.18,-15.375,-20.8125,283,1.467716,0,0,1.508595,0,0,1700,50,13.6132
08.08.2026,01:42:56,28833,0.424456,0.421013,0.34,-0.62,-15.3125,-20.4375,282.6875,1.522197,0,0,1.660815,0,0,1700,50,13.11886
08.08.2026,01:42:56,28939,0.408091,0.842739,0.55,0.11,-15.1875,-20.3125,282.4375,1.596838,0,0,1.820499,0,0,1700,49.59375,7.893028
08.08.2026,01:42:56,29045,0.397863,-0.505832,0.21,0.25,-15,-20.25,282.1875,1.670445,0,0,1.987543,0,0,1700,48.75,11.07109
08.08.2026,01:42:56,29151,0.418319,0.481014,0.41,-0.45,-14.5625,-20.25,281.875,1.693515,0,0,2.156895,0,0,1700,48,12.4746
08.08.2026,01:42:56,29257,0.430592,0.953124,0.45,-0.37,-14.3125,-20.3125,281.625,1.756316,0,0,2.332526,0,0,1700,47,12.14737
08.08.2026,01:42:56,29363,0.397863,-0.493162,0.32,0.36,-14,-20.1875,281.375,1.801998,0,0,2.512726,0,0,1700,45.34375,13.05089
08.08.2026,01:42:56,29469,0.412182,1.010204,0.53,-0.39,-13.8125,-19.625,281,1.848154,0,0,2.697541,0,0,1700,43.6875,11.68722
08.08.2026,01:42:56,29575,0.46639,-0.559887,0.46,0.32,-13.625,-19,280.5,1.921191,0,0,2.889661,0,0,1700,41.6875,12.9629
08.08.2026,01:42:56,29681,0.428547,-0.411861,0.3,0.19,-13.4375,-18.1875,279.75,1.920722,0,0,3.081733,0,0,1700,38.53125,10.50142
08.08.2026,01:42:56,29787,0.431615,0.963965,0.45,-0.48,-13.4375,-17.875,279.125,1.939059,0,0,3.275639,0,0,1700,35.875,9.181458
08.08.2026,01:42:56,29893,0.42957,0.846431,0.25,-0.54,-13.5,-17.9375,278.5,1.984879,0,0,3.474127,0,0,1700,33.375,9.064957
08.08.2026,01:42:56,29999,0.410137,-0.503408,0.32,-0.06,-13.625,-18.25,277.9375,2.047458,0,0,3.678872,0,0,1700,31.28125,7.169373
08.08.2026,01:42:56,30105,0.433661,-0.330523,0.64,-0.27,-13.75,-18.75,277.125,2.138899,0,0,4.103393,0,0,1700,29.25,10.02351
08.08.2026,01:42:56,30211,0.409114,0.857284,0.45,-0.47,-13.75,-18.75,276.5,2.12614,0,0,4.316007,0,0,1700,26.5,7.169937
08.08.2026,01:42:56,30317,0.435706,-0.613526,0.68,-0.29,-13.75,-18.25,275.875,2.187811,0,0,4.534788,0,0,1700,24.25,9.720074
08.08.2026,01:42:56,30423,0.442866,0.558051,0.35,-0.52,-13.75,-17.5,275.3125,2.224822,0,0,4.75727,0,0,1700,21.75,10.14964
08.08.2026,01:42:56,30529,0.473549,0.098051,0.65,0.18,-13.6875,-16.875,274.75,2.260607,0,0,4.983331,0,0,1700,19,9.133686
08.08.2026,01:42:56,30635,0.481732,-0.410325,0.7,-0.23,-13.5625,-16.625,274.125,2.304191,0,0,5.21375,0,0,1700,17.25,11.49292
08.08.2026,01:42:56,30741,0.467413,0.50227,0.49,-0.38,-13.4375,-16.6875,273.8125,2.324018,0,0,5.446152,0,0,1700,15.5,7.19043
08.08.2026,01:42:56,30847,0.499119,0.250163,0.63,0.12,-13.4375,-16.9375,273.5625,2.383036,0,0,5.684456,0,0,1700,14.09375,6.604042
08.08.2026,01:42:56,30953,0.462299,0.467401,0.32,-0.41,-13.5,-17.375,273.375,2.443389,0,0,5.928795,0,0,1700,13.34375,5.290882
08.08.2026,01:42:56,31059,0.478663,0.154938,0.48,-0.01,-13.6875,-17.9375,273.1875,2.496589,0,0,6.178454,0,0,1700,12.59375,9.811554
08.08.2026,01:42:56,31165,0.44082,-0.12986,0.51,-0.04,-14.0625,-18.375,273,2.56608,0,0,6.435062,0,0,1700,12,16.36357
08.08.2026,01:42:56,31271,0.449002,0.404141,0.39,-0.48,-14.4375,-18.3125,272.9375,2.553037,0,0,6.690366,0,0,1700,11.75,12.00302
08.08.2026,01:42:56,31377,0.491959,1.198945,0.75,-0.69,-14.875,-18.25,273,2.621769,0,0,6.952543,0,0,1700,12.15625,17.42995
08.08.2026,01:42:56,31483,0.501164,-0.366864,0.33,0.04,-15.125,-18.25,273.0625,2.690388,0,0,7.221581,0,0,1700,12.25,12.6234
08.08.2026,01:42:56,31589,0.467413,-0.461903,0.53,0.09,-15.3125,-18.375,273.3125,2.746584,0,0,7.49624,0,0,1700,13,18.06174
08.08.2026,01:42:56,31695,0.509347,1.114709,0.5,-0.38,-15.3125,-18.5,273.375,2.783425,0,0,7.774582,0,0,1700,13.25,16.15653
08.08.2026,01:42:56,31801,0.494005,-0.295609,0.45,0.07,-15.3125,-18.5625,273.375,2.826432,0,0,8.336207,0,0,1700,13.5,13.54843
08.08.2026,01:42:56,31907,0.488891,1.170621,0.66,-0.56,-15.375,-18.5,273.5,2.868267,0,0,8.623034,0,0,1700,14.15625,18.05891
08.08.2026,01:42:56,32013,0.508324,1.045912,0.49,-0.69,-15.4375,-18.5625,273.625,2.932789,0,0,8.916313,0,0,1700,14.65625,15.00019
08.08.2026,01:42:56,32119,0.536962,-0.008603,0.54,0,-15.5,-18.6875,273.875,2.984479,0,0,9.214761,0,0,1700,15.40625,18.52596
08.08.2026,01:42:56,32225,0.52878,-0.602934,0.57,0,-15.4375,-18.6875,274,3.008661,0,0,9.515627,0,0,1700,16.15625,16.09913
08.08.2026,01:42:56,32331,0.562531,1.117013,0.49,-0.51,-15.4375,-18.875,274.0625,2.992018,0,0,9.814829,0,0,1700,16.25,16.65427
08.08.2026,01:42:56,32437,0.557418,0.829092,0.49,-0.37,-15.4375,-19.125,274.125,3.048105,0,0,10.11964,0,0,1700,16.5,16.13265
08.08.2026,01:42:56,32543,0.573782,1.029682,0.77,-0.4,-15.375,-19.375,274.25,3.112441,0,0,10.43088,0,0,1700,17.15625,15.91447
08.08.2026,01:42:56,32649,0.553326,1.002961,0.85,-0.13,-15.4375,-19.625,274.5,3.14625,0,0,10.74551,0,0,1700,17.75,17.42136
08.08.2026,01:42:56,32755,0.597306,-0.545316,0.48,0.19,-15.3125,-19.6875,274.6875,3.190951,0,0,11.0646,0,0,1700,18.5,20.85451
08.08.2026,01:42:56,32861,0.592192,-0.118462,0.71,-0.12,-15.1875,-19.375,274.9375,3.184563,0,0,11.38306,0,0,1700,19.25,17.19638
08.08.2026,01:42:56,32967,0.607534,0.946086,0.43,-0.31,-15.125,-19,275.125,3.199882,0,0,11.70305,0,0,1700,20.65625,20.38066
08.08.2026,01:42:56,33073,0.610602,0.555234,0.67,-0.1,-15,-18.6875,275.375,3.263037,0,0,12.02935,0,0,1700,21.8125,14.60253
08.08.2026,01:42:56,33179,0.593215,-0.374159,0.62,0,-15,-18.9375,275.625,3.306505,0,0,12.36,0,0,1700,22.40625,16.75321
08.08.2026,01:42:56,33285,0.635149,0.678614,0.48,-0.44,-14.875,-19.3125,275.875,3.325725,0,0,12.69258,0,0,1700,23.65625,21.32166
08.08.2026,01:42:56,33391,0.677083,-0.538587,0.55,0.26,-14.6875,-19.625,276.0625,3.342745,0,0,13.02685,0,0,1700,24.40625,19.80174
08.08.2026,01:42:56,33497,0.680152,0.167884,0.52,-0.25,-14.5,-19.75,276.3125,3.324353,0,0,13.35929,0,0,1700,25.40625,15.89473
08.08.2026,01:42:56,33603,0.668901,0.866626,0.63,-0.13,-14.375,-19.625,276.5,3.40806,0,0,14.03798,0,0,1700,26,16.71639
08.08.2026,01:42:56,33709,0.653559,0.781094,0.64,-0.04,-14.25,-19.125,276.6875,3.409289,0,0,14.37891,0,0,1700,26.75,17.91248
08.08.2026,01:42:56,33815,0.655605,-0.138906,0.57,-0.26,-14.1875,-18.9375,276.875,3.427254,0,0,14.72164,0,0,1700,27.65625,16.82893
08.08.2026,01:42:56,33921,0.655605,1.072851,0.58,-0.32,-14,-18.9375,277,3.393951,0,0,15.06103,0,0,1700,28,18.28871
08.08.2026,01:42:56,34027,0.697539,1.09997,0.49,-0.29,-13.75,-19.125,277.1875,3.405064,0,0,15.40154,0,0,1700,28.75,19.53597
08.08.2026,01:42:56,34133,0.674015,-0.220552,0.53,0.27,-13.3125,-19.5625,277.4375,3.469407,0,0,15.74848,0,0,1700,29.5,16.94099
08.08.2026,01:42:56,34239,0.714926,1.059686,0.66,-0.11,-13.0625,-19.75,277.625,3.494984,0,0,16.09798,0,0,1700,30.25,20.85149
08.08.2026,01:42:56,34345,0.68322,0.288625,0.54,0.2,-12.8125,-19.9375,277.75,3.529753,0,0,16.45095,0,0,1700,31,12.40332
08.08.2026,01:42:56,34451,0.737428,0.590516,0.67,-0.17,-12.5625,-19.9375,277.875,3.533445,0,0,16.8043,0,0,1700,31.65625,13.60801
08.08.2026,01:42:56,34557,0.69038,1.104242,0.51,-0.22,-12.375,-19.875,278,3.519799,0,0,17.15628,0,0,1700,32.15625,11.63406
08.08.2026,01:42:56,34663,0.65765,0.250588,0.58,0.19,-12,-19.8125,278.0625,3.57585,0,0,17.51386,0,0,1700,32.25,14.4155
08.08.2026,01:42:56,34769,0.682197,-0.517404,0.36,0.2,-11.75,-19.75,278.125,3.573329,0,0,17.87119,0,0,1700,32.5,10.71309
08.08.2026,01:42:56,34875,0.638218,-0.116587,0.53,-0.08,-11.5,-19.75,278.1875,3.582113,0,0,18.22941,0,0,1700,32.75,5.452606
08.08.2026,01:42:56,34981,0.702653,-0.755116,0.4,0.42,-11.375,-20,278.3125,3.58387,0,0,18.58779,0,0,1700,33.40625,14.77927
08.08.2026,01:42:56,35087,0.655605,-0.199299,0.69,0.02,-11.125,-20.0625,278.375,3.545274,0,0,18.94232,0,0,1700,33.5,8.810234
08.08.2026,01:42:56,35193,0.659696,0.921894,0.71,-0.18,-10.875,-19.75,278.4375,3.553786,0,0,19.2977,0,0,1700,33.75,9.321655
08.08.2026,01:42:56,35299,0.626967,-0.546296,0.29,0.33,-10.8125,-19.4375,278.4375,3.555647,0,0,19.65326,0,0,1700,33.75,9.069389
08.08.2026,01:42:56,35405,0.649468,-0.484021,0.64,0.01,-10.75,-19.1875,278.4375,3.529223,0,0,20.36149,0,0,1700,33.75,8.084122
08.08.2026,01:42:56,35511,0.601397,0.340574,0.58,-0.36,-10.6875,-19.0625,278.3125,3.489237,0,0,20.71041,0,0,1700,33.09375,3.815712
08.08.2026,01:42:56,35617,0.616739,0.751176,0.42,-0.33,-10.625,-19.1875,278.125,3.478404,0,0,21.05825,0,0,1700,32.59375,5.070339
08.08.2026,01:42:56,35723,0.618785,0.243439,0.49,0,-10.625,-19.5,278,3.484508,0,0,21.4067,0,0,1700,31.84375,5.03965
08.08.2026,01:42:56,35829,0.563554,1.259646,0.48,-0.53,-10.8125,-19.8125,277.9375,3.453477,0,0,21.75205,0,0,1700,31.59375,0.999054
08.08.2026,01:42:56,35935,0.582987,-0.396444,0.39,-0.06,-11.125,-20.25,277.9375,3.447093,0,0,22.09676,0,0,1700,31.75,5.870277
08.08.2026,01:42:56,36041,0.590147,-0.23919,0.48,-0.19,-11.4375,-20.875,277.9375,3.410489,0,0,22.43781,0,0,1700,31.75,5.273598
08.08.2026,01:42:56,36147,0.588101,0.958867,0.34,-0.6,-11.875,-21.25,277.9375,3.370444,0,0,22.77485,0,0,1700,31.75,7.714596
08.08.2026,01:42:56,36253,0.525711,0.649833,0.36,-0.27,-12.25,-21.125,278,3.400276,0,0,23.11488,0,0,1700,32,8.370285
08.08.2026,01:42:56,36359,0.546167,-0.246931,0.31,-0.06,-12.5625,-20.625,278.125,3.405919,0,0,23.45547,0,0,1700,32.25,12.04202
08.08.2026,01:42:56,36465,0.510369,0.989655,0.48,-0.41,-12.875,-19.9375,278.25,3.379959,0,0,23.79347,0,0,1700,33.15625,8.625854
08.08.2026,01:42:56,36571,0.535939,0.214085,0.51,-0.13,-13.1875,-19.625,278.3125,3.376744,0,0,24.13114,0,0,1700,33.25,10.64351
08.08.2026,01:42:56,36677,0.485823,-0.628621,0.53,0.06,-13.5,-19.6875,278.25,3.347389,0,0,24.46588,0,0,1700,33.25,13.53852
08.08.2026,01:42:56,36783,0.506278,0.366991,0.43,-0.4,-13.6875,-19.75,278.1875,3.336713,0,0,24.79955,0,0,1700,33,13.48735
08.08.2026,01:42:56,36889,0.486845,0.428981,0.35,-0.25,-13.875,-19.875,278.125,3.360668,0,0,25.13562,0,0,1700,32.34375,12.83157
08.08.2026,01:42:56,36995,0.479686,-0.605598,0.29,-0.05,-14.1875,-20,278.0625,3.350348,0,0,25.47066,0,0,1700,32.25,17.11075
08.08.2026,01:42:56,37101,0.492982,-0.021043,0.39,-0.57,-14.8125,-20.5625,278,3.323364,0,0,26.13791,0,0,1700,32,17.59762
08.08.2026,01:42:56,37207,0.437752,0.556181,0.41,-0.36,-15.1875,-21,277.9375,3.275238,0,0,26.46543,0,0,1700,31.75,10.7551
08.08.2026,01:42:56,37313,0.499119,0.136117,0.5,-0.64,-15.6875,-21.125,277.9375,3.304587,0,0,26.79589,0,0,1700,31.75,16.24396
08.08.2026,01:42:56,37419,0.507301,0.688221,0.49,-0.39,-16.0625,-21.1875,277.9375,3.319731,0,0,27.12786,0,0,1700,31.75,19.57817
08.08.2026,01:42:56,37525,0.566623,-0.428471,0.38,-0.11,-16.25,-21.125,277.9375,3.285095,0,0,27.45638,0,0,1700,31.75,20.41116
08.08.2026,01:42:56,37631,0.52162,-0.282066,0.45,0.06,-16.25,-20.6875,277.9375,3.259941,0,0,27.78237,0,0,1700,31.75,16.69845
08.08.2026,01:42:56,37737,0.52878,0.660465,0.69,-0.21,-16.25,-20.5625,278.0625,3.194442,0,0,28.10181,0,0,1700,32,21.60782
08.08.2026,01:42:56,37843,0.519575,0.924985,0.45,-0.35,-16.1875,-20.8125,278.25,3.209725,0,0,28.42279,0,0,1700,33.15625,20.16569
08.08.2026,01:42:56,37949,0.569691,-0.889875,0.54,0.35,-16,-21.0625,278.375,3.217729,0,0,28.74456,0,0,1700,33.5,24.02162
08.08.2026,01:42:56,38055,0.580942,0.949128,0.6,-0.27,-15.75,-21.0625,278.5,3.189199,0,0,29.06348,0,0,1700,34.15625,19.55268
08.08.2026,01:42:56,38161,0.607534,0.064936,0.52,0.2,-15.5625,-20.6875,278.5,3.193106,0,0,29.38279,0,0,1700,34,20.03965
08.08.2026,01:42:56,38267,0.580942,-0.56456,0.52,0.24,-15.4375,-20.25,278.5625,3.153185,0,0,29.69811,0,0,1700,34.25,15.7957
08.08.2026,01:42:56,38373,0.619807,0.983373,0.46,-0.34,-15.3125,-19.75,278.625,3.141062,0,0,30.01222,0,0,1700,34.5,15.07978
08.08.2026,01:42:56,38479,0.588101,0.86492,0.59,-0.07,-15.1875,-19.5,278.625,3.189214,0,0,30.33114,0,0,1700,34.5,18.78569
08.08.2026,01:42:56,38585,0.575828,-0.989823,0.42,0.42,-15,-19.875,278.625,3.198213,0,0,30.65096,0,0,1700,34.5,17.91975
08.08.2026,01:42:56,38691,0.625944,-0.064696,0.56,-0.35,-14.8125,-20.3125,278.5625,3.2075,0,0,30.97171,0,0,1700,34.25,17.20667
08.08.2026,01:42:56,38797,0.62083,0.605022,0.56,-0.1,-14.5625,-20.6875,278.5,3.173394,0,0,31.28905,0,0,1700,34,16.54872
08.08.2026,01:42:56,38903,0.647423,-0.15613,0.6,-0.06,-14.25,-20.625,278.5625,3.176717,0,0,31.9218,0,0,1700,34,15.36575
08.08.2026,01:42:56,39009,0.634126,0.487714,0.42,0.14,-13.875,-20.5,278.625,3.150285,0,0,32.23682,0,0,1700,34.5,14.201
08.08.2026,01:42:56,39115,0.616739,0.497529,0.57,-0.03,-13.1875,-19.375,278.375,3.113884,0,0,32.54821,0,0,1700,33.75,12.88737
08.08.2026,01:42:56,39221,0.62799,-0.273862,0.56,-0.11,-12.75,-18.6875,278.125,3.099414,0,0,32.85815,0,0,1700,32.75,13.35452
08.08.2026,01:42:56,39327,0.605488,0.895865,0.62,-0.18,-12.375,-18.75,277.875,3.076031,0,0,33.16576,0,0,1700,31.34375,9.329967
08.08.2026,01:42:56,39433,0.654582,-0.081429,0.57,0.22,-12.125,-19.5,277.75,3.119865,0,0,33.47774,0,0,1700,31,13.34158
08.08.2026,01:42:56,39539,0.606511,-0.505528,0.54,0.16,-11.875,-20.6875,277.625,3.129854,0,0,33.79073,0,0,1700,30.5,6.270771
08.08.2026,01:42:56,39645,0.601397,0.566827,0.55,-0.1,-11.6875,-21.9375,277.5,3.079165,0,0,34.09864,0,0,1700,30,11.50746
08.08.2026,01:42:56,39751,0.594238,-0.263271,0.37,0.44,-11.5,-22.125,277.5,3.056142,0,0,34.40425,0,0,1700,30,4.507652
08.08.2026,01:42:56,39857,0.625944,0.389203,0.62,-0.18,-11.5,-21.6875,277.5,3.011585,0,0,34.70541,0,0,1700,30,9.8125
08.08.2026,01:42:56,39963,0.581964,0.805488,0.38,-0.12,-11.5,-20.8125,277.5625,3.028544,0,0,35.00827,0,0,1700,30.25,13.52521
08.08.2026,01:42:56,40069,0.60958,-0.828941,0.33,0.41,-11.5625,-20.1875,277.5625,3.050488,0,0,35.31332,0,0,1700,30.25,7.422585
08.08.2026,01:42:56,40175,0.599352,-0.585402,0.42,0.16,-11.6875,-20,277.5,2.996624,0,0,35.61298,0,0,1700,30.25,12.24669
08.08.2026,01:42:56,40281,0.54719,0.645195,0.5,-0.11,-11.625,-19.875,277.1875,2.975126,0,0,35.91049,0,0,1700,28.28125,3.348473
08.08.2026,01:42:56,40387,0.522643,0.336486,0.29,0.07,-11.4375,-19.25,276.75,2.949254,0,0,36.20542,0,0,1680,26.6875,5.578171
08.08.2026,01:42:56,40493,0.492982,0.485735,1.28,-0.13,-11.3125,-18.3125,276.25,2.904006,0,0,36.49582,0,0,1150,24.6875,3.696278
08.08.2026,01:42:56,40599,0.552304,-0.017534,1.79,-0.21,-11.5625,-14.875,276.0625,2.89356,0,0,36.78518,0,0,1000,24.25,9.023796
08.08.2026,01:42:56,40705,0.569691,0.054858,1.46,-0.66,-12,-6.4375,276.4375,2.648501,0,0,37.32637,0,0,1000,26.0625,9.258972
08.08.2026,01:42:56,40811,0.591169,0.12637,1.46,-0.88,-12.125,-0.8125,276.3125,2.540882,0,0,37.58046,0,0,1000,24.9375,10.33743
08.08.2026,01:42:56,40917,0.600375,0.147061,1.14,-0.83,-12.75,1.625,275.6875,2.434393,0,0,37.8239,0,0,1000,21.96875,12.7567
08.08.2026,01:42:56,41023,0.619807,-0.232947,0.75,-0.7,-14.6875,1.3125,274.75,2.304681,0,0,38.05437,0,0,1000,18.21875,17.65153
08.08.2026,01:42:56,41129,0.618785,-0.553098,0.66,-0.55,-15.3125,-3.1875,272.6875,2.145344,0,0,38.2689,0,0,1000,13.25,17.65662
08.08.2026,01:42:56,41235,0.592192,-0.672136,0.69,-0.32,-15.3125,-6.3125,271.25,1.968876,0,0,38.46579,0,0,1000,6.75,17.47592
08.08.2026,01:42:56,41341,0.581964,-0.71975,0.6,-0.3,-15.9375,-8.1875,269.8125,1.774127,0,0,38.6432,0,0,1000,0.75,20.46922
08.08.2026,01:42:56,41447,0.574805,-0.565616,0.45,-0.27,-16.6875,-7.9375,268.8125,1.579126,0,0,38.80112,0,0,1000,-5.375,23.35839
08.08.2026,01:42:56,41553,0.589124,-0.439688,0.36,-0.41,-17.3125,-6,268.125,1.400121,0,0,38.94113,0,0,1000,-7.96875,24.55835
08.08.2026,01:42:56,41659,0.589124,-0.411901,0.25,-0.49,-18.0625,-3.1875,267.1875,1.233957,0,0,39.06452,0,0,1000,-10.875,26.64756
08.08.2026,01:42:56,41765,0.578896,-0.412084,0.2,-0.43,-18.5,-2.125,266.375,1.073522,0,0,39.17188,0,0,1000,-15.4375,27.25491
08.08.2026,01:42:56,41871,0.58401,-0.469995,0.15,-0.42,-18.8125,-2.1875,265.5,0.91429,0,0,39.26331,0,0,1000,-18.78125,28.68448
08.08.2026,01:42:56,41977,0.595261,-0.585415,0.15,-0.34,-18.9375,-3.0625,264.375,0.757146,0,0,39.33902,0,0,1000,-23.4375,28.96743
08.08.2026,01:42:56,42083,0.579919,-0.618025,0.1,-0.3,-18.875,-4.3125,263.1875,0.596821,0,0,39.3987,0,0,1000,-27.25,28.10205
08.08.2026,01:42:56,42189,0.586056,-0.637641,0.08,-0.25,-18.8125,-5.625,261.8125,0.439655,0,0,39.44267,0,0,1000,-31.75,28.31345
08.08.2026,01:42:56,42295,0.575828,-0.614156,0.06,-0.28,-18.8125,-5.75,261,0.288336,0,0,39.4715,0,0,1000,-35.25,27.91456
08.08.2026,01:42:56,42401,0.561509,-0.53757,0.06,-0.32,-19,-5.125,260.5,0.020576,0,0,39.48821,0,0,1000,-38,28.32648
08.08.2026,01:42:56,42507,0.570714,-0.478063,0.02,-0.35,-19.25,-4.1875,260.1875,-0.093452,0,0,39.47887,0,0,1000,-39.25,29.63161
08.08.2026,01:42:56,42613,0.560486,-0.400972,-0.01,-0.38,-19.625,-3.4375,259.8125,-0.189669,0,0,39.4599,0,0,1000,-40.25,29.885
08.08.2026,01:42:56,42719,0.555372,-0.443854,-0.03,-0.4,-19.9375,-3.625,259.625,-0.275401,0,0,39.43236,0,0,1000,-41.25,30.60772
08.08.2026,01:42:56,42825,0.563554,-0.494472,-0.04,-0.37,-20.25,-4.375,259.375,-0.355137,0,0,39.39685,0,0,1000,-42.65625,32.43504
08.08.2026,01:42:56,42931,0.559463,-0.4829,-0.03,-0.37,-20.5625,-5.25,259.1875,-0.42933,0,0,39.35391,0,0,1000,-43.40625,32.92476
08.08.2026,01:42:56,43037,0.561509,-0.489272,-0.03,-0.35,-20.8125,-5.875,259.0625,-0.496239,0,0,39.30429,0,0,1000,-43.75,34.4697
08.08.2026,01:42:56,43143,0.548213,-0.433801,-0.04,-0.31,-21.125,-5.875,259.1875,-0.553745,0,0,39.24891,0,0,1000,-43.5,33.83893
08.08.2026,01:42:56,43249,0.546167,-0.406789,-0.08,-0.34,-21.375,-5.25,259.375,-0.599326,0,0,39.18898,0,0,1000,-42.34375,35.63557
08.08.2026,01:42:56,43355,0.539007,-0.338589,-0.07,-0.37,-21.5625,-4.5,259.6875,-0.631949,0,0,39.12579,0,0,1000,-40.9375,35.67646
08.08.2026,01:42:56,43461,0.534916,-0.32953,-0.09,-0.33,-21.6875,-4.0625,259.9375,-0.653012,0,0,39.06049,0,0,1000,-40.09375,35.40427
08.08.2026,01:42:56,43567,0.552304,-0.289825,-0.1,-0.33,-21.75,-4,260.3125,-0.667074,0,0,38.99378,0,0,1000,-38.75,37.67825
08.08.2026,01:42:56,43673,0.533894,-0.339694,-0.09,-0.3,-21.8125,-4.625,260.75,-0.674012,0,0,38.92638,0,0,1000,-37.5,35.7179
08.08.2026,01:42:56,43779,0.536962,-0.339192,-0.09,-0.24,-21.75,-5.3125,261.125,-0.679717,0,0,38.85841,0,0,1000,-36,35.83723
08.08.2026,01:42:56,43885,0.532871,-0.278414,-0.09,-0.25,-21.5625,-5.8125,261.5625,-0.682697,0,0,38.79014,0,0,1000,-33.4375,35.61565
08.08.2026,01:42:56,43991,0.525711,-0.267545,-0.12,-0.22,-21.3125,-5.875,262.0625,-0.680297,0,0,38.72211,0,0,1000,-31.4375,34.00028
08.08.2026,01:42:56,44097,0.518552,-0.226708,-0.1,-0.22,-21,-5.5,262.875,-0.674398,0,0,38.65467,0,0,1000,-28.625,33.73839
08.08.2026,01:42:56,44203,0.525711,-0.196079,-0.13,-0.24,-20.6875,-5,263.5,-0.647176,0,0,38.5236,0,0,1000,-25.375,33.29805
08.08.2026,01:42:56,44309,0.512415,-0.155847,-0.13,-0.26,-20.4375,-4.625,264.1875,-0.626435,0,0,38.46095,0,0,1000,-22.625,31.86679
08.08.2026,01:42:56,44415,0.509347,-0.166169,-0.12,-0.24,-20.125,-4.5,264.875,-0.60192,0,0,38.40076,0,0,1000,-20.03125,30.68325
08.08.2026,01:42:56,44521,0.513438,-0.207183,-0.13,-0.21,-19.875,-4.625,265.625,-0.580321,0,0,38.34273,0,0,1000,-17.5,30.36282
08.08.2026,01:42:56,44627,0.502187,-0.161067,-0.14,-0.19,-19.5625,-5,266.5,-0.558948,0,0,38.28683,0,0,1000,-14.75,28.723
08.08.2026,01:42:56,44733,0.499119,-0.113952,-0.15,-0.24,-19.375,-5.25,267.25,-0.537718,0,0,38.23306,0,0,1000,-12,28.43948
08.08.2026,01:42:56,44839,0.491959,-0.117544,-0.16,-0.2,-19.1875,-5.3125,267.9375,-0.514519,0,0,38.18161,0,0,1000,-9.25,26.52691
08.08.2026,01:42:56,44945,0.482754,-0.141837,-0.16,-0.22,-19,-5.1875,268.625,-0.491733,0,0,38.13244,0,0,1000,-4.71875,26.33261
08.08.2026,01:42:56,45051,0.471504,-0.19682,-0.19,-0.23,-18.875,-5,269.1875,-0.4696,0,0,38.08548,0,0,1000,-2.78125,25.58318
08.08.2026,01:42:56,45157,0.461276,-0.112434,-0.17,-0.21,-18.6875,-4.6875,270.0625,-0.449464,0,0,38.04053,0,0,1000,-0.03125,25.05136
08.08.2026,01:42:56,45263,0.453094,-0.078784,-0.19,-0.26,-18.5,-4.5625,270.625,-0.426248,0,0,37.99791,0,0,1000,1.75,24.34167
08.08.2026,01:42:56,45369,0.438775,-0.075872,-0.15,-0.25,-18.3125,-4.5625,271.1875,-0.403117,0,0,37.9576,0,0,1000,5.21875,22.4257
08.08.2026,01:42:56,45475,0.435706,-0.103657,-0.17,-0.27,-18.125,-4.75,271.6875,-0.381335,0,0,37.91947,0,0,1000,7.21875,22.10583
08.08.2026,01:42:56,45581,0.420364,-0.091975,-0.15,-0.25,-18,-4.875,272.1875,-0.364766,0,0,37.88299,0,0,1000,9.21875,20.99443
08.08.2026,01:42:56,45687,0.405023,-0.060891,-0.17,-0.24,-17.875,-4.8125,272.875,-0.346239,0,0,37.84837,0,0,1000,10.75,20.77568
08.08.2026,01:42:56,45793,0.407068,-0.050456,-0.19,-0.26,-17.75,-4.75,273.375,-0.326135,0,0,37.81576,0,0,1000,13.96875,19.78418
08.08.2026,01:42:56,45899,0.38559,-0.070646,-0.2,-0.22,-17.625,-4.6875,273.8125,-0.30681,0,0,37.78508,0,0,1000,15.5625,19.37849
08.08.2026,01:42:56,46005,0.379453,-0.021427,-0.17,-0.26,-17.5625,-4.625,274.375,-0.27333,0,0,37.72889,0,0,1000,17.5,19.34724
08.08.2026,01:42:56,46111,0.361043,-0.004532,-0.19,-0.25,-17.5,-4.5625,275,-0.2562,0,0,37.70327,0,0,1000,19.5,17.96309
08.08.2026,01:42:56,46217,0.352861,0.01301,-0.19,-0.28,-17.5,-4.625,275.5625,-0.236739,0,0,37.67959,0,0,1000,21.5,18.26992
08.08.2026,01:42:56,46323,0.342633,-0.020033,-0.19,-0.22,-17.5625,-4.6875,276.0625,-0.2186,0,0,37.65773,0,0,1000,24.71875,17.35281
08.08.2026,01:42:56,46429,0.325245,0.016433,-0.21,-0.21,-17.625,-4.8125,276.5625,-0.203397,0,0,37.63739,0,0,1000,26.71875,17.54031
08.08.2026,01:42:56,46535,0.309904,0.012383,-0.19,-0.22,-17.75,-4.875,277.125,-0.187361,0,0,37.61866,0,0,1000,28.96875,17.51926
08.08.2026,01:42:56,46641,0.308881,0.017784,-0.22,-0.24,-17.9375,-4.9375,277.875,-0.170262,0,0,37.60163,0,0,1000,32.125,17.61811
08.08.2026,01:42:56,46747,0.291494,0.032752,-0.24,-0.22,-18.125,-4.9375,278.375,-0.156794,0,0,37.58595,0,0,1000,33.96875,17.50557
08.08.2026,01:42:56,46853,0.277175,0.057262,-0.23,-0.22,-18.3125,-4.875,278.9375,-0.142475,0,0,37.5717,0,0,1000,36.0625,18.1942
08.08.2026,01:42:56,46959,0.252628,0.061313,-0.24,-0.25,-18.5,-4.875,279.5625,-0.128112,0,0,37.5589,0,0,1000,38.71875,17.40663
08.08.2026,01:42:56,47065,0.240354,0.064936,-0.26,-0.23,-18.625,-4.875,280.125,-0.114668,0,0,37.54743,0,0,1000,40.5,18.24188
08.08.2026,01:42:56,47171,0.232172,0.058191,-0.24,-0.28,-18.5625,-4.8125,280.9375,-0.103162,0,0,37.53711,0,0,1000,43,17.16512
08.08.2026,01:42:56,47277,0.214785,0.061131,-0.22,-0.27,-18.5625,-4.75,281.5,-0.093224,0,0,37.52779,0,0,1000,45.25,17.62198
08.08.2026,01:42:56,47383,0.197397,0.093778,-0.2,-0.26,-18.5625,-4.75,282.125,-0.084015,0,0,37.51939,0,0,1000,47.5,16.11848
08.08.2026,01:42:56,47489,0.177965,0.036138,-0.21,-0.27,-18.5,-4.875,282.625,-0.074975,0,0,37.51189,0,0,1000,50,16.05372
08.08.2026,01:42:56,47595,0.176942,0.038342,-0.17,-0.27,-18.5,-5,283.4375,-0.070061,0,0,37.50489,0,0,1000,50,14.51954
08.08.2026,01:42:56,47701,0.158532,0.040341,-0.18,-0.29,-18.5,-5.0625,284,-0.05911,0,0,37.49261,0,0,1000,50,14.7957
08.08.2026,01:42:56,47807,0.140121,0.052198,-0.17,-0.27,-18.5,-5,284.625,-0.053803,0,0,37.48723,0,0,1000,50,14.33544
08.08.2026,01:42:56,47913,0.132962,0.073887,-0.21,-0.26,-18.5,-4.9375,285.25,-0.048607,0,0,37.48237,0,0,1000,50,14.36613
08.08.2026,01:42:56,48019,0.115575,1.055412,-0.21,-1.16,-18.5,-4.8125,285.875,-0.034895,0,0,37.47888,0,0,1000,50,13.62972
08.08.2026,01:42:56,48125,0.107392,-0.14332,-0.22,-0.11,-17.875,-7.6875,286.0625,-0.005523,0,0,37.47833,0,0,1000,50,11.82458
08.08.2026,01:42:56,48231,0.083868,1.557265,1.61,-1.48,-17.1875,-9.3125,286.0625,-0.018676,0,0,37.47646,0,0,1000,50,10.1081
08.08.2026,01:42:56,48337,0.085914,-0.40365,-0.28,0.15,-15.125,-13.3125,285.0625,0.02921,0,0,37.47938,0,0,1000,50,5.509251
08.08.2026,01:42:56,48443,0.078754,-0.493404,-0.18,0.16,-12.875,-14.3125,284.25,-0.00785,0,0,37.4786,0,0,1000,50,-2.474884
08.08.2026,01:42:56,48549,0.076709,-0.221702,-0.2,-0.08,-11.1875,-10.25,284.3125,-0.054334,0,0,37.47316,0,0,1000,50,-10.44477
08.08.2026,01:42:56,48655,0.064435,0.060417,-0.26,-0.43,-9.6875,-3.0625,284.9375,-0.067665,0,0,37.4664,0,0,1000,50,-13.06354
08.08.2026,01:42:56,48761,0.059322,0.230541,-0.3,-0.52,-8.6875,-2.375,284.25,-0.00395,0,0,37.466,0,0,1000,50,-16.80334
08.08.2026,01:42:56,48867,0.039889,0.050332,-0.29,-0.6,-8.5,-3.0625,283.4375,0.006684,0,0,37.46667,0,0,1000,50,-18.82836
08.08.2026,01:42:56,48973,0.034775,-0.309801,-0.27,-0.59,-9.5625,-4,282.3125,0.004238,0,0,37.46709,0,0,1000,48.15625,-14.17551
08.08.2026,01:42:56,49079,0.028638,-0.129636,-0.11,-0.39,-12.625,-4.9375,280.25,-0.005255,0,0,37.46656,0,0,1000,41.75,-7.63633
08.08.2026,01:42:56,49185,0.013296,0.001063,-0.07,-0.48,-14.875,-4.9375,279.0625,-0.022337,0,0,37.46433,0,0,1000,35.3125,-0.780685
08.08.2026,01:42:56,49291,0.014319,-0.027847,-0.03,-0.32,-17,-3.9375,278,-0.034778,0,0,37.46085,0,0,1000,31.21875,8.541542
08.08.2026,01:42:56,49397,0.012273,-0.156477,1.39,-0.36,-18.375,-2.1875,277,-0.043711,0,0,37.45648,0,0,1000,27.21875,10.26189
08.08.2026,01:42:56,49503,0.008182,0.245185,-0.01,0.05,-19.125,-0.375,275.125,-0.050123,0,0,37.44616,0,0,1000,18.3125,13.82846
08.08.2026,01:42:56,49609,0.008182,0.077809,-0.1,-0.24,-19.5,-1.1875,272.375,-0.033512,0,0,37.44281,0,0,1000,12,13.68071
08.08.2026,01:42:56,49715,0.005114,0.078482,-0.08,-0.37,-19.8125,-4.125,270.8125,-0.021441,0,0,37.44067,0,0,1000,5.5,13.84772
08.08.2026,01:42:56,49821,0.007159,-0.150843,-0.03,-0.14,-20.125,-7.125,269.6875,-0.02152,0,0,37.43852,0,0,1000,0.25,14.35564
08.08.2026,01:42:56,49927,0.009205,-0.159639,-0.02,-0.08,-20.375,-8.9375,268.5625,-0.038318,0,0,37.43469,0,0,1000,-6.6875,16.68014
08.08.2026,01:42:56,50033,0.005114,-0.098035,-0.04,-0.15,-20.625,-8.5625,267.75,-0.051031,0,0,37.42958,0,0,1000,-9.46875,17.39945
08.08.2026,01:42:56,50139,0.004091,0.0237,-0.04,-0.28,-20.75,-5.25,267.125,-0.055216,0,0,37.42406,0,0,1000,-11.3125,17.31137
08.08.2026,01:42:56,50245,0.001023,0.12532,-0.09,-0.42,-20.6875,-2.25,266.9375,-0.051497,0,0,37.41891,0,0,1000,-12.40625,17.28069
08.08.2026,01:42:56,50351,0.004091,0.166558,-0.09,-0.42,-20.375,-0.3125,266.875,-0.039323,0,0,37.41498,0,0,1000,-12.5,16.11934
08.08.2026,01:42:56,50457,0.005114,0.117337,-0.11,-0.41,-19.875,-0.3125,266.75,-0.024756,0,0,37.41251,0,0,1000,-13.15625,13.91078
08.08.2026,01:42:56,50563,0.004091,-0.032123,-0.12,-0.31,-19.25,-2,266.4375,-0.017126,0,0,37.41079,0,0,1000,-14.25,12.43467
08.08.2026,01:42:56,50669,0.005114,-0.151489,-0.07,-0.2,-18.1875,-5.4375,265.8125,-0.020139,0,0,37.40878,0,0,1000,-16,10.54664
08.08.2026,01:42:56,50775,0.008182,-0.170452,-0.07,-0.16,-17.3125,-7.1875,265.375,-0.032872,0,0,37.40549,0,0,1000,-18,8.362537
08.08.2026,01:42:56,50881,0.009205,-0.178907,-0.08,-0.14,-16.375,-7,265.1875,-0.048969,0,0,37.40059,0,0,1000,-19.25,5.768223
08.08.2026,01:42:56,50987,0.009205,-0.126862,-0.08,-0.25,-15.5,-5.1875,265.25,-0.064758,0,0,37.39412,0,0,1000,-18.84375,3.634155
08.08.2026,01:42:56,51093,0.007159,0.005445,-0.13,-0.35,-14.75,-2.625,265.4375,-0.073044,0,0,37.38681,0,0,1000,-18.25,-0.013596
08.08.2026,01:42:56,51199,0.012273,0.147661,-0.18,-0.59,-14.125,-0.5,265.625,-0.070103,0,0,37.3798,0,0,1000,-17.75,-1.390862
08.08.2026,01:42:56,51305,0.004091,0.019398,-0.16,-0.54,-14.25,-0.8125,265.5625,-0.0425,0,0,37.37006,0,0,1000,-17.90625,-2.989807
08.08.2026,01:42:56,51411,0.005114,-0.049257,-0.09,-0.44,-14.8125,-2.3125,265.375,-0.042231,0,0,37.36583,0,0,1000,-18.65625,-0.185799
08.08.2026,01:42:56,51517,0.005114,-0.14792,-0.05,-0.28,-15.75,-4.4375,265.0625,-0.049178,0,0,37.36092,0,0,1000,-19.90625,2.601681
08.08.2026,01:42:56,51623,0,-0.144471,-0.02,-0.14,-16.875,-6.25,264.75,-0.059686,0,0,37.35495,0,0,1000,-20.90625,5.745468
08.08.2026,01:42:56,51729,0.004091,-0.082351,-0.04,-0.13,-17.5625,-6.1875,264.625,-0.066873,0,0,37.34826,0,0,1000,-21.5,7.493202
08.08.2026,01:42:56,51835,0.002046,-0.020216,-0.03,-0.2,-17.9375,-5,264.625,-0.067282,0,0,37.34153,0,0,1000,-21.5,8.907383
08.08.2026,01:42:56,51941,0.003068,0.011764,-0.07,-0.28,-18.0625,-3.375,264.625,-0.062359,0,0,37.33529,0,0,1000,-21.5,9.617069
08.08.2026,01:42:56,52047,0.009205,0.08345,-0.07,-0.36,-18,-2.1875,264.625,-0.053089,0,0,37.32998,0,0,1000,-21.5,8.723846
08.08.2026,01:42:56,52153,0.006137,0.054809,-0.06,-0.34,-17.75,-1.9375,264.5625,-0.042781,0,0,37.32571,0,0,1000,-21.75,8.621605
08.08.2026,01:42:56,52259,0.004091,0.045901,-0.04,-0.3,-17.4375,-2.875,264.375,-0.034329,0,0,37.32227,0,0,1000,-22.25,7.592052
08.08.2026,01:42:56,52365,0.002046,-0.013209,-0.06,-0.26,-16.9375,-4.375,264.1875,-0.027979,0,0,37.31948,0,0,1000,-23.40625,6.313629
08.08.2026,01:42:56,52471,0.008182,-0.042373,-0.04,-0.19,-16.4375,-5.6875,264,-0.026294,0,0,37.31685,0,0,1000,-24,3.815899
08.08.2026,01:42:56,52577,0.003068,-0.03144,-0.05,-0.21,-15.875,-6.1875,263.875,-0.029299,0,0,37.31392,0,0,1000,-24.5,1.941463
08.08.2026,01:42:56,52683,0,-0.01047,-0.07,-0.31,-15.1875,-5.3125,264,-0.030451,0,0,37.31087,0,0,1000,-23.84375,0.284653
08.08.2026,01:42:56,52789,0.009205,0.050452,-0.1,-0.42,-14.9375,-3.9375,264.1875,-0.02893,0,0,37.30798,0,0,1000,-22.9375,0.331848
08.08.2026,01:42:56,52895,0.007159,0.091238,-0.1,-0.42,-15,-2.8125,264.375,-0.02465,0,0,37.30552,0,0,1000,-22.34375,0.276154
08.08.2026,01:42:56,53001,0.001023,0.091772,-0.07,-0.41,-15.375,-2.1875,264.5625,-0.008468,0,0,37.303,0,0,1000,-21.75,1.007931
08.08.2026,01:42:56,53107,0,0.072077,-0.09,-0.33,-16.0625,-2.8125,264.5625,-0.001101,0,0,37.30289,0,0,1000,-21.75,3.520485
08.08.2026,01:42:56,53213,0.003068,0.001999,-0.02,-0.22,-16.5625,-4,264.4375,0.002455,0,0,37.30313,0,0,1000,-22,4.404549
08.08.2026,01:42:56,53319,0,-0.018016,-0.02,-0.18,-17,-5.25,264.375,0.000484,0,0,37.30318,0,0,1000,-22.5,5.379532
08.08.2026,01:42:56,53425,0,-0.017924,-0.05,-0.17,-17.1875,-5.875,264.3125,-0.002894,0,0,37.30289,0,0,1000,-22.75,7.019352
08.08.2026,01:42:56,53531,0.005114,-0.007732,-0.05,-0.2,-17.1875,-5.5625,264.375,-0.006,0,0,37.30229,0,0,1000,-22.34375,6.930702
08.08.2026,01:42:56,53637,0,0.052467,-0.05,-0.27,-16.9375,-4.25,264.625,-0.006235,0,0,37.30167,0,0,1000,-21.84375,6.276718
08.08.2026,01:42:56,53743,0,0.102535,-0.06,-0.3,-16.6875,-3.3125,264.75,-0.002131,0,0,37.30146,0,0,1000,-20.84375,5.305702
08.08.2026,01:42:56,53849,0.006137,0.102419,-0.06,-0.32,-16.3125,-2.75,264.9375,0.003642,0,0,37.30182,0,0,1000,-20.09375,4.330719
08.08.2026,01:42:56,53955,0.002046,0.082094,-0.08,-0.32,-15.9375,-2.9375,265,0.010142,0,0,37.30283,0,0,1000,-20,2.840351
08.08.2026,01:42:56,54061,0.006137,0.061648,-0.09,-0.34,-15.5625,-3.6875,265,0.013929,0,0,37.30423,0,0,1000,-20,1.408516
08.08.2026,01:42:56,54167,0.007159,0.031163,-0.09,-0.33,-15.3125,-5,264.9375,0.015149,0,0,37.30574,0,0,1000,-20.25,1.459118
08.08.2026,01:42:56,54273,0,0.030703,-0.07,-0.31,-15.375,-5.625,265,0.014384,0,0,37.30718,0,0,1000,-20,1.557404
08.08.2026,01:42:56,54379,0,0.020252,-0.08,-0.27,-15.625,-5.5625,265.1875,0.014072,0,0,37.30859,0,0,1000,-19.09375,2.1875
08.08.2026,01:42:56,54485,0.003068,0.049832,-0.06,-0.27,-16,-5,265.375,0.013111,0,0,37.3099,0,0,1000,-18.5,3.097717
08.08.2026,01:42:56,54591,0.004091,0.099399,-0.06,-0.27,-16.5625,-3.75,265.6875,0.013506,0,0,37.31125,0,0,1000,-17.5,4.404549
08.08.2026,01:42:56,54697,0,0.138862,-0.04,-0.28,-16.8125,-3.125,265.8125,0.016739,0,0,37.31292,0,0,1000,-16.75,5.464787
08.08.2026,01:42:56,54803,0.006137,0.128134,-0.05,-0.28,-16.9375,-3.25,265.9375,0.030117,0,0,37.3182,0,0,1000,-16.25,5.8125
08.08.2026,01:42:56,54909,0.001023,0.097169,-0.06,-0.25,-16.875,-3.9375,266,0.035118,0,0,37.32172,0,0,1000,-15.84375,5.444298
08.08.2026,01:42:56,55015,0.008182,0.086042,-0.06,-0.22,-16.6875,-4.9375,266,0.03606,0,0,37.32532,0,0,1000,-16,5.486408
08.08.2026,01:42:56,55121,0.002046,0.063739,-0.08,-0.22,-16.3125,-5.75,266.0625,0.03572,0,0,37.32889,0,0,1000,-15.59375,4.092049
08.08.2026,01:42:56,55227,0.001023,0.08262,-0.09,-0.24,-16,-5.6875,266.125,0.034864,0,0,37.33238,0,0,1000,-15.34375,2.786346
08.08.2026,01:42:56,55333,0.009205,0.081498,-0.1,-0.26,-15.75,-5.25,266.3125,0.034969,0,0,37.33588,0,0,1000,-14.59375,2.369904
08.08.2026,01:42:56,55439,0.007159,0.120323,-0.1,-0.34,-15.5625,-4.4375,266.5625,0.036607,0,0,37.33954,0,0,1000,-13.59375,2.423908
08.08.2026,01:42:56,55545,0.005114,0.159038,-0.09,-0.37,-15.5,-3.8125,266.8125,0.04001,0,0,37.34354,0,0,1000,-12.75,1.530685
08.08.2026,01:42:56,55651,0.003068,0.157567,-0.1,-0.38,-15.75,-3.625,267,0.045805,0,0,37.34812,0,0,1000,-12.25,2.400021
08.08.2026,01:42:56,55757,0,0.12594,-0.09,-0.34,-16.0625,-4.0625,267.0625,0.050691,0,0,37.35319,0,0,1000,-11.75,2.628399
08.08.2026,01:42:56,55863,0.003068,0.09424,-0.05,-0.28,-16.375,-4.8125,267.125,0.052925,0,0,37.35848,0,0,1000,-11.75,4.026154
08.08.2026,01:42:56,55969,0,0.082568,-0.07,-0.23,-16.5625,-5.375,267.1875,0.052048,0,0,37.36369,0,0,1000,-11.09375,4.84375
08.08.2026,01:42:56,56075,0.003068,0.080972,-0.06,-0.21,-16.75,-5.6875,267.3125,0.049684,0,0,37.36865,0,0,1000,-11,5.528984
08.08.2026,01:42:56,56181,0.003068,0.109454,-0.04,-0.21,-16.75,-5.375,267.5,0.047255,0,0,37.37338,0,0,1000,-10.09375,5.342049
08.08.2026,01:42:56,56287,0.001023,0.127985,-0.07,-0.24,-16.6875,-4.75,267.6875,0.04573,0,0,37.37795,0,0,1000,-9.09375,5.246601
08.08.2026,01:42:56,56393,0,0.146499,-0.09,-0.27,-16.5,-4.1875,267.875,0.046236,0,0,37.38258,0,0,1000,-8.34375,4.374435
08.08.2026,01:42:56,56499,0.004091,0.154909,-0.09,-0.31,-16.25,-3.9375,268.0625,0.049469,0,0,37.38752,0,0,1000,-7.75,3.59375
08.08.2026,01:42:56,56605,0,0.151508,-0.11,-0.29,-15.9375,-4.25,268.25,0.053847,0,0,37.39811,0,0,1000,-7,2.442032
08.08.2026,01:42:56,56711,0.004091,0.129755,-0.09,-0.33,-15.8125,-4.8125,268.3125,0.054536,0,0,37.40356,0,0,1000,-6.75,2.652287
08.08.2026,01:42:56,56817,0.001023,0.118001,-0.1,-0.29,-15.75,-5.375,268.375,0.054569,0,0,37.40902,0,0,1000,-6.5,2.280685
08.08.2026,01:42:56,56923,0,0.116318,-0.09,-0.25,-15.8125,-5.6875,268.5,0.052375,0,0,37.41426,0,0,1000,-5.84375,2.253399
08.08.2026,01:42:56,57029,0,0.104688,-0.08,-0.24,-16.0625,-5.625,268.6875,0.05069,0,0,37.41933,0,0,1000,-5.09375,2.938633
08.08.2026,01:42:56,57135,0,0.133084,-0.07,-0.26,-16.375,-5.0625,268.9375,0.049896,0,0,37.42432,0,0,1000,-4.5,3.9375
08.08.2026,01:42:56,57241,0,0.171457,-0.11,-0.29,-16.5625,-4.5,269.1875,0.050622,0,0,37.42938,0,0,1000,-3.09375,4.5
08.08.2026,01:42:56,57347,0,0.149754,-0.07,-0.27,-16.6875,-4.125,269.375,0.052976,0,0,37.43468,0,0,1000,-2.34375,5.246601
08.08.2026,01:42:56,57453,0.003068,0.128009,-0.06,-0.29,-16.6875,-4.1875,269.5625,0.054282,0,0,37.44011,0,0,1000,-1.59375,5.430702
08.08.2026,01:42:56,57559,0.001023,0.106284,-0.08,-0.24,-16.625,-4.5625,269.6875,0.053636,0,0,37.44547,0,0,1000,-1.09375,4.690899
08.08.2026,01:42:56,57665,0,0.094633,-0.08,-0.24,-16.4375,-5.1875,269.8125,0.051377,0,0,37.45061,0,0,1000,-0.59375,4.592049
08.08.2026,01:42:56,57771,0.003068,0.093101,-0.06,-0.27,-16.25,-5.4375,269.9375,0.047636,0,0,37.45537,0,0,1000,-0.09375,3.59375
08.08.2026,01:42:56,57877,0,0.081759,-0.09,-0.26,-16.0625,-5.375,270.125,0.041751,0,0,37.45955,0,0,1000,0.65625,3.03125
08.08.2026,01:42:56,57983,0,0.08055,-0.1,-0.29,-15.9375,-5,270.375,0.037604,0,0,37.46331,0,0,1000,1.65625,3.392658
08.08.2026,01:42:56,58089,0,0.109455,-0.11,-0.3,-15.9375,-4.5,270.625,0.034036,0,0,37.46671,0,0,1000,2.5,2.8125
08.08.2026,01:42:56,58195,0.004091,0.128391,-0.09,-0.3,-16,-4.125,270.9375,0.033085,0,0,37.47002,0,0,1000,3.5,3
08.08.2026,01:42:56,58301,0.002046,0.077304,-0.11,-0.29,-16.125,-4.125,271.0625,0.031732,0,0,37.47657,0,0,1000,4,3.129532
08.08.2026,01:42:56,58407,0.005114,0.056284,-0.08,-0.27,-16.25,-4.4375,271.25,0.028683,0,0,37.47944,0,0,1000,5.15625,4.210255
08.08.2026,01:42:56,58513,0,0.065362,-0.11,-0.27,-16.375,-4.8125,271.375,0.023946,0,0,37.48183,0,0,1000,5.65625,4.830719
08.08.2026,01:42:56,58619,0.003068,0.073936,-0.07,-0.24,-16.4375,-5.25,271.5625,0.020377,0,0,37.48387,0,0,1000,6.15625,4.588654
08.08.2026,01:42:56,58725,0.003068,0.05339,-0.08,-0.25,-16.4375,-5.1875,271.75,0.016976,0,0,37.48557,0,0,1000,7.15625,4.3125
08.08.2026,01:42:56,58831,0,0.082932,-0.1,-0.27,-16.4375,-4.9375,272,0.014263,0,0,37.487,0,0,1000,8.15625,4.128399
08.08.2026,01:42:56,58937,0,0.122493,-0.1,-0.25,-16.3125,-4.625,272.25,0.013648,0,0,37.48836,0,0,1000,9.15625,3.78125
08.08.2026,01:42:56,59043,0,0.102015,-0.12,-0.28,-16.25,-4.375,272.5,0.014865,0,0,37.48985,0,0,1000,10,3.961952
08.08.2026,01:42:56,59149,0.001023,0.091522,-0.11,-0.29,-16.125,-4.4375,272.8125,0.01532,0,0,37.49138,0,0,1000,10.75,3.5625
08.08.2026,01:42:56,59255,0,0.101034,-0.11,-0.29,-16.125,-4.625,272.9375,0.015195,0,0,37.4929,0,0,1000,11.75,3.773888
08.08.2026,01:42:56,59361,0.002046,0.100534,-0.11,-0.29,-16.125,-4.9375,273.125,0.015524,0,0,37.49445,0,0,1000,12.65625,3.467049
08.08.2026,01:42:56,59467,0,0.120048,-0.09,-0.22,-16.25,-5.25,273.3125,0.015114,0,0,37.49596,0,0,1000,13.40625,3.470451
08.08.2026,01:42:56,59573,0.003068,0.099582,-0.12,-0.26,-16.3125,-5.3125,273.5625,0.014493,0,0,37.49741,0,0,1000,14.40625,4.029549
08.08.2026,01:42:56,59679,0.004091,0.129108,-0.12,-0.25,-16.4375,-5.1875,273.8125,0.014742,0,0,37.49889,0,0,1000,15,4.557968
08.08.2026,01:42:56,59785,0,0.118582,-0.09,-0.24,-16.4375,-5,274.0625,0.016357,0,0,37.50052,0,0,1000,16.40625,4.343185
08.08.2026,01:42:56,59891,0,0.127997,-0.11,-0.26,-16.4375,-4.75,274.3125,0.018198,0,0,37.50234,0,0,1000,17.40625,4.373867
08.08.2026,01:42:56,59997,0.004091,0.127344,-0.12,-0.25,-16.4375,-4.5625,274.5,0.02031,0,0,37.50437,0,0,1000,18.15625,4.3125
08.08.2026,01:42:56,60103,0,0.105987,-0.08,-0.28,-16.3125,-4.625,274.8125,0.021108,0,0,37.50859,0,0,1000,19.15625,4.247734
08.08.2026,01:42:56,60209,0,0.105351,-0.09,-0.28,-16.25,-4.8125,275,0.019795,0,0,37.51057,0,0,1000,19.75,3.75
08.08.2026,01:42:56,60315,0.001023,0.094758,-0.09,-0.27,-16.1875,-5,275.1875,0.018453,0,0,37.51242,0,0,1000,20.5,3.409084
08.08.2026,01:42:56,60421,0,0.074758,-0.1,-0.27,-16.1875,-5.125,275.375,0.016307,0,0,37.51405,0,0,1000,21.65625,3.5625
08.08.2026,01:42:56,60527,0.001023,0.084233,-0.11,-0.28,-16.1875,-5.0625,275.625,0.012703,0,0,37.51532,0,0,1000,22.5,3.746601
08.08.2026,01:42:56,60633,0,0.073525,-0.1,-0.27,-16.25,-4.75,275.9375,0.009308,0,0,37.51625,0,0,1000,23.25,3.688633
08.08.2026,01:42:56,60739,0.001023,0.083284,-0.1,-0.27,-16.3125,-4.5625,276.125,0.007515,0,0,37.517,0,0,1000,24.25,3.753399
08.08.2026,01:42:56,60845,0.002046,0.083099,-0.1,-0.27,-16.375,-4.375,276.375,0.005734,0,0,37.51757,0,0,1000,25.65625,4.707985
08.08.2026,01:42:56,60951,0.004091,0.06296,-0.08,-0.3,-16.375,-4.375,276.625,0.004322,0,0,37.518,0,0,1000,26.65625,4.462521
08.08.2026,01:42:56,61057,0,0.062926,-0.09,-0.27,-16.375,-4.5,276.8125,0.001062,0,0,37.51811,0,0,1000,27.40625,3.879532
08.08.2026,01:42:56,61163,0,0.013001,-0.08,-0.23,-16.375,-4.875,277,-0.002311,0,0,37.51788,0,0,1000,28.15625,4.125
08.08.2026,01:42:56,61269,0.002046,0.043189,-0.1,-0.26,-16.3125,-5.0625,277.1875,-0.005851,0,0,37.51729,0,0,1000,28.90625,3.9375
08.08.2026,01:42:56,61375,0,0.073433,-0.09,-0.28,-16.25,-5.0625,277.4375,-0.007599,0,0,37.51653,0,0,1000,30.0625,3.504532
08.08.2026,01:42:56,61481,0.002046,0.083711,-0.11,-0.26,-16.1875,-4.875,277.625,-0.008646,0,0,37.51567,0,0,1000,30.5,3.593185
08.08.2026,01:42:56,61587,0.002046,0.103983,-0.11,-0.29,-16.1875,-4.625,277.9375,-0.008464,0,0,37.51482,0,0,1000,31.5,3.439766
08.08.2026,01:42:56,61693,0,0.094196,-0.1,-0.28,-16.25,-4.5,278.125,-0.006603,0,0,37.51416,0,0,1000,32.25,3.5625
08.08.2026,01:42:56,61799,0,0.084273,-0.1,-0.3,-16.25,-4.5,278.3125,-0.002412,0,0,37.51392,0,0,1000,33,3.842049
08.08.2026,01:42:56,61905,0,0.084311,-0.08,-0.26,-16.3125,-4.625,278.5,-0.00124,0,0,37.51368,0,0,1000,34.15625,3.9375
08.08.2026,01:42:56,62011,0.002046,0.074351,-0.08,-0.27,-16.375,-4.8125,278.6875,-0.002502,0,0,37.51342,0,0,1000,34.90625,4.309101
08.08.2026,01:42:56,62117,0,0.034553,-0.09,-0.24,-16.4375,-4.9375,278.9375,-0.003763,0,0,37.51305,0,0,1000,35.65625,4.189766
08.08.2026,01:42:56,62223,0,0.064739,-0.1,-0.27,-16.4375,-4.9375,279.125,-0.0058,0,0,37.51247,0,0,1000,36.40625,4.251133
08.08.2026,01:42:56,62329,0.003068,0.05494,-0.12,-0.26,-16.4375,-4.8125,279.3125,-0.006237,0,0,37.51184,0,0,1000,37.40625,4.3125
08.08.2026,01:42:56,62435,0,0.065132,-0.11,-0.3,-16.375,-4.625,279.5,-0.005973,0,0,37.51125,0,0,1000,38.15625,3.940899
08.08.2026,01:42:56,62541,0.004091,0.065327,-0.1,-0.29,-16.25,-4.4375,279.6875,-0.006058,0,0,37.51064,0,0,1000,38.90625,3.59375
08.08.2026,01:42:56,62647,0,0.065534,-0.11,-0.29,-16.1875,-4.4375,279.9375,-0.006446,0,0,37.50999,0,0,1000,39.5,3.317032
08.08.2026,01:42:56,62753,0.002046,0.05577,-0.11,-0.3,-16.1875,-4.5625,280.125,-0.007357,0,0,37.50926,0,0,1000,40.25,3.654549
08.08.2026,01:42:56,62859,0.007159,0.056012,-0.1,-0.27,-16.1875,-4.75,280.25,-0.0075,0,0,37.50851,0,0,1000,41.15625,3.439766
08.08.2026,01:42:56,62965,0,0.066283,-0.11,-0.28,-16.25,-4.875,280.4375,-0.008454,0,0,37.50766,0,0,1000,41.75,3.568733
08.08.2026,01:42:56,63071,0,0.066552,-0.09,-0.25,-16.3125,-4.875,280.625,-0.008367,0,0,37.50682,0,0,1000,42.25,3.75
08.08.2026,01:42:56,63177,0,0.076823,-0.08,-0.28,-16.375,-4.875,280.8125,-0.008419,0,0,37.50598,0,0,1000,43,3.9375
08.08.2026,01:42:56,63283,0.001023,0.10708,-0.08,-0.28,-16.375,-4.75,281,-0.007981,0,0,37.50518,0,0,1000,44.15625,4.493202
08.08.2026,01:42:56,63389,0.003068,0.127286,-0.07,-0.26,-16.375,-4.625,281.1875,-0.006421,0,0,37.50454,0,0,1000,44.90625,4.063633
08.08.2026,01:42:56,63495,0,0.107397,-0.08,-0.28,-16.375,-4.625,281.375,-0.003456,0,0,37.5042,0,0,1000,45.65625,3.940899
08.08.2026,01:42:56,63601,0.002046,0.117313,-0.09,-0.29,-16.375,-4.75,281.5625,0.002515,0,0,37.50446,0,0,1000,46,4.217049
08.08.2026,01:42:56,63707,0.003068,0.117313,-0.11,-0.28,-16.375,-4.875,281.6875,0.004251,0,0,37.50488,0,0,1000,46.90625,4.462521
08.08.2026,01:42:56,63813,0,0.107176,-0.11,-0.27,-16.3125,-5,281.8125,0.005135,0,0,37.5054,0,0,1000,47.40625,3.507931
08.08.2026,01:42:56,63919,0,0.077011,-0.13,-0.26,-16.25,-5,281.9375,0.006052,0,0,37.506,0,0,1000,47.75,3.75
08.08.2026,01:42:56,64025,0,0.076817,-0.1,-0.25,-16.25,-4.9375,282.125,0.005074,0,0,37.50651,0,0,1000,48.5,3.75
08.08.2026,01:42:56,64131,0.002046,0.086516,-0.1,-0.27,-16.25,-4.6875,282.3125,0.004279,0,0,37.50694,0,0,1000,49.25,3.75
08.08.2026,01:42:56,64237,0.004091,0.086387,-0.12,-0.27,-16.25,-4.5625,282.5,0.003997,0,0,37.50734,0,0,1000,49.75,3.627266
08.08.2026,01:42:56,64343,0.003068,0.076242,-0.1,-0.28,-16.3125,-4.5,282.6875,0.004513,0,0,37.50779,0,0,1000,50,3.692032
08.08.2026,01:42:56,64449,0,0.076112,-0.09,-0.27,-16.375,-4.5625,282.8125,0.004067,0,0,37.5082,0,0,1000,50,4.401154
08.08.2026,01:42:56,64555,0,0.076008,-0.08,-0.28,-16.375,-4.625,282.9375,0.003219,0,0,37.50852,0,0,1000,50,4.401154
08.08.2026,01:42:56,64661,0,0.055963,-0.09,-0.26,-16.375,-4.8125,283.125,0.001415,0,0,37.50866,0,0,1000,50,4.125
08.08.2026,01:42:56,64767,0.001023,0.055962,-0.08,-0.25,-16.375,-4.875,283.25,0.000008295427,0,0,37.50866,0,0,1000,50,4.125
08.08.2026,01:42:56,64873,0,0.066007,-0.09,-0.27,-16.3125,-4.875,283.375,-0.001394,0,0,37.50852,0,0,1000,50,3.876133
08.08.2026,01:42:56,64979,0,0.086114,-0.09,-0.27,-16.3125,-4.8125,283.5625,-0.003306,0,0,37.50819,0,0,1000,50,4.09375
08.08.2026,01:42:56,65085,0,0.086234,-0.13,-0.29,-16.3125,-4.75,283.6875,-0.003735,0,0,37.50781,0,0,1000,50,4.09375
08.08.2026,01:42:56,65191,0.004091,0.126332,-0.11,-0.27,-16.3125,-4.6875,283.875,-0.003043,0,0,37.50751,0,0,1000,50,3.9375
08.08.2026,01:42:56,65297,0,0.106351,-0.11,-0.29,-16.3125,-4.6875,284.0625,-0.000591,0,0,37.50745,0,0,1000,50,3.784084
08.08.2026,01:42:56,65403,0.006137,0.066261,-0.12,-0.28,-16.3125,-4.75,284.1875,0.003769,0,0,37.50811,0,0,1000,50,3.9375
08.08.2026,01:42:56,65509,0,0.07614,-0.1,-0.29,-16.3125,-4.8125,284.3125,0.003399,0,0,37.50845,0,0,1000,50,3.569298
08.08.2026,01:42:56,65615,0.001023,0.065983,-0.09,-0.26,-16.3125,-4.875,284.5,0.001488,0,0,37.50859,0,0,1000,50,3.876133
08.08.2026,01:42:56,65721,0,0.066,-0.1,-0.27,-16.3125,-4.875,284.625,-0.000536,0,0,37.50854,0,0,1000,50,3.876133
08.08.2026,01:42:56,65827,0.001023,0.066066,-0.09,-0.28,-16.375,-4.75,284.75,-0.002036,0,0,37.50834,0,0,1000,50,4.217049
08.08.2026,01:42:56,65933,0,0.086162,-0.08,-0.27,-16.375,-4.625,284.9375,-0.002984,0,0,37.50804,0,0,1000,50,4.125
08.08.2026,01:42:56,66039,0,0.08625,-0.09,-0.28,-16.375,-4.5,285.0625,-0.002748,0,0,37.50777,0,0,1000,50,4.125
08.08.2026,01:42:56,66145,0,0.056334,-0.09,-0.26,-16.3125,-4.5,285.25,-0.002614,0,0,37.5075,0,0,1000,50,3.9375
08.08.2026,01:42:56,66251,0,0.066476,-0.11,-0.27,-16.25,-4.625,285.375,-0.004399,0,0,37.50706,0,0,1000,50,3.75
08.08.2026,01:42:56,66357,0.003068,0.076672,-0.1,-0.25,-16.25,-4.75,285.5,-0.006106,0,0,37.50645,0,0,1000,50,3.75
08.08.2026,01:42:56,66463,0,0.06689,-0.1,-0.26,-16.25,-4.8125,285.625,-0.006775,0,0,37.50578,0,0,1000,50,3.842049
08.08.2026,01:42:56,66569,0,0.067134,-0.1,-0.26,-16.25,-4.8125,285.8125,-0.007582,0,0,37.50502,0,0,1000,50,3.75
08.08.2026,01:42:56,66675,0,0.097396,-0.08,-0.26,-16.3125,-4.8125,286,-0.008156,0,0,37.5042,0,0,1000,50,3.9375
08.08.2026,01:42:56,66781,0.001023,0.107606,-0.1,-0.26,-16.3125,-4.75,286.125,-0.006518,0,0,37.50355,0,0,1000,50,3.9375
08.08.2026,01:42:56,66887,0,0.097746,-0.1,-0.26,-16.3125,-4.6875,286.3125,-0.004357,0,0,37.50311,0,0,1000,50,3.876133
08.08.2026,01:42:56,66993,0,0.127813,-0.09,-0.28,-16.3125,-4.6875,286.4375,-0.0021,0,0,37.5029,0,0,1000,50,3.9375
08.08.2026,01:42:56,67099,0,0.107803,-0.09,-0.27,-16.375,-4.8125,286.6875,0.000315,0,0,37.50293,0,0,1000,50,4.28125
08.08.2026,01:42:56,67205,0,0.097711,-0.08,-0.27,-16.375,-4.9375,286.8125,0.004969,0,0,37.50372,0,0,1000,50,4.125
08.08.2026,01:42:56,67311,0,0.087551,-0.1,-0.24,-16.375,-5,286.9375,0.006,0,0,37.50431,0,0,1000,50,4.125
08.08.2026,01:42:56,67417,0,0.097358,-0.1,-0.26,-16.375,-5,287.0625,0.006343,0,0,37.50495,0,0,1000,50,4.585255
08.08.2026,01:42:56,67523,0.002046,0.107154,-0.11,-0.27,-16.375,-5,287.1875,0.008001,0,0,37.50575,0,0,1000,50,4.309101
08.08.2026,01:42:56,67629,0,0.116575,-0.11,-0.26,-16.375,-4.875,287.4375,0.010012,0,0,37.50675,0,0,1000,50,3.96875
08.08.2026,01:42:56,67735,0.004091,0.126171,-0.11,-0.29,-16.375,-4.8125,287.5625,0.012583,0,0,37.50801,0,0,1000,50,4.125
08.08.2026,01:42:56,67841,0,0.095713,-0.1,-0.24,-16.375,-4.8125,287.6875,0.014232,0,0,37.50943,0,0,1000,50,3.879532
08.08.2026,01:42:56,67947,0,0.085242,-0.11,-0.25,-16.375,-4.8125,287.8125,0.014632,0,0,37.51089,0,0,1000,50,4.125
08.08.2026,01:42:56,68053,0,0.064819,-0.1,-0.26,-16.375,-4.875,288,0.013155,0,0,37.51221,0,0,1000,50,4.585255
08.08.2026,01:42:56,68159,0.003068,0.074471,-0.12,-0.26,-16.375,-4.8125,288.1875,0.010835,0,0,37.51329,0,0,1000,50,4.125
08.08.2026,01:42:56,68265,0.004091,0.084167,-0.12,-0.28,-16.3125,-4.75,288.375,0.009448,0,0,37.51424,0,0,1000,50,3.753399
08.08.2026,01:42:56,68371,0,0.05391,-0.11,-0.27,-16.3125,-4.6875,288.5,0.008007,0,0,37.51504,0,0,1000,50,3.9375
08.08.2026,01:42:56,68477,0,0.053736,-0.1,-0.27,-16.3125,-4.625,288.6875,0.005399,0,0,37.51558,0,0,1000,50,3.9375
08.08.2026,01:42:56,68583,0,0.063648,-0.1,-0.27,-16.3125,-4.5625,288.8125,0.002745,0,0,37.51586,0,0,1000,50,3.9375
08.08.2026,01:42:56,68689,0,0.033657,-0.1,-0.27,-16.3125,-4.5,289,-0.000282,0,0,37.51583,0,0,1000,50,3.9375
08.08.2026,01:42:56,68795,0.003068,0.043768,-0.1,-0.29,-16.3125,-4.4375,289.125,-0.003444,0,0,37.51549,0,0,1000,50,3.9375
08.08.2026,01:42:56,68901,0,0.043978,-0.08,-0.27,-16.3125,-4.4375,289.25,-0.008488,0,0,37.51398,0,0,1000,50,3.753399
08.08.2026,01:42:56,69007,0,0.024251,-0.08,-0.24,-16.3125,-4.5,289.3125,-0.011368,0,0,37.51285,0,0,1000,50,3.9375
08.08.2026,01:42:56,69113,0,0.035077,-0.11,-0.28,-16.25,-4.625,289.5,-0.014339,0,0,37.51141,0,0,1000,50,3.75
08.08.2026,01:42:56,69219,0,0.035616,-0.06,-0.28,-16.1875,-4.625,289.625,-0.016762,0,0,37.50974,0,0,1000,50,3.5625
08.08.2026,01:42:56,69325,0,0.026251,-0.08,-0.26,-16.125,-4.5625,289.75,-0.019736,0,0,37.50777,0,0,1000,50,3.375
08.08.2026,01:42:56,69431,0,0.066937,-0.05,-0.26,-16.0625,-4.5625,289.875,-0.021346,0,0,37.50563,0,0,1000,50,3.1875
08.08.2026,01:42:56,69537,0,0.057592,-0.08,-0.27,-16.0625,-4.5,290,-0.020364,0,0,37.50359,0,0,1000,50,3.739803
08.08.2026,01:42:56,69643,0,0.068221,-0.09,-0.29,-16.0625,-4.5,290.1875,-0.019569,0,0,37.50164,0,0,1000,50,3.463654
08.08.2026,01:42:56,69749,0,0.058825,-0.06,-0.27,-16.0625,-4.5625,290.3125,-0.018765,0,0,37.49976,0,0,1000,50,3.1875
08.08.2026,01:42:56,69855,0,0.069425,-0.06,-0.28,-16.0625,-4.625,290.4375,-0.018657,0,0,37.49789,0,0,1000,50,3.1875
08.08.2026,01:42:56,69961,0,0.040002,-0.07,-0.3,-16.0625,-4.6875,290.5625,-0.017935,0,0,37.4961,0,0,1000,50,3.279549
08.08.2026,01:42:56,70067,0,0.040586,-0.05,-0.3,-16.125,-4.6875,290.75,-0.018163,0,0,37.49429,0,0,1000,50,3.375
08.08.2026,01:42:56,70173,0,0.071184,-0.04,-0.28,-16.125,-4.625,290.9375,-0.018609,0,0,37.49242,0,0,1000,50,3.375
08.08.2026,01:42:56,70279,0,0.081761,-0.06,-0.25,-16.125,-4.625,291.0625,-0.017935,0,0,37.49063,0,0,1000,50,3.375
08.08.2026,01:42:56,70385,0,0.082274,-0.05,-0.3,-16.125,-4.5625,291.1875,-0.015955,0,0,37.48904,0,0,1000,50,3.375
08.08.2026,01:42:56,70491,0,0.082706,-0.04,-0.32,-16.0625,-4.5625,291.3125,-0.01344,0,0,37.48769,0,0,1000,50,3.1875
08.08.2026,01:42:56,70597,0,0.063079,-0.05,-0.28,-15.9375,-4.625,291.5,-0.011602,0,0,37.48653,0,0,1000,50,3
08.08.2026,01:42:56,70703,0,0.063435,-0.03,-0.29,-15.9375,-4.6875,291.625,-0.009927,0,0,37.48444,0,0,1000,50,2.8125
08.08.2026,01:42:56,70809,0,0.053754,-0.04,-0.27,-15.9375,-4.6875,291.8125,-0.009139,0,0,37.48352,0,0,1000,50,2.8125
08.08.2026,01:42:56,70915,0.002046,0.054048,-0.04,-0.28,-15.9375,-4.6875,291.9375,-0.008923,0,0,37.48263,0,0,1000,50,2.996601
08.08.2026,01:42:56,71021,0,0.064335,-0.06,-0.3,-15.9375,-4.6875,292.0625,-0.008162,0,0,37.48181,0,0,1000,50,2.8125
08.08.2026,01:42:56,71127,0,0.054815,-0.04,-0.28,-15.9375,-4.625,292.3125,-0.006755,0,0,37.48114,0,0,1000,50,2.8125
08.08.2026,01:42:56,71233,0,0.085011,-0.04,-0.27,-16,-4.625,292.4375,-0.006099,0,0,37.48053,0,0,1000,50,2.628399
08.08.2026,01:42:56,71339,0,0.065173,-0.02,-0.28,-16,-4.5625,292.5625,-0.005058,0,0,37.48002,0,0,1000,50,3
08.08.2026,01:42:56,71445,0,0.065323,-0.03,-0.28,-16,-4.625,292.75,-0.004644,0,0,37.47955,0,0,1000,50,3
08.08.2026,01:42:56,71551,0,0.065476,-0.05,-0.28,-16,-4.5625,292.875,-0.004778,0,0,37.47908,0,0,1000,50,3
08.08.2026,01:42:56,71657,0,0.045647,-0.03,-0.29,-16,-4.5625,293.0625,-0.005304,0,0,37.47855,0,0,1000,50,3
08.08.2026,01:42:56,71763,0,0.065885,-0.05,-0.32,-16,-4.5625,293.1875,-0.007389,0,0,37.47781,0,0,1000,50,3
08.08.2026,01:42:56,71869,0,0.066143,-0.06,-0.29,-16.0625,-4.5,293.3125,-0.008033,0,0,37.477,0,0,1000,50,3.1875
08.08.2026,01:42:56,71975,0,0.046423,-0.06,-0.28,-16.0625,-4.5,293.4375,-0.008724,0,0,37.47613,0,0,1000,50,3.1875
08.08.2026,01:42:56,72081,0,0.056725,-0.06,-0.28,-16.0625,-4.5,293.5625,-0.009365,0,0,37.47519,0,0,1000,50,3.1875
08.08.2026,01:42:56,72187,0,0.057048,-0.05,-0.3,-16.0625,-4.4375,293.6875,-0.010045,0,0,37.47419,0,0,1000,50,3.1875
08.08.2026,01:42:56,72293,0,0.057366,-0.04,-0.28,-16.0625,-4.4375,293.8125,-0.009885,0,0,37.4732,0,0,1000,50,3.1875
08.08.2026,01:42:56,72399,0,0.057677,-0.05,-0.26,-16.0625,-4.5,293.9375,-0.009691,0,0,37.47223,0,0,1000,50,3.1875
08.08.2026,01:42:56,72505,0,0.05799,-0.08,-0.23,-16.125,-4.5625,294.0625,-0.009706,0,0,37.47029,0,0,1000,50,3.375
08.08.2026,01:42:56,72611,0,0.048609,-0.08,-0.26,-16.125,-4.625,294.1875,-0.009542,0,0,37.46934,0,0,1000,50,3.375
08.08.2026,01:42:56,72717,0,0.048946,-0.08,-0.25,-16.125,-4.5625,294.3125,-0.010479,0,0,37.46829,0,0,1000,50,3.375
08.08.2026,01:42:56,72823,0,0.059285,-0.1,-0.28,-16.125,-4.5625,294.4375,-0.01054,0,0,37.46724,0,0,1000,50,3.375
08.08.2026,01:42:56,72929,0,0.069598,-0.08,-0.28,-16.125,-4.5625,294.5625,-0.00975,0,0,37.46626,0,0,1000,50,3.375
08.08.2026,01:42:56,73035,0,0.069871,-0.1,-0.28,-16.125,-4.5,294.75,-0.008483,0,0,37.46541,0,0,1000,50,3.375
08.08.2026,01:42:56,73141,0,0.080098,-0.08,-0.31,-16.1875,-4.5625,294.9375,-0.007069,0,0,37.46471,0,0,1000,50,3.5625
08.08.2026,01:42:56,73247,0,0.080276,-0.07,-0.3,-16.1875,-4.625,295.0625,-0.005536,0,0,37.46415,0,0,1000,50,3.5625
08.08.2026,01:42:56,73353,0,0.07043,-0.06,-0.29,-16.1875,-4.6875,295.1875,-0.004778,0,0,37.46368,0,0,1000,50,3.5625
08.08.2026,01:42:56,73459,0.002046,0.070556,-0.07,-0.26,-16.1875,-4.6875,295.3125,-0.003917,0,0,37.46328,0,0,1000,50,3.5625
08.08.2026,01:42:56,73565,0,0.070668,-0.07,-0.27,-16.25,-4.625,295.4375,-0.003492,0,0,37.46293,0,0,1000,50,3.75
08.08.2026,01:42:56,73671,0,0.080757,-0.08,-0.26,-16.25,-4.625,295.625,-0.002757,0,0,37.46266,0,0,1000,50,4.118202
08.08.2026,01:42:56,73777,0,0.080802,-0.08,-0.28,-16.25,-4.625,295.75,-0.001402,0,0,37.46252,0,0,1000,50,3.75
08.08.2026,01:42:56,73883,0,0.060817,-0.09,-0.25,-16.25,-4.5625,295.9375,-0.000473,0,0,37.46247,0,0,1000,50,3.75
08.08.2026,01:42:56,73989,0,0.070809,-0.1,-0.28,-16.25,-4.5625,296,0.000252,0,0,37.4625,0,0,1000,50,3.75
08.08.2026,01:42:56,74095,0,0.060798,-0.11,-0.25,-16.25,-4.5625,296.1875,0.000361,0,0,37.46253,0,0,1000,50,3.75
08.08.2026,01:42:56,74201,0,0.060783,-0.1,-0.28,-16.25,-4.5625,296.3125,-0.000252,0,0,37.46255,0,0,1000,50,3.75
08.08.2026,01:42:56,74307,0,0.070791,-0.1,-0.27,-16.3125,-4.5,296.4375,-0.001302,0,0,37.46242,0,0,1000,50,3.75
08.08.2026,01:42:56,74413,0,0.060833,-0.12,-0.26,-16.375,-4.5,296.625,-0.002472,0,0,37.46217,0,0,1000,50,4.28125
08.08.2026,01:42:56,74519,0,0.050912,-0.11,-0.28,-16.4375,-4.5,296.75,-0.003479,0,0,37.46183,0,0,1000,50,4.46875
08.08.2026,01:42:56,74625,0,0.061175,-0.11,-0.28,-16.5,-4.4375,296.9375,-0.004687,0,0,37.46136,0,0,1000,50,4.5
08.08.2026,01:42:56,74731,0,0.061367,-0.11,-0.27,-16.5,-4.4375,297,-0.005976,0,0,37.46076,0,0,1000,50,4.5
08.08.2026,01:42:56,74837,0,0.041575,-0.12,-0.28,-16.5,-4.4375,297.125,-0.006455,0,0,37.46011,0,0,1000,50,4.254532
08.08.2026,01:42:56,74943,0,0.021831,-0.11,-0.27,-16.5,-4.375,297.25,-0.00797,0,0,37.45932,0,0,1000,50,4.5
08.08.2026,01:42:56,75049,0,0.032176,-0.14,-0.28,-16.5625,-4.375,297.3125,-0.010728,0,0,37.45824,0,0,1000,50,4.6875
08.08.2026,01:42:56,75155,0,0.032563,-0.15,-0.26,-16.5,-4.375,297.5,-0.012027,0,0,37.45704,0,0,1000,50,4.5
08.08.2026,01:42:56,75261,0,0.013003,-0.14,-0.28,-16.5,-4.3125,297.5625,-0.013703,0,0,37.45567,0,0,1000,50,4.5
08.08.2026,01:42:56,75367,0,0.043511,-0.14,-0.26,-16.5625,-4.3125,297.6875,-0.015784,0,0,37.45409,0,0,1000,50,4.6875
08.08.2026,01:42:56,75473,0,0.01404,-0.16,-0.28,-16.5625,-4.25,297.75,-0.016466,0,0,37.45245,0,0,1000,50,4.6875
08.08.2026,01:42:56,75579,0,0.024631,-0.15,-0.26,-16.5625,-4.25,297.875,-0.018362,0,0,37.45061,0,0,1000,50,4.6875
08.08.2026,01:42:56,75685,0.001023,0.005226,-0.15,-0.29,-16.5625,-4.25,298,-0.018519,0,0,37.44876,0,0,1000,50,4.6875
08.08.2026,01:42:56,75791,0,0.015893,-0.14,-0.26,-16.5625,-4.25,298.0625,-0.02073,0,0,37.44669,0,0,1000,50,4.626133
08.08.2026,01:42:56,75897,0,0.016624,-0.13,-0.27,-16.5625,-4.25,298.125,-0.022717,0,0,37.44442,0,0,1000,50,4.6875
08.08.2026,01:42:56,76003,0,-0.002597,-0.12,-0.26,-16.5625,-4.25,298.1875,-0.026021,0,0,37.43939,0,0,1000,50,4.6875
08.08.2026,01:42:56,76109,0,-0.000861,-0.14,-0.28,-16.5625,-4.25,298.3125,-0.027961,0,0,37.4366,0,0,1000,50,4.6875
08.08.2026,01:42:56,76215,0,0.010087,-0.15,-0.28,-16.625,-4.1875,298.375,-0.029495,0,0,37.43365,0,0,1000,50,4.875
08.08.2026,01:42:56,76321,0,0.011065,-0.14,-0.29,-16.625,-4.1875,298.5,-0.030406,0,0,37.43061,0,0,1000,50,4.875
08.08.2026,01:42:56,76427,0,0.012066,-0.16,-0.29,-16.625,-4.125,298.5625,-0.031117,0,0,37.42749,0,0,1000,50,4.875
08.08.2026,01:42:56,76533,0,0.023061,-0.16,-0.27,-16.625,-4.125,298.625,-0.030953,0,0,37.4244,0,0,1000,50,4.875
08.08.2026,01:42:56,76639,0,0.014038,-0.15,-0.28,-16.625,-4.125,298.6875,-0.030374,0,0,37.42136,0,0,1000,50,4.875
08.08.2026,01:42:56,76745,0,0.01499,-0.16,-0.27,-16.625,-4.125,298.6875,-0.029612,0,0,37.4184,0,0,1000,50,4.875
08.08.2026,01:42:56,76851,0,-0.004073,-0.15,-0.27,-16.625,-4.1875,298.6875,-0.029131,0,0,37.41549,0,0,1000,50,4.875
08.08.2026,01:42:56,76957,0,0.006876,-0.14,-0.25,-16.625,-4.1875,298.75,-0.029531,0,0,37.41254,0,0,1000,50,4.875
08.08.2026,01:42:56,77063,0,0.017823,-0.16,-0.26,-16.625,-4.1875,298.75,-0.029453,0,0,37.40959,0,0,1000,50,4.875
08.08.2026,01:42:56,77169,0,0.008771,-0.16,-0.27,-16.625,-4.125,298.8125,-0.029473,0,0,37.40664,0,0,1000,50,4.875
08.08.2026,01:42:56,77275,0,-0.000286,-0.17,-0.26,-16.625,-4.125,298.8125,-0.029325,0,0,37.40371,0,0,1000,50,4.875
08.08.2026,01:42:56,77381,0,0.010642,-0.18,-0.27,-16.625,-4.125,298.8125,-0.028858,0,0,37.40083,0,0,1000,50,4.875
08.08.2026,01:42:56,77487,0,-0.008431,-0.17,-0.25,-16.625,-4.125,298.875,-0.028811,0,0,37.39795,0,0,1000,50,4.875
08.08.2026,01:42:56,77593,0,0.012494,-0.16,-0.26,-16.625,-4.125,298.9375,-0.028783,0,0,37.39507,0,0,1000,50,5.335255
08.08.2026,01:42:56,77699,0,0.03338,-0.15,-0.28,-16.625,-4.125,298.9375,-0.027552,0,0,37.39231,0,0,1000,50,4.875
08.08.2026,01:42:56,77805,0,0.034218,-0.16,-0.26,-16.625,-4.1875,298.9375,-0.023482,0,0,37.38736,0,0,1000,50,4.875
08.08.2026,01:42:56,77911,0.001023,0.044973,-0.16,-0.27,-16.625,-4.25,298.9375,-0.021537,0,0,37.3852,0,0,1000,50,4.875
08.08.2026,01:42:56,78017,0,0.035666,-0.14,-0.26,-16.625,-4.3125,298.9375,-0.019282,0,0,37.38327,0,0,1000,50,4.875
08.08.2026,01:42:56,78123,0,0.036836,-0.15,-0.27,-16.625,-4.375,298.9375,-0.017115,0,0,37.38156,0,0,1000,50,4.875
08.08.2026,01:42:56,78229,0,0.037331,-0.14,-0.25,-16.625,-4.375,299,-0.015391,0,0,37.38002,0,0,1000,50,4.875
08.08.2026,01:42:56,78335,0,0.057758,-0.14,-0.26,-16.625,-4.3125,299,-0.013278,0,0,37.3787,0,0,1000,50,4.875
08.08.2026,01:42:56,78441,0,0.068076,-0.16,-0.27,-16.625,-4.3125,299.0625,-0.009879,0,0,37.37771,0,0,1000,50,4.875
08.08.2026,01:42:56,78547,0,0.07828,-0.15,-0.27,-16.625,-4.3125,299.0625,-0.006336,0,0,37.37708,0,0,1000,50,4.875
08.08.2026,01:42:56,78653,0,0.068386,-0.16,-0.28,-16.625,-4.375,299.0625,-0.003298,0,0,37.37675,0,0,1000,50,4.875
08.08.2026,01:42:56,78759,0,0.068423,-0.17,-0.28,-16.625,-4.4375,299.0625,-0.001153,0,0,37.37663,0,0,1000,50,4.875
08.08.2026,01:42:56,78865,0,0.058394,-0.18,-0.29,-16.625,-4.4375,299.0625,0.000898,0,0,37.37672,0,0,1000,50,4.875
08.08.2026,01:42:56,78971,0,0.078322,-0.16,-0.27,-16.625,-4.4375,299.0625,0.002247,0,0,37.37695,0,0,1000,50,4.875
08.08.2026,01:42:56,79077,0,0.088153,-0.14,-0.31,-16.6875,-4.4375,299.125,0.00524,0,0,37.37747,0,0,1000,50,4.875
08.08.2026,01:42:56,79183,0,0.077913,-0.14,-0.28,-16.6875,-4.4375,299.125,0.007471,0,0,37.37822,0,0,1000,50,5.0625
08.08.2026,01:42:56,79289,0,0.05762,-0.14,-0.25,-16.6875,-4.4375,299.125,0.009113,0,0,37.37913,0,0,1000,50,5.0625
08.08.2026,01:42:56,79395,0,0.067322,-0.13,-0.26,-16.6875,-4.4375,299.125,0.009273,0,0,37.38006,0,0,1000,50,5.0625
08.08.2026,01:42:56,79501,0,0.087015,-0.15,-0.27,-16.6875,-4.375,299.125,0.010756,0,0,37.38209,0,0,1000,50,5.0625
08.08.2026,01:42:56,79607,0,0.096277,-0.13,-0.28,-16.5625,-4.375,299.125,0.012196,0,0,37.38331,0,0,1000,50,4.875
08.08.2026,01:42:56,79713,0,0.065802,-0.13,-0.26,-16.5,-4.375,299.125,0.014778,0,0,37.38478,0,0,1000,50,4.377266
08.08.2026,01:42:56,79819,0,0.085307,-0.12,-0.28,-16.375,-4.4375,299.125,0.015377,0,0,37.38632,0,0,1000,50,4.3125
08.08.2026,01:42:56,79925,0,0.074802,-0.12,-0.27,-16.3125,-4.5625,299.1875,0.015725,0,0,37.38789,0,0,1000,50,3.9375
08.08.2026,01:42:56,80031,0,0.054295,-0.1,-0.25,-16.3125,-4.625,299.1875,0.015767,0,0,37.38947,0,0,1000,50,3.9375
08.08.2026,01:42:56,80137,0,0.063789,-0.11,-0.28,-16.3125,-4.625,299.1875,0.015715,0,0,37.39104,0,0,1000,50,3.9375
08.08.2026,01:42:56,80243,0,0.063288,-0.12,-0.29,-16.3125,-4.5,299.25,0.015595,0,0,37.3926,0,0,1000,50,3.9375
08.08.2026,01:42:56,80349,0,0.062792,-0.1,-0.28,-16.3125,-4.375,299.3125,0.015403,0,0,37.39414,0,0,1000,50,3.9375
08.08.2026,01:42:56,80455,0,0.072317,-0.08,-0.28,-16.3125,-4.25,299.375,0.014795,0,0,37.39562,0,0,1000,50,3.9375
08.08.2026,01:42:56,80561,0,0.061833,-0.1,-0.29,-16.3125,-4.3125,299.375,0.015054,0,0,37.39713,0,0,1000,50,3.9375
08.08.2026,01:42:56,80667,0,0.081355,-0.08,-0.28,-16.3125,-4.4375,299.4375,0.014847,0,0,37.39861,0,0,1000,50,3.9375
08.08.2026,01:42:56,80773,0,0.070855,-0.08,-0.27,-16.3125,-4.5625,299.4375,0.015542,0,0,37.40017,0,0,1000,50,3.9375
08.08.2026,01:42:56,80879,0,0.080358,-0.09,-0.26,-16.25,-4.6875,299.4375,0.015451,0,0,37.40171,0,0,1000,50,3.75
08.08.2026,01:42:56,80985,0,0.079856,-0.09,-0.29,-16.1875,-4.6875,299.4375,0.015634,0,0,37.40327,0,0,1000,50,3.40625
08.08.2026,01:42:56,81091,0,0.069359,-0.09,-0.28,-16.1875,-4.625,299.5,0.015444,0,0,37.40482,0,0,1000,50,3.5625
08.08.2026,01:42:56,81197,0,0.078873,-0.1,-0.25,-16.1875,-4.4375,299.5625,0.015105,0,0,37.40633,0,0,1000,50,3.5625
08.08.2026,01:42:56,81303,0,0.068405,-0.09,-0.27,-16.1875,-4.3125,299.625,0.015465,0,0,37.40933,0,0,1000,50,3.5625
08.08.2026,01:42:56,81409,0,0.067908,-0.09,-0.27,-16.1875,-4.3125,299.6875,0.015563,0,0,37.41088,0,0,1000,50,3.5625
08.08.2026,01:42:56,81515,0,0.077408,-0.1,-0.3,-16.1875,-4.3125,299.6875,0.014951,0,0,37.41238,0,0,1000,50,3.5625
08.08.2026,01:42:56,81621,0,0.076432,-0.09,-0.29,-16.1875,-4.5,299.75,0.01538,0,0,37.41392,0,0,1000,50,3.5625
08.08.2026,01:42:56,81727,0,0.065965,-0.09,-0.27,-16.1875,-4.6875,299.75,0.014534,0,0,37.41537,0,0,1000,50,3.5625
08.08.2026,01:42:56,81833,0,0.075527,-0.08,-0.27,-16.1875,-4.6875,299.75,0.013628,0,0,37.41673,0,0,1000,50,3.5625
08.08.2026,01:42:56,81939,0,0.0651,-0.08,-0.27,-16.1875,-4.6875,299.75,0.013284,0,0,37.41806,0,0,1000,50,3.5625
08.08.2026,01:42:56,82045,0,0.054718,-0.09,-0.28,-16.1875,-4.5625,299.8125,0.011864,0,0,37.41925,0,0,1000,50,3.5625
08.08.2026,01:42:56,82151,0,0.064373,-0.08,-0.3,-16.25,-4.3125,299.875,0.010734,0,0,37.42032,0,0,1000,50,3.75
08.08.2026,01:42:56,82257,0,0.074056,-0.06,-0.32,-16.25,-4.25,299.9375,0.009862,0,0,37.42131,0,0,1000,50,3.75
08.08.2026,01:42:56,82363,0,0.073754,-0.09,-0.3,-16.25,-4.25,300,0.009395,0,0,37.42225,0,0,1000,50,3.5625
08.08.2026,01:42:56,82469,0,0.073441,-0.09,-0.28,-16.1875,-4.375,300.0625,0.009717,0,0,37.42322,0,0,1000,50,3.75
08.08.2026,01:42:56,82575,0,0.07313,-0.08,-0.28,-16.1875,-4.5625,300.0625,0.009681,0,0,37.42419,0,0,1000,50,3.5625
08.08.2026,01:42:56,82681,0,0.052852,-0.09,-0.26,-16.25,-4.6875,300.0625,0.008637,0,0,37.42505,0,0,1000,50,3.75
08.08.2026,01:42:56,82787,0,0.082611,-0.09,-0.27,-16.25,-4.6875,300.0625,0.007505,0,0,37.4258,0,0,1000,50,3.75
08.08.2026,01:42:56,82893,0,0.072405,-0.09,-0.28,-16.25,-4.625,300.0625,0.006388,0,0,37.42644,0,0,1000,50,3.75
08.08.2026,01:42:56,82999,0,0.07219,-0.1,-0.26,-16.1875,-4.5,300.125,0.006686,0,0,37.4271,0,0,1000,50,3.5625
08.08.2026,01:42:56,83105,0,0.07166,-0.08,-0.29,-16.25,-4.4375,300.1875,0.008887,0,0,37.42875,0,0,1000,50,3.90625
08.08.2026,01:42:56,83211,0,0.071362,-0.09,-0.29,-16.1875,-4.4375,300.25,0.009257,0,0,37.42968,0,0,1000,50,3.5625
08.08.2026,01:42:56,83317,0,0.081059,-0.09,-0.27,-16.25,-4.5,300.25,0.009441,0,0,37.43063,0,0,1000,50,3.75
08.08.2026,01:42:56,83423,0,0.061059,-0.1,-0.28,-16.25,-4.5625,300.25,0.009288,0,0,37.43155,0,0,1000,50,3.75
08.08.2026,01:42:56,83529,0,0.05076,-0.1,-0.27,-16.25,-4.625,300.25,0.008499,0,0,37.4324,0,0,1000,50,3.75
08.08.2026,01:42:56,83635,0,0.060265,-0.08,-0.28,-16.25,-4.5,300.25,0.006892,0,0,37.43309,0,0,1000,50,3.75
08.08.2026,01:42:56,83741,0,0.07007,-0.07,-0.29,-16.25,-4.4375,300.25,0.006058,0,0,37.4337,0,0,1000,50,3.75
08.08.2026,01:42:56,83847,0,0.089889,-0.07,-0.27,-16.25,-4.375,300.25,0.005646,0,0,37.43427,0,0,1000,50,3.75
08.08.2026,01:42:56,83953,0,0.069689,-0.09,-0.28,-16.1875,-4.375,300.25,0.006214,0,0,37.43489,0,0,1000,50,3.5625
08.08.2026,01:42:56,84059,0,0.059514,-0.08,-0.26,-16.1875,-4.4375,300.25,0.005454,0,0,37.43543,0,0,1000,50,3.5625
08.08.2026,01:42:56,84165,0,0.009363,-0.09,-0.32,-16.1875,-4.5,300.25,0.004673,0,0,37.4359,0,0,1000,50,3.5625
08.08.2026,01:42:56,84271,0,0.029342,-0.1,-0.3,-16.125,-4.5,300.25,0.000654,0,0,37.43597,0,0,1000,50,3.375
08.08.2026,01:42:56,84377,0,0.069429,-0.08,-0.32,-16.125,-4.375,300.25,-0.002682,0,0,37.4357,0,0,1000,50,3.375
08.08.2026,01:42:56,84483,0,0.099546,-0.11,-0.31,-16.125,-4.3125,300.25,-0.003659,0,0,37.43533,0,0,1000,50,3.375
08.08.2026,01:42:56,84589,0,0.159573,-0.05,-0.3,-16.125,-4.4375,300.25,-0.000831,0,0,37.43525,0,0,1000,50,3.375
08.08.2026,01:42:56,84695,0,0.129369,-0.06,-0.23,-16.125,-4.75,300.3125,0.006347,0,0,37.43588,0,0,1000,50,3.375
08.08.2026,01:42:56,84801,0,0.048959,-0.07,-0.21,-16.125,-5.1875,300.375,0.014334,0,0,37.43859,0,0,1000,50,3.375
08.08.2026,01:42:56,84907,0,-0.041502,-0.07,-0.19,-16.125,-5.3125,300.4375,0.007358,0,0,37.43933,0,0,1000,50,3.375
08.08.2026,01:42:56,85013,0,-0.071739,-0.03,-0.24,-16.125,-4.8125,300.5625,-0.004083,0,0,37.43892,0,0,1000,50,3.375
08.08.2026,01:42:56,85119,0,-0.02115,-0.05,-0.32,-16.125,-3.5,300.75,-0.014212,0,0,37.4375,0,0,1000,50,3.375
08.08.2026,01:42:56,85225,0,0.099428,-0.06,-0.37,-16.125,-2.6875,300.8125,-0.017999,0,0,37.4357,0,0,1000,50,3.375
08.08.2026,01:42:56,85331,0,0.17981,-0.04,-0.37,-16,-2.5625,300.875,-0.011875,0,0,37.43451,0,0,1000,50,3
08.08.2026,01:42:56,85437,0,0.149836,-0.04,-0.3,-15.8125,-3.375,300.8125,-0.000802,0,0,37.43443,0,0,1000,50,2.28125
08.08.2026,01:42:56,85543,0,0.039714,-0.02,-0.21,-15.625,-4.9375,300.5625,0.003804,0,0,37.43481,0,0,1000,50,1.71875
08.08.2026,01:42:56,85649,0,-0.190209,-0.01,-0.17,-15.5625,-6.375,300.3125,-0.002398,0,0,37.43457,0,0,1000,50,1.6875
08.08.2026,01:42:56,85755,0,-0.189544,-0.01,-0.2,-15.6875,-5.9375,300.3125,-0.020691,0,0,37.4325,0,0,1000,50,1.875
08.08.2026,01:42:56,85861,0,-0.108257,-0.04,-0.27,-15.875,-4.25,300.5,-0.04001,0,0,37.4285,0,0,1000,50,2.4375
08.08.2026,01:42:56,85967,0,-0.036599,-0.06,-0.36,-16,-2.4375,300.875,-0.051573,0,0,37.42334,0,0,1000,50,3
08.08.2026,01:42:56,86073,0,-0.004841,-0.09,-0.48,-16.125,-0.8125,301.3125,-0.054655,0,0,37.41788,0,0,1000,50,3.375
08.08.2026,01:42:56,86179,0,0.066912,-0.07,-0.56,-16.125,-1.0625,301.4375,-0.054508,0,0,37.41243,0,0,1000,50,3.375
08.08.2026,01:42:56,86285,0,0.188536,-0.05,-0.58,-15.9375,-2.625,301.4375,-0.050501,0,0,37.40738,0,0,1000,50,3
08.08.2026,01:42:56,86391,0,0.309724,-0.01,-0.38,-15.6875,-5.0625,301.25,-0.036962,0,0,37.40368,0,0,1000,50,1.75
08.08.2026,01:42:56,86497,0,0.190143,0.07,0.03,-15.375,-7.5625,300.875,-0.013012,0,0,37.40238,0,0,1000,50,0.8125
08.08.2026,01:42:56,86603,0,-0.439929,0.09,0.31,-15.1875,-9.25,300.375,-0.003623,0,0,37.4026,0,0,1000,50,0.40625
08.08.2026,01:42:56,86709,0,-0.789929,0.03,-0.05,-15.4375,-7.6875,300.375,-0.058839,0,0,37.39672,0,0,1000,50,1.25
08.08.2026,01:42:56,86815,0,-0.378037,-0.1,-0.7,-15.75,-3.3125,301.0625,-0.118725,0,0,37.38485,0,0,1000,50,2.40625
08.08.2026,01:42:56,86921,0,0.295781,-0.2,-1.04,-15.8125,2.5625,302,-0.126481,0,0,37.3722,0,0,1000,50,2.4375
08.08.2026,01:42:56,87027,0,0.819848,-0.11,-0.9,-15.5625,5.1875,302.4375,-0.068098,0,0,37.36539,0,0,1000,50,1.53125
08.08.2026,01:42:56,87133,0,0.541588,0.03,-0.33,-15.4375,0.75,301.8125,0.013983,0,0,37.36679,0,0,1000,50,1.3125
08.08.2026,01:42:56,87239,0,-0.050197,0.07,0.17,-15.3125,-7.3125,300.8125,0.055531,0,0,37.37234,0,0,1000,50,1.125
08.08.2026,01:42:56,87345,0,-0.8613,0.09,0.4,-15.125,-13.625,300.125,0.034291,0,0,37.37577,0,0,1000,50,0.654549
08.08.2026,01:42:56,87451,0,-0.999791,0.01,0.09,-15.125,-14.25,300.0625,-0.046921,0,0,37.37108,0,0,1000,50,0.375
08.08.2026,01:42:56,87557,0,-0.355623,-0.11,-0.68,-15.375,-5.8125,301.25,-0.129621,0,0,37.35812,0,0,1000,50,1.09375
08.08.2026,01:42:56,87663,0,0.279648,-0.14,-1.07,-15.375,2.1875,302.5,-0.163914,0,0,37.34172,0,0,1000,50,1.125
08.08.2026,01:42:56,87769,0,0.923862,-0.14,-1.18,-15.1875,7.6875,303.4375,-0.131032,0,0,37.32862,0,0,1000,50,0.40625
08.08.2026,01:42:56,87875,0,0.615489,-0.08,-0.88,-14.9375,7.25,303.5625,-0.050625,0,0,37.32356,0,0,1000,50,-0.34375
08.08.2026,01:42:56,87981,0,-0.21499,-0.17,-0.47,-14.75,0.125,303,0.014924,0,0,37.32505,0,0,1000,50,-0.90625
08.08.2026,01:42:56,88087,0.002046,-0.795314,-0.37,-0.24,-14.75,-7.75,302.4375,0.010054,0,0,37.32606,0,0,1000,50,-0.75
08.08.2026,01:42:56,88193,0,-0.463881,-0.35,-0.02,-14.625,-7.5,303.1875,-0.044538,0,0,37.3216,0,0,1000,50,-1.060234
08.08.2026,01:42:56,88299,0.020456,0.539564,-0.48,-0.6,-14.625,-1.625,305.0625,-0.107152,0,0,37.31089,0,0,1000,50,0.719406
08.08.2026,01:42:56,88405,0.038866,0.652395,-0.72,-0.65,-14.4375,2,306.9375,-0.030427,0,0,37.29904,0,0,1000,50,-0.33403
08.08.2026,01:42:56,88511,0.050116,0.513373,-0.75,-0.48,-13.875,2.9375,309.125,0.025648,0,0,37.3016,0,0,1000,50,-2.686272
08.08.2026,01:42:56,88617,0.075686,0.041084,-0.49,-0.39,-12.875,3.875,312.875,0.04556,0,0,37.30616,0,0,1000,50,-4.471489
08.08.2026,01:42:56,88723,0.091028,0.609822,-0.52,-0.63,-12.5625,7,317.0625,0.039225,0,0,37.31008,0,0,1000,50,-4.215729
08.08.2026,01:42:56,88829,0.111484,0.456896,-0.37,0.09,-12.0625,7.875,321.75,0.091003,0,0,37.31918,0,0,1000,50,-4.383873
08.08.2026,01:42:56,88935,0.140121,1.551455,0.02,-0.46,-11.3125,3.125,325.875,0.169205,0,0,37.3361,0,0,1000,50,-7.486687
08.08.2026,01:42:56,89041,0.148304,0.003445,0.19,-0.18,-10.3125,-10.3125,328,0.249094,0,0,37.36101,0,0,1000,50,-10.95261
08.08.2026,01:42:56,89147,0.146258,-0.902821,0.44,0.57,-8.8125,-23.875,330.1875,0.194848,0,0,37.3805,0,0,1000,50,-13.00538
08.08.2026,01:42:56,89253,0.158532,-0.35581,0.29,0.41,-8.6875,-23.0625,333.125,0.092948,0,0,37.38979,0,0,1000,50,-13.473
08.08.2026,01:42:56,89359,0.156486,0.372828,0.43,-0.27,-9.375,-14.3125,337.6875,0.042371,0,0,37.39403,0,0,1000,50,-11.95431
08.08.2026,01:42:56,89465,0.169782,0.961142,0.33,-0.74,-10,-3.75,342.125,0.052425,0,0,37.39927,0,0,1000,50,-9.072418
08.08.2026,01:42:56,89571,0.193306,0.957309,0.49,-0.8,-10.3125,1.75,345.5,0.119202,0,0,37.41119,0,0,1000,50,-8.20195
08.08.2026,01:42:56,89677,0.192283,0.351384,0.23,-0.39,-10.6875,1.25,347.9375,0.184249,0,0,37.42962,0,0,1000,50,-7.230362
08.08.2026,01:42:56,89783,0.204557,0.194904,0.21,-0.2,-10.625,-3.375,349,0.20149,0,0,37.44977,0,0,1000,50,-7.111031
08.08.2026,01:42:56,89889,0.212739,-0.061361,0.22,0.05,-10.5625,-8.6875,349.625,0.194824,0,0,37.46925,0,0,1000,50,-7.08374
08.08.2026,01:42:56,89995,0.215808,-0.216832,0.19,0.13,-10.5625,-11.5625,350.3125,0.17014,0,0,37.48626,0,0,1000,50,-6.83828
08.08.2026,01:42:56,90101,0.221944,-0.110846,-0.01,0.06,-10.9375,-9.9375,352.3125,0.088047,0,0,37.50755,0,0,1000,50,-5.379723
08.08.2026,01:42:56,90207,0.22399,0.116323,0.02,-0.3,-11.375,-5.9375,354.125,0.067219,0,0,37.51427,0,0,1000,50,-3.686554
08.08.2026,01:42:56,90313,0.214785,0.384161,0.02,-0.47,-11.9375,-1.5,356.125,0.067733,0,0,37.52105,0,0,1000,50,-2.520676
08.08.2026,01:42:56,90419,0.218876,0.471983,0,-0.68,-12.5,0.75,357.5625,0.086977,0,0,37.52974,0,0,1000,50,-0.219505
08.08.2026,01:42:56,90525,0.231149,0.349186,0.19,-0.53,-13.0625,0.5625,358.4375,0.098223,0,0,37.53957,0,0,1000,50,1.406628
08.08.2026,01:42:56,90631,0.238309,-0.047095,0.23,-0.06,-13.75,-0.9375,359.4375,0.097111,0,0,37.54928,0,0,1000,50,2.656063
08.08.2026,01:42:56,90737,0.234218,-0.039416,0.09,-0.16,-14.1875,-0.875,0.625,0.072153,0,0,37.55649,0,0,1000,-50,3.965164
08.08.2026,01:42:56,90843,0.234218,-0.051084,0.1,-0.18,-14.625,-0.0625,1.8125,0.051892,0,0,37.56168,0,0,1000,-50,5.983379
08.08.2026,01:42:56,90949,0.252628,-0.031906,0.17,-0.28,-15,1.375,2.8125,0.025558,0,0,37.56424,0,0,1000,-50,6.896996
08.08.2026,01:42:56,91055,0.240354,-0.092083,0.12,-0.37,-15.5,3.0625,3.875,0.005492,0,0,37.56479,0,0,1000,-50,8.378773
08.08.2026,01:42:56,91161,0.236263,0.008288,0.04,-0.43,-16.125,4.5,4.8125,-0.011521,0,0,37.56363,0,0,1000,-50,10.49528
08.08.2026,01:42:56,91267,0.229104,0.068876,-0.09,-0.38,-16.5625,4.8125,5.3125,-0.018281,0,0,37.56181,0,0,1000,-50,11.4004
08.08.2026,01:42:56,91373,0.22399,0.15958,-0.27,-0.25,-17,5.1875,6,-0.021891,0,0,37.55962,0,0,1000,-50,13.21629
08.08.2026,01:42:56,91479,0.22399,0.260109,-0.32,-0.31,-17.0625,6.1875,7.3125,-0.016463,0,0,37.55797,0,0,1000,-50,12.9072
08.08.2026,01:42:56,91585,0.219899,-0.119906,-0.29,-0.25,-17.25,6.9375,9.8125,0.000478,0,0,37.55802,0,0,1000,-50,13.46913
08.08.2026,01:42:56,91691,0.209671,0.100167,-0.33,-0.46,-17.5625,8,12.125,-0.002269,0,0,37.55779,0,0,1000,-50,13.81741
08.08.2026,01:42:56,91797,0.204557,0.010672,-0.16,-0.49,-17.9375,8.4375,14.25,-0.01572,0,0,37.55622,0,0,1000,-50,14.45147
08.08.2026,01:42:56,91903,0.203534,-0.328838,-0.19,-0.42,-18.5625,7.875,16.25,-0.036977,0,0,37.551,0,0,1000,-50,16.90607
08.08.2026,01:42:56,92009,0.19842,-0.177648,-0.17,-0.56,-19.375,7.375,17.9375,-0.055283,0,0,37.54547,0,0,1000,-50,19.64124
08.08.2026,01:42:56,92115,0.190238,-0.133441,-0.12,-0.49,-20.8125,5.625,19.5,-0.075557,0,0,37.53791,0,0,1000,-50,21.46733
08.08.2026,01:42:56,92221,0.18717,-0.0607,0.2,-0.6,-22.0625,4.5,20.3125,-0.085233,0,0,37.52939,0,0,1000,-50,24.94118
08.08.2026,01:42:56,92327,0.18717,0.032036,0.18,-0.63,-23.3125,3.6875,20.75,-0.085088,0,0,37.52088,0,0,1000,-50,31.64634
08.08.2026,01:42:56,92433,0.185124,0.04446,0.05,-0.37,-23.9375,2.875,20.8125,-0.075397,0,0,37.51334,0,0,1000,-50,32.74009
08.08.2026,01:42:56,92539,0.184101,0.066563,0.01,-0.22,-24.125,1.4375,21,-0.065392,0,0,37.50681,0,0,1000,-50,33.02077
08.08.2026,01:42:56,92645,0.188192,-0.231318,-0.28,-0.12,-23.8125,-0.5,21.625,-0.06589,0,0,37.50022,0,0,1000,-50,32.82364
08.08.2026,01:42:56,92751,0.178987,-0.19867,-0.26,-0.22,-23.375,-0.375,22.125,-0.08234,0,0,37.49199,0,0,1000,-50,30.73442
08.08.2026,01:42:56,92857,0.190238,-0.16552,-0.01,-0.33,-23,0.375,22.4375,-0.097963,0,0,37.48219,0,0,1000,-50,29.97762
08.08.2026,01:42:56,92963,0.193306,-0.172095,0.06,-0.35,-22.5625,0.6875,22.5,-0.106503,0,0,37.47154,0,0,1000,-50,27.22017
08.08.2026,01:42:56,93069,0.194329,-0.138579,0.05,-0.3,-21.6875,0.8125,22.25,-0.109342,0,0,37.46061,0,0,1000,-50,25.92249
08.08.2026,01:42:56,93175,0.184101,-0.374978,-0.24,-0.18,-20.6875,1.8125,22.3125,-0.111988,0,0,37.44941,0,0,1000,-50,23.62188
08.08.2026,01:42:56,93281,0.182056,-0.110992,-0.22,-0.43,-19.5,5.25,22.5625,-0.123953,0,0,37.43701,0,0,1000,-50,20.15144
08.08.2026,01:42:56,93387,0.178987,0.043341,-0.16,-0.56,-18.375,8.8125,23,-0.134734,0,0,37.42354,0,0,1000,-50,16.37415
08.08.2026,01:42:56,93493,0.182056,0.197067,-0.25,-0.51,-17,11.0625,23.4375,-0.115864,0,0,37.41195,0,0,1000,-50,10.80032
08.08.2026,01:42:56,93599,0.183078,0.010046,-0.31,-0.38,-15.0625,9.1875,23.8125,-0.092646,0,0,37.40269,0,0,1000,-50,6.392368
08.08.2026,01:42:56,93705,0.189215,-0.118076,-0.35,-0.29,-13.9375,3.5625,23.6875,-0.046357,0,0,37.39221,0,0,1000,-50,2.461102
08.08.2026,01:42:56,93811,0.18717,-0.406585,-0.42,-0.04,-13.0625,-3.3125,23.3125,-0.072007,0,0,37.38501,0,0,1000,-50,-1.034363
08.08.2026,01:42:56,93917,0.18001,-0.724269,-0.3,0.12,-12.6875,-7.25,23.1875,-0.105484,0,0,37.37446,0,0,1000,-50,-1.754814
08.08.2026,01:42:56,94023,0.174896,-0.290877,-0.23,-0.18,-12.6875,-6.25,23.6875,-0.14909,0,0,37.35955,0,0,1000,-50,-0.767273
08.08.2026,01:42:56,94129,0.164668,-0.13102,-0.15,-0.48,-13.3125,-1.125,24.9375,-0.157446,0,0,37.34381,0,0,1000,-50,-1.486122
08.08.2026,01:42:56,94235,0.153418,-0.056107,-0.06,-0.83,-13.6875,1.9375,25.5,-0.152786,0,0,37.32853,0,0,1000,-50,0.903702
08.08.2026,01:42:56,94341,0.155463,0.088401,-0.07,-0.78,-13.8125,4.0625,25.9375,-0.140193,0,0,37.31451,0,0,1000,-50,0.947983
08.08.2026,01:42:56,94447,0.158532,-0.107884,-0.11,-0.38,-13.5625,3.125,25.875,-0.115523,0,0,37.30296,0,0,1000,-50,-0.449203
08.08.2026,01:42:56,94553,0.162623,-0.244436,-0.15,-0.22,-13.25,-0.125,25.4375,-0.107211,0,0,37.29224,0,0,1000,-50,-0.190048
08.08.2026,01:42:56,94659,0.157509,-0.330717,-0.08,-0.18,-13.0625,-4.1875,25.0625,-0.115657,0,0,37.28068,0,0,1000,-50,-1.025864
08.08.2026,01:42:56,94765,0.158532,-0.28662,0.06,-0.1,-13.375,-5.75,25,-0.1274,0,0,37.26794,0,0,1000,-50,-0.5895
08.08.2026,01:42:56,94871,0.166714,-0.26231,-0.06,-0.06,-13.875,-5.5625,25.125,-0.13405,0,0,37.25453,0,0,1000,-50,1.911064
08.08.2026,01:42:56,94977,0.1616,0.032079,-0.02,-0.2,-14.4375,-4.0625,25.3125,-0.136484,0,0,37.24088,0,0,1000,-50,4.427017
08.08.2026,01:42:56,95083,0.155463,0.056061,0,-0.26,-15.375,-2.375,25.5,-0.123809,0,0,37.2285,0,0,1000,-50,5.667297
08.08.2026,01:42:56,95189,0.157509,-0.020899,0,-0.33,-16.125,-2.3125,25.5,-0.094544,0,0,37.21905,0,0,1000,-50,7.726967
08.08.2026,01:42:56,95295,0.147281,0.001738,-0.2,-0.43,-16.8125,-2,25.6875,-0.082,0,0,37.21085,0,0,1000,-50,9.784367
08.08.2026,01:42:56,95401,0.131939,0.124081,-0.25,-0.6,-17.0625,-1.125,25.875,-0.057259,0,0,37.19783,0,0,1000,-50,10.14568
08.08.2026,01:42:56,95507,0.138076,-0.114078,0.01,-0.37,-17,-0.6875,26,-0.046202,0,0,37.19321,0,0,1000,-50,10.72243
08.08.2026,01:42:56,95613,0.146258,0.168581,-0.06,-0.35,-16.75,0.1875,26.5,-0.036475,0,0,37.18957,0,0,1000,-50,9.763882
08.08.2026,01:42:56,95719,0.147281,0.238961,0.25,-0.32,-16.5625,-0.0625,26.875,-0.011827,0,0,37.18839,0,0,1000,-50,9.477528
08.08.2026,01:42:56,95825,0.149327,0.118679,0.13,-0.19,-16.3125,-1.6875,26.9375,0.008769,0,0,37.18926,0,0,1000,-50,8.853661
08.08.2026,01:42:56,95931,0.152395,-0.151652,0.02,0.06,-15.8125,-4.0625,26.8125,0.010291,0,0,37.19029,0,0,1000,-50,6.724697
08.08.2026,01:42:56,96037,0.152395,-0.05171,-0.05,0.04,-15.125,-5.5,26.8125,0.001799,0,0,37.19047,0,0,1000,-50,3.649643
08.08.2026,01:42:56,96143,0.146258,-0.141686,-0.18,0.11,-13.75,-6.25,27.125,-0.000734,0,0,37.1904,0,0,1000,-50,0.825249
08.08.2026,01:42:56,96249,0.140121,-0.191292,-0.52,0.03,-12.5625,-4.875,27.875,-0.012264,0,0,37.18917,0,0,1000,-50,-3.706001
08.08.2026,01:42:56,96355,0.121711,0.049522,-0.57,-0.32,-12.0625,-0.5,29.125,-0.025298,0,0,37.18664,0,0,1000,-50,-5.685608
08.08.2026,01:42:56,96461,0.107392,0.05022,-0.44,-0.93,-12.25,4.1875,30.375,-0.021704,0,0,37.18447,0,0,1000,-50,-4.286163
08.08.2026,01:42:56,96567,0.095119,0.020622,-0.32,-0.77,-13.0625,8.875,31.5625,-0.012521,0,0,37.18322,0,0,1000,-50,-3.766899
08.08.2026,01:42:56,96673,0.094096,-0.07961,-0.22,-0.73,-13.625,8.5625,31.8125,0.007233,0,0,37.18394,0,0,1000,-50,-2.604416
08.08.2026,01:42:56,96779,0.085914,-0.10965,0.07,-0.61,-14.5,6.875,32,0.001238,0,0,37.18407,0,0,1000,-50,0.45015
08.08.2026,01:42:56,96885,0.092051,-0.11928,0.33,-0.33,-15.625,4.875,32.0625,-0.011496,0,0,37.18292,0,0,1000,-50,3.143318
08.08.2026,01:42:56,96991,0.087959,0.071234,0.27,-0.26,-17.0625,2.1875,32,-0.016005,0,0,37.18132,0,0,1000,-50,9.9814
08.08.2026,01:42:56,97097,0.087959,0.101262,0.11,-0.21,-18.1875,-4.625,31.3125,-0.000848,0,0,37.18123,0,0,1000,-50,12.05183
08.08.2026,01:42:56,97203,0.081823,-0.459257,0.06,0,-18.75,-11.3125,30.625,0.005221,0,0,37.18337,0,0,1000,-50,13.97064
08.08.2026,01:42:56,97309,0.084891,-0.429425,0,0.05,-19.25,-14.1875,30.25,-0.032037,0,0,37.18016,0,0,1000,-50,14.82629
08.08.2026,01:42:56,97415,0.0808,-0.248395,-0.03,-0.3,-19.75,-12.125,30.1875,-0.060788,0,0,37.17408,0,0,1000,-50,17.10923
08.08.2026,01:42:56,97521,0.074663,0.08356,-0.52,-0.6,-20.0625,-5.3125,30.75,-0.061649,0,0,37.16792,0,0,1000,-50,17.09271
08.08.2026,01:42:56,97627,0.079777,0.176557,-0.07,-0.82,-20.0625,3.375,32,-0.031551,0,0,37.16476,0,0,1000,-50,18.25925
08.08.2026,01:42:56,97733,0.078754,0.216856,-0.07,-0.88,-19.625,6.75,33,-0.009299,0,0,37.16383,0,0,1000,-50,16.73877
08.08.2026,01:42:56,97839,0.098187,-0.013333,0.12,-0.79,-19,7.0625,33.8125,0.005894,0,0,37.16442,0,0,1000,-50,14.38482
08.08.2026,01:42:56,97945,0.104324,-0.537555,0.26,-0.54,-18.4375,5.6875,33.5,0.131284,0,0,37.17756,0,0,1000,-50,12.97347
08.08.2026,01:42:56,98051,0.116597,-1.090354,0.11,-0.54,-18.375,5.6875,32.6875,0.087031,0,0,37.18626,0,0,1000,-50,14.17183
08.08.2026,01:42:56,98157,0.131939,4.507482,1.7,-1.92,-18.6875,6.8125,31.8125,0.067298,0,0,37.19299,0,0,1000,-50,14.55023
08.08.2026,01:42:56,98263,0.144213,0.010979,0.06,-0.48,-19.1875,7.3125,30.5,0.202234,0,0,37.21321,0,0,1000,-50,16.05023
08.08.2026,01:42:56,98369,0.152395,0.20542,0.04,-0.5,-20,7.125,29.1875,0.172881,0,0,37.2305,0,0,1000,-50,20.68778
08.08.2026,01:42:56,98475,0.164668,0.150174,0.04,-0.36,-20.6875,4.8125,27.9375,0.163135,0,0,37.24681,0,0,1000,-50,22.04173
08.08.2026,01:42:56,98581,0.169782,0.195189,-0.1,-0.27,-21.25,0.5625,26.375,0.155027,0,0,37.26231,0,0,1000,-50,24.43155
08.08.2026,01:42:56,98687,0.181033,0.080576,-0.19,-0.07,-21.625,-3.25,25.375,0.143427,0,0,37.27665,0,0,1000,-50,25.956
08.08.2026,01:42:56,98793,0.192283,-0.063934,-0.11,-0.02,-22.25,-6.8125,24.625,0.140263,0,0,37.29068,0,0,1000,-50,28.69864
08.08.2026,01:42:56,98899,0.194329,0.082062,0.02,0,-22.9375,-7.875,24.125,0.124516,0,0,37.30313,0,0,1000,-50,29.8378
08.08.2026,01:42:56,99005,0.191261,-0.080996,-0.03,-0.11,-23.375,-5.75,23.9375,0.075325,0,0,37.32018,0,0,1000,-50,30.55882
08.08.2026,01:42:56,99111,0.191261,0.074705,0.07,-0.47,-23.5,-1.4375,23.75,0.058364,0,0,37.32601,0,0,1000,-50,31.70147
08.08.2026,01:42:56,99217,0.193306,0.122807,0.05,-0.49,-23.4375,1.25,23.625,0.059025,0,0,37.33191,0,0,1000,-50,31.05032
08.08.2026,01:42:56,99323,0.188192,0.300741,0,-0.53,-23.125,3.0625,23.375,0.064238,0,0,37.33834,0,0,1000,-50,30.08554
08.08.2026,01:42:56,99429,0.195352,0.068347,-0.01,-0.44,-22.6875,1.8125,22.625,0.074437,0,0,37.34578,0,0,1000,-50,29.2094
08.08.2026,01:42:56,99535,0.200466,0.515743,0.15,-0.5,-22.3125,-1.875,21.5625,0.080994,0,0,37.35388,0,0,1000,-50,27.48555
08.08.2026,01:42:56,99641,0.188192,-0.607437,0.05,0.44,-21.5,-8.875,19.8125,0.098894,0,0,37.36377,0,0,1000,-50,25.54975
08.08.2026,01:42:56,99747,0.185124,-0.498913,-0.12,0.25,-20.875,-8.75,19.25,0.045877,0,0,37.36835,0,0,1000,-50,24.19637
08.08.2026,01:42:56,99853,0.183078,-0.208644,-0.26,-0.15,-20.25,-3.875,19.5,-0.008359,0,0,37.36752,0,0,1000,-50,21.01907
08.08.2026,01:42:56,99959,0.173873,0.192303,-0.33,-0.5,-19.375,1,20.25,-0.02945,0,0,37.36457,0,0,1000,-50,17.8361
08.08.2026,01:42:56,100065,0.183078,0.062827,-0.25,-0.51,-18.0625,1.4375,20.875,-0.016297,0,0,37.36295,0,0,1000,-50,14.1384
08.08.2026,01:42:56,100171,0.167737,-0.366782,-0.16,-0.27,-15.875,-3.375,21,-0.01216,0,0,37.36173,0,0,1000,-50,8.424095
08.08.2026,01:42:56,100277,0.164668,-0.475511,-0.04,-0.16,-14.25,-6.9375,20.9375,-0.039506,0,0,37.35778,0,0,1000,-50,4.190048
08.08.2026,01:42:56,100383,0.158532,-0.393044,-0.01,-0.07,-12.9375,-8.1875,20.9375,-0.076737,0,0,37.3501,0,0,1000,-50,-0.299751
08.08.2026,01:42:56,100489,0.149327,-0.349548,0.04,-0.14,-12.125,-6.875,21.0625,-0.108701,0,0,37.33923,0,0,1000,-50,-4.359985
08.08.2026,01:42:56,100595,0.135008,0.084639,0.06,-0.44,-11.3125,-1.9375,21.375,-0.130223,0,0,37.32621,0,0,1000,-50,-7.400963
08.08.2026,01:42:56,100701,0.132962,0.068687,-0.03,-0.53,-10.8125,0.5625,21.375,-0.104199,0,0,37.3032,0,0,1000,-50,-8.502075
08.08.2026,01:42:56,100807,0.127848,-0.087962,-0.1,-0.48,-10.25,1.75,21.1875,-0.090983,0,0,37.2941,0,0,1000,-50,-11.19015
08.08.2026,01:42:56,100913,0.121711,-0.005036,-0.05,-0.38,-9.5625,1.5625,21.0625,-0.090971,0,0,37.285,0,0,1000,-50,-12.2094
08.08.2026,01:42:56,101019,0.116597,-0.132111,-0.06,-0.27,-8.8125,-0.1875,20.8125,-0.083043,0,0,37.2767,0,0,1000,-50,-16.02993
08.08.2026,01:42:56,101125,0.109438,-0.276587,-0.07,-0.19,-7.75,-4,20.25,-0.088734,0,0,37.26782,0,0,1000,-50,-18.59299
08.08.2026,01:42:56,101231,0.100233,-0.303344,-0.05,-0.11,-6.8125,-6.25,19.9375,-0.100871,0,0,37.25774,0,0,1000,-50,-22.49301
08.08.2026,01:42:56,101337,0.098187,-0.289607,-0.03,-0.04,-5.9375,-6.6875,19.875,-0.116183,0,0,37.24612,0,0,1000,-50,-25.14587
08.08.2026,01:42:56,101443,0.085914,-0.205505,0.11,-0.23,-5.125,-5.3125,20.125,-0.127577,0,0,37.23336,0,0,1000,-50,-27.67258
08.08.2026,01:42:56,101549,0.077732,-0.071537,0.24,-0.31,-4.4375,-3,20.1875,-0.123377,0,0,37.22102,0,0,1000,-50,-30.03909
08.08.2026,01:42:56,101655,0.077732,-0.147803,0.25,-0.46,-3.875,-0.75,19.625,-0.116147,0,0,37.20941,0,0,1000,-50,-30.0237
08.08.2026,01:42:56,101761,0.068527,-0.484266,0.39,-0.56,-4.0625,-0.5625,18.875,-0.109975,0,0,37.19841,0,0,1000,-50,-31.68401
08.08.2026,01:42:56,101867,0.058299,-0.520146,0.92,-0.41,-4.1875,-0.5625,18.5,-0.128118,0,0,37.1856,0,0,1000,-50,-31.58516
08.08.2026,01:42:56,101973,0.052162,-0.194476,0.12,-0.53,-4.5,-0.875,18.625,-0.176341,0,0,37.16796,0,0,1000,-50,-30.05221
08.08.2026,01:42:56,102079,0.037843,-0.008883,-0.17,-0.31,-5.6875,-2.1875,18.3125,-0.173919,0,0,37.15057,0,0,1000,-50,-27.79994
08.08.2026,01:42:56,102185,0.041934,-0.184115,-0.33,-0.15,-6.875,-3.25,17.875,-0.148258,0,0,37.13575,0,0,1000,-50,-23.24651
08.08.2026,01:42:56,102291,0.038866,-0.439929,-0.19,-0.17,-8.3125,-4.125,17.3125,-0.130189,0,0,37.12273,0,0,1000,-50,-17.21979
08.08.2026,01:42:56,102397,0.035797,-0.46531,-0.16,0.03,-9.4375,-5.1875,16.4375,-0.143647,0,0,37.10836,0,0,1000,-50,-15.29258
08.08.2026,01:42:56,102503,0.02557,0.259857,0.03,0,-10.625,-5.125,15.375,-0.129911,0,0,37.0793,0,0,1000,-50,-12.19033
08.08.2026,01:42:56,102609,0.022501,0.096867,0.11,-0.01,-11.875,-5.125,14,-0.088067,0,0,37.07049,0,0,1000,-50,-9.143127
08.08.2026,01:42:56,102715,0.008182,-0.130745,0.17,0.07,-12.5625,-4.8125,12.875,-0.074275,0,0,37.06306,0,0,1000,-50,-7.875
08.08.2026,01:42:56,102821,0.012273,-0.048535,0.04,-0.25,-12.75,-3.0625,11.625,-0.068721,0,0,37.05619,0,0,1000,-50,-6.753403
08.08.2026,01:42:56,102927,0.002046,0.063341,-0.05,-0.56,-12.875,-1.25,10.3125,-0.05835,0,0,37.05036,0,0,1000,-50,-6.559097
08.08.2026,01:42:56,103033,0,0.104552,-0.06,-0.71,-13.25,-0.125,8.625,-0.037652,0,0,37.04659,0,0,1000,-50,-4.9375
08.08.2026,01:42:56,103139,0,0.875167,0.41,-0.01,-13.9375,-0.875,6.4375,-0.019134,0,0,37.04468,0,0,1000,-50,-3.625
08.08.2026,01:42:56,103245,0,0.214296,0.34,-0.09,-14.0625,-3.125,5.625,0.0271,0,0,37.04739,0,0,1000,-50,-2.46875
08.08.2026,01:42:56,103351,0,-0.097169,0.44,-0.44,-13.875,-3.9375,5.9375,0.045554,0,0,37.05194,0,0,1000,-50,-3.21875
08.08.2026,01:42:56,103457,0,0.061587,0.43,-0.73,-14.25,-0.5,7.125,0.038679,0,0,37.05581,0,0,1000,-50,-2.09375
08.08.2026,01:42:56,103563,0,0.620025,0.38,-0.78,-14.625,4.75,8.5,0.048586,0,0,37.06067,0,0,1000,-50,-0.8125
08.08.2026,01:42:56,103669,0,0.576798,0.22,-0.7,-15.125,6.125,9.75,0.100349,0,0,37.07071,0,0,1000,-50,0.125
08.08.2026,01:42:56,103775,0,0.222039,-0.04,-0.5,-15,1.5,10.4375,0.147995,0,0,37.08551,0,0,1000,-50,-0.3125
08.08.2026,01:42:56,103881,0,-0.603226,-0.12,0.2,-14.4375,-7.6875,11.5,0.163717,0,0,37.10188,0,0,1000,-50,-2.3125
08.08.2026,01:42:56,103987,0,-1.427108,-0.28,0.98,-13.4375,-12.5625,12.8125,0.120737,0,0,37.11395,0,0,1000,-50,-5.46875
08.08.2026,01:42:56,104093,0,-0.716347,-0.05,0.21,-13.1875,-11.3125,13.5625,-0.023679,0,0,37.11158,0,0,1000,-50,-6
08.08.2026,01:42:56,104199,0,-0.723458,0.08,0.61,-13.8125,-11.3125,12.25,-0.089832,0,0,37.1026,0,0,1000,-50,-3.9375
08.08.2026,01:42:56,104305,0,-0.199458,0.1,-0.7,-13.375,-7.875,11.1875,-0.146588,0,0,37.0755,0,0,1000,-50,-4.125
08.08.2026,01:42:56,104411,0,0.175255,0.32,-0.92,-12.125,-5.4375,11.625,-0.109361,0,0,37.06456,0,0,1000,-50,-10.03125
08.08.2026,01:42:56,104517,0,-0.871228,0.37,0.5,-10.75,-6.9375,13,-0.124382,0,0,37.05212,0,0,1000,-50,-13.84375
08.08.2026,01:42:56,104623,0,0.867324,0.29,-1.36,-7.5625,-2.5,16.8125,-0.141547,0,0,37.03797,0,0,1000,-50,-21.34375
08.08.2026,01:42:56,104729,0,-0.64032,0.27,0.35,-6.125,-4.5625,17.25,-0.073275,0,0,37.03064,0,0,1000,-50,-27.25
08.08.2026,01:42:56,104835,0,0.042261,-0.3,-0.03,-6.75,-5,16.4375,-0.080258,0,0,37.02261,0,0,1000,-50,-23.65625
08.08.2026,01:42:56,104941,0,-0.065927,-0.32,-0.41,-8.625,-5.875,14.6875,-0.056352,0,0,37.01698,0,0,1000,-50,-17.40625
08.08.2026,01:42:56,105047,0,-0.51419,0.12,-0.59,-10.5625,-6.3125,13,-0.054014,0,0,37.01158,0,0,1000,-50,-13.3125
08.08.2026,01:42:56,105153,0,0.168637,0.42,0.2,-11.9375,-3.875,12.625,-0.087928,0,0,37.00278,0,0,1000,-50,-9.5625
08.08.2026,01:42:56,105259,0,-0.638906,0.55,-0.18,-12.4375,-1,11.5625,-0.076398,0,0,36.99514,0,0,1000,-50,-8.0625
08.08.2026,01:42:56,105365,0,-0.515503,-0.11,-0.13,-12.75,4.1875,10.5625,-0.105832,0,0,36.98456,0,0,1000,-50,-7.3125
08.08.2026,01:42:56,105471,0,-0.280884,-0.46,-0.72,-13.9375,8.5625,10.8125,-0.143632,0,0,36.9702,0,0,1000,-50,-1.9375
08.08.2026,01:42:56,105577,0,-0.326666,-0.5,0.64,-16.4375,8.375,12,-0.13117,0,0,36.95708,0,0,1000,-50,4.5625
08.08.2026,01:42:56,105683,0,0.356944,-0.06,1.72,-16.125,10.25,13.125,-0.112246,0,0,36.94586,0,0,1000,-50,4.21875
08.08.2026,01:42:56,105789,0,2.259217,-0.45,0.81,-13.5625,16.0625,14.8125,-0.070677,0,0,36.93879,0,0,1000,-50,-3.90625
08.08.2026,01:42:56,105895,0,1.776923,0.08,0.14,-12.5,18.0625,15.4375,0.071331,0,0,36.94592,0,0,1000,-50,-7.8125
08.08.2026,01:42:56,106001,0,-1.570674,0.01,1.45,-13.375,16.5625,14.6875,0.154759,0,0,36.98502,0,0,1000,-50,-3.3125
08.08.2026,01:42:56,106107,0,0.880071,0.3,0.24,-16.125,21.25,14.75,0.133068,0,0,36.99833,0,0,1000,-50,4.03125
08.08.2026,01:42:56,106213,0,-0.674818,-0.21,0.63,-17.375,17.9375,13.875,0.152021,0,0,37.01353,0,0,1000,-50,6
08.08.2026,01:42:56,106319,0,-0.477354,-0.27,-0.66,-17.625,14.3125,12.4375,0.078881,0,0,37.02142,0,0,1000,-50,7.6875
08.08.2026,01:42:56,106425,0,0.250708,-0.57,-2.06,-16.6875,11.3125,9.5,0.060255,0,0,37.02744,0,0,1000,-50,6.5625
08.08.2026,01:42:56,106531,0,-0.601019,-0.44,-2.69,-15.0625,5.5,4.625,0.053702,0,0,37.03281,0,0,1000,-50,-1.0625
08.08.2026,01:42:56,106637,0,-1.429024,-0.11,-2.36,-13.625,5.75,357.25,-0.062041,0,0,37.02661,0,0,1000,50,-3.5625
08.08.2026,01:42:56,106743,0,0.126722,-0.05,-2.44,-13.875,12.6875,351.0625,-0.178691,0,0,37.00874,0,0,1000,50,-4.125
08.08.2026,01:42:56,106849,0,-1.047561,-0.52,-1.73,-14.625,14,343.5625,-0.177777,0,0,36.99097,0,0,1000,50,-0.34375
08.08.2026,01:42:56,106955,0,0.139795,-0.05,-0.89,-15.5,11.625,335.0625,-0.228749,0,0,36.96809,0,0,1000,50,2.28125
08.08.2026,01:42:56,107061,0,0.095392,-0.2,0.49,-16.75,13.125,326.875,-0.174059,0,0,36.95068,0,0,1000,50,4.75
08.08.2026,01:42:56,107167,0,0.429186,-0.73,-0.97,-18.6875,17.8125,322.1875,-0.117964,0,0,36.93889,0,0,1000,50,13.09375
08.08.2026,01:42:56,107273,0,-0.178271,-1.23,-0.91,-22,20.75,316.625,-0.079085,0,0,36.93098,0,0,1000,50,23.65625
08.08.2026,01:42:56,107379,0,0.774019,-1.37,-0.52,-24.5,21,310.375,-0.07122,0,0,36.92386,0,0,1000,50,29.75
08.08.2026,01:42:56,107485,0,-0.015275,-1.21,0.02,-25.5625,19.875,304.1875,-0.02195,0,0,36.92167,0,0,1000,50,31.6875
08.08.2026,01:42:56,107591,0,-0.425759,-0.28,-0.63,-26.625,20.625,296.9375,0.015055,0,0,36.92317,0,0,1000,50,34.125
08.08.2026,01:42:56,107697,0,-0.863532,0.31,-0.6,-26.5625,22.5,291.9375,-0.069273,0,0,36.91624,0,0,1000,50,35.625
08.08.2026,01:42:56,107803,0,-0.601888,0.66,0.05,-25.1875,22.125,286.25,-0.142534,0,0,36.89688,0,0,1000,50,32.0625
08.08.2026,01:42:56,107909,0,-0.327305,-0.07,-1.16,-24.8125,22.75,279.875,-0.154032,0,0,36.88148,0,0,1000,33.875,29.4375
08.08.2026,01:42:56,108015,0,0.347649,-0.47,-1.13,-25.625,23.1875,272.6875,-0.12812,0,0,36.86866,0,0,1000,5.4375,32.65625
08.08.2026,01:42:56,108121,0,1.574662,-0.27,-0.12,-26,21.4375,263.4375,-0.089987,0,0,36.85966,0,0,1000,-31.5625,33.34375
08.08.2026,01:42:56,108227,0,0.83297,-0.59,0.83,-24.5,21.125,256.875,0.052631,0,0,36.86493,0,0,1000,-50,28.78125
08.08.2026,01:42:56,108333,0,-2.559434,-0.99,1.45,-23.5625,21.625,251.8125,0.074744,0,0,36.8724,0,0,1000,-50,25.53125
08.08.2026,01:42:56,108439,0,-0.718282,-0.73,-0.96,-24.625,26.375,247.8125,-0.035817,0,0,36.86882,0,0,1000,-50,29.8125
08.08.2026,01:42:56,108545,0,-0.84569,-1.03,-1.67,-26.6875,27.125,245.625,-0.080616,0,0,36.86076,0,0,1000,-50,37.40625
08.08.2026,01:42:56,108651,0,0.358397,-0.48,0.02,-28.6875,26.625,243.8125,-0.127077,0,0,36.84805,0,0,1000,-50,40
08.08.2026,01:42:56,108757,0,0.790902,-0.17,0.88,-29.1875,27.4375,244.0625,-0.077899,0,0,36.84026,0,0,1000,-50,40
08.08.2026,01:42:56,108863,0,-1.529312,0.04,1.18,-29.0625,27.75,245.6875,0.006651,0,0,36.84093,0,0,1000,-50,40
08.08.2026,01:42:56,108969,0,-0.777008,-0.39,-0.12,-27.625,30.25,248.0625,-0.071648,0,0,36.83376,0,0,1000,-50,36.46875
08.08.2026,01:42:56,109075,0,-0.203335,-1.02,-1.78,-26.5625,34.25,250.25,-0.114237,0,0,36.82234,0,0,1000,-50,34.375
08.08.2026,01:42:56,109181,0,0.131582,-0.48,-0.93,-27.5,36.5,251.4375,-0.152906,0,0,36.80705,0,0,1000,-50,36.5625
08.08.2026,01:42:56,109287,0,0.714717,-0.16,-0.23,-27.75,36.6875,252.5625,-0.097474,0,0,36.7973,0,0,1000,-50,38.25
08.08.2026,01:42:56,109393,0,-0.114519,0,2.22,-27.0625,36.3125,253.375,-0.02376,0,0,36.79493,0,0,1000,-50,34.9375
08.08.2026,01:42:56,109499,0,-1.69593,-2.03,-1.53,-25.875,37.3125,253.5,0.043864,0,0,36.79931,0,0,1000,-50,32.15625
08.08.2026,01:42:56,109605,0,-0.861819,-1.25,-0.91,-28.125,37.75,255.75,-0.047464,0,0,36.78653,0,0,1000,-50,40
08.08.2026,01:42:56,109711,0,-1.058326,-0.86,-0.47,-28.9375,29.125,256,-0.108633,0,0,36.77567,0,0,1000,-50,40
08.08.2026,01:42:56,109817,0,0.59568,-0.69,0.34,-31,28.875,255.625,-0.124574,0,0,36.76321,0,0,1000,-50,40
08.08.2026,01:42:56,109923,0,1.19568,-0.2,0.97,-32.75,28.8125,254.6875,0.013266,0,0,36.76453,0,0,1000,-50,40
08.08.2026,01:42:56,110029,0,-0.844746,0.19,0.76,-33.25,26.0625,253.5,-0.018186,0,0,36.76271,0,0,1000,-50,40
08.08.2026,01:42:56,110135,0,0.078698,-1.29,-1.91,-32,26.75,252.0625,-0.088935,0,0,36.75382,0,0,1000,-50,40
08.08.2026,01:42:56,110241,0,0.060781,-1.01,-1.1,-31.875,25.4375,250.4375,-0.064765,0,0,36.74734,0,0,1000,-50,40
08.08.2026,01:42:56,110347,0,0.611943,-0.24,0.14,-33.0625,22.25,247.9375,-0.036144,0,0,36.74373,0,0,1000,-50,40
08.08.2026,01:42:56,110453,0,-2.539296,-1.56,2.03,-33.5625,17.25,245.5625,0.038531,0,0,36.74758,0,0,1000,-50,40
08.08.2026,01:42:56,110559,0,1.204619,-0.06,-1.27,-36.625,18.25,243.4375,-0.121748,0,0,36.7354,0,0,1000,-50,40
08.08.2026,01:42:56,110665,0,-0.271044,-1.42,-0.96,-37.375,15.875,244.25,-0.134866,0,0,36.72192,0,0,1000,-50,40
08.08.2026,01:42:56,110771,0,0.11179,-0.5,-1.32,-37.75,17.0625,245.5625,-0.088119,0,0,36.71311,0,0,1000,-50,40
08.08.2026,01:42:56,110877,0,0.704011,-1.09,-0.4,-36.0625,19.8125,248.5625,-0.069067,0,0,36.7062,0,0,1000,-50,40
08.08.2026,01:42:56,110983,0,0.023759,-0.63,1.75,-32.1875,21.875,252.6875,0.007817,0,0,36.70698,0,0,1000,-50,40
08.08.2026,01:42:56,111089,0,-0.247624,-1.01,0,-28.4375,25.375,256.1875,0.043034,0,0,36.71128,0,0,1000,-50,40
08.08.2026,01:42:56,111195,0,-0.639613,-1.16,-1.86,-29,24.4375,257.375,0.061837,0,0,36.71747,0,0,1000,-50,40
08.08.2026,01:42:56,111301,0,0.438849,-1.33,-1.5,-30,25.375,256.6875,0.043427,0,0,36.72659,0,0,1000,-50,40
08.08.2026,01:42:56,111407,0,1.207453,-1.17,-0.12,-30.0625,23.5,254.5,0.089548,0,0,36.73555,0,0,1000,-50,40
08.08.2026,01:42:56,111513,0,-1.605427,-1.83,2.76,-29,19.625,251.625,0.166136,0,0,36.75216,0,0,1000,-50,40
08.08.2026,01:42:56,111619,0,0.18786,-2.12,-0.4,-28.625,18.4375,247.0625,0.042609,0,0,36.75642,0,0,1000,-50,40
08.08.2026,01:42:56,111725,0,-0.393816,-2.34,-2.27,-28.875,18.8125,243.4375,0.052127,0,0,36.76163,0,0,1000,-50,40
08.08.2026,01:42:56,111831,0,1.134108,-2.21,-1.21,-29.125,19.5625,240.0625,0.06458,0,0,36.76809,0,0,1000,-50,40
08.08.2026,01:42:56,111937,0,1.058874,-0.86,2.16,-29.6875,18.25,238.4375,0.162757,0,0,36.78437,0,0,1000,-50,40
08.08.2026,01:42:56,112043,0,-1.317868,0.12,1.55,-29.25,17.1875,237.125,0.20964,0,0,36.80533,0,0,1000,-50,40
08.08.2026,01:42:56,112149,0,0.309411,-1,-2.21,-27.125,17.4375,236.25,0.08463,0,0,36.8138,0,0,1000,-50,36.9375
08.08.2026,01:42:56,112255,0,-0.513203,-1.13,-2.47,-24.6875,16.625,234.1875,0.081287,0,0,36.82193,0,0,1000,-50,30.9375
08.08.2026,01:42:56,112361,0,0.64543,0.01,-0.74,-23.625,19.25,232.5,0.042508,0,0,36.82618,0,0,1000,-50,26.4375
08.08.2026,01:42:56,112467,0,3.052622,0.03,1.63,-23.75,21.125,230.3125,0.087336,0,0,36.83491,0,0,1000,-50,26.0625
08.08.2026,01:42:56,112573,0,-0.965268,-1.6,0.86,-25.8125,19.4375,228.4375,0.245333,0,0,36.85944,0,0,1000,-50,30.1875
08.08.2026,01:42:56,112679,0,0.212326,-1.11,-2.81,-28.25,21.0625,229.6875,0.07483,0,0,36.86692,0,0,1000,-50,38.0625
08.08.2026,01:42:56,112785,0,-0.571161,-1.27,-2.67,-29.1875,20.1875,233.9375,0.108438,0,0,36.87777,0,0,1000,-50,40
08.08.2026,01:42:56,112891,0,1.237369,-1.08,0.7,-28.9375,20.9375,238.5,0.045705,0,0,36.88234,0,0,1000,-50,40
08.08.2026,01:42:56,112997,0,-0.446731,0.04,3.15,-29.4375,21,244.1875,0.127503,0,0,36.89509,0,0,1000,-50,40
08.08.2026,01:42:56,113103,0,0.33793,-0.82,-0.87,-30.4375,23.3125,252.75,0.017544,0,0,36.91344,0,0,1000,-50,40
08.08.2026,01:42:56,113209,0,-1.172634,-2.19,-2.16,-29.4375,22.1875,257.8125,0.011975,0,0,36.91464,0,0,1000,-45.78125,40
08.08.2026,01:42:56,113315,0,0.096981,-1.75,-1.82,-29,22.125,259.75,-0.062067,0,0,36.90844,0,0,1000,-40.21875,40
08.08.2026,01:42:56,113421,0,1.858977,0.33,2.17,-28.75,20.9375,259.1875,-0.001788,0,0,36.90826,0,0,1000,-44.65625,40
08.08.2026,01:42:56,113527,0,-2.920966,-1.18,3.88,-27.5625,14.75,257,0.017533,0,0,36.91001,0,0,1000,-50,37.6875
08.08.2026,01:42:56,113633,0,0.564386,-1.86,-2.08,-27.5,17.375,256.125,-0.183947,0,0,36.89162,0,0,1000,-50,37.5
08.08.2026,01:42:56,113739,0,-0.5516,-2.18,-2.31,-27.5,18.5,257.5,-0.124848,0,0,36.87913,0,0,1000,-50,37.6875
08.08.2026,01:42:56,113845,0,0.092767,-1.81,0.35,-27.3125,18.1875,260.6875,-0.135778,0,0,36.86555,0,0,1000,-34.4375,37.125
08.08.2026,01:42:56,113951,0,0.306173,-1,2.68,-27.1875,17.125,265.375,-0.105942,0,0,36.85496,0,0,1000,-14.59375,36.40625
08.08.2026,01:42:56,114057,0,-1.789891,-0.46,0.82,-26.6875,15.25,271.125,-0.122375,0,0,36.84272,0,0,1000,9.03125,34.4375
08.08.2026,01:42:56,114163,0,-0.442751,-1.73,-1.74,-25.4375,15.75,278,-0.222047,0,0,36.82052,0,0,1000,34.8125,30.78125
08.08.2026,01:42:56,114269,0,-0.375565,-2.22,-1.37,-25,16,280,-0.223477,0,0,36.79817,0,0,1000,41.25,30.75
08.08.2026,01:42:56,114375,0,-0.308112,-1.49,0.17,-25.9375,17.9375,280.5625,-0.231751,0,0,36.775,0,0,1000,42.5625,33.75
08.08.2026,01:42:56,114481,0,-2.001484,-1.67,1.86,-26.5625,17.0625,280.0625,-0.20612,0,0,36.75439,0,0,1000,40.25,35
08.08.2026,01:42:56,114587,0,-0.323454,-1.37,0.11,-26.5,14.6875,278.5,-0.249715,0,0,36.72942,0,0,1000,35.75,34.71875
08.08.2026,01:42:56,114693,0,-0.752782,-2.08,-1.2,-26.125,14.25,277.0625,-0.331859,0,0,36.69623,0,0,1000,30,33.9375
08.08.2026,01:42:56,114799,0,-0.702392,-2.21,-0.73,-25.875,17.1875,276.75,-0.32311,0,0,36.66392,0,0,1000,26.75,32.4375
08.08.2026,01:42:56,114905,0,0.138244,-1.43,1.54,-26.9375,18.375,278,-0.303228,0,0,36.60052,0,0,1000,32.9375,34.3125
08.08.2026,01:42:56,115011,0,-2.082005,-0.2,1.34,-28.625,17.375,279.25,-0.34507,0,0,36.56602,0,0,1000,38.09375,40
08.08.2026,01:42:56,115117,0,-0.480556,-1.87,-0.62,-29.9375,15.125,279.25,-0.321929,0,0,36.53382,0,0,1000,40,40
08.08.2026,01:42:56,115223,0,-0.230499,-2.48,-0.83,-31.0625,15.1875,274.6875,-0.312756,0,0,36.50255,0,0,1000,27,40
08.08.2026,01:42:56,115329,0,0.247734,-1.45,0,-32.1875,18.875,269.625,-0.256025,0,0,36.47694,0,0,1000,-5.71875,40
08.08.2026,01:42:56,115435,0,-0.837424,-1.4,2.73,-32.25,19.625,264.375,-0.15057,0,0,36.46189,0,0,1000,-26.40625,40
08.08.2026,01:42:56,115541,0,-1.249434,-1.53,1.72,-32,17.375,258,-0.248484,0,0,36.43704,0,0,1000,-50,40
08.08.2026,01:42:56,115647,0,-0.622703,-1.88,-1.35,-32.4375,17.6875,249.25,-0.209304,0,0,36.41611,0,0,1000,-50,40
08.08.2026,01:42:56,115753,0,0.802872,-2.28,-1.76,-33.125,19.375,244.625,-0.173363,0,0,36.39877,0,0,1000,-50,40
08.08.2026,01:42:56,115859,0,0.225852,-1.45,0.84,-34.25,20.5625,242.625,-0.092685,0,0,36.3895,0,0,1000,-50,40
08.08.2026,01:42:56,115965,0,-1.843791,0.19,1.75,-35.4375,18.3125,242.6875,-0.011107,0,0,36.38839,0,0,1000,-50,40
08.08.2026,01:42:56,116071,0,1.158588,-1.3,-0.85,-34.75,17.6875,244.75,-0.073968,0,0,36.38099,0,0,1000,-50,40
08.08.2026,01:42:56,116177,0,-0.391248,-2.23,-1.78,-33.1875,17.75,245.0625,-0.00512,0,0,36.38048,0,0,1000,-50,40
08.08.2026,01:42:56,116283,0,1.088491,-1.42,-1.27,-32.5625,19.75,243.6875,0.008131,0,0,36.38129,0,0,1000,-50,40
08.08.2026,01:42:56,116389,0,2.145872,-0.4,2.38,-32.0625,17.6875,241.375,0.081431,0,0,36.38944,0,0,1000,-50,40
08.08.2026,01:42:56,116495,0,-2.041395,-1.88,3.35,-31.625,14.8125,238.5,0.226003,0,0,36.41204,0,0,1000,-50,40
08.08.2026,01:42:56,116601,0,0.016839,-2.07,-1.71,-33.375,18,234.75,0.134533,0,0,36.43099,0,0,1000,-50,40
08.08.2026,01:42:56,116707,0,0.272513,-2.43,-2.59,-34.75,19.875,234.0625,0.117841,0,0,36.44277,0,0,1000,-50,40
08.08.2026,01:42:56,116813,0,0.968723,-2.18,0.35,-36.1875,21.8125,234.5625,0.183844,0,0,36.46115,0,0,1000,-50,40
08.08.2026,01:42:56,116919,0,1.482811,-0.23,2.86,-38.375,21.5625,235.5,0.302241,0,0,36.49138,0,0,1000,-50,40
08.08.2026,01:42:56,117025,0,-0.536908,-0.75,1.78,-38.75,21.0625,237.9375,0.220722,0,0,36.51345,0,0,1000,-50,40
08.08.2026,01:42:56,117131,0,-0.952599,-2.39,-1.89,-36.0625,26.125,241.1875,0.267248,0,0,36.54018,0,0,1000,-50,40
08.08.2026,01:42:56,117237,0,0.261838,-2.7,-3.28,-34.9375,30.625,241.125,0.172992,0,0,36.55748,0,0,1000,-50,40
08.08.2026,01:42:56,117343,0,0.815884,-1.56,-0.47,-34.875,29.0625,239.9375,0.185141,0,0,36.57599,0,0,1000,-50,40
08.08.2026,01:42:56,117449,0,1.346319,-1.24,2.89,-33,24.6875,238.5625,0.297459,0,0,36.60574,0,0,1000,-50,40
08.08.2026,01:42:56,117555,0,-0.24515,-2.82,1.62,-32.5,22.25,235.4375,0.356649,0,0,36.6414,0,0,1000,-50,40
08.08.2026,01:42:56,117661,0,-0.325303,-2.15,-2.12,-33.75,18.25,231.75,0.315732,0,0,36.67297,0,0,1000,-50,40
08.08.2026,01:42:56,117767,0,1.154992,-2.7,-1.84,-34.1875,17.4375,230.5625,0.301798,0,0,36.70315,0,0,1000,-50,40
08.08.2026,01:42:56,117873,0,1.235135,-2.2,0.86,-34.625,16,231.125,0.306515,0,0,36.7338,0,0,1000,-50,40
08.08.2026,01:42:56,117979,0,-0.827573,-0.37,3.7,-35.375,11.375,233.6875,0.395198,0,0,36.77332,0,0,1000,-50,40
08.08.2026,01:42:56,118085,0,1.339713,-1.76,-0.01,-35.5625,13.6875,236.625,0.39537,0,0,36.81286,0,0,1000,-50,40
08.08.2026,01:42:56,118191,0,-0.598683,-3.16,-2.23,-34.875,15.5,236.9375,0.261089,0,0,36.83897,0,0,1000,-50,40
08.08.2026,01:42:56,118297,0,0.902749,-2.57,-1.99,-34.6875,17.4375,236,0.266452,0,0,36.86561,0,0,1000,-50,40
08.08.2026,01:42:56,118403,0,1.964984,-1.36,1.85,-34.3125,17,233.875,0.311003,0,0,36.92086,0,0,1000,-50,40
08.08.2026,01:42:56,118509,0,-1.995017,-2.29,3.46,-33.3125,13.8125,230.9375,0.327268,0,0,36.95359,0,0,1000,-50,40
08.08.2026,01:42:56,118615,0,0.525485,-2.06,-1.33,-33.1875,14.5,225.125,0.279046,0,0,36.98149,0,0,1000,-50,40
08.08.2026,01:42:56,118721,0,0.566684,-2.41,-2.88,-33.8125,14.5,222.5625,0.273697,0,0,37.00886,0,0,1000,-50,40
08.08.2026,01:42:56,118827,0,1.156515,-2.18,-0.37,-34.5625,14.875,221.8125,0.31622,0,0,37.04049,0,0,1000,-50,40
08.08.2026,01:42:56,118933,0,1.824004,-0.26,2.45,-35.75,12.125,224.1875,0.389083,0,0,37.0794,0,0,1000,-50,40
08.08.2026,01:42:56,119039,0,-1.187524,-0.59,1.52,-36,9.75,227.9375,0.358479,0,0,37.11524,0,0,1000,-50,40
08.08.2026,01:42:56,119145,0,0.123396,-2.62,-2.02,-34.75,12.875,231.625,0.282374,0,0,37.14348,0,0,1000,-50,40
08.08.2026,01:42:56,119251,0,1.064132,-2.49,-2.17,-33.6875,14.1875,232.9375,0.288088,0,0,37.17229,0,0,1000,-50,40
08.08.2026,01:42:56,119357,0,1.483882,-1.4,1.19,-32.8125,14,231.9375,0.318734,0,0,37.20416,0,0,1000,-50,40
08.08.2026,01:42:56,119463,0,-2.75966,-1.36,3.73,-32.125,8.625,229.0625,0.421146,0,0,37.24627,0,0,1000,-50,40
08.08.2026,01:42:56,119569,0,1.171983,-2.53,-1.35,-32.9375,11.5625,224.625,0.259854,0,0,37.27226,0,0,1000,-50,40
08.08.2026,01:42:56,119675,0,0.105427,-2.02,-2.66,-34.5625,11.3125,222.9375,0.203887,0,0,37.29265,0,0,1000,-50,40
08.08.2026,01:42:56,119781,0,1.028871,-2.22,-1.12,-35.5625,11,222.5,0.203887,0,0,37.31304,0,0,1000,-50,40
08.08.2026,01:42:56,119887,0,1.560711,-0.8,3.24,-36.875,9.75,224.75,0.25373,0,0,37.33841,0,0,1000,-50,40
08.08.2026,01:42:56,119993,0,-1.608986,-0.34,1.25,-38,9.9375,229.4375,0.301557,0,0,37.36856,0,0,1000,-50,40
08.08.2026,01:42:56,120099,0,0.123964,-2.9,-1.55,-36,12.1875,234.5,0.219237,0,0,37.39049,0,0,1000,-50,40
08.08.2026,01:42:56,120205,0,0.287153,-2.86,-1.71,-34.375,11.9375,236.4375,0.15935,0,0,37.4276,0,0,1000,-50,40
08.08.2026,01:42:56,120311,0,0.572029,-1.77,1.07,-33.375,13.4375,236.25,0.205782,0,0,37.44818,0,0,1000,-50,40
08.08.2026,01:42:56,120417,0,1.365412,-1.32,2.59,-32.625,12.3125,233.6875,0.311723,0,0,37.47935,0,0,1000,-50,40
08.08.2026,01:42:56,120523,0,-1.174612,-2.71,0.95,-32.25,11.5,230.25,0.142413,0,0,37.49359,0,0,1000,-50,40
08.08.2026,01:42:56,120629,0,-0.293962,-1.79,-1.62,-33,11.3125,227.25,0.148349,0,0,37.50843,0,0,1000,-50,40
08.08.2026,01:42:56,120735,0,1.57166,-2.56,-1.91,-33.75,12,226.875,0.136137,0,0,37.52204,0,0,1000,-50,40
08.08.2026,01:42:56,120841,0,0.834693,-2.02,1.03,-35.125,12.3125,228.6875,0.216669,0,0,37.54371,0,0,1000,-50,40
08.08.2026,01:42:56,120947,0,-1.884573,-0.58,2.28,-36.8125,9.75,231.625,0.28815,0,0,37.57253,0,0,1000,-50,40
08.08.2026,01:42:56,121053,0,1.110334,-2.32,-0.43,-37.25,12.3125,236.8125,0.158373,0,0,37.58836,0,0,1000,-50,40
08.08.2026,01:42:56,121159,0,-0.343374,-2.95,-1.29,-35.4375,10.625,240.0625,0.115301,0,0,37.5999,0,0,1000,-50,40
08.08.2026,01:42:56,121265,0,1.083927,-2.67,-1.2,-33.8125,11.1875,241.0625,0.083931,0,0,37.60829,0,0,1000,-50,40
08.08.2026,01:42:56,121371,0,1.499903,-1.78,2.16,-33.1875,10.625,239.875,0.125129,0,0,37.6208,0,0,1000,-50,40
08.08.2026,01:42:56,121477,0,-2.745508,-2.58,2.32,-33,5.75,237.9375,0.168289,0,0,37.63763,0,0,1000,-50,40
08.08.2026,01:42:56,121583,0,1.193522,-2.4,-1.03,-33.4375,8.125,233.6875,0.030152,0,0,37.64064,0,0,1000,-50,40
08.08.2026,01:42:56,121689,0,0.182514,-2.61,-1.51,-33.9375,6.375,232,0.031355,0,0,37.64378,0,0,1000,-50,40
08.08.2026,01:42:56,121795,0,1.110494,-2.61,0.27,-34.4375,6.8125,231.4375,0.06282,0,0,37.65006,0,0,1000,-50,40
08.08.2026,01:42:56,121901,0,1.086327,-1.32,2.55,-35.6875,5.125,232.625,0.193758,0,0,37.68239,0,0,1000,-50,40
08.08.2026,01:42:56,122007,0,-1.619903,-0.97,1.86,-36.625,2.0625,235.125,0.033851,0,0,37.68578,0,0,1000,-50,40
08.08.2026,01:42:56,122113,0,0.90816,-3.14,-1.3,-35.5,5.625,237.75,0.026376,0,0,37.68841,0,0,1000,-50,40
08.08.2026,01:42:56,122219,0,1.025956,-3.07,-1.84,-35,7.3125,238.375,0.068519,0,0,37.69526,0,0,1000,-50,40
08.08.2026,01:42:56,122325,0,0.301183,-2.37,1.38,-34.875,7.375,236.875,0.148454,0,0,37.71011,0,0,1000,-50,40
08.08.2026,01:42:56,122431,0,-2.013684,-1.71,3.1,-35.125,4.875,235,0.151335,0,0,37.72524,0,0,1000,-50,40
08.08.2026,01:42:56,122537,0,1.23766,-2.8,-0.84,-35,6.6875,230.5625,-0.041794,0,0,37.72106,0,0,1000,-50,40
08.08.2026,01:42:56,122643,0,0.117559,-2.71,-1.96,-35.0625,5.75,228.5625,0.003159,0,0,37.72138,0,0,1000,-50,40
08.08.2026,01:42:56,122749,0,1.39634,-2.75,-0.57,-35.25,5.5,228.1875,0.037888,0,0,37.72517,0,0,1000,-50,40
08.08.2026,01:42:56,122855,0,1.302737,-1.06,3.79,-36.25,5.375,230.125,0.112055,0,0,37.73637,0,0,1000,-50,40
08.08.2026,01:42:56,122961,0,-1.930409,-1.13,1.31,-36.375,5.1875,233.0625,0.097822,0,0,37.74615,0,0,1000,-50,40
08.08.2026,01:42:56,123067,0,0.342086,-3.04,-1.47,-33.9375,8.5,235.75,-0.077598,0,0,37.73839,0,0,1000,-50,40
08.08.2026,01:42:56,123173,0,0.591265,-3.09,-1.59,-32.75,7.75,235.75,0.025553,0,0,37.74095,0,0,1000,-50,40
08.08.2026,01:42:56,123279,0,-0.09905,-2.09,0.95,-32.1875,8.375,233.75,0.009795,0,0,37.74193,0,0,1000,-50,40
08.08.2026,01:42:56,123385,0,-0.420906,-1.96,2.98,-31,8.5625,231.1875,0.057695,0,0,37.7477,0,0,1000,-50,40
08.08.2026,01:42:56,123491,0,-0.525493,-2.51,1,-30,7.1875,228,0.142663,0,0,37.76196,0,0,1000,-50,40
08.08.2026,01:42:56,123597,0,0.275328,-2.36,-1.83,-30.8125,8.9375,223.6875,-0.025535,0,0,37.75941,0,0,1000,-50,40
08.08.2026,01:42:56,123703,0,1.153091,-2.78,-1.89,-32.4375,10.625,222.5,0.092508,0,0,37.77562,0,0,1000,-50,40
08.08.2026,01:42:56,123809,0,1.170117,-2.24,0.79,-34.6875,10.375,223.125,0.161168,0,0,37.79173,0,0,1000,-50,40
08.08.2026,01:42:56,123915,0,-1.835066,-0.22,2.72,-37.125,5.25,225.25,0.165169,0,0,37.80825,0,0,1000,-50,40
08.08.2026,01:42:56,124021,0,1.599622,-1.92,0,-37.875,8.375,227.8125,0.092082,0,0,37.81746,0,0,1000,-50,40
08.08.2026,01:42:56,124127,0,0.241762,-3.22,-2.26,-36.9375,10.0625,229.5625,0.152351,0,0,37.8327,0,0,1000,-50,40
08.08.2026,01:42:56,124233,0,1.197106,-2.1,0.04,-36.3125,11,228.5625,0.144809,0,0,37.84718,0,0,1000,-50,40
08.08.2026,01:42:56,124339,0,1.310013,-1.48,3.07,-35,9.25,226,0.220564,0,0,37.86923,0,0,1000,-50,40
08.08.2026,01:42:56,124445,0,-2.407024,-2.59,1.9,-34.3125,4.3125,223.375,0.21883,0,0,37.89111,0,0,1000,-50,40
08.08.2026,01:42:56,124551,0,2.502007,-2.53,-1.62,-34.8125,7.125,220.4375,0.030126,0,0,37.89413,0,0,1000,-50,40
08.08.2026,01:42:56,124657,0,0.776558,-2.8,-1.44,-36.0625,5.75,218.9375,0.169471,0,0,37.91108,0,0,1000,-50,40
08.08.2026,01:42:56,124763,0,1.170675,-2.05,1.67,-36.8125,7.0625,220.25,0.182932,0,0,37.92937,0,0,1000,-50,40
08.08.2026,01:42:56,124869,0,-0.557279,-1.41,2.04,-37.1875,7.4375,222.375,0.247334,0,0,37.9541,0,0,1000,-50,40
08.08.2026,01:42:56,124975,0,-0.313294,-2.38,0.54,-36.75,8,224.125,0.187068,0,0,37.97281,0,0,1000,-50,40
08.08.2026,01:42:56,125081,0,1.383154,-3.29,-2.17,-36.0625,8.875,224.5,0.110452,0,0,37.98385,0,0,1000,-50,40
08.08.2026,01:42:56,125187,0,0.487259,-2.24,0.03,-35.8125,8.75,222.625,0.183335,0,0,38.00219,0,0,1000,-50,40
08.08.2026,01:42:56,125293,0,2.250555,-1.54,2.45,-35.1875,7.6875,219.25,0.20848,0,0,38.02303,0,0,1000,-50,40
08.08.2026,01:42:56,125399,0,-1.378421,-2.81,1.66,-34.8125,2.625,215.8125,0.279123,0,0,38.05095,0,0,1000,-50,40
08.08.2026,01:42:56,125505,0,1.816794,-2.35,-0.53,-35.5,4.75,212.4375,0.142504,0,0,38.08008,0,0,1000,-50,40
08.08.2026,01:42:56,125611,0,0.984807,-2.4,-1.43,-35.75,3.25,211.625,0.230258,0,0,38.1031,0,0,1000,-50,40
08.08.2026,01:42:56,125717,0,1.495626,-2.48,0.39,-35.875,4.0625,213.1875,0.285516,0,0,38.13166,0,0,1000,-50,40
08.08.2026,01:42:56,125823,0,-0.325768,-1.15,2.39,-36.875,2.375,216.125,0.354316,0,0,38.16709,0,0,1000,-50,40
08.08.2026,01:42:56,125929,0,-0.442429,-1.68,1.07,-37.5,3.1875,219.9375,0.207148,0,0,38.1878,0,0,1000,-50,40
08.08.2026,01:42:56,126035,0,1.531208,-3.22,-0.42,-36.75,5.375,223.3125,0.197868,0,0,38.20759,0,0,1000,-50,40
08.08.2026,01:42:56,126141,0,1.043476,-3.28,-1.35,-36.3125,6.5625,224.3125,0.240439,0,0,38.23163,0,0,1000,-50,40
08.08.2026,01:42:56,126247,0,1.084967,-2.27,1.13,-36.3125,6.8125,222.4375,0.264614,0,0,38.25809,0,0,1000,-50,40
08.08.2026,01:42:56,126353,0,-1.66502,-3.01,2.46,-36,1.6875,219.25,0.310577,0,0,38.28915,0,0,1000,-50,40
08.08.2026,01:42:56,126459,0,0.270303,-2.84,0.35,-36,2.875,214.3125,0.145438,0,0,38.3037,0,0,1000,-50,40
08.08.2026,01:42:56,126565,0,1.376999,-2.27,-0.67,-36,3.75,208.875,0.102744,0,0,38.31397,0,0,1000,-50,40
08.08.2026,01:42:56,126671,0,1.521773,-2.88,-0.31,-35.4375,2.9375,206.0625,0.162524,0,0,38.33022,0,0,1000,-50,40
08.08.2026,01:42:56,126777,0,1.26371,-2.29,0.98,-35.375,3.25,204.5,0.250736,0,0,38.3553,0,0,1000,-50,40
08.08.2026,01:42:56,126883,0,-0.335419,-1.29,1.17,-35.6875,2.0625,203.75,0.283882,0,0,38.38369,0,0,1000,-50,40
08.08.2026,01:42:56,126989,0,0.515198,-2.01,0.08,-35,2.1875,202.625,0.291773,0,0,38.41286,0,0,1000,-50,40
08.08.2026,01:42:56,127095,0,1.357973,-2.52,-0.56,-33.3125,3,199.1875,0.224681,0,0,38.43533,0,0,1000,-50,40
08.08.2026,01:42:56,127201,0,1.340247,-1.33,-0.4,-32.5625,1.0625,195.1875,0.325493,0,0,38.49191,0,0,1000,-50,40
08.08.2026,01:42:56,127307,0,1.48978,-1.61,0.35,-30.9375,0,188.1875,0.346237,0,0,38.52654,0,0,1000,-50,40
08.08.2026,01:42:56,127413,0,2.528646,-0.93,0.69,-29.3125,-0.375,181.625,0.453122,0,0,38.57185,0,0,1000,-50,40
08.08.2026,01:42:56,127519,0,0.404075,-1.39,-0.74,-27.875,-3.1875,174.625,0.47419,0,0,38.61927,0,0,1000,-50,37.6875
08.08.2026,01:42:56,127625,0,2.513469,-1.67,-0.58,-26.5,-1,164.9375,0.477578,0,0,38.66702,0,0,1000,-50,34.625
08.08.2026,01:42:56,127731,0,1.685036,-0.31,-0.85,-25.6875,-4.0625,160.375,0.573203,0,0,38.72434,0,0,1000,-50,31.28125
08.08.2026,01:42:56,127837,0,3.124995,-0.37,-1.07,-24,-3.4375,157.375,0.623231,0,0,38.78667,0,0,1000,-50,25.59375
08.08.2026,01:42:56,127943,0,2.230507,-0.24,-0.54,-22.6875,-4.1875,155,0.761505,0,0,38.86282,0,0,1000,-50,22.125
08.08.2026,01:42:56,128049,0,2.644331,0.32,0.64,-23.1875,-3.1875,153.75,0.814029,0,0,38.94422,0,0,1000,-50,23.625
08.08.2026,01:42:56,128155,0,0.086447,-0.1,-0.29,-24.25,-6.1875,153.1875,0.867126,0,0,39.03093,0,0,1000,-50,26.625
08.08.2026,01:42:56,128261,0,2.46277,-0.21,-0.98,-24.3125,-3.9375,153.125,0.736267,0,0,39.10456,0,0,1000,-50,28.125
08.08.2026,01:42:56,128367,0,2.018573,-0.03,-2.24,-23.75,-5.1875,152.6875,0.752496,0,0,39.17981,0,0,1000,-50,25.625
08.08.2026,01:42:56,128473,0,1.543581,0.57,-0.86,-21.9375,-5.1875,150.9375,0.77716,0,0,39.25752,0,0,1000,-50,19.25
08.08.2026,01:42:56,128579,0,1.928299,1.47,-0.05,-18.5,-6,146.3125,0.786209,0,0,39.33614,0,0,1000,-50,11.09375
08.08.2026,01:42:56,128685,0,1.883711,1.06,0.82,-16.1875,-6.6875,141,0.764634,0,0,39.41261,0,0,1000,-50,2.71875
08.08.2026,01:42:56,128791,0,1.188444,-0.11,-1.25,-15.875,-6.625,135.9375,0.785726,0,0,39.49118,0,0,1000,-50,2.9375
08.08.2026,01:42:56,128897,0,2.126004,0.09,-1.3,-16.75,-4.9375,132.5,0.697826,0,0,39.56096,0,0,1000,-50,6.34375
08.08.2026,01:42:56,129003,0,1.33322,1.17,-1.55,-17.4375,-5.75,132.0625,0.689055,0,0,39.70072,0,0,1000,-50,7.625
08.08.2026,01:42:56,129109,0,2.358616,1.28,-1.35,-16.625,-5.1875,134.5625,0.698019,0,0,39.77052,0,0,1000,-50,5
08.08.2026,01:42:56,129215,0,2.07584,1.62,1.43,-16.5625,-6.5625,138.9375,0.708284,0,0,39.84135,0,0,1000,-50,4.125
08.08.2026,01:42:56,129321,0,-0.664717,1.06,0.41,-18.5625,-9.125,144.6875,0.639268,0,0,39.90527,0,0,1000,-50,8.4375
08.08.2026,01:42:56,129427,0,1.448875,0,-0.76,-20.8125,-6.5625,151.75,0.510234,0,0,39.9563,0,0,1000,-50,15.375
08.08.2026,01:42:56,129533,0,1.368875,-0.17,-2.3,-22.375,-6.875,158.4375,0.496415,0,0,40.00594,0,0,1000,-50,22.125
08.08.2026,01:42:56,129639,0,1.837289,0.53,-0.29,-22.25,-3.375,163.75,0.485836,0,0,40.05452,0,0,1000,-50,22.125
08.08.2026,01:42:56,129745,0,2.441251,0.59,2.33,-21.8125,-3.1875,165.4375,0.49872,0,0,40.10439,0,0,1000,-50,21
08.08.2026,01:42:56,129851,0,-0.365921,-2.03,0.13,-22.625,-6.3125,166.625,0.534012,0,0,40.15779,0,0,1000,-50,23.96875
08.08.2026,01:42:56,129957,0,1.462711,-1.72,-2.1,-24.875,-2.375,168.6875,0.353516,0,0,40.19315,0,0,1000,-50,31.65625
08.08.2026,01:42:56,130063,0,1.911329,-0.73,-1.78,-27.4375,-2,173.75,0.35395,0,0,40.22854,0,0,1000,-50,37.8125
08.08.2026,01:42:56,130169,0,1.077967,-1.34,0.13,-27.625,-2.375,179.0625,0.41552,0,0,40.2701,0,0,1000,-50,37.5
08.08.2026,01:42:56,130275,0,-0.20469,-1.04,2.43,-29.4375,-2.75,184.875,0.393607,0,0,40.30946,0,0,1000,-50,40
08.08.2026,01:42:56,130381,0,0.414406,-1.08,1.42,-32.25,-2.25,190.625,0.339077,0,0,40.34336,0,0,1000,-50,40
08.08.2026,01:42:56,130487,0,1.148255,-2.85,-1.86,-33.9375,-1.625,195,0.191294,0,0,40.3625,0,0,1000,-50,40
08.08.2026,01:42:56,130593,0,1.37141,-2.11,-0.72,-35.625,1.375,198.3125,0.212859,0,0,40.38378,0,0,1000,-50,40
08.08.2026,01:42:56,130699,0,2.774842,-1.29,2.54,-35.0625,1.8125,198,0.204246,0,0,40.40421,0,0,1000,-50,40
08.08.2026,01:42:56,130805,0,-1.07212,-2.81,1.86,-33.1875,-1.1875,197.25,0.161926,0,0,40.44205,0,0,1000,-50,40
08.08.2026,01:42:56,130911,0,0.602673,-2.71,-1.92,-32.375,1.5,195.5625,-0.002384,0,0,40.44181,0,0,1000,-50,40
08.08.2026,01:42:56,131017,0,1.74275,-2.19,-2.98,-33.1875,3.5,194.5625,0.034221,0,0,40.44523,0,0,1000,-50,40
08.08.2026,01:42:56,131123,0,1.018536,-2.24,1.45,-34.5625,0.375,194.5625,0.096806,0,0,40.45491,0,0,1000,-50,40
08.08.2026,01:42:56,131229,0,-0.694599,-1.11,2.64,-36.1875,-0.6875,197.1875,0.097506,0,0,40.46466,0,0,1000,-50,40
08.08.2026,01:42:56,131335,0,1.006577,-1.87,0.21,-36.4375,1.5625,200.3125,-0.036563,0,0,40.46101,0,0,1000,-50,40
08.08.2026,01:42:56,131441,0,0.287958,-3.53,-2.08,-35.9375,1.75,202.8125,-0.042943,0,0,40.45671,0,0,1000,-50,40
08.08.2026,01:42:56,131547,0,1.700549,-2.59,-0.23,-35.625,3.5625,203.5,-0.0806,0,0,40.44865,0,0,1000,-50,40
08.08.2026,01:42:56,131653,0,2.331195,-1.81,3.36,-34.875,1.9375,201.3125,-0.020083,0,0,40.44665,0,0,1000,-50,40
08.08.2026,01:42:56,131759,0,-1.419482,-3.08,2.43,-33.75,-1.0625,197.9375,0.021042,0,0,40.44875,0,0,1000,-50,40
08.08.2026,01:42:56,131865,0,0.945211,-2.68,-2.01,-33.5,0.75,194.125,-0.145934,0,0,40.43416,0,0,1000,-50,40
08.08.2026,01:42:56,131971,0,2.049868,-2.42,-2.48,-34,2.25,191.125,-0.144799,0,0,40.41968,0,0,1000,-50,40
08.08.2026,01:42:56,132077,0,0.862028,-2.21,1.36,-35.625,0.25,190.1875,-0.067172,0,0,40.41296,0,0,1000,-50,40
08.08.2026,01:42:56,132183,0,-1.577499,-0.8,2.68,-37.5625,-1.125,192.5625,-0.014719,0,0,40.41149,0,0,1000,-50,40
08.08.2026,01:42:56,132289,0,1.782891,-1.83,-0.03,-37.1875,1.4375,195,-0.012135,0,0,40.41027,0,0,1000,-50,40
08.08.2026,01:42:56,132395,0,0.707105,-3.14,-1.99,-35.4375,1.125,196.8125,-0.131048,0,0,40.39717,0,0,1000,-50,40
08.08.2026,01:42:56,132501,0,2.168772,-3.08,-2.14,-33.625,1.6875,196.375,-0.044704,0,0,40.38752,0,0,1000,-50,40
08.08.2026,01:42:56,132607,0,1.378298,-1.31,3.53,-31.375,-0.875,192.5,0.05946,0,0,40.39346,0,0,1000,-50,40
08.08.2026,01:42:56,132713,0,-1.022432,-2.06,2.26,-30.3125,-3.3125,188.125,0.022694,0,0,40.39573,0,0,1000,-50,40
08.08.2026,01:42:56,132819,0,1.260518,-2.15,-1.3,-30.375,-1.125,184.1875,-0.091762,0,0,40.38656,0,0,1000,-50,40
08.08.2026,01:42:56,132925,0,1.420519,-1.42,-2.88,-31.125,-1.0625,182.9375,-0.04958,0,0,40.3816,0,0,1000,-50,40
08.08.2026,01:42:56,133031,0,1.301939,-1.67,0.79,-31.8125,-1.6875,184.0625,0.005385,0,0,40.38214,0,0,1000,-50,40
08.08.2026,01:42:56,133137,0,0.370079,-0.49,2.48,-33.5,-2.0625,186.75,0.057853,0,0,40.38792,0,0,1000,-50,40
08.08.2026,01:42:56,133243,0,0.669198,-1.16,0.72,-35.4375,-0.5625,191.125,0.027389,0,0,40.39066,0,0,1000,-50,40
08.08.2026,01:42:56,133349,0,1.479556,-2.85,-1.5,-35.5625,-0.5,196,-0.011108,0,0,40.38955,0,0,1000,-50,40
08.08.2026,01:42:56,133455,0,1.308931,-3.17,-1.93,-34.75,-0.25,198.8125,0.019429,0,0,40.39149,0,0,1000,-50,40
08.08.2026,01:42:56,133561,0,1.457736,-2.08,1.66,-33.25,0.375,198.0625,0.037158,0,0,40.39521,0,0,1000,-50,40
08.08.2026,01:42:56,133667,0,-1.404773,-2.48,3.08,-32.0625,-3.8125,194.9375,0.07804,0,0,40.40302,0,0,1000,-50,40
08.08.2026,01:42:56,133773,0,0.954597,-2.61,-0.63,-31.9375,-2.75,191.375,0.019575,0,0,40.40497,0,0,1000,-50,40
08.08.2026,01:42:56,133879,0,1.606766,-1.98,-3.03,-32.5625,-0.8125,188.875,-0.067446,0,0,40.39823,0,0,1000,-50,40
08.08.2026,01:42:56,133985,0,2.01755,-2.53,-1.06,-33.25,-0.375,187.75,-0.024367,0,0,40.39579,0,0,1000,-50,40
08.08.2026,01:42:56,134091,0,2.285439,-1.6,2.87,-35,-1.375,189.9375,0.065645,0,0,40.40236,0,0,1000,-50,40
08.08.2026,01:42:56,134197,0,-0.38851,-0.98,1.9,-37.0625,-0.375,193.375,0.122798,0,0,40.41463,0,0,1000,-50,40
08.08.2026,01:42:56,134303,0,1.830868,-3.02,-0.99,-37,0.5,196.125,0.023195,0,0,40.41889,0,0,1000,-50,40
08.08.2026,01:42:56,134409,0,0.840122,-3.67,-2.04,-36.0625,1.0625,197.3125,0.011534,0,0,40.42004,0,0,1000,-50,40
08.08.2026,01:42:56,134515,0,2.379751,-2.53,-0.45,-35.5,3.125,196.8125,0.059607,0,0,40.426,0,0,1000,-50,40
08.08.2026,01:42:56,134621,0,-1.027712,-2.64,3.77,-33.25,-2.25,193.0625,0.172492,0,0,40.44325,0,0,1000,-50,40
08.08.2026,01:42:56,134727,0,0.103292,-2.9,0.35,-32.1875,-3.4375,188.8125,-0.031236,0,0,40.44013,0,0,1000,-50,40
08.08.2026,01:42:56,134833,0,1.844649,-2.33,-2.4,-32.125,-1.3125,183.9375,-0.042181,0,0,40.43591,0,0,1000,-50,40
08.08.2026,01:42:56,134939,0,1.703917,-2.25,-2.14,-32.875,-1.5,181.6875,0.022766,0,0,40.43819,0,0,1000,-50,40
08.08.2026,01:42:56,135045,0,2.619829,-2.16,-0.23,-33.6875,-4.1875,180.625,0.127128,0,0,40.4509,0,0,1000,-50,40
08.08.2026,01:42:56,135151,0,1.452405,-0.84,2.61,-36.25,-6.3125,183.25,0.230854,0,0,40.47399,0,0,1000,-50,40
08.08.2026,01:42:56,135257,0,0.044235,-1.4,1.57,-36.625,-5,185.5,0.254066,0,0,40.49939,0,0,1000,-50,40
08.08.2026,01:42:56,135363,0,3.110182,-2.84,-1.94,-34.625,-4.9375,186.5625,0.126023,0,0,40.512,0,0,1000,-50,40
08.08.2026,01:42:56,135469,0,1.443111,-3.08,-1.43,-33,-5.125,186.375,0.219893,0,0,40.53399,0,0,1000,-50,40
08.08.2026,01:42:56,135575,0,3.745222,-0.86,2.12,-31.25,-4,183.625,0.245331,0,0,40.55852,0,0,1000,-50,40
08.08.2026,01:42:56,135681,0,-0.87435,-2.48,1.71,-29.6875,-10.3125,180.25,0.297683,0,0,40.58829,0,0,1000,-50,40
08.08.2026,01:42:56,135787,0,1.878867,-2.11,-1.05,-29.375,-8.125,176.9375,0.210924,0,0,40.60938,0,0,1000,-50,40
08.08.2026,01:42:56,135893,0,2.083765,-1.5,-2.31,-30.375,-6.8125,174.375,0.15868,0,0,40.62525,0,0,1000,-50,40
08.08.2026,01:42:56,135999,0,2.566741,-1.92,-0.67,-31.1875,-7.0625,173.25,0.218398,0,0,40.64709,0,0,1000,-50,40
08.08.2026,01:42:56,136105,0,-0.013433,-0.25,2.65,-33.625,-7.5,176.0625,0.35307,0,0,40.71404,0,0,1000,-50,40
08.08.2026,01:42:56,136211,0,1.595214,-1.18,0.98,-34.6875,-5.875,179.8125,0.209057,0,0,40.73494,0,0,1000,-50,40
08.08.2026,01:42:56,136317,0,1.348491,-3.32,-1.71,-34.25,-6.1875,182.5,0.253208,0,0,40.76026,0,0,1000,-50,40
08.08.2026,01:42:56,136423,0,2.040349,-3.15,-2.15,-33.625,-4.0625,183.5,0.241424,0,0,40.7844,0,0,1000,-50,40
08.08.2026,01:42:56,136529,0,1.502585,-2.09,0.91,-32.8125,-4.75,181.8125,0.291512,0,0,40.81356,0,0,1000,-50,40
08.08.2026,01:42:56,136635,0,-0.636605,-2.75,3,-30.1875,-8.625,175.4375,0.30525,0,0,40.84408,0,0,1000,-50,40
08.08.2026,01:42:56,136741,0,1.118882,-1.89,-1.46,-28.625,-8.25,169.75,0.14034,0,0,40.85812,0,0,1000,-50,40
08.08.2026,01:42:56,136847,0,2.435156,-1.49,-2.06,-27.6875,-5.5,164.6875,0.115875,0,0,40.86971,0,0,1000,-50,37.125
08.08.2026,01:42:56,136953,0,1.408631,-2.22,0.6,-26.8125,-7.9375,160.9375,0.202914,0,0,40.89,0,0,1000,-50,34.8125
08.08.2026,01:42:56,137059,0,0.262366,-0.06,1.26,-27.25,-4.9375,157.75,0.194824,0,0,40.90948,0,0,1000,-50,36.3125
08.08.2026,01:42:56,137165,0,1.818557,-0.63,0.24,-27.25,-4.0625,156.0625,0.118431,0,0,40.92132,0,0,1000,-50,37.3125
08.08.2026,01:42:56,137271,0,1.345725,-1.6,-0.97,-25.8125,-6.5625,152.3125,0.088077,0,0,40.93013,0,0,1000,-50,30.875
08.08.2026,01:42:56,137377,0,1.811117,-1.3,-2.28,-23.875,-4.75,147.5,0.143289,0,0,40.94446,0,0,1000,-50,25.375
08.08.2026,01:42:56,137483,0,1.336444,0.1,-0.72,-22.125,-5.0625,143,0.145333,0,0,40.95899,0,0,1000,-50,19.5
08.08.2026,01:42:56,137589,0,1.101216,0.74,1.6,-19,-7.0625,137.625,0.162558,0,0,40.97525,0,0,1000,-50,12.125
08.08.2026,01:42:56,137695,0,0.043711,-0.09,0.15,-17.0625,-5.25,134,0.233408,0,0,40.99859,0,0,1000,-50,7.875
08.08.2026,01:42:56,137801,0,0.981026,1.41,-2.09,-17.0625,-3.3125,133,0.041533,0,0,41.01109,0,0,1000,-50,5.625
08.08.2026,01:42:56,137907,0,1.14969,1.31,-1.98,-18.375,-2.5625,135.5625,0.030764,0,0,41.01417,0,0,1000,-50,8.25
08.08.2026,01:42:56,138013,0,1.258701,0.55,-0.97,-19.1875,-3.6875,140.5,0.027736,0,0,41.01694,0,0,1000,-50,13.03125
08.08.2026,01:42:56,138119,0,1.37699,0.25,0.02,-20.9375,-6.6875,149.375,0.025463,0,0,41.01949,0,0,1000,-50,17.03125
08.08.2026,01:42:56,138225,0,0.815592,0.4,0.22,-24,-6.5625,158.4375,0.043471,0,0,41.02384,0,0,1000,-50,23.625
08.08.2026,01:42:56,138331,0,-0.533279,-0.37,-0.91,-27.8125,-5.5625,169.0625,-0.035108,0,0,41.02033,0,0,1000,-50,40
08.08.2026,01:42:56,138437,0,1.041068,-1.01,-0.37,-30.5,-2.6875,180.8125,-0.135167,0,0,41.00681,0,0,1000,-50,40
08.08.2026,01:42:56,138543,0,0.546205,-1.64,-0.19,-32.8125,-3.75,194.8125,-0.159753,0,0,40.99084,0,0,1000,-50,40
08.08.2026,01:42:56,138649,0,-0.246957,-1.81,0.31,-32.75,-1.0625,201.9375,-0.212628,0,0,40.96957,0,0,1000,-50,40
08.08.2026,01:42:56,138755,0,-0.757998,-2.36,1.44,-32.8125,1.25,207.9375,-0.278625,0,0,40.94171,0,0,1000,-50,40
08.08.2026,01:42:56,138861,0,-2.285668,-2.89,1.28,-34.75,2.4375,215.5625,-0.38341,0,0,40.90337,0,0,1000,-50,40
08.08.2026,01:42:56,138967,0,-0.795375,-2.76,0.54,-37.1875,6.1875,223.9375,-0.631064,0,0,40.84026,0,0,1000,-50,40
08.08.2026,01:42:56,139073,0,-2.321375,-3.46,0.62,-38.9375,9.9375,238.375,-0.746349,0,0,40.76563,0,0,1000,-50,40
08.08.2026,01:42:56,139179,0,-2.281247,-3.17,0.44,-38.6875,13.375,251.25,-0.936891,0,0,40.67194,0,0,1000,-50,40
08.08.2026,01:42:56,139285,0,-3.24623,-3.05,1.38,-37.375,14,264.3125,-1.088957,0,0,40.56305,0,0,1000,-11.5,40
08.08.2026,01:42:56,139391,0,-4.794684,-2.62,1.95,-35.1875,17,280.1875,-1.291952,0,0,40.43385,0,0,1000,50,40
08.08.2026,01:42:56,139497,0,-3.854029,-0.62,0.47,-31.625,20.0625,297,-1.575253,0,0,40.27633,0,0,1000,50,40
08.08.2026,01:42:56,139603,0,-4.705286,-0.21,0.35,-25.6875,19.875,315.4375,-2.085085,0,0,39.88514,0,0,1000,50,32.59375
08.08.2026,01:42:56,139709,0,-4.118236,-0.2,0.07,-21.9375,19.6875,326.125,-2.264836,0,0,39.65866,0,0,1000,50,20.0625
08.08.2026,01:42:56,139815,0,-4.355405,-0.19,-0.03,-19.5625,18.5625,334.5,-2.414932,0,0,39.41716,0,0,1000,50,12.125
08.08.2026,01:42:56,139921,0,-3.977748,0.24,-0.59,-18.4375,15.125,341.5625,-2.512073,0,0,39.16596,0,0,1000,50,9.6875
08.08.2026,01:42:56,140027,0,-2.203474,-0.36,-0.74,-17.1875,15.6875,349.75,-2.596441,0,0,38.90631,0,0,1000,50,7.28125
08.08.2026,01:42:56,140133,0,-0.763409,-0.2,-0.81,-16.125,14.0625,356.1875,-2.489807,0,0,38.65733,0,0,1000,50,4.3125
08.08.2026,01:42:56,140239,0,-1.499372,0.21,-1.04,-15.875,9,1.75,-2.30238,0,0,38.42709,0,0,1000,-50,2.625
08.08.2026,01:42:56,140345,0,-1.000004,-0.22,-1.22,-16,5,7.1875,-2.157165,0,0,38.21138,0,0,1000,-50,3
08.08.2026,01:42:56,140451,0,-1.505757,0.29,-0.64,-16.0625,2.75,12.125,-1.997907,0,0,38.01159,0,0,1000,-50,3.03125
08.08.2026,01:42:56,140557,0,-1.974974,1.37,-0.18,-14.375,4.4375,18.5,-1.890216,0,0,37.82256,0,0,1000,-50,-1.375
08.08.2026,01:42:56,140663,0,-1.496854,1.64,-1.06,-11.8125,5.1875,22.875,-1.807374,0,0,37.64183,0,0,1000,-50,-9.78125
08.08.2026,01:42:56,140769,0,-1.791516,1.96,-0.85,-10.0625,4.1875,26.6875,-1.720875,0,0,37.46974,0,0,1000,-50,-15.59375
08.08.2026,01:42:56,140875,0,-0.987995,1.65,-0.93,-11.5,3.75,29,-1.664355,0,0,37.3033,0,0,1000,-50,-10.8125
08.08.2026,01:42:56,140981,0,-0.637986,1.75,0.16,-11.5,5.25,30.25,-1.555168,0,0,37.14779,0,0,1000,-50,-10.34375
08.08.2026,01:42:56,141087,0,-0.252953,1.08,0.04,-13.6875,6,30.125,-1.400385,0,0,37.00775,0,0,1000,-50,-6
08.08.2026,01:42:56,141193,0,-0.742559,0.91,0.86,-13.8125,6.1875,30.5,-1.256152,0,0,36.88213,0,0,1000,-50,-3.1875
08.08.2026,01:42:56,141299,0,-0.256697,0.9,1.33,-13.75,5.75,31.6875,-1.115217,0,0,36.77061,0,0,1000,-50,-4.3125
08.08.2026,01:42:56,141405,0,-0.44391,0.83,0.32,-14.75,7.1875,33,-0.890945,0,0,36.57956,0,0,1000,-50,-2.0625
08.08.2026,01:42:56,141511,0,-0.04526,0.37,-0.52,-15.4375,9.8125,34.1875,-0.776529,0,0,36.5019,0,0,1000,-50,1.3125
08.08.2026,01:42:56,141617,0,-0.428019,0.65,0.26,-14.4375,9.75,36.125,-0.692526,0,0,36.43265,0,0,1000,-50,-0.75
08.08.2026,01:42:56,141723,0,-0.937925,0.61,-0.08,-14.75,9.125,36.375,-0.624883,0,0,36.37016,0,0,1000,-50,-0.9375
08.08.2026,01:42:56,141829,0,-0.968178,0.51,-0.55,-15.3125,9.5,35.9375,-0.614071,0,0,36.30875,0,0,1000,-50,0.1875
08.08.2026,01:42:56,141935,0,-0.629431,0.72,0.12,-15.625,11.25,37.0625,-0.582987,0,0,36.25045,0,0,1000,-50,2.1875
08.08.2026,01:42:56,142041,0,-0.082571,0.89,0.57,-16,12.8125,39.1875,-0.524293,0,0,36.19802,0,0,1000,-50,3.15625
08.08.2026,01:42:56,142147,0,-0.857802,0.63,-1.16,-16.5625,14.25,39.75,-0.459288,0,0,36.1521,0,0,1000,-50,4.8125
08.08.2026,01:42:56,142253,0,-0.263568,0.56,-1.43,-16.125,15.625,39.9375,-0.44266,0,0,36.10783,0,0,1000,-50,2.90625
08.08.2026,01:42:56,142359,0,0.18819,0.39,-1.22,-16.4375,15.1875,39.875,-0.365631,0,0,36.07127,0,0,1000,-50,4.3125
08.08.2026,01:42:56,142465,0,0.636755,0.23,-0.8,-16.125,14.8125,40,-0.266357,0,0,36.04463,0,0,1000,-50,3.0625
08.08.2026,01:42:56,142571,0,0.631458,0,-0.22,-15.375,14.0625,40.375,-0.146239,0,0,36.03001,0,0,1000,-50,1.6875
08.08.2026,01:42:56,142677,0,0.842758,-0.18,-0.47,-15,13.9375,40.875,-0.040436,0,0,36.02596,0,0,1000,-50,0.1875
08.08.2026,01:42:56,142783,0,0.690833,0.07,-0.71,-15,14.5625,41.3125,0.059879,0,0,36.03195,0,0,1000,-50,-0.1875
08.08.2026,01:42:56,142889,0,0.195933,-0.15,-0.34,-14.875,14.0625,41.6875,0.152367,0,0,36.04719,0,0,1000,-50,-0.6875
08.08.2026,01:42:56,142995,0,0.599794,0.02,-0.05,-13.8125,14.5625,42.5625,0.190914,0,0,36.06628,0,0,1000,-50,-4.65625
08.08.2026,01:42:56,143101,0,0.812173,0,-0.68,-13.75,15.8125,44.625,0.306379,0,0,36.12062,0,0,1000,-50,-4.34375
08.08.2026,01:42:56,143207,0,0.212321,0.21,-0.18,-15.25,15.625,45.4375,0.351356,0,0,36.15576,0,0,1000,-50,2.3125
08.08.2026,01:42:56,143313,0,0.151022,0.41,0.14,-16.6875,16,45.375,0.350103,0,0,36.19077,0,0,1000,-50,6.15625
08.08.2026,01:42:56,143419,0,0.279764,0.16,-0.42,-17.9375,16.75,44.8125,0.3528,0,0,36.22605,0,0,1000,-50,9.4375
08.08.2026,01:42:56,143525,0,-0.031581,-0.05,-0.71,-18.0625,17.875,44.625,0.355528,0,0,36.2616,0,0,1000,-50,9.34375
08.08.2026,01:42:56,143631,0,-0.133568,0,-0.66,-18.1875,18.8125,44.375,0.3282,0,0,36.29442,0,0,1000,-50,9.375
08.08.2026,01:42:56,143737,0,-0.153316,0.01,-0.85,-18.625,19.625,43.875,0.30313,0,0,36.32473,0,0,1000,-50,10.3125
08.08.2026,01:42:56,143843,0,-0.352078,-0.08,-0.29,-18.9375,18.9375,43.1875,0.2725,0,0,36.35198,0,0,1000,-50,11.625
08.08.2026,01:42:56,143949,0,-0.639454,-0.07,-0.33,-19,17.5,42.875,0.229347,0,0,36.37492,0,0,1000,-50,12
08.08.2026,01:42:56,144055,0,-0.405025,0.16,-0.21,-18.5,15,42.5,0.173246,0,0,36.39224,0,0,1000,-50,11.0625
08.08.2026,01:42:56,144161,0,-0.909342,0.15,0,-17.75,12,41.8125,0.134265,0,0,36.40567,0,0,1000,-50,8.375
08.08.2026,01:42:56,144267,0,-0.261798,-0.12,-0.19,-17.5,11.1875,41.3125,0.076371,0,0,36.41331,0,0,1000,-50,7.6875
08.08.2026,01:42:56,144373,0,0.246589,0.07,-0.37,-17.5,12.1875,40.6875,0.050167,0,0,36.41832,0,0,1000,-50,7.5
08.08.2026,01:42:56,144479,0,0.794063,-0.12,-0.45,-17.125,12.9375,40.75,0.078542,0,0,36.42618,0,0,1000,-50,5.90625
08.08.2026,01:42:56,144585,0,0.079214,-0.21,-0.37,-16.5625,12.4375,40.9375,0.150784,0,0,36.44126,0,0,1000,-50,4.40625
08.08.2026,01:42:56,144691,0,0.253819,-0.17,-0.39,-16.5625,12.3125,40.4375,0.167795,0,0,36.45804,0,0,1000,-50,4.5
08.08.2026,01:42:56,144797,0,0.157906,-0.03,-0.36,-16.75,11.875,39.25,0.183869,0,0,36.47643,0,0,1000,-50,5.40625
08.08.2026,01:42:56,144903,0,0.101452,0,-0.38,-17.125,11.375,37.6875,0.205261,0,0,36.51702,0,0,1000,-50,6.6875
08.08.2026,01:42:56,145009,0,0.174852,-0.19,-0.46,-17.625,11,35.75,0.212017,0,0,36.53822,0,0,1000,-50,7.875
08.08.2026,01:42:56,145115,0,-0.038334,-0.16,-0.41,-18.1875,10.1875,34.0625,0.198011,0,0,36.55803,0,0,1000,-50,9.1875
08.08.2026,01:42:56,145221,0,-0.054472,-0.22,-0.35,-18.375,10.0625,33.9375,0.190877,0,0,36.57711,0,0,1000,-50,9.9375
08.08.2026,01:42:56,145327,0,-0.190008,0.12,-0.28,-18.5,10.3125,34.6875,0.172171,0,0,36.59433,0,0,1000,-50,10.34375
08.08.2026,01:42:56,145433,0,0.174876,-0.19,-0.35,-18.375,11.4375,35.3125,0.15908,0,0,36.61024,0,0,1000,-50,10.125
08.08.2026,01:42:56,145539,0,-0.230569,0.03,-0.5,-18.75,14.25,35.0625,0.169349,0,0,36.62717,0,0,1000,-50,11
08.08.2026,01:42:56,145645,0,0.634661,-0.02,-0.96,-19,18.9375,34.75,0.148329,0,0,36.642,0,0,1000,-50,11.96875
08.08.2026,01:42:56,145751,0,0.608576,-0.2,-0.66,-18.75,21.4375,35.4375,0.189223,0,0,36.66092,0,0,1000,-50,10.78125
08.08.2026,01:42:56,145857,0,0.280645,-0.26,-0.48,-18.3125,20.75,37.125,0.246649,0,0,36.68559,0,0,1000,-50,9.78125
08.08.2026,01:42:56,145963,0,0.222501,-0.17,-0.33,-18.0625,19.8125,38.625,0.253237,0,0,36.71091,0,0,1000,-50,9.03125
08.08.2026,01:42:56,146069,0,0.414485,-0.48,-0.59,-17.375,19.75,39.875,0.249281,0,0,36.73584,0,0,1000,-50,7.40625
08.08.2026,01:42:56,146175,0,0.326313,-0.23,-0.56,-16.5625,19.3125,39.375,0.254144,0,0,36.76125,0,0,1000,-50,5.4375
08.08.2026,01:42:56,146281,0,-0.302492,-0.13,-0.44,-16.0625,17.0625,37.75,0.273785,0,0,36.78863,0,0,1000,-50,3.75
08.08.2026,01:42:56,146387,0,0.009671,-0.17,-0.34,-15.375,15.75,36.125,0.24372,0,0,36.813,0,0,1000,-50,1.875
08.08.2026,01:42:56,146493,0,-0.087346,-0.15,-0.3,-15.125,15,35.4375,0.21821,0,0,36.83482,0,0,1000,-50,0.21875
08.08.2026,01:42:56,146599,0,-0.013795,-0.12,-0.43,-15.75,13.5,35.625,0.200563,0,0,36.85488,0,0,1000,-50,2.15625
08.08.2026,01:42:56,146705,0,-0.179513,-0.13,-0.38,-16,12.5625,36.4375,0.161381,0,0,36.8888,0,0,1000,-50,3.15625
08.08.2026,01:42:56,146811,0,-0.034702,-0.35,-0.24,-15.625,12.75,36.9375,0.143629,0,0,36.90316,0,0,1000,-50,1.5625
08.08.2026,01:42:56,146917,0,0.030679,-0.38,-0.3,-15.8125,12.5,36.875,0.147557,0,0,36.91792,0,0,1000,-50,2.75
08.08.2026,01:42:56,147023,0,0.015934,-0.15,-0.41,-16.4375,11.75,36.5625,0.147978,0,0,36.93272,0,0,1000,-50,5.09375
08.08.2026,01:42:56,147129,0,0.066337,-0.29,-0.36,-17.0625,10.5,35.25,0.150479,0,0,36.94777,0,0,1000,-50,6
08.08.2026,01:42:56,147235,0,-0.02854,-0.65,-0.85,-17.3125,9.25,34.3125,0.151643,0,0,36.96293,0,0,1000,-50,6.75
08.08.2026,01:42:56,147341,0,0.087049,-0.41,-0.9,-18.125,5.875,33.3125,0.137167,0,0,36.97665,0,0,1000,-50,8.25
08.08.2026,01:42:56,147447,0,0.322767,0.53,-0.63,-18.3125,0.1875,32.9375,0.133182,0,0,36.98996,0,0,1000,-50,9.46875
08.08.2026,01:42:56,147553,0,-0.961005,0.03,-0.27,-16.3125,-1.75,33.375,0.117279,0,0,37.00169,0,0,1000,-50,5.625
08.08.2026,01:42:56,147659,0,-0.261886,-0.42,-0.03,-14.625,1.1875,33.25,0.027414,0,0,37.00443,0,0,1000,-50,0
08.08.2026,01:42:56,147765,0,0.308468,-0.38,-0.13,-14.25,4.0625,33.0625,-0.011022,0,0,37.00333,0,0,1000,-50,-2.25
08.08.2026,01:42:56,147871,0,0.2982,-0.28,-0.32,-14.9375,4.4375,32.75,0.008336,0,0,37.00417,0,0,1000,-50,0.59375
08.08.2026,01:42:56,147977,0,-0.243374,-0.17,-0.24,-15.5,3.125,32.1875,0.048966,0,0,37.00906,0,0,1000,-50,1.96875
08.08.2026,01:42:56,148083,0,-0.244639,-0.17,-0.3,-15.25,2.9375,31.0625,0.039326,0,0,37.013,0,0,1000,-50,0.8125
08.08.2026,01:42:56,148189,0,0.164772,0.3,0.34,-14.875,3.3125,30.25,0.018324,0,0,37.01483,0,0,1000,-50,-0.3125
08.08.2026,01:42:56,148295,0,-0.50594,-0.22,-0.12,-14.4375,2.375,29.875,0.022128,0,0,37.01704,0,0,1000,-50,-1.84375
08.08.2026,01:42:56,148401,0,-0.0966,-0.22,-0.25,-14,2.4375,30.4375,0.004197,0,0,37.01951,0,0,1000,-50,-3.46875
08.08.2026,01:42:56,148507,0,-0.036735,-0.08,-0.25,-13.75,2.75,30.625,0.008412,0,0,37.02036,0,0,1000,-50,-3.90625
08.08.2026,01:42:56,148613,0,-0.09776,-0.19,-0.21,-14.1875,2.0625,30.0625,0.023457,0,0,37.0227,0,0,1000,-50,-3
08.08.2026,01:42:56,148719,0,-0.278105,0.06,-0.44,-15.0625,1.0625,30,0.010731,0,0,37.02377,0,0,1000,-50,-0.75
08.08.2026,01:42:56,148825,0,0.042113,0.04,-0.4,-15.3125,1.8125,30.375,-0.006787,0,0,37.02309,0,0,1000,-50,0.9375
08.08.2026,01:42:56,148931,0,0.371661,-0.27,-0.23,-15,3,30.75,0.014062,0,0,37.0245,0,0,1000,-50,-0.15625
08.08.2026,01:42:56,149037,0,-0.029863,-0.24,-0.27,-14.6875,2.5625,30.4375,0.047411,0,0,37.02924,0,0,1000,-50,-1.09375
08.08.2026,01:42:56,149143,0,-0.431401,-0.11,-0.25,-14.875,1.3125,29.625,0.047808,0,0,37.03402,0,0,1000,-50,-0.40625
08.08.2026,01:42:56,149249,0,-0.121963,-0.06,-0.26,-14.75,1.125,29,0.017469,0,0,37.03577,0,0,1000,-50,-0.90625
08.08.2026,01:42:56,149355,0,0.467702,-0.12,-0.39,-14.3125,2.5625,28.625,0.010443,0,0,37.03682,0,0,1000,-50,-2.375
08.08.2026,01:42:56,149461,0,0.286101,-0.15,-0.3,-14.125,2.375,27.875,0.049763,0,0,37.04179,0,0,1000,-50,-2.625
08.08.2026,01:42:56,149567,0,-0.696327,0.07,-0.29,-14.4375,-0.125,26.5625,0.075518,0,0,37.04935,0,0,1000,-50,-2.25
08.08.2026,01:42:56,149673,0,-0.247318,0.06,-0.4,-14.375,-0.625,26.1875,0.030809,0,0,37.05243,0,0,1000,-50,-1.5
08.08.2026,01:42:56,149779,0,0.053053,0.02,-0.27,-14.125,0,26.0625,-0.011517,0,0,37.05128,0,0,1000,-50,-2.625
08.08.2026,01:42:56,149885,0,0.063493,0,-0.41,-14.3125,1.0625,26.3125,-0.013702,0,0,37.04991,0,0,1000,-50,-2.25
08.08.2026,01:42:56,149991,0,0.073379,-0.05,-0.35,-14.1875,1.625,26.4375,0.003559,0,0,37.05026,0,0,1000,-50,-2.75
08.08.2026,01:42:56,150097,0,0.132817,-0.11,-0.32,-13.5625,1.875,26.125,0.017464,0,0,37.05201,0,0,1000,-50,-3.75
08.08.2026,01:42:56,150203,0,0.241964,-0.22,-0.2,-13.125,1.125,25.25,0.055999,0,0,37.06026,0,0,1000,-50,-5.25
08.08.2026,01:42:56,150309,0,-0.149837,-0.15,-0.26,-13,-1,24,0.061433,0,0,37.06641,0,0,1000,-50,-6
08.08.2026,01:42:56,150415,0,-0.481812,-0.02,-0.24,-13.1875,-2.5625,23.125,0.036805,0,0,37.07009,0,0,1000,-50,-5.28125
08.08.2026,01:42:56,150521,0,-0.462832,-0.06,-0.25,-13.5,-3.1875,23.3125,-0.005106,0,0,37.06958,0,0,1000,-50,-4.71875
08.08.2026,01:42:56,150627,0,0.587885,-0.06,-0.33,-13.625,-1.1875,24.5,-0.022292,0,0,37.06735,0,0,1000,-50,-3.78125
08.08.2026,01:42:56,150733,0,0.096706,0.06,-0.39,-13.4375,0.8125,24.8125,0.036661,0,0,37.07101,0,0,1000,-50,-4.5
08.08.2026,01:42:56,150839,0,0.374749,-0.18,-0.24,-13.25,1.5,23.875,0.060867,0,0,37.0771,0,0,1000,-50,-5.25
08.08.2026,01:42:56,150945,0,-0.358008,-0.17,-0.2,-13.5625,1.3125,22.1875,0.085723,0,0,37.08567,0,0,1000,-50,-4
08.08.2026,01:42:56,151051,0,0.1003,0.3,-0.44,-14.0625,3.4375,20.625,0.052621,0,0,37.09093,0,0,1000,-50,-3
08.08.2026,01:42:56,151157,0,0.378565,-0.16,-0.58,-13.9375,4.3125,20.0625,0.053963,0,0,37.09633,0,0,1000,-50,-2.8125
08.08.2026,01:42:56,151263,0,0.296003,0.26,-0.22,-14.0625,4.4375,19.8125,0.079669,0,0,37.1043,0,0,1000,-50,-2.8125
08.08.2026,01:42:56,151369,0,0.103037,0.12,-0.26,-14.1875,3.5,19.6875,0.092229,0,0,37.11352,0,0,1000,-50,-2.28125
08.08.2026,01:42:56,151475,0,-0.069992,0.05,-0.3,-14.4375,2.375,19.75,0.094211,0,0,37.12294,0,0,1000,-50,-1.375
08.08.2026,01:42:56,151581,0,0.047458,0.04,-0.31,-14.9375,1.8125,20.375,0.079288,0,0,37.13087,0,0,1000,-50,-0.25
08.08.2026,01:42:56,151687,0,-0.174883,0,-0.29,-15.4375,1.1875,21,0.072802,0,0,37.13815,0,0,1000,-50,1.625
08.08.2026,01:42:56,151793,0,-0.026909,-0.2,-0.27,-15.9375,0.875,21.625,0.062989,0,0,37.14445,0,0,1000,-50,3.28125
08.08.2026,01:42:56,151899,0,-0.058667,-0.08,-0.34,-16.3125,1.1875,22,0.054688,0,0,37.14992,0,0,1000,-50,4.25
08.08.2026,01:42:56,152005,0,0.219714,-0.03,-0.37,-16.375,1.6875,21.9375,0.052826,0,0,37.16024,0,0,1000,-50,4.125
08.08.2026,01:42:56,152111,0,-0.043884,-0.07,-0.36,-16.0625,2.1875,21.25,0.059044,0,0,37.16614,0,0,1000,-50,3.375
08.08.2026,01:42:56,152217,0,0.004491,0.03,-0.38,-15.8125,2.625,20.5625,0.050538,0,0,37.1712,0,0,1000,-50,2.625
08.08.2026,01:42:56,152323,0,0.023091,0.07,-0.37,-15.5625,2.9375,19.875,0.043537,0,0,37.17555,0,0,1000,-50,2.0625
08.08.2026,01:42:56,152429,0,0.071632,0,-0.37,-15.25,3.25,19.4375,0.045381,0,0,37.18009,0,0,1000,-50,1.125
08.08.2026,01:42:56,152535,0,-0.019863,0.04,-0.37,-15.125,3.25,19.0625,0.046473,0,0,37.18473,0,0,1000,-50,0.21875
08.08.2026,01:42:56,152641,0,-0.091082,0.01,-0.32,-15.1875,3.125,18.4375,0.037926,0,0,37.18853,0,0,1000,-50,0.5625
08.08.2026,01:42:56,152747,0,-0.041989,-0.01,-0.37,-15.25,3.1875,18.25,0.028202,0,0,37.19135,0,0,1000,-50,0.5625
08.08.2026,01:42:56,152853,0,0.077402,0.01,-0.39,-15.3125,3.4375,18.25,0.018948,0,0,37.19324,0,0,1000,-50,1.09375
08.08.2026,01:42:56,152959,0,0.006786,0.02,-0.38,-15.375,3.5625,18.125,0.019133,0,0,37.19516,0,0,1000,-50,1.125
08.08.2026,01:42:56,153065,0,-0.103803,-0.07,-0.34,-15.375,3.4375,17.8125,0.018316,0,0,37.19699,0,0,1000,-50,1.125
08.08.2026,01:42:56,153171,0,-0.054094,-0.02,-0.37,-15.375,3.5,17.4375,0.009046,0,0,37.19789,0,0,1000,-50,1.125
08.08.2026,01:42:56,153277,0,0.005841,0.02,-0.36,-15.25,3.6875,17,0.002036,0,0,37.19809,0,0,1000,-50,0.9375
08.08.2026,01:42:56,153383,0,-0.064285,-0.05,-0.31,-15.1875,3.6875,16.5,0.003927,0,0,37.19849,0,0,1000,-50,0.40625
08.08.2026,01:42:56,153489,0,-0.024301,0.02,-0.36,-15.25,3.75,16,0.0005,0,0,37.19854,0,0,1000,-50,0.75
08.08.2026,01:42:56,153595,0,-0.054249,-0.01,-0.32,-15.1875,3.6875,15.625,-0.001621,0,0,37.19838,0,0,1000,-50,0.5625
08.08.2026,01:42:56,153701,0,-0.104222,-0.01,-0.36,-15.1875,3.625,15.4375,-0.005833,0,0,37.19771,0,0,1000,-50,0.5625
08.08.2026,01:42:56,153807,0,-0.034034,-0.03,-0.37,-15.3125,3.5625,15.25,-0.010847,0,0,37.19662,0,0,1000,-50,1.09375
08.08.2026,01:42:56,153913,0,0.006314,0,-0.35,-15.3125,3.5625,15,-0.010367,0,0,37.19559,0,0,1000,-50,0.9375
08.08.2026,01:42:56,154019,0,-0.023352,-0.04,-0.34,-15.3125,3.3125,14.6875,-0.010936,0,0,37.19449,0,0,1000,-50,0.9375
08.08.2026,01:42:56,154125,0,-0.082663,-0.04,-0.36,-15.3125,2.75,14.125,-0.010499,0,0,37.19344,0,0,1000,-50,0.9375
08.08.2026,01:42:56,154231,0,-0.072244,-0.03,-0.35,-15.3125,2.1875,13.6875,-0.01302,0,0,37.19214,0,0,1000,-50,0.78125
08.08.2026,01:42:56,154337,0,-0.101724,0.05,-0.37,-15.3125,1.6875,13.5625,-0.016191,0,0,37.19053,0,0,1000,-50,0.9375
08.08.2026,01:42:56,154443,0,0.148844,0.01,-0.35,-15.1875,1.5,13.625,-0.017645,0,0,37.18876,0,0,1000,-50,0.40625
08.08.2026,01:42:56,154549,0,-0.131019,-0.26,-0.25,-14.9375,0.5625,13.125,-0.00426,0,0,37.18833,0,0,1000,-50,-0.15625
08.08.2026,01:42:56,154655,0,-0.350748,-0.05,-0.33,-14.8125,0,12.4375,-0.008425,0,0,37.18749,0,0,1000,-50,-0.375
08.08.2026,01:42:56,154761,0,-0.199611,-0.23,-0.22,-14.4375,0.375,11.3125,-0.035368,0,0,37.18395,0,0,1000,-50,-1.125
08.08.2026,01:42:56,154867,0,0.181841,-0.15,-0.33,-14.1875,1.9375,10,-0.045158,0,0,37.17944,0,0,1000,-50,-2.25
08.08.2026,01:42:56,154973,0,0.322562,0.18,-0.4,-14.1875,2.375,9,-0.022415,0,0,37.17719,0,0,1000,-50,-2.4375
08.08.2026,01:42:56,155079,0,-0.147651,0.16,-0.32,-14.125,0.5625,8.4375,0.006615,0,0,37.17785,0,0,1000,-50,-2.59375
08.08.2026,01:42:56,155185,0,-0.397919,-0.01,-0.3,-13.875,-0.625,8.25,0.008356,0,0,37.17869,0,0,1000,-50,-3.5
08.08.2026,01:42:56,155291,0,-0.067355,-0.06,-0.28,-13.9375,-0.8125,8.25,-0.01754,0,0,37.17693,0,0,1000,-50,-3.03125
08.08.2026,01:42:56,155397,0,0.093797,-0.02,-0.32,-14.1875,-0.5625,8.0625,-0.035836,0,0,37.17335,0,0,1000,-50,-2.28125
08.08.2026,01:42:56,155503,0,-0.095564,-0.12,-0.3,-14.3125,-0.9375,7.8125,-0.02029,0,0,37.16933,0,0,1000,-50,-2.0625
08.08.2026,01:42:56,155609,0,-0.144117,0,-0.33,-14.375,-1.0625,7.6875,-0.024734,0,0,37.16686,0,0,1000,-50,-1.875
08.08.2026,01:42:56,155715,0,0.006771,-0.07,-0.27,-14.3125,-0.8125,7.5625,-0.027598,0,0,37.1641,0,0,1000,-50,-1.875
08.08.2026,01:42:56,155821,0,0.027451,-0.02,-0.31,-14.3125,-0.6875,7.25,-0.021137,0,0,37.16199,0,0,1000,-50,-2.0625
08.08.2026,01:42:56,155927,0,-0.032549,-0.02,-0.32,-14.3125,-0.75,6.75,-0.016607,0,0,37.16033,0,0,1000,-50,-2.0625
08.08.2026,01:42:56,156033,0,-0.101538,-0.03,-0.3,-14.25,-0.75,6.1875,-0.014844,0,0,37.15885,0,0,1000,-50,-2.25
08.08.2026,01:42:56,156139,0,-0.050939,-0.02,-0.29,-14.25,-0.875,5.875,-0.018625,0,0,37.15699,0,0,1000,-50,-2.25
08.08.2026,01:42:56,156245,0,-0.080363,0.05,-0.31,-14.25,-0.9375,5.75,-0.017899,0,0,37.1552,0,0,1000,-50,-2.25
08.08.2026,01:42:56,156351,0,-0.099719,-0.01,-0.31,-14.25,-0.875,5.5,-0.020041,0,0,37.15319,0,0,1000,-50,-2.25
08.08.2026,01:42:56,156457,0,-0.028993,-0.07,-0.29,-14.25,-0.625,5.25,-0.022583,0,0,37.15094,0,0,1000,-50,-2.25
08.08.2026,01:42:56,156563,0,-0.048382,0.02,-0.34,-14.25,-0.5625,4.875,-0.019003,0,0,37.14904,0,0,1000,-50,-2.25
08.08.2026,01:42:56,156669,0,-0.087905,-0.04,-0.29,-14.1875,-0.75,4.5625,-0.014814,0,0,37.14756,0,0,1000,-50,-2.59375
08.08.2026,01:42:56,156775,0,-0.0373,0.02,-0.32,-14.1875,-0.625,4.1875,-0.018834,0,0,37.14567,0,0,1000,-50,-2.4375
08.08.2026,01:42:56,156881,0,-0.036641,0.04,-0.32,-14.1875,-0.5625,3.875,-0.020492,0,0,37.14362,0,0,1000,-50,-2.4375
08.08.2026,01:42:56,156987,0,-0.096054,0.1,-0.32,-14.1875,-0.5625,3.625,-0.01825,0,0,37.1418,0,0,1000,-50,-2.4375
08.08.2026,01:42:56,157093,0,-0.15548,0.08,-0.28,-14.25,-0.5625,3.3125,-0.017848,0,0,37.14001,0,0,1000,-50,-2.4375
08.08.2026,01:42:56,157199,0,-0.144792,0.09,-0.33,-14.375,-0.375,3.125,-0.021407,0,0,37.13787,0,0,1000,-50,-2.0625
08.08.2026,01:42:56,157305,0,-0.233918,-0.05,-0.33,-14.4375,0.1875,2.625,-0.039908,0,0,37.13116,0,0,1000,-50,-1.6875
08.08.2026,01:42:56,157411,0,0.227366,0.22,0.07,-14.75,1.25,2.0625,-0.029,0,0,37.12827,0,0,1000,-50,-0.125
08.08.2026,01:42:56,157517,0,-0.221702,0.09,-0.33,-14.9375,0.6875,2,0.009274,0,0,37.12919,0,0,1000,-50,-0.1875
08.08.2026,01:42:56,157623,0,-0.162067,0.02,-0.29,-14.8125,-1,2.4375,0.002075,0,0,37.1294,0,0,1000,-50,-0.53125
08.08.2026,01:42:56,157729,0,-0.221712,-0.13,-0.29,-14.5,-1.6875,2.4375,-0.011014,0,0,37.1283,0,0,1000,-50,-1.65625
08.08.2026,01:42:56,157835,0,0.009057,-0.02,-0.24,-14.25,-1.625,2.0625,-0.023936,0,0,37.1259,0,0,1000,-50,-2.40625
08.08.2026,01:42:56,157941,0,0.039585,0,-0.31,-14.25,-1.125,1.4375,-0.01642,0,0,37.12426,0,0,1000,-50,-2.25
08.08.2026,01:42:56,158047,0,0.229888,0.04,-0.35,-14.25,-0.8125,0.8125,-0.009425,0,0,37.12332,0,0,1000,-50,-2.25
08.08.2026,01:42:56,158153,0,0.059727,0.12,-0.36,-14.125,-0.875,0.5,0.005009,0,0,37.12382,0,0,1000,-50,-2.4375
08.08.2026,01:42:56,158259,0,-0.050815,-0.01,-0.26,-13.9375,-1.625,0.375,0.016871,0,0,37.12551,0,0,1000,-50,-3
08.08.2026,01:42:56,158365,0,-0.20125,-0.01,-0.29,-13.9375,-2.4375,0.125,0.013521,0,0,37.12686,0,0,1000,-50,-3.1875
08.08.2026,01:42:56,158471,0,-0.071204,0.02,-0.29,-14,-2.5625,359.8125,-0.001416,0,0,37.12672,0,0,1000,50,-3
08.08.2026,01:42:56,158577,0,0.079007,-0.03,-0.32,-14,-1.875,359.5,-0.006587,0,0,37.12606,0,0,1000,50,-3
08.08.2026,01:42:56,158683,0,0.079001,0.04,-0.29,-14,-1.6875,359.3125,0.000185,0,0,37.12608,0,0,1000,50,-3
08.08.2026,01:42:56,158789,0,-0.071315,0.05,-0.28,-14,-1.75,359,0.009836,0,0,37.12706,0,0,1000,50,-3
08.08.2026,01:42:56,158895,0,-0.051746,0.01,-0.3,-13.9375,-1.625,358.625,0.013401,0,0,37.1284,0,0,1000,50,-3.1875
08.08.2026,01:42:56,159001,0,0.007835,0.04,-0.32,-13.9375,-1.5625,358.3125,0.015345,0,0,37.13124,0,0,1000,50,-3.1875
08.08.2026,01:42:56,159107,0,0.026778,0.03,-0.3,-13.9375,-1.5625,357.9375,0.017534,0,0,37.13299,0,0,1000,50,-3.1875
08.08.2026,01:42:56,159213,0,-0.043222,0,-0.32,-13.875,-1.625,357.6875,0.018037,0,0,37.1348,0,0,1000,50,-3.375
08.08.2026,01:42:56,159319,0,-0.003802,0,-0.31,-13.875,-1.6875,357.4375,0.016385,0,0,37.13644,0,0,1000,50,-3.375
08.08.2026,01:42:56,159425,0,0.025671,0.04,-0.33,-13.875,-1.6875,357.125,0.018338,0,0,37.13827,0,0,1000,50,-3.375
08.08.2026,01:42:56,159531,0,0.005081,0.02,-0.3,-13.875,-1.8125,356.8125,0.020462,0,0,37.14032,0,0,1000,50,-3.375
08.08.2026,01:42:56,159637,0,-0.056193,0.01,-0.29,-13.875,-2,356.4375,0.019151,0,0,37.14223,0,0,1000,50,-3.375
08.08.2026,01:42:56,159743,0,-0.016698,0.02,-0.32,-13.875,-2.0625,356.125,0.01572,0,0,37.1438,0,0,1000,50,-3.375
08.08.2026,01:42:56,159849,0,-0.037194,0.01,-0.33,-13.875,-2.0625,355.875,0.015423,0,0,37.14534,0,0,1000,50,-3.375
08.08.2026,01:42:56,159955,0,-0.047623,0,-0.28,-13.875,-2.1875,355.5625,0.013334,0,0,37.14668,0,0,1000,50,-3.375
08.08.2026,01:42:56,160061,0,-0.017923,0.07,-0.31,-13.8125,-2.25,355.1875,0.009345,0,0,37.14761,0,0,1000,50,-3.375
08.08.2026,01:42:56,160167,0,-0.028192,0,-0.29,-13.8125,-2.25,354.875,0.00834,0,0,37.14845,0,0,1000,50,-3.5625
08.08.2026,01:42:56,160273,0,-0.118436,0.03,-0.3,-13.8125,-2.3125,354.5625,0.007591,0,0,37.14921,0,0,1000,50,-3.5625
08.08.2026,01:42:56,160379,0,-0.088489,0.03,-0.28,-13.8125,-2.3125,354.3125,0.001666,0,0,37.14938,0,0,1000,50,-3.5625
08.08.2026,01:42:56,160485,0,-0.068371,0.06,-0.33,-13.8125,-2.125,354.0625,-0.003687,0,0,37.14901,0,0,1000,50,-3.5625
08.08.2026,01:42:56,160591,0,-0.068178,0.02,-0.31,-13.75,-2,353.6875,-0.005983,0,0,37.14841,0,0,1000,50,-3.75
08.08.2026,01:42:56,160697,0,-0.087976,0.02,-0.32,-13.75,-1.875,353.4375,-0.006297,0,0,37.14778,0,0,1000,50,-3.75
08.08.2026,01:42:56,160803,0,-0.027693,0.02,-0.3,-13.75,-1.875,353.1875,-0.009278,0,0,37.14597,0,0,1000,50,-3.75
08.08.2026,01:42:56,160909,0,-0.097395,0.03,-0.3,-13.75,-1.875,352.875,-0.010688,0,0,37.1449,0,0,1000,50,-3.75
08.08.2026,01:42:56,161015,0,-0.077051,0.05,-0.3,-13.75,-1.9375,352.5625,-0.014385,0,0,37.14346,0,0,1000,50,-3.75
08.08.2026,01:42:56,161121,0,-0.076053,0.03,-0.33,-13.75,-1.875,352.1875,-0.016657,0,0,37.1418,0,0,1000,50,-3.75
08.08.2026,01:42:56,161227,0,-0.095411,0.05,-0.3,-13.6875,-1.875,351.875,-0.019939,0,0,37.1398,0,0,1000,50,-3.9375
08.08.2026,01:42:56,161333,0,-0.064673,0.04,-0.32,-13.6875,-1.8125,351.625,-0.022952,0,0,37.1375,0,0,1000,50,-3.9375
08.08.2026,01:42:56,161439,0,-0.093942,0.02,-0.31,-13.6875,-1.8125,351.375,-0.022749,0,0,37.13523,0,0,1000,50,-3.9375
08.08.2026,01:42:56,161545,0,-0.063164,0.08,-0.3,-13.6875,-1.875,350.9375,-0.024187,0,0,37.13281,0,0,1000,50,-3.9375
08.08.2026,01:42:56,161651,0,-0.082362,0.07,-0.32,-13.6875,-1.875,350.625,-0.024951,0,0,37.13032,0,0,1000,50,-3.9375
08.08.2026,01:42:56,161757,0,-0.051526,0.04,-0.33,-13.6875,-1.875,350.375,-0.025999,0,0,37.12772,0,0,1000,50,-3.9375
08.08.2026,01:42:56,161863,0,-0.130727,0.02,-0.31,-13.625,-2,350.125,-0.024851,0,0,37.12523,0,0,1000,50,-4.125
08.08.2026,01:42:56,161969,0,-0.079827,0.07,-0.31,-13.625,-2.25,349.75,-0.02798,0,0,37.12244,0,0,1000,50,-4.125
08.08.2026,01:42:56,162075,0,-0.268937,0.02,-0.3,-13.5,-2.375,349.1875,-0.027676,0,0,37.11967,0,0,1000,50,-4.5
08.08.2026,01:42:56,162181,0,-0.147797,0.01,-0.26,-13.4375,-2.3125,348.8125,-0.035448,0,0,37.11612,0,0,1000,50,-4.6875
08.08.2026,01:42:56,162287,0,-0.156443,0.12,-0.28,-13.5,-2.125,348.5,-0.042113,0,0,37.11191,0,0,1000,50,-4.34375
08.08.2026,01:42:56,162393,0,0.094917,0,-0.25,-13.5,-1.6875,348.125,-0.042283,0,0,37.10769,0,0,1000,50,-4.5
08.08.2026,01:42:56,162499,0,-0.194026,-0.07,-0.29,-13.4375,-1.75,347.625,-0.032869,0,0,37.1044,0,0,1000,50,-4.84375
08.08.2026,01:42:56,162605,0,-0.083401,0.14,-0.34,-13.5625,-2.25,347,-0.036804,0,0,37.09877,0,0,1000,50,-4.34375
08.08.2026,01:42:56,162711,0,0.107782,-0.04,-0.3,-13.625,-1.6875,347,-0.035642,0,0,37.09521,0,0,1000,50,-4.125
08.08.2026,01:42:56,162817,0,0.088928,0,-0.33,-13.625,-1.625,347,-0.0163,0,0,37.09358,0,0,1000,50,-4.125
08.08.2026,01:42:56,162923,0,-0.200548,0.06,-0.3,-13.5625,-1.9375,346.6875,-0.007609,0,0,37.09282,0,0,1000,50,-4.46875
08.08.2026,01:42:56,163029,0,-0.110303,0.02,-0.3,-13.5625,-2.125,346.125,-0.018982,0,0,37.09092,0,0,1000,50,-4.3125
08.08.2026,01:42:56,163135,0,-0.009106,0.03,-0.32,-13.5625,-1.4375,345.75,-0.018249,0,0,37.0891,0,0,1000,50,-4.3125
08.08.2026,01:42:56,163241,0,0.041239,0.06,-0.31,-13.5625,-1.3125,345.5625,-0.01071,0,0,37.08803,0,0,1000,50,-4.3125
08.08.2026,01:42:56,163347,0,-0.03874,0.06,-0.31,-13.5625,-1.375,345.375,-0.000673,0,0,37.08796,0,0,1000,50,-4.3125
08.08.2026,01:42:56,163453,0,-0.088787,0.03,-0.29,-13.5625,-1.5,345.125,0.001463,0,0,37.0881,0,0,1000,50,-4.3125
08.08.2026,01:42:56,163559,0,-0.018753,0.03,-0.29,-13.5625,-1.375,344.6875,-0.00104,0,0,37.088,0,0,1000,50,-4.3125
08.08.2026,01:42:56,163665,0,-0.078752,0.17,-0.34,-13.5625,-1.1875,344.375,-0.000088,0,0,37.08799,0,0,1000,50,-4.3125
08.08.2026,01:42:56,163771,0,0.071232,-0.09,-0.27,-13.4375,-0.875,344.125,0.00049,0,0,37.08804,0,0,1000,50,-4.84375
08.08.2026,01:42:56,163877,0,0.021018,0.05,-0.32,-13.5,-0.875,343.75,0.006656,0,0,37.08871,0,0,1000,50,-4.34375
08.08.2026,01:42:56,163983,0,-0.09946,0.13,-0.33,-13.5625,-1.375,343.375,0.014874,0,0,37.09019,0,0,1000,50,-4.15625
08.08.2026,01:42:56,164089,0,-0.069903,-0.04,-0.28,-13.5,-1.4375,342.875,0.013767,0,0,37.09157,0,0,1000,50,-4.5
08.08.2026,01:42:56,164195,0,0.039864,0.07,-0.34,-13.5,-1.25,342.5625,0.00723,0,0,37.0923,0,0,1000,50,-4.5
08.08.2026,01:42:56,164301,0,0.009654,0.06,-0.3,-13.5,-1.125,342.3125,0.012008,0,0,37.09415,0,0,1000,50,-4.5
08.08.2026,01:42:56,164407,0,-0.000732,0.01,-0.32,-13.5,-1.125,342.0625,0.01479,0,0,37.09563,0,0,1000,50,-4.5
08.08.2026,01:42:56,164513,0,-0.021208,0.01,-0.31,-13.5,-1.1875,341.75,0.01539,0,0,37.09717,0,0,1000,50,-4.5
08.08.2026,01:42:56,164619,0,-0.042195,0.02,-0.31,-13.5,-1.25,341.375,0.015304,0,0,37.0987,0,0,1000,50,-4.5
08.08.2026,01:42:56,164725,0,-0.032634,0.06,-0.31,-13.5,-1.3125,341.125,0.013661,0,0,37.10007,0,0,1000,50,-4.5
08.08.2026,01:42:56,164831,0,-0.03305,0.05,-0.32,-13.5,-1.25,340.8125,0.012937,0,0,37.10136,0,0,1000,50,-4.5
08.08.2026,01:42:56,164937,0,-0.02348,0.01,-0.3,-13.5,-1.3125,340.5,0.013362,0,0,37.1027,0,0,1000,50,-4.5
08.08.2026,01:42:56,165043,0,-0.053953,0.02,-0.29,-13.5,-1.375,340.125,0.014703,0,0,37.10416,0,0,1000,50,-4.5
08.08.2026,01:42:56,165149,0,-0.074393,0,-0.31,-13.5,-1.375,339.8125,0.013699,0,0,37.10553,0,0,1000,50,-4.5
08.08.2026,01:42:56,165255,0,-0.044733,0,-0.3,-13.5,-1.3125,339.5625,0.010567,0,0,37.10659,0,0,1000,50,-4.5
08.08.2026,01:42:56,165361,0,-0.055059,0.02,-0.32,-13.5,-1.25,339.25,0.010131,0,0,37.1076,0,0,1000,50,-4.5
08.08.2026,01:42:56,165467,0,-0.085331,0.01,-0.31,-13.5,-1.25,338.9375,0.008474,0,0,37.10845,0,0,1000,50,-4.5
08.08.2026,01:42:56,165573,0,-0.035474,0.03,-0.3,-13.5,-0.9375,338.5,0.004454,0,0,37.1089,0,0,1000,50,-4.5