Log_Date,Log_Time,Time,Depth,Ax,Ay,Az,pitch,roll,yaw,velocityx,velocityy,velocityz,distancex,distancey,distancez,rpm,rudderangle,sternangle
08.08.2026,02:03:48,11766,0,0,0,0,0,0,0,0,0,0,0,0,0,1000,-50,-40
08.08.2026,02:03:48,11872,0,0,0,0,0,0,0,0,0,0,0,0,0,1000,-50,-40
08.08.2026,02:03:48,11978,0,0,0,0,0,0,0,0,0,0,0,0,0,1000,-50,-40
08.08.2026,02:03:48,12084,0,0,0,0,0,0,0,0,0,0,0,0,0,1000,-50,-40
08.08.2026,02:03:48,12190,0,0,0,0,0,0,0,0,0,0,0,0,0,1000,-50,-40
08.08.2026,02:03:48,12296,0,0,0,0,0,0,0,0,0,0,0,0,0,1000,-50,-40
08.08.2026,02:03:48,12402,0,0,0,0,0,0,0,0,0,0,0,0,0,1000,-50,-40
08.08.2026,02:03:48,12508,0,0,0,0,0,0,0,0,0,0,0,0,0,1000,-50,-40
08.08.2026,02:03:48,12614,0,0,0,0,0,0,0,0,0,0,0,0,0,1000,-50,-40
08.08.2026,02:03:48,12720,0,0,0,0,0,0,0,0,0,0,0,0,0,1000,-50,-40
08.08.2026,02:03:48,12826,0,-0.81,3.17,-1.01,-7,-0.0625,90,0,0,0,0,0,0,1000,-50,-24
08.08.2026,02:03:48,12932,0,0.030618,-0.13,-0.41,-26.6875,-4.875,90.0625,-0.019551,0,0,-0.001955,0,0,1000,-50,35.0625
08.08.2026,02:03:48,13038,0,0.041019,-0.12,-0.41,-26.6875,-4.8125,90.0625,-0.012695,0,0,-0.003225,0,0,1000,-50,35.0625
08.08.2026,02:03:48,13144,0,0.001193,-0.08,-0.39,-26.6875,-4.8125,89.9375,-0.005498,0,0,-0.003774,0,0,1000,-50,35.0625
08.08.2026,02:03:48,13250,0,0.031228,-0.14,-0.39,-26.6875,-4.875,89.875,-0.001102,0,0,-0.003885,0,0,1000,-50,35.0625
08.08.2026,02:03:48,13356,0,0.031177,-0.13,-0.41,-26.6875,-4.875,89.875,0.001608,0,0,-0.003724,0,0,1000,-50,35.0625
08.08.2026,02:03:48,13462,0,0.011065,-0.09,-0.38,-26.6875,-4.9375,89.9375,0.00353,0,0,-0.003371,0,0,1000,-50,35.0625
08.08.2026,02:03:48,13568,0,0.070925,-0.13,-0.4,-26.75,-4.875,90.125,0.004402,0,0,-0.002931,0,0,1000,-50,35.25
08.08.2026,02:03:48,13674,0,0.030638,-0.15,-0.4,-26.8125,-4.875,90.25,0.009067,0,0,-0.002024,0,0,1000,-50,35.4375
08.08.2026,02:03:48,13780,0,0.030264,-0.09,-0.38,-26.75,-4.75,90.4375,0.01178,0,0,-0.000846,0,0,1015,-50,35.4375
08.08.2026,02:03:48,13886,0,0.039809,-0.13,-0.37,-26.6875,-4.75,90.5625,0.014345,0,0,0.000589,0,0,1040,-50,34.90625
08.08.2026,02:03:48,13992,0,0.029323,-0.15,-0.34,-26.6875,-4.6875,90.625,0.015283,0,0,0.002117,0,0,1065,-50,35.0625
08.08.2026,02:03:48,14098,0,-0.070783,-0.14,-0.27,-26.625,-4.8125,90.625,0.018767,0,0,0.003994,0,0,1095,-50,34.71875
08.08.2026,02:03:48,14204,0,0.009177,-0.11,-0.34,-26.625,-4.75,90.625,0.019742,0,0,0.008001,0,0,1120,-50,34.875
08.08.2026,02:03:48,14310,0,0.009054,-0.13,-0.27,-26.5,-4.75,90.625,0.025941,0,0,0.010595,0,0,1145,-50,34.6875
08.08.2026,02:03:48,14416,0,0.039034,-0.12,-0.4,-26.5,-4.75,270,0.028363,0,0,0.013431,0,0,1175,-50,34.5
08.08.2026,02:03:48,14522,0,0.068943,-0.14,-0.32,-26.5,-4.75,270,0.03395,0,0,0.016826,0,0,1200,0,34.5
08.08.2026,02:03:48,14628,0,0.038899,-0.13,-0.22,-26.5,-4.8125,270,0.039238,0,0,0.02075,0,0,1225,0,34.5
08.08.2026,02:03:48,14734,0,0.108827,-0.16,-0.22,-26.5,-4.8125,270,0.046888,0,0,0.025439,0,0,1250,0,34.5
08.08.2026,02:03:48,14840,0,0.098842,-0.21,-0.3,-26.5,-4.875,270.0625,0.053625,0,0,0.030801,0,0,1280,0.25,34.5
08.08.2026,02:03:48,14946,0,0.088913,-0.48,-0.87,-25.9375,-4.9375,270.0625,0.060819,0,0,0.036883,0,0,1305,0.25,33.28125
08.08.2026,02:03:48,15052,0,-0.12098,-0.29,-0.39,-23.875,-5.375,270.125,0.069491,0,0,0.043832,0,0,1330,0.5,24.75
08.08.2026,02:03:48,15158,0.004091,-0.120491,-0.36,-0.32,-21.625,-5.375,270.3125,0.069237,0,0,0.050756,0,0,1360,1.40625,18.3125
08.08.2026,02:03:48,15264,0.011251,-0.090162,-0.12,-0.6,-19.875,-5.4375,270.375,0.077529,0,0,0.058509,0,0,1385,1.5,13.12104
08.08.2026,02:03:48,15370,0.027615,0.010116,-0.12,-0.23,-18.3125,-7.4375,270.25,0.099557,0,0,0.068464,0,0,1410,1.25,12.06826
08.08.2026,02:03:48,15476,0.05523,-0.077096,-0.23,-0.8,-17.6875,-7.9375,270.1875,0.117454,0,0,0.08021,0,0,1440,0.75,10.8683
08.08.2026,02:03:48,15582,0.079777,0.729294,0,-0.66,-17.0625,-6.9375,270.3125,0.121448,0,0,0.092354,0,0,1465,1.25,9.603569
08.08.2026,02:03:48,15688,0.095119,0.121723,-0.31,-0.69,-16.75,-6.5,270.1875,0.146344,0,0,0.106989,0,0,1490,0.59375,7.671169
08.08.2026,02:03:48,15794,0.118643,0.073633,0.12,-0.26,-17.3125,-8.0625,269.5,0.17875,0,0,0.124864,0,0,1500,-1.71875,10.89058
08.08.2026,02:03:48,15900,0.141144,0.086399,0.07,-0.35,-18.3125,-8.5625,269.0625,0.212088,0,0,0.166576,0,0,1500,-3.5,13.66389
08.08.2026,02:03:48,16007,0.164668,0.001477,-0.17,-0.07,-19.5,-8.6875,268.875,0.242037,0,0,0.19078,0,0,1500,-4.5,19.52813
08.08.2026,02:03:48,16113,0.206602,0.0534,-0.18,-0.24,-20.625,-9.6875,268.75,0.272624,0,0,0.218042,0,0,1500,-5.15625,24.59923
08.08.2026,02:03:48,16219,0.204557,-0.08486,-0.14,-0.01,-21.875,-11.9375,268.8125,0.281759,0,0,0.246218,0,0,1500,-4.59375,28.50265
08.08.2026,02:03:48,16325,0.23524,0.033916,-0.55,0.28,-23.375,-11.9375,269.125,0.285737,0,0,0.274792,0,0,1500,-3.1875,30.76114
08.08.2026,02:03:48,16431,0.245468,0.206723,-0.94,-0.19,-23.75,-11.3125,269.3125,0.30543,0,0,0.305335,0,0,1500,-2.59375,34.07147
08.08.2026,02:03:48,16537,0.263878,0.059121,-0.9,-0.07,-23.0625,-11.25,269.5,0.328407,0,0,0.338175,0,0,1500,-1.84375,31.88341
08.08.2026,02:03:48,16643,0.27922,0.071341,-0.62,0.05,-22.9375,-11.625,269.875,0.352683,0,0,0.373444,0,0,1500,-0.5,31.21007
08.08.2026,02:03:48,16749,0.303767,0.043245,-0.39,0.01,-22.9375,-12.1875,270.375,0.379549,0,0,0.411399,0,0,1500,1.5,32.74141
08.08.2026,02:03:48,16855,0.308881,0.206335,-0.37,-0.15,-22.875,-13,271.25,0.395412,0,0,0.45094,0,0,1500,4,32.28116
08.08.2026,02:03:48,16961,0.318086,0.108428,-0.25,-0.04,-22.625,-13.3125,272.0625,0.420148,0,0,0.492954,0,0,1500,8.875,31.68457
08.08.2026,02:03:48,17067,0.34161,0.160036,-0.18,0.02,-22.25,-13.4375,272.9375,0.449006,0,0,0.537855,0,0,1500,12.6875,31.39482
08.08.2026,02:03:48,17173,0.345701,0.181332,-0.06,-0.15,-21.75,-13.5,273.8125,0.480333,0,0,0.585888,0,0,1500,15.875,30.39775
08.08.2026,02:03:48,17279,0.364111,0.322687,0,-0.08,-20.875,-14,275.125,0.510734,0,0,0.636962,0,0,1500,20.03125,29.25916
08.08.2026,02:03:48,17385,0.384567,0.363442,0.03,0.06,-20.1875,-14.5,276.125,0.546013,0,0,0.691563,0,0,1500,25.28125,27.4359
08.08.2026,02:03:48,17491,0.398886,0.313186,0.11,0.07,-19.5,-14.75,277.125,0.589601,0,0,0.750523,0,0,1500,29.28125,25.76492
08.08.2026,02:03:48,17597,0.402977,0.423513,0.07,0.04,-18.8125,-14.5625,278.125,0.627315,0,0,0.813255,0,0,1500,33.28125,24.22404
08.08.2026,02:03:48,17703,0.427524,0.394098,0.13,0.04,-18.1875,-14.1875,279,0.703713,0,0,0.949833,0,0,1500,36.9375,23.11613
08.08.2026,02:03:48,17809,0.436729,0.313553,0.12,-0.19,-17.5,-13.4375,280,0.744112,0,0,1.024244,0,0,1500,39.25,21.4678
08.08.2026,02:03:48,17915,0.45923,0.273444,0.24,-0.02,-17.0625,-13,280.6875,0.78234,0,0,1.102478,0,0,1500,41.75,21.50539
08.08.2026,02:03:48,18021,0.467413,0.403737,0.16,-0.15,-16.75,-12.8125,281.1875,0.816195,0,0,1.184098,0,0,1500,44,19.70534
08.08.2026,02:03:48,18127,0.473549,0.413285,0.2,-0.01,-16.4375,-13,281.625,0.855565,0,0,1.269654,0,0,1500,46.8125,19.09913
08.08.2026,02:03:48,18233,0.462299,0.223291,0.18,-0.1,-16.25,-13.375,282,0.889943,0,0,1.358649,0,0,1500,48.3125,16.87972
08.08.2026,02:03:48,18339,0.464344,0.004855,0.18,-0.13,-16,-13.75,282.3125,0.91015,0,0,1.449664,0,0,1500,49.15625,17.72866
08.08.2026,02:03:48,18445,0.463321,0.346538,0.2,-0.06,-15.9375,-13.875,282.5625,0.928764,0,0,1.54254,0,0,1500,50,16.86556
08.08.2026,02:03:48,18551,0.47764,0.186489,0.12,-0.3,-15.9375,-13.75,282.6875,0.961577,0,0,1.638698,0,0,1500,50,19.1975
08.08.2026,02:03:48,18657,0.485823,0.037048,0.17,-0.19,-16,-13.4375,282.875,0.988225,0,0,1.73752,0,0,1500,50,17.20931
08.08.2026,02:03:48,18763,0.479686,0.047794,0.23,-0.05,-16.0625,-13.0625,282.9375,1.012453,0,0,1.838766,0,0,1500,50,17.67013
08.08.2026,02:03:48,18869,0.490937,0.209319,0.22,-0.31,-16.1875,-12.9375,282.9375,1.02925,0,0,1.941691,0,0,1500,50,18.40993
08.08.2026,02:03:48,18975,0.488891,0.050221,0.23,-0.06,-16.25,-12.875,282.9375,1.050813,0,0,2.046772,0,0,1500,50,18.29399
08.08.2026,02:03:48,19081,0.472526,0.131657,0.25,-0.44,-16.375,-13,282.875,1.067071,0,0,2.153479,0,0,1500,50,17.28824
08.08.2026,02:03:48,19187,0.479686,0.132142,0.27,-0.18,-16.5,-13.25,282.75,1.090924,0,0,2.262572,0,0,1500,50,19.47639
08.08.2026,02:03:48,19293,0.485823,0.102515,0.13,-0.19,-16.5625,-13.5,282.5625,1.114914,0,0,2.374063,0,0,1500,50,22.05438
08.08.2026,02:03:48,19399,0.501164,0.254663,0.08,-0.38,-16.75,-13.5,282.375,1.122732,0,0,2.486336,0,0,1500,49.75,19.08148
08.08.2026,02:03:48,19505,0.485823,-0.074308,0.17,-0.24,-17,-13.25,282.125,1.160105,0,0,2.716337,0,0,1500,48.34375,21.76454
08.08.2026,02:03:48,19611,0.428547,0.186299,0.11,-0.56,-17.25,-12.875,281.875,1.173483,0,0,2.833685,0,0,1500,47.34375,15.83516
08.08.2026,02:03:48,19717,0.505256,0.117602,0.19,-0.23,-17.5,-12.625,281.625,1.199607,0,0,2.953646,0,0,1500,46.34375,20.35924
08.08.2026,02:03:48,19823,0.506278,0.007752,0.12,-0.11,-17.625,-12.5625,281.25,1.219656,0,0,3.075612,0,0,1500,44.9375,24.32421
08.08.2026,02:03:48,19929,0.499119,0.178333,0.15,-0.54,-17.625,-12.875,280.9375,1.237038,0,0,3.199316,0,0,1500,43.59375,22.11216
08.08.2026,02:03:48,20035,0.492982,-0.001541,0.06,-0.3,-17.5,-13.0625,280.625,1.257729,0,0,3.325089,0,0,1500,42.1875,24.19184
08.08.2026,02:03:48,20141,0.496051,0.088981,0.07,-0.41,-17.3125,-13.1875,280.3125,1.274107,0,0,3.452499,0,0,1500,40.9375,21.93892
08.08.2026,02:03:48,20247,0.501164,0.069739,0.14,-0.07,-17.1875,-13.0625,279.875,1.287713,0,0,3.58127,0,0,1500,39.75,21.75425
08.08.2026,02:03:48,20353,0.52878,0.260392,0.17,-0.17,-17.1875,-12.75,279.5625,1.301688,0,0,3.711439,0,0,1500,38.75,20.76898
08.08.2026,02:03:48,20459,0.507301,0.159895,0.07,-0.25,-17.125,-12.5,279.1875,1.325324,0,0,3.843971,0,0,1500,37.25,22.23839
08.08.2026,02:03:48,20565,0.517529,-0.009707,0.13,-0.23,-17,-12.1875,278.6875,1.33998,0,0,3.977969,0,0,1500,34.4375,21.68269
08.08.2026,02:03:48,20671,0.4848,0.001097,0.19,-0.08,-16.9375,-12.0625,278.125,1.350383,0,0,4.113008,0,0,1500,32.03125,20.53777
08.08.2026,02:03:48,20777,0.526734,0.061589,0.08,-0.22,-16.875,-12.125,277.3125,1.363116,0,0,4.249319,0,0,1500,29.53125,22.93051
08.08.2026,02:03:48,20883,0.527757,-0.027821,0,-0.41,-16.8125,-12.125,276.6875,1.374413,0,0,4.38676,0,0,1500,26.28125,22.31345
08.08.2026,02:03:48,20989,0.526734,0.052861,0.04,-0.47,-16.875,-12,276.125,1.384377,0,0,4.525198,0,0,1500,23.875,21.91795
08.08.2026,02:03:48,21095,0.529802,-0.08649,0.05,-0.49,-17,-11.875,275.5625,1.394189,0,0,4.664617,0,0,1500,21.625,20.39341
08.08.2026,02:03:48,21201,0.508324,0.024604,-0.07,-0.5,-17.0625,-12,275.125,1.41192,0,0,4.945762,0,0,1500,20.5,20.60876
08.08.2026,02:03:48,21307,0.517529,0.114485,0.12,-0.12,-17.0625,-12.3125,274.625,1.430094,0,0,5.088772,0,0,1500,19,24.56693
08.08.2026,02:03:48,21413,0.52162,0.054132,0.27,0,-16.9375,-12.5,274.25,1.446944,0,0,5.233466,0,0,1500,17.5,22.26228
08.08.2026,02:03:48,21519,0.52162,-0.025602,0.09,-0.07,-16.75,-12.5625,274,1.457393,0,0,5.379205,0,0,1500,16.25,22.25208
08.08.2026,02:03:48,21625,0.555372,0.105059,0.08,-0.16,-16.5,-12.375,273.6875,1.463754,0,0,5.52558,0,0,1500,14.4375,23.37378
08.08.2026,02:03:48,21731,0.559463,0.115059,0.19,0.1,-16.0625,-11.8125,273.375,1.47771,0,0,5.673351,0,0,1500,13.5,19.54182
08.08.2026,02:03:48,21837,0.552304,0.024018,0.13,-0.03,-15.5625,-11.25,272.875,1.496824,0,0,5.823034,0,0,1500,12,17.64974
08.08.2026,02:03:48,21943,0.527757,0.104162,0.06,-0.27,-15.25,-11.375,272.6875,1.50605,0,0,5.973639,0,0,1500,11,13.36773
08.08.2026,02:03:48,22049,0.54003,0.463663,0.08,-0.18,-15.125,-11.8125,272.625,1.520729,0,0,6.125712,0,0,1500,10.5,16.78786
08.08.2026,02:03:48,22155,0.555372,0.171169,-0.13,-0.25,-15,-12.5,272.6875,1.553028,0,0,6.281015,0,0,1500,10.75,14.848
08.08.2026,02:03:48,22261,0.566623,0.069229,-0.04,-0.24,-15,-13.3125,272.8125,1.578685,0,0,6.438883,0,0,1500,11,16.87595
08.08.2026,02:03:48,22367,0.564577,0.1782,-0.04,-0.45,-15.125,-13.5,272.9375,1.594703,0,0,6.598353,0,0,1500,11.5,13.35074
08.08.2026,02:03:48,22473,0.522643,0.276737,-0.04,-0.42,-15.3125,-13.125,273.125,1.613912,0,0,6.759745,0,0,1500,12.65625,16.37415
08.08.2026,02:03:48,22579,0.532871,0.284528,-0.03,-0.31,-15.5,-12.5,273.25,1.639022,0,0,6.923647,0,0,1500,13.15625,16.32298
08.08.2026,02:03:48,22685,0.513438,0.201533,0.04,-0.39,-15.625,-12.0625,273.375,1.670084,0,0,7.090655,0,0,1500,13.5,12.39945
08.08.2026,02:03:48,22791,0.524688,0.169147,0.18,0.1,-15.75,-11.75,273.5625,1.693919,0,0,7.260047,0,0,1500,14,19.67825
08.08.2026,02:03:48,22897,0.54719,0.356848,0.1,-0.11,-15.6875,-11.875,273.625,1.715693,0,0,7.431617,0,0,1500,14.5,20.29192
08.08.2026,02:03:48,23003,0.512415,0.314557,0.11,0.05,-15.5625,-12.25,273.6875,1.762627,0,0,7.781502,0,0,1500,14.75,18.38274
08.08.2026,02:03:48,23109,0.522643,0.051509,0,-0.2,-15.3125,-12.5625,273.75,1.77927,0,0,7.959429,0,0,1500,15,15.57694
08.08.2026,02:03:48,23215,0.487868,-0.09064,0.12,0.11,-15.125,-12.6875,273.8125,1.784608,0,0,8.13789,0,0,1500,15.25,14.05702
08.08.2026,02:03:48,23321,0.508324,-0.001767,0.14,0.05,-14.6875,-12.25,273.625,1.781119,0,0,8.316002,0,0,1500,14.34375,13.54909
08.08.2026,02:03:48,23427,0.514461,0.26759,0.02,-0.06,-14.4375,-11.5625,273.5,1.782826,0,0,8.494285,0,0,1500,14,13.98952
08.08.2026,02:03:48,23533,0.472526,0.355376,0.06,0.01,-14.3125,-11.125,273.375,1.798959,0,0,8.67418,0,0,1500,13.5,11.98773
08.08.2026,02:03:48,23639,0.487868,0.102935,-0.08,-0.14,-14.3125,-11,273.3125,1.816268,0,0,8.855806,0,0,1500,13.25,12.84969
08.08.2026,02:03:48,23745,0.481732,-0.058653,-0.11,-0.35,-14.4375,-11.625,273.375,1.824703,0,0,9.038277,0,0,1500,13.5,11.93259
08.08.2026,02:03:48,23851,0.478663,0.120174,0.05,-0.3,-14.625,-12.375,273.4375,1.828826,0,0,9.221159,0,0,1500,13.5,11.94279
08.08.2026,02:03:48,23957,0.475595,0.127537,-0.02,-0.05,-14.8125,-13.25,273.5,1.846242,0,0,9.405783,0,0,1500,13.75,10.01992
08.08.2026,02:03:48,24063,0.461276,0.074112,0.01,-0.22,-14.9375,-13.6875,273.6875,1.869926,0,0,9.592775,0,0,1500,14.5,12.4814
08.08.2026,02:03:48,24169,0.426501,0.151232,0,-0.23,-15.0625,-13.5625,274,1.887183,0,0,9.781493,0,0,1500,16.3125,10.0676
08.08.2026,02:03:48,24275,0.470481,0.358365,0.16,-0.21,-15.25,-13,274.375,1.903293,0,0,9.971823,0,0,1500,17.25,18.84989
08.08.2026,02:03:48,24381,0.434683,0.255916,-0.02,-0.26,-15.4375,-12.5625,274.6875,1.914564,0,0,10.16328,0,0,1500,18.5,17.35659
08.08.2026,02:03:48,24487,0.420364,0.152323,0.01,-0.08,-15.5625,-12.25,274.9375,1.935741,0,0,10.35685,0,0,1500,19.90625,13.99443
08.08.2026,02:03:48,24593,0.438775,0.028538,0.01,-0.14,-15.625,-12.1875,275.0625,1.957393,0,0,10.55259,0,0,1500,20.25,13.07732
08.08.2026,02:03:48,24699,0.417296,0.05565,-0.03,-0.32,-15.625,-12.1875,275.125,1.969418,0,0,10.74953,0,0,1500,20.5,9.607254
08.08.2026,02:03:48,24805,0.398886,0.152147,0.03,-0.01,-15.5625,-11.9375,275.125,1.971034,0,0,11.14344,0,0,1500,20.5,14.85414
08.08.2026,02:03:48,24911,0.415251,0.140142,0.01,0,-15.4375,-11.6875,275.0625,1.974052,0,0,11.34085,0,0,1500,20.25,14.69392
08.08.2026,02:03:48,25017,0.373316,-0.091136,0,-0.19,-15.4375,-11.5625,274.9375,1.970143,0,0,11.53786,0,0,1500,19.75,11.95969
08.08.2026,02:03:48,25123,0.349792,-0.021136,0.05,-0.03,-15.4375,-11.6875,274.9375,1.963997,0,0,11.73426,0,0,1500,19.75,12.29721
08.08.2026,02:03:48,25229,0.377407,0.147856,0.02,-0.16,-15.5625,-11.8125,274.9375,1.964611,0,0,11.93072,0,0,1500,19.75,14.82289
08.08.2026,02:03:48,25335,0.36718,0.273362,0,-0.23,-15.875,-12.125,275.125,1.975327,0,0,12.12826,0,0,1500,20.25,14.00179
08.08.2026,02:03:48,25441,0.363089,0.309544,0,-0.2,-16.0625,-12.625,275.3125,1.994844,0,0,12.32774,0,0,1500,21.5625,15.39615
08.08.2026,02:03:48,25547,0.346724,0.317055,-0.09,-0.41,-16.25,-13.125,275.5625,2.00083,0,0,12.52782,0,0,1500,22.5625,14.08695
08.08.2026,02:03:48,25653,0.357975,0.03509,0,-0.16,-16.625,-13.4375,275.8125,2.001596,0,0,12.72798,0,0,1500,23.5625,15.22102
08.08.2026,02:03:48,25759,0.361043,0.21359,-0.04,-0.03,-16.875,-13.3125,276.0625,1.998012,0,0,12.92778,0,0,1500,24.40625,20.11046
08.08.2026,02:03:48,25865,0.363089,0.180521,-0.12,-0.09,-17.125,-12.6875,276.4375,2.009166,0,0,13.1287,0,0,1500,25.90625,18.52512
08.08.2026,02:03:48,25971,0.324223,0.06698,-0.12,-0.33,-17.125,-12.25,276.625,2.023975,0,0,13.3311,0,0,1500,26.65625,22.33044
08.08.2026,02:03:48,26077,0.370248,0.134061,0,-0.16,-17.1875,-12.0625,276.8125,2.032077,0,0,13.53431,0,0,1500,27.40625,18.28361
08.08.2026,02:03:48,26183,0.342633,-0.057579,0,-0.36,-17.1875,-12.0625,276.8125,2.027837,0,0,13.73709,0,0,1500,27.25,16.87217
08.08.2026,02:03:48,26289,0.34877,-0.019291,-0.02,-0.19,-17.125,-12.0625,276.75,2.024536,0,0,13.93954,0,0,1500,27.25,17.75859
08.08.2026,02:03:48,26395,0.327291,0.158768,-0.05,-0.17,-17,-12,276.625,2.023573,0,0,14.1419,0,0,1500,26.75,16.09489
08.08.2026,02:03:48,26501,0.320132,-0.023462,-0.07,-0.19,-17,-12,276.5,2.027494,0,0,14.54718,0,0,1500,26,15.48121
08.08.2026,02:03:48,26607,0.335473,-0.015747,-0.03,-0.43,-17.0625,-12.3125,276.5,2.029971,0,0,14.75018,0,0,1500,26,15.30334
08.08.2026,02:03:48,26713,0.321154,0.241918,-0.07,-0.3,-17.25,-12.75,276.6875,2.038472,0,0,14.95403,0,0,1500,26.90625,15.06807
08.08.2026,02:03:48,26819,0.338542,0.245522,-0.05,-0.23,-17.625,-13.5625,277.0625,2.05003,0,0,15.15903,0,0,1500,28.3125,17.65908
08.08.2026,02:03:48,26925,0.357975,0.263218,0.01,-0.27,-17.875,-14,277.4375,2.050766,0,0,15.36411,0,0,1500,30.21875,18.25566
08.08.2026,02:03:48,27031,0.337519,0.100499,0.09,-0.02,-18.125,-13.875,277.8125,2.055295,0,0,15.56964,0,0,1500,31.5625,19.78238
08.08.2026,02:03:48,27137,0.355929,0.237951,0.03,-0.26,-18.3125,-13.5,278.1875,2.05795,0,0,15.77543,0,0,1500,33.0625,22.02965
08.08.2026,02:03:48,27243,0.334451,0.174452,-0.08,-0.22,-18.5,-13,278.5,2.069221,0,0,15.98235,0,0,1500,34,21.61027
08.08.2026,02:03:48,27349,0.356952,0.111434,0,-0.17,-18.625,-12.3125,278.75,2.075311,0,0,16.18988,0,0,1500,34.75,22.19382
08.08.2026,02:03:48,27455,0.353883,0.06927,0,-0.15,-18.6875,-12.4375,278.875,2.0731,0,0,16.39719,0,0,1500,35.25,23.05636
08.08.2026,02:03:48,27561,0.334451,0.077593,0.08,-0.1,-18.75,-12.875,278.875,2.066535,0,0,16.60385,0,0,1500,35.5,23.77171
08.08.2026,02:03:48,27667,0.358997,0.075604,-0.01,-0.04,-18.8125,-13.25,278.9375,2.063286,0,0,16.81018,0,0,1500,35.75,24.66493
08.08.2026,02:03:48,27773,0.376385,0.133766,-0.07,-0.16,-18.9375,-13.4375,278.9375,2.05885,0,0,17.01606,0,0,1500,35.75,19.57204
08.08.2026,02:03:48,27879,0.400932,-0.008109,-0.13,-0.25,-19,-13.125,278.875,2.055046,0,0,17.22157,0,0,1500,35.5,25.50076
08.08.2026,02:03:48,27985,0.392749,0.010277,0,-0.21,-19,-12.8125,278.875,2.049074,0,0,17.42648,0,0,1500,35.5,22.40171
08.08.2026,02:03:48,28091,0.388658,0.028966,-0.1,-0.05,-18.9375,-12.5,278.75,2.040695,0,0,17.63054,0,0,1500,34.84375,23.99103
08.08.2026,02:03:48,28197,0.375362,0.127856,0.04,-0.07,-18.875,-12.25,278.625,2.030997,0,0,17.83364,0,0,1500,34.5,23.6808
08.08.2026,02:03:48,28303,0.368202,-0.045184,-0.14,-0.39,-18.6875,-11.9375,278.25,2.020857,0,0,18.23817,0,0,1500,33.34375,25.38888
08.08.2026,02:03:48,28409,0.388658,0.134816,-0.11,-0.37,-18.5625,-11.9375,278,2.013593,0,0,18.43953,0,0,1500,31.84375,23.20355
08.08.2026,02:03:48,28515,0.377407,-0.136419,-0.07,-0.35,-18.5625,-12.25,277.875,2.007043,0,0,18.64024,0,0,1500,31.34375,19.49368
08.08.2026,02:03:48,28621,0.423433,-0.027681,-0.06,-0.34,-18.5625,-12.75,277.8125,1.988789,0,0,18.83912,0,0,1500,31.25,22.19382
08.08.2026,02:03:48,28727,0.38559,0.002367,0,-0.2,-18.6875,-13.125,277.8125,1.987395,0,0,19.03786,0,0,1500,31.25,22.59951
08.08.2026,02:03:48,28833,0.398886,-0.081051,0.06,0.01,-18.9375,-13.625,277.8125,1.987199,0,0,19.23658,0,0,1500,31.25,24.2973
08.08.2026,02:03:48,28939,0.381499,-0.111368,-0.01,0,-19.0625,-13.8125,277.875,1.973584,0,0,19.43394,0,0,1500,31.25,25.25529
08.08.2026,02:03:48,29045,0.430592,0.148128,-0.04,-0.24,-19.1875,-13.75,277.9375,1.962555,0,0,19.63019,0,0,1500,31.90625,31.18401
08.08.2026,02:03:48,29151,0.420364,0.306133,0.01,-0.05,-19.25,-13.4375,278.0625,1.965997,0,0,19.82679,0,0,1500,32.40625,25.63992
08.08.2026,02:03:48,29257,0.478663,-0.016326,-0.03,-0.17,-19.1875,-13.125,278.125,1.973525,0,0,20.02414,0,0,1500,32.5,24.06883
08.08.2026,02:03:48,29363,0.446957,0.152603,0,-0.15,-19,-12.875,278.3125,1.967736,0,0,20.22092,0,0,1500,33.40625,24.27398
08.08.2026,02:03:48,29469,0.464344,-0.018223,-0.04,0.01,-18.75,-13,278.3125,1.960051,0,0,20.41692,0,0,1500,33.25,24.78541
08.08.2026,02:03:48,29575,0.463321,0.001833,-0.11,-0.09,-18.5,-13,278.25,1.944684,0,0,20.61139,0,0,1500,32.84375,25.8361
08.08.2026,02:03:48,29681,0.471504,-0.158741,-0.11,0,-18.0625,-12.75,277.9375,1.936095,0,0,20.805,0,0,1500,31.75,23.51105
08.08.2026,02:03:48,29787,0.467413,-0.197715,-0.07,-0.07,-17.3125,-11.8125,277.375,1.913242,0,0,20.99632,0,0,1500,30,21.78663
08.08.2026,02:03:48,29893,0.461276,-0.006335,-0.12,-0.15,-16.875,-11.25,276.9375,1.888512,0,0,21.18517,0,0,1500,28.25,15.51189
08.08.2026,02:03:48,29999,0.435706,0.063724,-0.04,-0.31,-16.75,-11.125,276.5625,1.877479,0,0,21.37292,0,0,1500,26.75,19.73263
08.08.2026,02:03:48,30105,0.457185,-0.126574,-0.17,-0.34,-16.8125,-11.5625,276.3125,1.860234,0,0,21.74599,0,0,1500,25.09375,19.70195
08.08.2026,02:03:48,30211,0.472526,-0.07649,-0.08,-0.37,-17.0625,-12.3125,276.25,1.84865,0,0,21.93085,0,0,1500,25,19.68826
08.08.2026,02:03:48,30317,0.480709,0.123428,-0.07,-0.17,-17.375,-13.375,276.25,1.84407,0,0,22.11526,0,0,1500,25,21.60423
08.08.2026,02:03:48,30423,0.487868,0.062337,0.03,0.04,-17.5625,-14,276.25,1.846309,0,0,22.29989,0,0,1500,25,20.08025
08.08.2026,02:03:48,30529,0.437752,0.08162,0.09,0.06,-17.625,-14.125,276.3125,1.844958,0,0,22.48438,0,0,1500,25.25,21.00755
08.08.2026,02:03:48,30635,0.44082,0.081634,0.09,0.14,-17.5625,-13.6875,276.25,1.836932,0,0,22.66808,0,0,1500,25,21.83261
08.08.2026,02:03:48,30741,0.456162,-0.01807,0.03,-0.09,-17.4375,-13.0625,276.25,1.82676,0,0,22.85075,0,0,1500,25,19.58308
08.08.2026,02:03:48,30847,0.470481,0.141877,-0.13,-0.2,-17.3125,-12.375,276.1875,1.820401,0,0,23.03279,0,0,1500,24.75,23.10772
08.08.2026,02:03:48,30953,0.463321,0.120719,-0.05,0.01,-17.125,-12.1875,276.125,1.82464,0,0,23.21526,0,0,1500,24.34375,20.60933
08.08.2026,02:03:48,31059,0.453094,0.079943,-0.03,-0.32,-16.9375,-12.25,276,1.825095,0,0,23.39777,0,0,1500,23.84375,20.01614
08.08.2026,02:03:48,31165,0.463321,-0.150287,-0.18,-0.09,-16.75,-12.4375,275.875,1.82047,0,0,23.57981,0,0,1500,23.5,18.4104
08.08.2026,02:03:48,31271,0.44798,-0.009519,0.05,-0.04,-16.5625,-12.75,275.6875,1.806892,0,0,23.7605,0,0,1500,23,17.76209
08.08.2026,02:03:48,31377,0.414228,0.111168,0.01,-0.02,-16.375,-12.875,275.5,1.79484,0,0,23.93999,0,0,1500,22.25,17.69052
08.08.2026,02:03:48,31483,0.450025,-0.329371,-0.14,-0.17,-16,-12.75,275.25,1.794809,0,0,24.11947,0,0,1500,20.84375,19.02361
08.08.2026,02:03:48,31589,0.456162,-0.018546,-0.1,-0.25,-15.625,-12.375,274.9375,1.782173,0,0,24.29769,0,0,1500,19.59375,16.05419
08.08.2026,02:03:48,31695,0.430592,-0.077858,-0.06,-0.18,-15.4375,-12.125,274.8125,1.771518,0,0,24.47484,0,0,1500,19.09375,13.7365
08.08.2026,02:03:48,31801,0.400932,0.22291,0,-0.06,-15.375,-12.125,274.8125,1.77004,0,0,24.82791,0,0,1500,19.25,14.22687
08.08.2026,02:03:48,31907,0.446957,0.061569,-0.01,0.05,-15.5,-12.5,274.875,1.776856,0,0,25.0056,0,0,1500,19.5,14.049
08.08.2026,02:03:48,32013,0.415251,0.110442,0.12,0,-15.6875,-13,274.9375,1.776365,0,0,25.18324,0,0,1500,19.75,17.5912
08.08.2026,02:03:48,32119,0.401954,-0.079937,0.04,0.02,-15.9375,-13.625,275,1.768756,0,0,25.36011,0,0,1500,20,14.29097
08.08.2026,02:03:48,32225,0.372294,0.060457,-0.06,-0.26,-16.1875,-13.875,275,1.759585,0,0,25.53607,0,0,1500,20,16.94335
08.08.2026,02:03:48,32331,0.395818,0.111458,-0.04,-0.18,-16.625,-13.625,275,1.75294,0,0,25.71136,0,0,1500,20,15.08582
08.08.2026,02:03:48,32437,0.435706,0.12051,0.07,-0.13,-17,-13.1875,274.9375,1.759053,0,0,25.88727,0,0,1500,19.75,15.19826
08.08.2026,02:03:48,32543,0.416273,0.121219,0.01,-0.31,-17.25,-12.8125,274.875,1.749503,0,0,26.06222,0,0,1500,19.5,20.86103
08.08.2026,02:03:48,32649,0.401954,0.211195,-0.02,0.03,-17.4375,-12.375,274.9375,1.747261,0,0,26.23695,0,0,1500,19.90625,19.22055
08.08.2026,02:03:48,32755,0.416273,0.180662,-0.07,-0.22,-17.4375,-12.25,274.875,1.749857,0,0,26.41193,0,0,1500,19.75,19.92683
08.08.2026,02:03:48,32861,0.402977,-0.240336,-0.15,-0.19,-17.3125,-12.1875,274.75,1.756604,0,0,26.58759,0,0,1500,19.09375,16.87953
08.08.2026,02:03:48,32967,0.36718,-0.12915,0.04,-0.09,-17.0625,-12.25,274.4375,1.742777,0,0,26.76187,0,0,1500,17.4375,16.67844
08.08.2026,02:03:48,33073,0.389681,0.102069,-0.06,-0.1,-16.8125,-12.1875,274.125,1.729412,0,0,26.93481,0,0,1500,16.34375,20.83781
08.08.2026,02:03:48,33179,0.404,-0.078453,-0.17,-0.27,-16.8125,-12.125,273.75,1.732888,0,0,27.1081,0,0,1500,14.84375,16.94666
08.08.2026,02:03:48,33285,0.398886,-0.067965,-0.01,-0.17,-16.875,-12.125,273.3125,1.726829,0,0,27.28078,0,0,1500,13.5,16.17673
08.08.2026,02:03:48,33391,0.363089,-0.067305,0.08,-0.12,-17.0625,-12.1875,273.125,1.719513,0,0,27.45274,0,0,1500,12.75,16.6165
08.08.2026,02:03:48,33497,0.382521,-0.076765,0.05,-0.16,-17.3125,-12.5625,273.0625,1.713702,0,0,27.62411,0,0,1500,12.09375,18.07846
08.08.2026,02:03:48,33603,0.369225,0.144362,0.13,-0.09,-17.5625,-12.9375,273.0625,1.705633,0,0,27.96495,0,0,1500,12.25,18.67504
08.08.2026,02:03:48,33709,0.393772,0.254065,0.02,-0.06,-17.8125,-13.1875,273.1875,1.710972,0,0,28.13604,0,0,1500,12.75,20.77511
08.08.2026,02:03:48,33815,0.409114,-0.037084,-0.16,-0.36,-18.125,-13.1875,273.4375,1.71585,0,0,28.30763,0,0,1500,13.5,19.70855
08.08.2026,02:03:48,33921,0.397863,-0.016558,-0.03,-0.25,-18.4375,-12.9375,273.6875,1.710369,0,0,28.47867,0,0,1500,15.0625,21.19836
08.08.2026,02:03:48,34027,0.445934,0.39325,-0.09,-0.17,-18.6875,-12.8125,273.9375,1.711828,0,0,28.64985,0,0,1500,15.90625,20.9392
08.08.2026,02:03:48,34133,0.37843,0.341983,0,-0.09,-18.9375,-12.75,274.25,1.72315,0,0,28.82216,0,0,1500,17.15625,20.83629
08.08.2026,02:03:48,34239,0.350815,0.10061,-0.04,-0.19,-19.0625,-12.6875,274.4375,1.734841,0,0,28.99565,0,0,1500,17.90625,24.06487
08.08.2026,02:03:48,34345,0.408091,-0.029213,-0.06,-0.3,-19.0625,-12.9375,274.5625,1.731556,0,0,29.1688,0,0,1500,18.25,27.31448
08.08.2026,02:03:48,34451,0.44082,0.091203,0.08,-0.2,-18.9375,-13.125,274.625,1.726237,0,0,29.34143,0,0,1500,18.5,25.27974
08.08.2026,02:03:48,34557,0.426501,-0.018264,-0.09,-0.16,-18.75,-13.1875,274.625,1.720119,0,0,29.51344,0,0,1500,18.5,24.59451
08.08.2026,02:03:48,34663,0.431615,-0.028497,-0.08,-0.35,-18.5625,-13,274.5,1.721429,0,0,29.68558,0,0,1500,17.84375,21.39322
08.08.2026,02:03:48,34769,0.444911,0.041727,0.14,-0.04,-18.3125,-12.25,274.375,1.718439,0,0,29.85743,0,0,1330,17.75,22.7973
08.08.2026,02:03:48,34875,0.418319,-0.12084,0.93,-0.21,-18.3125,-11.1875,274.3125,1.697332,0,0,30.02716,0,0,1000,17.25,26.01567
08.08.2026,02:03:48,34981,0.451048,-0.097239,0.65,-0.23,-18.625,-7.5625,274.4375,1.641473,0,0,30.19131,0,0,1000,17.5,24.19165
08.08.2026,02:03:48,35087,0.465367,0.145869,0.47,-0.43,-18.5625,-3.0625,274.5625,1.570532,0,0,30.34836,0,0,1000,18.40625,23.94279
08.08.2026,02:03:48,35193,0.482754,0.168334,0.49,-0.48,-18.625,0,274.5,1.52016,0,0,30.50038,0,0,1000,17.84375,23.76775
08.08.2026,02:03:48,35299,0.4848,-0.069877,0.23,-0.27,-19.1875,0.5,274.125,1.477435,0,0,30.64812,0,0,1000,16.6875,25.97007
08.08.2026,02:03:48,35405,0.506278,-0.168543,0.19,-0.25,-19.3125,-1.375,273.625,1.341376,0,0,30.92445,0,0,1000,14.03125,26.83374
08.08.2026,02:03:48,35511,0.495028,-0.287236,0.14,-0.17,-19.3125,-4.3125,273,1.249966,0,0,31.04945,0,0,1000,11.53125,26.62236
08.08.2026,02:03:48,35617,0.506278,-0.375671,0.13,-0.14,-19.3125,-6.5625,272.375,1.141969,0,0,31.16364,0,0,1000,9.03125,26.37689
08.08.2026,02:03:48,35723,0.507301,-0.373445,0.08,-0.14,-19.375,-7.25,271.9375,1.029908,0,0,31.26663,0,0,1000,7.75,28.4054
08.08.2026,02:03:48,35829,0.502187,-0.266211,0.05,-0.21,-19.5,-5.75,271.625,0.92459,0,0,31.35909,0,0,1000,6.75,29.48896
08.08.2026,02:03:48,35935,0.505256,-0.231105,0.03,-0.27,-19.625,-3.75,271.375,0.827437,0,0,31.44184,0,0,1000,6,29.02927
08.08.2026,02:03:48,36041,0.515483,-0.17497,0.01,-0.3,-19.75,-2.1875,271.1875,0.737486,0,0,31.51559,0,0,1000,4.59375,29.43495
08.08.2026,02:03:48,36147,0.510369,-0.207769,0,-0.33,-19.8125,-1.625,270.875,0.653321,0,0,31.58092,0,0,1000,3.1875,29.07355
08.08.2026,02:03:48,36253,0.511392,-0.259288,-0.01,-0.23,-19.8125,-2.4375,270.3125,0.565583,0,0,31.63748,0,0,1000,1.4375,30.20884
08.08.2026,02:03:48,36359,0.512415,-0.369386,-0.04,-0.22,-19.8125,-3.875,269.8125,0.477958,0,0,31.68527,0,0,1000,0,29.59517
08.08.2026,02:03:48,36465,0.499119,-0.357822,-0.03,-0.18,-19.8125,-5.1875,269.375,0.385702,0,0,31.72384,0,0,1000,-2.8125,29.5338
08.08.2026,02:03:48,36571,0.499119,-0.354492,0,-0.17,-19.8125,-5.6875,268.9375,0.295225,0,0,31.75337,0,0,1000,-4.5625,28.49055
08.08.2026,02:03:48,36677,0.502187,-0.349347,-0.05,-0.16,-19.875,-5.3125,268.625,0.20839,0,0,31.77421,0,0,1000,-5.8125,29.38661
08.08.2026,02:03:48,36783,0.502187,-0.272398,-0.05,-0.23,-20,-4.125,268.4375,0.127274,0,0,31.78693,0,0,1000,-6.40625,29.94572
08.08.2026,02:03:48,36889,0.47764,-0.223815,-0.06,-0.28,-20.1875,-3.25,268.3125,0.05753,0,0,31.79269,0,0,1000,-6.90625,28.1149
08.08.2026,02:03:48,36995,0.4848,-0.223733,-0.08,-0.27,-20.375,-3,268.25,-0.003229,0,0,31.79236,0,0,1000,-7,31.6537
08.08.2026,02:03:48,37101,0.47764,-0.212309,-0.09,-0.27,-20.5625,-3.3125,268.0625,-0.102328,0,0,31.77662,0,0,1000,-7.90625,30.55929
08.08.2026,02:03:48,37207,0.476618,-0.229606,-0.07,-0.24,-20.8125,-4,267.9375,-0.14506,0,0,31.76212,0,0,1000,-8.25,31.61329
08.08.2026,02:03:48,37313,0.458207,-0.26057,-0.09,-0.25,-21.0625,-4.9375,267.6875,-0.18664,0,0,31.74345,0,0,1000,-9,30.21205
08.08.2026,02:03:48,37419,0.470481,-0.294329,-0.09,-0.21,-21.25,-5.25,267.625,-0.223382,0,0,31.72111,0,0,1000,-9.5,31.97121
08.08.2026,02:03:48,37525,0.45923,-0.257032,-0.08,-0.22,-21.4375,-5.125,267.5625,-0.257087,0,0,31.6954,0,0,1000,-9.75,32.22687
08.08.2026,02:03:48,37631,0.452071,-0.228884,-0.14,-0.23,-21.6875,-4.6875,267.5,-0.282914,0,0,31.66711,0,0,1000,-10,33.78371
08.08.2026,02:03:48,37737,0.449002,-0.190099,-0.12,-0.27,-21.9375,-4.125,267.375,-0.301019,0,0,31.63701,0,0,1000,-10.25,34.06722
08.08.2026,02:03:48,37843,0.438775,-0.1008,-0.13,-0.3,-22.1875,-3.875,267.375,-0.31479,0,0,31.60553,0,0,1000,-10.5,35.46158
08.08.2026,02:03:48,37949,0.44798,-0.091233,-0.14,-0.3,-22.5,-3.875,267.3125,-0.320322,0,0,31.5735,0,0,1000,-10.75,35.97234
08.08.2026,02:03:48,38055,0.436729,-0.161555,-0.14,-0.25,-22.8125,-4.25,267.375,-0.320847,0,0,31.54141,0,0,1000,-10.5,37.46554
08.08.2026,02:03:48,38161,0.434683,-0.121709,-0.14,-0.23,-23.125,-4.6875,267.4375,-0.323518,0,0,31.50906,0,0,1000,-10.25,37.69732
08.08.2026,02:03:48,38267,0.431615,-0.141759,-0.13,-0.22,-23.5,-5.125,267.5,-0.324343,0,0,31.47663,0,0,1000,-10.25,38.6655
08.08.2026,02:03:48,38373,0.420364,-0.131755,-0.13,-0.2,-23.75,-5.1875,267.5,-0.323805,0,0,31.44425,0,0,1000,-10,37.75293
08.08.2026,02:03:48,38479,0.418319,-0.091805,-0.14,-0.22,-23.9375,-5,267.4375,-0.320029,0,0,31.41224,0,0,1000,-10.25,38.86773
08.08.2026,02:03:48,38585,0.414228,-0.071985,-0.15,-0.22,-24,-4.6875,267.4375,-0.314136,0,0,31.38083,0,0,1000,-10.25,39.42343
08.08.2026,02:03:48,38691,0.412182,-0.012401,-0.15,-0.22,-24,-4.375,267.5,-0.3051,0,0,31.35032,0,0,1000,-10,39.05863
08.08.2026,02:03:48,38797,0.417296,-0.003203,-0.17,-0.22,-24,-4.3125,267.5,-0.291604,0,0,31.32116,0,0,1000,-10,39.64162
08.08.2026,02:03:48,38903,0.402977,0.005561,-0.16,-0.19,-23.875,-4.5625,267.5,-0.261567,0,0,31.26732,0,0,1000,-10,38.13473
08.08.2026,02:03:48,39009,0.390704,-0.026134,-0.19,-0.2,-23.75,-4.875,267.625,-0.248156,0,0,31.2425,0,0,1000,-9.34375,37.07845
08.08.2026,02:03:48,39115,0.388658,-0.038236,-0.16,-0.15,-23.5625,-5.1875,267.6875,-0.236256,0,0,31.21887,0,0,1000,-9.09375,36.85347
08.08.2026,02:03:48,39221,0.389681,-0.040702,-0.16,-0.14,-23.3125,-5.3125,267.75,-0.225617,0,0,31.19631,0,0,1000,-8.84375,36.19269
08.08.2026,02:03:48,39327,0.382521,0.003367,-0.16,-0.21,-23.0625,-5.0625,268,-0.214599,0,0,31.17485,0,0,1000,-8.5,36.61773
08.08.2026,02:03:48,39433,0.373316,-0.000141,-0.13,-0.2,-22.9375,-4.75,268.125,-0.202812,0,0,31.15457,0,0,1000,-7.34375,35.65635
08.08.2026,02:03:48,39539,0.372294,0.00597,-0.16,-0.18,-22.75,-4.5,268.375,-0.190831,0,0,31.13549,0,0,1000,-6.34375,33.92504
08.08.2026,02:03:48,39645,0.364111,0.041712,-0.15,-0.2,-22.5625,-4.3125,268.625,-0.179272,0,0,31.11756,0,0,1000,-5.5,33.0557
08.08.2026,02:03:48,39751,0.352861,0.04709,-0.14,-0.2,-22.4375,-4.375,268.875,-0.167913,0,0,31.10077,0,0,1000,-4.5,33.32789
08.08.2026,02:03:48,39857,0.34877,-0.007918,-0.12,-0.19,-22.3125,-4.6875,269.1875,-0.15585,0,0,31.08519,0,0,1000,-3.5,32.33921
08.08.2026,02:03:48,39963,0.334451,0.006788,-0.14,-0.18,-22.1875,-4.9375,269.4375,-0.14703,0,0,31.07048,0,0,1000,-2.09375,31.84489
08.08.2026,02:03:48,40069,0.327291,0.011259,-0.15,-0.19,-22.125,-5,269.75,-0.139715,0,0,31.05651,0,0,1000,-0.6875,31.87217
08.08.2026,02:03:48,40175,0.3232,0.025477,-0.16,-0.18,-22.125,-4.9375,270,-0.131936,0,0,31.04332,0,0,1000,0.3125,30.82552
08.08.2026,02:03:48,40281,0.30479,0.029441,-0.2,-0.19,-22,-4.625,270.375,-0.124069,0,0,31.03091,0,0,1000,1.65625,30.66872
08.08.2026,02:03:48,40387,0.299676,0.053152,-0.19,-0.19,-21.9375,-4.375,270.625,-0.116266,0,0,31.01928,0,0,1000,2.65625,30.41985
08.08.2026,02:03:48,40493,0.291494,0.066576,-0.22,-0.19,-21.875,-4.3125,270.875,-0.107351,0,0,31.00855,0,0,1000,3.65625,29.27493
08.08.2026,02:03:48,40599,0.280243,0.049732,-0.19,-0.2,-21.8125,-4.375,271.125,-0.099063,0,0,30.99864,0,0,1000,4.65625,28.2618
08.08.2026,02:03:48,40705,0.275129,0.042635,-0.19,-0.17,-21.625,-4.5,271.3125,-0.083867,0,0,30.98113,0,0,1000,5.25,27.84988
08.08.2026,02:03:48,40811,0.259787,0.037795,-0.17,-0.16,-21.4375,-4.8125,271.5,-0.078514,0,0,30.97328,0,0,1000,6,26.49585
08.08.2026,02:03:48,40917,0.249559,0.050126,-0.18,-0.2,-21.25,-4.875,271.6875,-0.073472,0,0,30.96593,0,0,1000,6.5,26.79249
08.08.2026,02:03:48,41023,0.236263,0.042317,-0.18,-0.18,-21,-4.875,271.8125,-0.069171,0,0,30.95901,0,0,1000,7,25.4595
08.08.2026,02:03:48,41129,0.226035,0.034323,-0.2,-0.15,-20.8125,-4.8125,272,-0.06336,0,0,30.95268,0,0,1000,8.15625,24.21573
08.08.2026,02:03:48,41235,0.208648,0.036202,-0.2,-0.16,-20.5625,-4.6875,272.25,-0.059411,0,0,30.94674,0,0,1000,9.15625,22.66795
08.08.2026,02:03:48,41341,0.201489,0.08794,-0.21,-0.2,-20.25,-4.5,272.625,-0.055015,0,0,30.94124,0,0,1000,10.15625,21.76454
08.08.2026,02:03:48,41447,0.189215,0.079479,-0.19,-0.18,-20.125,-4.4375,272.9375,-0.04877,0,0,30.93636,0,0,1000,12.0625,21.02077
08.08.2026,02:03:48,41553,0.163646,0.080804,-0.2,-0.22,-19.9375,-4.4375,273.25,-0.042035,0,0,30.93216,0,0,1000,13.3125,19.2281
08.08.2026,02:03:48,41659,0.159554,-0.028166,-0.23,-0.16,-19.6875,-4.5,273.625,-0.032681,0,0,30.92889,0,0,1000,14.8125,18.50312
08.08.2026,02:03:48,41765,0.149327,-0.016999,1.18,-0.81,-19.1875,-4.625,274.1875,-0.037071,0,0,30.92518,0,0,1000,16,17.13548
08.08.2026,02:03:48,41871,0.148304,0.914044,3.1,-0.85,-17,-4.1875,274.875,-0.033184,0,0,30.92186,0,0,1000,18.5,13.49679
08.08.2026,02:03:48,41977,0.13603,-0.275719,-0.88,-1.82,-13.6875,-7.6875,274.4375,-0.007514,0,0,30.92111,0,0,1000,18.5,2.407005
08.08.2026,02:03:48,42083,0.139099,-0.3554,-0.48,-0.09,-12.4375,-10.3125,273,-0.010184,0,0,30.92009,0,0,1000,10.75,-3.814575
08.08.2026,02:03:48,42189,0.121711,-0.17383,-0.17,-0.02,-12.4375,-10,271.3125,-0.050003,0,0,30.91509,0,0,1000,4.15625,-5.447601
08.08.2026,02:03:48,42295,0.100233,0.238313,-0.23,-0.15,-12.25,-5.875,270.125,-0.068285,0,0,30.90826,0,0,1000,1.25,-4.690712
08.08.2026,02:03:48,42401,0.100233,0.410569,-0.19,-0.33,-11.9375,-2.1875,269.4375,-0.047998,0,0,30.89627,0,0,1000,-2.71875,-6.081665
08.08.2026,02:03:48,42507,0.083868,0.312074,-0.18,-0.4,-11.375,-0.1875,268.75,-0.016176,0,0,30.89465,0,0,1000,-5.78125,-8.222618
08.08.2026,02:03:48,42613,0.081823,0.202581,-0.16,-0.33,-10.75,-0.6875,267.8125,0.002903,0,0,30.89494,0,0,1000,-9.84375,-10.76407
08.08.2026,02:03:48,42719,0.074663,-0.07751,-0.16,-0.28,-10.5,-2.9375,266.875,0.002186,0,0,30.89516,0,0,1000,-13.28125,-11.01746
08.08.2026,02:03:48,42825,0.064435,-0.176973,-0.13,-0.27,-11.0625,-6.5,265.5,-0.019318,0,0,30.89323,0,0,1000,-18.78125,-10.77435
08.08.2026,02:03:48,42931,0.049094,-0.185745,-0.07,-0.25,-12.25,-7.75,264.75,-0.03922,0,0,30.88931,0,0,1000,-21.46875,-5.928909
08.08.2026,02:03:48,43037,0.039889,0.085961,-0.12,-0.26,-13.8125,-7.25,264.5,-0.05447,0,0,30.88386,0,0,1000,-22,-0.750473
08.08.2026,02:03:48,43143,0.032729,0.66729,-0.13,-0.75,-15.3125,-6.1875,264.6875,-0.042438,0,0,30.87962,0,0,1000,-21.09375,3.68816
08.08.2026,02:03:48,43249,0.040911,0.047441,-0.12,-0.14,-16.4375,-7.9375,264.4375,-0.004807,0,0,30.87914,0,0,1000,-22.25,5.41711
08.08.2026,02:03:48,43355,0.032729,-0.202179,-0.05,0.01,-17.5,-9.4375,264.25,-0.012154,0,0,30.87792,0,0,1000,-23,7.145489
08.08.2026,02:03:48,43461,0.029661,-0.091172,-0.09,-0.17,-18.0625,-7.6875,264.5,-0.032124,0,0,30.87471,0,0,1000,-22.75,8.686367
08.08.2026,02:03:48,43567,0.027615,0.150176,-0.09,-0.32,-18.375,-4.625,264.9375,-0.04302,0,0,30.87041,0,0,1000,-19.78125,10.43467
08.08.2026,02:03:48,43673,0.029661,0.331268,-0.1,-0.41,-18.5,-1.375,265.4375,-0.034843,0,0,30.86692,0,0,1000,-17.9375,11.63529
08.08.2026,02:03:48,43779,0.033752,0.261638,-0.09,-0.36,-18.5,0,265.8125,-0.011795,0,0,30.86574,0,0,1000,-16.4375,12.49443
08.08.2026,02:03:48,43885,0.030684,0.121311,-0.06,-0.27,-18.4375,-1.5625,265.8125,0.010413,0,0,30.86679,0,0,1000,-16.90625,11.38359
08.08.2026,02:03:48,43991,0.031706,-0.079384,-0.04,-0.13,-18.3125,-4.5625,265.625,0.022155,0,0,30.869,0,0,1000,-17.65625,10.14945
08.08.2026,02:03:48,44097,0.037843,-0.139849,-0.03,-0.03,-18.125,-7.1875,265.5,0.014828,0,0,30.87048,0,0,1000,-18.15625,10.6302
08.08.2026,02:03:48,44203,0.035797,-0.129692,-0.05,-0.02,-17.875,-8.125,265.5625,-0.02108,0,0,30.86787,0,0,1000,-17.75,9.447788
08.08.2026,02:03:48,44309,0.03682,0.011834,-0.1,-0.11,-17.5,-6.5,265.875,-0.027492,0,0,30.86513,0,0,1000,-17,8.912575
08.08.2026,02:03:48,44415,0.032729,0.162543,-0.13,-0.25,-17.1875,-4.3125,266.1875,-0.022551,0,0,30.86287,0,0,1000,-15.5,7.919373
08.08.2026,02:03:48,44521,0.032729,0.182844,-0.13,-0.3,-16.75,-2.125,266.5,-0.009558,0,0,30.86192,0,0,1000,-13.84375,6.51482
08.08.2026,02:03:48,44627,0.033752,0.142802,-0.12,-0.35,-16.1875,-1.1875,266.625,0.001316,0,0,30.86205,0,0,1000,-13.34375,5.198921
08.08.2026,02:03:48,44733,0.028638,0.05266,-0.16,-0.39,-15.6875,-1.875,266.5625,0.004519,0,0,30.8625,0,0,1000,-13.75,2.179573
08.08.2026,02:03:48,44839,0.027615,-0.007399,-0.13,-0.37,-15.375,-4.25,266.3125,0.001879,0,0,30.86269,0,0,1000,-14.5,1.615936
08.08.2026,02:03:48,44945,0.033752,-0.007262,-0.06,-0.3,-15.5625,-6.0625,266.25,-0.004363,0,0,30.86225,0,0,1000,-15,2.601212
08.08.2026,02:03:48,45051,0.028638,-0.036933,-0.07,-0.2,-16,-6.9375,266.25,-0.010405,0,0,30.86121,0,0,1000,-14.84375,4.573357
08.08.2026,02:03:48,45157,0.031706,-0.036372,-0.06,-0.12,-16.5625,-6.6875,266.4375,-0.017807,0,0,30.85943,0,0,1000,-14.09375,6.015388
08.08.2026,02:03:48,45263,0.041934,0.064359,-0.04,-0.17,-17.25,-4.8125,266.875,-0.023127,0,0,30.85711,0,0,1000,-12.6875,8.316559
08.08.2026,02:03:48,45369,0.029661,0.115086,-0.06,-0.2,-17.5625,-3.0625,267.25,-0.023022,0,0,30.85481,0,0,1000,-11.5,8.665977
08.08.2026,02:03:48,45475,0.031706,0.125622,-0.04,-0.23,-17.75,-2,267.5,-0.016954,0,0,30.85312,0,0,1000,-10.25,9.320522
08.08.2026,02:03:48,45581,0.033752,0.105855,-0.09,-0.22,-17.6875,-2.1875,267.6875,-0.007371,0,0,30.85238,0,0,1000,-9.09375,9.317696
08.08.2026,02:03:48,45687,0.035797,0.025866,-0.09,-0.2,-17.5,-3.4375,267.75,-0.000355,0,0,30.85234,0,0,1000,-9,9.03418
08.08.2026,02:03:48,45793,0.034775,-0.034096,-0.08,-0.14,-17.125,-5.5,267.75,-0.001206,0,0,30.85222,0,0,1000,-9,8.008022
08.08.2026,02:03:48,45899,0.031706,-0.03386,-0.09,-0.15,-16.6875,-6.4375,267.875,-0.007441,0,0,30.85148,0,0,1000,-8.75,6.944389
08.08.2026,02:03:48,46005,0.035797,-0.013387,-0.08,-0.15,-16.3125,-6.3125,268,-0.020184,0,0,30.84797,0,0,1000,-7.84375,4.987537
08.08.2026,02:03:48,46111,0.021478,0.057253,-0.08,-0.25,-15.9375,-5.3125,268.3125,-0.020982,0,0,30.84587,0,0,1000,-6.4375,2.686932
08.08.2026,02:03:48,46217,0.02557,0.157919,-0.08,-0.32,-15.625,-3.8125,268.6875,-0.016676,0,0,30.8442,0,0,1000,-4.9375,2.056267
08.08.2026,02:03:48,46323,0.028638,0.078714,-0.11,-0.35,-15.625,-2.5,269.0625,-0.008373,0,0,30.84337,0,0,1000,-3.59375,3.534744
08.08.2026,02:03:48,46429,0.035797,0.128779,-0.1,-0.35,-15.9375,-2.5625,269.3125,-0.002038,0,0,30.84316,0,0,1000,-2.59375,4.253494
08.08.2026,02:03:48,46535,0.030684,0.088651,-0.1,-0.28,-16.375,-3.5,269.375,0.004028,0,0,30.84356,0,0,1000,-2.5,5.940994
08.08.2026,02:03:48,46641,0.027615,0.068455,-0.09,-0.2,-16.8125,-4.9375,269.4375,0.00616,0,0,30.84418,0,0,1000,-2.25,5.934097
08.08.2026,02:03:48,46747,0.027615,0.008284,-0.1,-0.09,-17.25,-6.3125,269.5625,0.00537,0,0,30.84472,0,0,1000,-2,7.635857
08.08.2026,02:03:48,46853,0.031706,0.018225,-0.09,-0.11,-17.375,-6.4375,269.6875,0.001858,0,0,30.8449,0,0,1000,-1.5,8.137558
08.08.2026,02:03:48,46959,0.041934,0.068239,-0.09,-0.12,-17.3125,-5.6875,270,-0.000432,0,0,30.84486,0,0,1000,-0.5,8.352341
08.08.2026,02:03:48,47065,0.028638,0.158213,-0.08,-0.19,-17.125,-4.4375,270.3125,0.000798,0,0,30.84494,0,0,1000,1.5625,7.45232
08.08.2026,02:03:48,47171,0.035797,0.147998,-0.08,-0.26,-16.8125,-3.3125,270.6875,0.006753,0,0,30.84562,0,0,1000,3.0625,5.986969
08.08.2026,02:03:48,47277,0.030684,0.127526,-0.08,-0.26,-16.375,-2.8125,271.0625,0.014789,0,0,30.84709,0,0,1000,3.90625,4.948357
08.08.2026,02:03:48,47383,0.028638,0.086842,-0.08,-0.23,-16.0625,-3.4375,271.1875,0.021457,0,0,30.84924,0,0,1000,4.5,4.847813
08.08.2026,02:03:48,47489,0.035797,0.046126,-0.07,-0.22,-15.875,-4.5,271.25,0.022444,0,0,30.85148,0,0,1000,5.15625,3.450623
08.08.2026,02:03:48,47595,0.031706,0.045458,-0.07,-0.21,-15.8125,-5.5,271.3125,0.020913,0,0,30.85357,0,0,1000,5.40625,2.775017
08.08.2026,02:03:48,47701,0.026592,0.024923,-0.09,-0.23,-16,-6.125,271.375,0.012773,0,0,30.85653,0,0,1000,5.5,3.954021
08.08.2026,02:03:48,47807,0.029661,0.064203,-0.12,-0.21,-16.375,-5.75,271.6875,0.00975,0,0,30.8575,0,0,1000,6.5,4.455719
08.08.2026,02:03:48,47913,0.034775,0.083902,-0.08,-0.23,-16.75,-4.75,272,0.009414,0,0,30.85844,0,0,1000,7.75,6.040977
08.08.2026,02:03:48,48019,0.026592,0.123531,-0.12,-0.24,-17,-3.75,272.375,0.011596,0,0,30.8596,0,0,1000,9,6.364803
08.08.2026,02:03:48,48125,0.021478,0.143531,-0.09,-0.24,-17.125,-3.125,272.625,0.0164,0,0,30.86124,0,0,1000,10.5,7.602341
08.08.2026,02:03:48,48231,0.031706,0.133006,-0.07,-0.25,-17.0625,-3.3125,272.8125,0.021036,0,0,30.86335,0,0,1000,11.25,7.752361
08.08.2026,02:03:48,48337,0.029661,0.07157,-0.05,-0.19,-16.8125,-4.4375,272.9375,0.023832,0,0,30.86573,0,0,1000,11.75,6.794373
08.08.2026,02:03:48,48443,0.03682,0.040901,-0.05,-0.17,-16.5625,-5.375,273.0625,0.020901,0,0,30.86782,0,0,1000,12.40625,6.228477
08.08.2026,02:03:48,48549,0.030684,0.030367,-0.06,-0.14,-16.3125,-5.9375,273.125,0.016656,0,0,30.86949,0,0,1000,12.5,5.137558
08.08.2026,02:03:48,48655,0.030684,0.049967,-0.06,-0.17,-16.0625,-5.8125,273.375,0.012509,0,0,30.87074,0,0,1000,13.65625,3.951756
08.08.2026,02:03:48,48761,0.029661,0.059628,-0.07,-0.19,-16,-4.875,273.75,0.010563,0,0,30.87179,0,0,1000,14.5,3.920506
08.08.2026,02:03:48,48867,0.032729,0.119293,-0.1,-0.26,-16.0625,-4,274.0625,0.010462,0,0,30.87284,0,0,1000,16.5625,3.644356
08.08.2026,02:03:48,48973,0.02557,0.138845,-0.12,-0.29,-16.1875,-3.5,274.3125,0.013977,0,0,30.87424,0,0,1000,17.40625,4.390953
08.08.2026,02:03:48,49079,0.031706,0.078228,-0.12,-0.27,-16.375,-3.5625,274.5,0.019233,0,0,30.87616,0,0,1000,18.15625,5.232437
08.08.2026,02:03:48,49185,0.030684,0.097568,-0.1,-0.25,-16.5625,-4.0625,274.625,0.020574,0,0,30.87822,0,0,1000,18.5,5.610836
08.08.2026,02:03:48,49291,0.033752,0.036849,-0.1,-0.19,-16.75,-5.25,274.6875,0.022413,0,0,30.88046,0,0,1000,18.75,5.925037
08.08.2026,02:03:48,49397,0.024547,0.036228,-0.08,-0.14,-16.8125,-5.75,274.8125,0.019359,0,0,30.88239,0,0,1000,19,6.173904
08.08.2026,02:03:48,49503,0.029661,0.045774,-0.07,-0.17,-16.8125,-5.6875,275,0.009505,0,0,30.88476,0,0,1000,19.75,6.05117
08.08.2026,02:03:48,49609,0.027615,0.075469,-0.04,-0.19,-16.6875,-5.0625,275.1875,0.007763,0,0,30.88553,0,0,1000,20.90625,5.734703
08.08.2026,02:03:48,49715,0.030684,0.08522,-0.07,-0.22,-16.5625,-4.3125,275.4375,0.00838,0,0,30.88637,0,0,1000,21.90625,5.206287
08.08.2026,02:03:48,49821,0.037843,0.11456,-0.05,-0.25,-16.375,-3.625,275.75,0.012184,0,0,30.88759,0,0,1000,22.90625,4.831287
08.08.2026,02:03:48,49927,0.026592,0.094098,-0.08,-0.23,-16.25,-3.625,275.9375,0.014387,0,0,30.88903,0,0,1000,23.90625,4.238106
08.08.2026,02:03:48,50033,0.031706,0.093627,-0.09,-0.24,-16.1875,-4.0625,275.9375,0.014659,0,0,30.8905,0,0,1000,23.75,5.372826
08.08.2026,02:03:48,50139,0.030684,0.033202,-0.1,-0.2,-16.1875,-4.8125,276,0.013245,0,0,30.89182,0,0,1000,24,4.575058
08.08.2026,02:03:48,50245,0.035797,0.032914,-0.11,-0.18,-16.3125,-5.4375,276.125,0.008974,0,0,30.89272,0,0,1000,24.5,4.85461
08.08.2026,02:03:48,50351,0.032729,0.062713,-0.11,-0.19,-16.4375,-5.5,276.3125,0.006244,0,0,30.89334,0,0,1000,25,4.73867
08.08.2026,02:03:48,50457,0.028638,0.072554,-0.11,-0.19,-16.5625,-5.125,276.5,0.00496,0,0,30.89384,0,0,1000,25.75,5.481873
08.08.2026,02:03:48,50563,0.031706,0.092389,-0.1,-0.22,-16.625,-4.5,276.6875,0.005119,0,0,30.89435,0,0,1000,26.90625,6.010292
08.08.2026,02:03:48,50669,0.028638,0.112193,-0.06,-0.24,-16.625,-4,276.875,0.006101,0,0,30.89496,0,0,1000,27.5,5.826191
08.08.2026,02:03:48,50775,0.032729,0.101906,-0.06,-0.25,-16.625,-3.9375,277.0625,0.008927,0,0,30.89585,0,0,1000,28,6.470547
08.08.2026,02:03:48,50881,0.026592,0.091511,-0.06,-0.24,-16.625,-4.3125,277.125,0.0123,0,0,30.89708,0,0,1000,28.65625,5.304569
08.08.2026,02:03:48,50987,0.032729,0.051032,-0.06,-0.22,-16.5625,-4.8125,277.1875,0.014911,0,0,30.89857,0,0,1000,28.90625,5.209118
08.08.2026,02:03:48,51093,0.026592,0.050625,-0.08,-0.19,-16.4375,-5.3125,277.1875,0.012659,0,0,30.89984,0,0,1000,28.75,4.954021
08.08.2026,02:03:48,51199,0.030684,0.040323,-0.1,-0.18,-16.375,-5.4375,277.3125,0.009403,0,0,30.90078,0,0,1000,29.40625,5.318825
08.08.2026,02:03:48,51305,0.032729,0.059987,-0.08,-0.21,-16.375,-5,277.5,0.00446,0,0,30.90182,0,0,1000,29.75,4.493202
08.08.2026,02:03:48,51411,0.030684,0.099987,-0.09,-0.22,-16.375,-4.5,277.6875,0.003974,0,0,30.90222,0,0,1000,30.90625,4.554569
08.08.2026,02:03:48,51517,0.038866,0.089859,-0.1,-0.25,-16.375,-4.0625,277.875,0.005535,0,0,30.90277,0,0,1000,31.65625,5.781914
08.08.2026,02:03:48,51623,0.031706,0.099681,-0.08,-0.23,-16.375,-3.9375,278,0.006519,0,0,30.90343,0,0,1000,32.15625,5.076187
08.08.2026,02:03:48,51729,0.033752,0.069236,-0.07,-0.21,-16.375,-4.25,278.0625,0.007339,0,0,30.90416,0,0,1000,32.25,5.689857
08.08.2026,02:03:48,51835,0.034775,0.059018,-0.06,-0.22,-16.375,-4.625,278.125,0.006792,0,0,30.90484,0,0,1000,32.5,4.585251
08.08.2026,02:03:48,51941,0.033752,0.068852,-0.05,-0.2,-16.375,-5,278.125,0.005145,0,0,30.90535,0,0,1000,32.5,5.137558
08.08.2026,02:03:48,52047,0.033752,0.038734,-0.03,-0.22,-16.375,-5.25,278.1875,0.003678,0,0,30.90572,0,0,1000,32.75,5.229607
08.08.2026,02:03:48,52153,0.028638,0.028716,-0.04,-0.17,-16.4375,-5.125,278.375,0.000548,0,0,30.90578,0,0,1000,33.65625,5.417107
08.08.2026,02:03:48,52259,0.027615,0.118789,-0.04,-0.21,-16.4375,-4.5625,278.5625,-0.002274,0,0,30.90555,0,0,1000,34.15625,4.895485
08.08.2026,02:03:48,52365,0.028638,0.158789,-0.08,-0.24,-16.4375,-4.1875,278.6875,0.000078,0,0,30.90556,0,0,1000,34.90625,5.601212
08.08.2026,02:03:48,52471,0.029661,0.118608,-0.08,-0.25,-16.4375,-4.125,278.8125,0.00561,0,0,30.90612,0,0,1000,35.40625,5.447788
08.08.2026,02:03:48,52577,0.02557,0.058285,-0.08,-0.25,-16.4375,-4.3125,278.875,0.010055,0,0,30.90712,0,0,1000,35.65625,5.417107
08.08.2026,02:03:48,52683,0.02557,0.028001,-0.09,-0.21,-16.4375,-4.6875,278.875,0.008822,0,0,30.90801,0,0,1000,35.5,5.079586
08.08.2026,02:03:48,52789,0.027615,0.067846,-0.06,-0.2,-16.375,-5,279,0.004821,0,0,30.90849,0,0,1000,35.75,4.981308
08.08.2026,02:03:48,52895,0.026592,0.067743,-0.08,-0.21,-16.375,-5,279.0625,0.003219,0,0,30.90881,0,0,1000,36.25,5.413712
08.08.2026,02:03:48,53001,0.034775,0.047676,-0.07,-0.17,-16.375,-4.875,279.25,0.000786,0,0,30.9091,0,0,1000,37.15625,5.567123
08.08.2026,02:03:48,53107,0.023524,0.077651,-0.05,-0.19,-16.375,-4.5625,279.375,-0.00077,0,0,30.90902,0,0,1000,37.65625,4.431831
08.08.2026,02:03:48,53213,0.024547,0.067676,-0.07,-0.21,-16.375,-4.3125,279.5,-0.001338,0,0,30.90889,0,0,1000,38.15625,4.401154
08.08.2026,02:03:48,53319,0.030684,0.087727,-0.05,-0.22,-16.375,-4.125,279.625,-0.000257,0,0,30.90886,0,0,1000,38.65625,4.922771
08.08.2026,02:03:48,53425,0.038866,0.087708,-0.06,-0.22,-16.375,-4.3125,279.625,0.0006,0,0,30.90892,0,0,1000,38.5,5.106873
08.08.2026,02:03:48,53531,0.032729,0.057665,-0.08,-0.24,-16.375,-4.625,279.6875,0.001344,0,0,30.90905,0,0,1000,38.75,5.198921
08.08.2026,02:03:48,53637,0.030684,0.057648,-0.08,-0.22,-16.4375,-5,279.6875,0.000503,0,0,30.9091,0,0,1000,38.75,4.898319
08.08.2026,02:03:48,53743,0.030684,0.057698,-0.08,-0.22,-16.4375,-5.125,279.8125,-0.00154,0,0,30.90895,0,0,1000,39.40625,5.601208
08.08.2026,02:03:48,53849,0.030684,0.057776,-0.07,-0.22,-16.4375,-5,279.9375,-0.002442,0,0,30.9087,0,0,1000,39.75,5.233006
08.08.2026,02:03:48,53955,0.023524,0.11784,-0.07,-0.21,-16.4375,-4.6875,280.125,-0.001993,0,0,30.9085,0,0,1000,40.65625,5.325058
08.08.2026,02:03:48,54061,0.028638,0.117808,-0.08,-0.21,-16.4375,-4.5,280.1875,0.001023,0,0,30.90861,0,0,1000,40.75,5.386421
08.08.2026,02:03:48,54167,0.029661,0.117668,-0.08,-0.24,-16.4375,-4.375,280.3125,0.004345,0,0,30.90904,0,0,1000,41.25,5.079586
08.08.2026,02:03:48,54273,0.028638,0.117416,-0.07,-0.22,-16.4375,-4.5625,280.375,0.007827,0,0,30.90982,0,0,1000,41.5,5.048904
08.08.2026,02:03:48,54379,0.031706,0.087068,-0.08,-0.2,-16.4375,-4.8125,280.375,0.010818,0,0,30.91091,0,0,1000,41.5,5.048904
08.08.2026,02:03:48,54485,0.029661,0.1167,-0.1,-0.2,-16.4375,-5,280.4375,0.011448,0,0,30.91205,0,0,1000,41.75,5.079586
08.08.2026,02:03:48,54591,0.031706,0.096308,-0.09,-0.2,-16.4375,-5.0625,280.4375,0.012195,0,0,30.91327,0,0,1000,41.75,4.895485
08.08.2026,02:03:48,54697,0.029661,0.085897,-0.1,-0.2,-16.375,-5,280.5625,0.012777,0,0,30.91455,0,0,1000,42.40625,5.380196
08.08.2026,02:03:48,54803,0.024547,0.095503,-0.07,-0.21,-16.375,-4.75,280.6875,0.011382,0,0,30.91691,0,0,1000,42.90625,4.73867
08.08.2026,02:03:48,54909,0.023524,0.095137,-0.07,-0.22,-16.375,-4.5,280.8125,0.011438,0,0,30.91806,0,0,1000,43.40625,5.229607
08.08.2026,02:03:48,55015,0.033752,0.104769,-0.08,-0.24,-16.4375,-4.4375,280.875,0.011946,0,0,30.91925,0,0,1000,43.5,5.478477
08.08.2026,02:03:48,55121,0.02557,0.084385,-0.07,-0.23,-16.375,-4.4375,280.9375,0.012058,0,0,30.92046,0,0,1000,43.75,4.40115
08.08.2026,02:03:48,55227,0.027615,0.083997,-0.04,-0.23,-16.375,-4.625,281,0.011129,0,0,30.92157,0,0,1000,44,4.861404
08.08.2026,02:03:48,55333,0.030684,0.073304,-0.07,-0.2,-16.375,-4.9375,281,0.010431,0,0,30.92261,0,0,1000,44,5.229607
08.08.2026,02:03:48,55439,0.029661,0.073041,-0.08,-0.2,-16.375,-5.0625,281.0625,0.008194,0,0,30.92343,0,0,1000,44,4.953453
08.08.2026,02:03:48,55545,0.026592,0.072833,-0.05,-0.21,-16.4375,-5.0625,281.125,0.006458,0,0,30.92408,0,0,1000,44.65625,5.290977
08.08.2026,02:03:48,55651,0.032729,0.102653,-0.05,-0.21,-16.4375,-4.875,281.1875,0.005605,0,0,30.92464,0,0,1000,44.90625,5.20232
08.08.2026,02:03:48,55757,0.031706,0.132467,-0.06,-0.23,-16.4375,-4.625,281.3125,0.005788,0,0,30.92522,0,0,1000,45,4.987534
08.08.2026,02:03:48,55863,0.026592,0.142178,-0.07,-0.24,-16.4375,-4.5625,281.375,0.008966,0,0,30.92611,0,0,1000,45.65625,5.263691
08.08.2026,02:03:48,55969,0.033752,0.111788,-0.09,-0.22,-16.4375,-4.625,281.4375,0.012123,0,0,30.92733,0,0,1000,45.75,5.140953
08.08.2026,02:03:48,56075,0.027615,0.081349,-0.09,-0.21,-16.375,-4.75,281.5,0.013677,0,0,30.92869,0,0,1000,46,4.919941
08.08.2026,02:03:48,56181,0.028638,0.090927,-0.08,-0.18,-16.375,-4.9375,281.5,0.013122,0,0,30.93001,0,0,1000,46,4.40115
08.08.2026,02:03:48,56287,0.024547,0.080539,-0.07,-0.21,-16.375,-5,281.5,0.012041,0,0,30.93121,0,0,1000,46,4.615936
08.08.2026,02:03:48,56393,0.023524,0.09021,-0.07,-0.22,-16.375,-4.9375,281.625,0.010247,0,0,30.93223,0,0,1000,46.25,5.229607
08.08.2026,02:03:48,56499,0.032729,0.089899,-0.05,-0.21,-16.375,-4.8125,281.6875,0.00967,0,0,30.9332,0,0,1000,46.5,5.01482
08.08.2026,02:03:48,56605,0.030684,0.099589,-0.07,-0.22,-16.375,-4.6875,281.75,0.010511,0,0,30.93521,0,0,1000,47,4.922771
08.08.2026,02:03:48,56711,0.027615,0.089251,-0.08,-0.21,-16.375,-4.5625,281.8125,0.010692,0,0,30.93629,0,0,1000,47.25,5.137558
08.08.2026,02:03:48,56817,0.030684,0.09858,-0.08,-0.21,-16.375,-4.5625,281.875,0.01018,0,0,30.9373,0,0,1000,47.5,5.290977
08.08.2026,02:03:48,56923,0.027615,0.068272,-0.09,-0.25,-16.375,-4.625,281.9375,0.00959,0,0,30.93826,0,0,1000,47.75,4.769356
08.08.2026,02:03:48,57029,0.028638,0.058035,-0.07,-0.24,-16.375,-4.75,281.9375,0.007365,0,0,30.939,0,0,1000,47.75,5.014824
08.08.2026,02:03:48,57135,0.033752,0.057859,-0.07,-0.23,-16.375,-4.875,281.9375,0.005468,0,0,30.93955,0,0,1000,47.75,4.89209
08.08.2026,02:03:48,57241,0.032729,0.107763,-0.07,-0.19,-16.375,-4.9375,282,0.003,0,0,30.93985,0,0,1000,48,4.769356
08.08.2026,02:03:48,57347,0.032729,0.107643,-0.08,-0.21,-16.375,-4.875,282.125,0.003707,0,0,30.94022,0,0,1000,48.65625,5.290977
08.08.2026,02:03:48,57453,0.028638,0.107499,-0.06,-0.2,-16.375,-4.8125,282.1875,0.004477,0,0,30.94066,0,0,1000,48.90625,4.830719
08.08.2026,02:03:48,57559,0.030684,0.107323,-0.06,-0.21,-16.375,-4.6875,282.25,0.005472,0,0,30.94121,0,0,1000,49,4.523888
08.08.2026,02:03:48,57665,0.032729,0.107101,-0.05,-0.21,-16.375,-4.6875,282.3125,0.006919,0,0,30.9419,0,0,1000,49.25,4.309097
08.08.2026,02:03:48,57771,0.027615,0.116831,-0.07,-0.23,-16.375,-4.8125,282.375,0.008403,0,0,30.94275,0,0,1000,49.5,4.339787
08.08.2026,02:03:48,57877,0.028638,0.07654,-0.06,-0.22,-16.375,-4.9375,282.4375,0.009039,0,0,30.94365,0,0,1000,49.75,5.50576
08.08.2026,02:03:48,57983,0.030684,0.066253,-0.07,-0.19,-16.375,-4.9375,282.4375,0.008934,0,0,30.94454,0,0,1000,49.75,5.536442
08.08.2026,02:03:48,58089,0.026592,0.086023,-0.08,-0.21,-16.375,-4.875,282.5,0.007136,0,0,30.94526,0,0,1000,50,4.861404
08.08.2026,02:03:48,58195,0.021478,0.085832,-0.08,-0.22,-16.375,-4.8125,282.5625,0.005964,0,0,30.94585,0,0,1000,50,5.01482
08.08.2026,02:03:48,58301,0.027615,0.08566,-0.08,-0.2,-16.375,-4.6875,282.6875,0.005742,0,0,30.94696,0,0,1000,50,5.229607
08.08.2026,02:03:48,58407,0.021478,0.075475,-0.09,-0.21,-16.375,-4.6875,282.75,0.005441,0,0,30.9475,0,0,1000,50,4.032951
08.08.2026,02:03:48,58513,0.029661,0.0753,-0.06,-0.23,-16.375,-4.625,282.8125,0.005147,0,0,30.94802,0,0,1000,50,4.892086
08.08.2026,02:03:48,58619,0.034775,0.065134,-0.04,-0.23,-16.375,-4.6875,282.875,0.002771,0,0,30.9483,0,0,1000,50,4.830719
08.08.2026,02:03:48,58725,0.027615,0.085045,-0.04,-0.24,-16.375,-4.75,282.9375,0.001292,0,0,30.94843,0,0,1000,50,4.523888
08.08.2026,02:03:48,58831,0.031706,0.074976,-0.06,-0.2,-16.375,-4.8125,283,0.000866,0,0,30.94851,0,0,1000,50,4.646622
08.08.2026,02:03:48,58937,0.027615,0.074991,-0.05,-0.21,-16.375,-4.875,283.0625,-0.000468,0,0,30.94846,0,0,1000,50,3.971584
08.08.2026,02:03:48,59043,0.02557,0.08506,-0.05,-0.2,-16.375,-4.8125,283.125,-0.002153,0,0,30.94825,0,0,1000,50,4.861404
08.08.2026,02:03:48,59149,0.030684,0.085132,-0.06,-0.2,-16.375,-4.75,283.1875,-0.002217,0,0,30.94803,0,0,1000,50,4.892086
08.08.2026,02:03:48,59255,0.032729,0.115207,-0.06,-0.22,-16.375,-4.6875,283.3125,-0.002347,0,0,30.94779,0,0,1000,50,4.585251
08.08.2026,02:03:48,59361,0.029661,0.095216,-0.08,-0.24,-16.375,-4.75,283.375,-0.000268,0,0,30.94777,0,0,1000,50,4.370468
08.08.2026,02:03:48,59467,0.02557,0.09518,-0.09,-0.2,-16.375,-4.875,283.4375,0.001111,0,0,30.94788,0,0,1000,50,4.922775
08.08.2026,02:03:48,59573,0.032729,0.105128,-0.1,-0.21,-16.375,-5,283.4375,0.001611,0,0,30.94804,0,0,1000,50,5.22961
08.08.2026,02:03:48,59679,0.031706,0.115037,-0.08,-0.19,-16.375,-5.0625,283.5,0.002821,0,0,30.94832,0,0,1000,50,4.922771
08.08.2026,02:03:48,59785,0.033752,0.114902,-0.07,-0.22,-16.4375,-5.0625,283.625,0.00421,0,0,30.94874,0,0,1000,50,4.155682
08.08.2026,02:03:48,59891,0.032729,0.114712,-0.07,-0.22,-16.4375,-5,283.75,0.005921,0,0,30.94933,0,0,1000,50,5.140953
08.08.2026,02:03:48,59997,0.027615,0.124443,-0.08,-0.23,-16.375,-4.875,283.8125,0.008338,0,0,30.95016,0,0,1000,50,4.830719
08.08.2026,02:03:48,60103,0.031706,0.124101,-0.08,-0.2,-16.375,-4.8125,283.875,0.012627,0,0,30.95249,0,0,1000,50,5.137558
08.08.2026,02:03:48,60209,0.028638,0.103695,-0.07,-0.23,-16.375,-4.8125,283.9375,0.012877,0,0,30.95378,0,0,1000,50,5.290977
08.08.2026,02:03:48,60315,0.023524,0.092898,-0.08,-0.21,-16.375,-4.875,284.0625,0.011889,0,0,30.95497,0,0,1000,50,4.339787
08.08.2026,02:03:48,60421,0.027615,0.082563,-0.06,-0.22,-16.375,-4.875,284.125,0.010435,0,0,30.95601,0,0,1000,50,4.493202
08.08.2026,02:03:48,60527,0.030684,0.092284,-0.08,-0.23,-16.375,-4.8125,284.1875,0.008672,0,0,30.95688,0,0,1000,50,5.229607
08.08.2026,02:03:48,60633,0.031706,0.072045,-0.08,-0.22,-16.375,-4.75,284.25,0.007436,0,0,30.95762,0,0,1000,50,4.707985
08.08.2026,02:03:48,60739,0.024547,0.081839,-0.05,-0.21,-16.375,-4.6875,284.375,0.006404,0,0,30.95827,0,0,1000,50,4.431835
08.08.2026,02:03:48,60845,0.030684,0.061677,-0.06,-0.21,-16.375,-4.6875,284.4375,0.005032,0,0,30.95877,0,0,1000,50,4.984138
08.08.2026,02:03:48,60951,0.028638,0.071591,-0.05,-0.23,-16.375,-4.6875,284.5625,0.002675,0,0,30.95904,0,0,1000,50,5.22961
08.08.2026,02:03:48,61057,0.032729,0.061572,-0.08,-0.21,-16.375,-4.625,284.625,0.000605,0,0,30.9591,0,0,1000,50,4.615936
08.08.2026,02:03:48,61163,0.027615,0.06163,-0.08,-0.21,-16.375,-4.625,284.625,-0.001814,0,0,30.95892,0,0,1000,50,5.106873
08.08.2026,02:03:48,61269,0.032729,0.071736,-0.06,-0.21,-16.375,-4.6875,284.6875,-0.003302,0,0,30.95859,0,0,1000,50,4.585255
08.08.2026,02:03:48,61375,0.028638,0.031858,-0.08,-0.2,-16.375,-4.75,284.8125,-0.003796,0,0,30.95821,0,0,1000,50,4.73867
08.08.2026,02:03:48,61481,0.03682,0.072061,-0.07,-0.21,-16.375,-4.75,284.875,-0.006298,0,0,30.95758,0,0,1000,50,5.16824
08.08.2026,02:03:48,61587,0.023524,0.082313,-0.09,-0.21,-16.375,-4.75,284.9375,-0.007838,0,0,30.95679,0,0,1000,50,4.401154
08.08.2026,02:03:48,61693,0.030684,0.072567,-0.08,-0.23,-16.375,-4.75,285.0625,-0.007917,0,0,30.956,0,0,1000,50,5.383022
08.08.2026,02:03:48,61799,0.028638,0.092859,-0.07,-0.23,-16.375,-4.6875,285.125,-0.009074,0,0,30.95509,0,0,1000,50,4.953453
08.08.2026,02:03:48,61905,0.023524,0.1031,-0.07,-0.21,-16.4375,-4.75,285.25,-0.005135,0,0,30.95383,0,0,1000,50,4.619331
08.08.2026,02:03:48,62011,0.026592,0.103265,-0.07,-0.22,-16.4375,-4.8125,285.3125,-0.003998,0,0,30.95343,0,0,1000,50,4.742069
08.08.2026,02:03:48,62117,0.031706,0.093394,-0.09,-0.2,-16.4375,-4.9375,285.375,-0.002635,0,0,30.95317,0,0,1000,50,4.496605
08.08.2026,02:03:48,62223,0.022501,0.093479,-0.08,-0.21,-16.4375,-4.9375,285.4375,-0.001343,0,0,30.95303,0,0,1000,50,4.557968
08.08.2026,02:03:48,62329,0.031706,0.113473,-0.06,-0.21,-16.4375,-4.9375,285.5625,0.001534,0,0,30.95319,0,0,1000,50,5.233006
08.08.2026,02:03:48,62435,0.029661,0.113379,-0.06,-0.21,-16.4375,-4.875,285.625,0.002902,0,0,30.95348,0,0,1000,50,5.140953
08.08.2026,02:03:48,62541,0.02557,0.083214,-0.08,-0.21,-16.4375,-4.875,285.6875,0.005125,0,0,30.95399,0,0,1000,50,4.92617
08.08.2026,02:03:48,62647,0.030684,0.09303,-0.07,-0.2,-16.4375,-4.875,285.8125,0.005729,0,0,30.95456,0,0,1000,50,5.41711
08.08.2026,02:03:48,62753,0.038866,0.092836,-0.08,-0.22,-16.4375,-4.8125,285.9375,0.006047,0,0,30.95517,0,0,1000,50,5.048904
08.08.2026,02:03:48,62859,0.019433,0.1026,-0.09,-0.22,-16.4375,-4.8125,285.9375,0.007337,0,0,30.9559,0,0,1000,50,4.465916
08.08.2026,02:03:48,62965,0.02557,0.092354,-0.1,-0.21,-16.4375,-4.75,286,0.007636,0,0,30.95666,0,0,1000,50,5.723942
08.08.2026,02:03:48,63071,0.030684,0.062135,-0.1,-0.24,-16.4375,-4.75,286,0.006809,0,0,30.95734,0,0,1000,50,4.92617
08.08.2026,02:03:48,63177,0.01841,0.042002,-0.09,-0.18,-16.5,-4.6875,286.0625,0.004131,0,0,30.95776,0,0,1000,50,4.315899
08.08.2026,02:03:48,63283,0.02557,0.041985,-0.11,-0.21,-16.5625,-4.625,286.125,0.000553,0,0,30.95781,0,0,1000,50,5.239803
08.08.2026,02:03:48,63389,0.028638,0.062062,-0.08,-0.2,-16.5625,-4.5625,286.1875,-0.002396,0,0,30.95757,0,0,1000,50,6.190994
08.08.2026,02:03:48,63495,0.031706,0.042238,-0.06,-0.25,-16.5625,-4.5625,286.1875,-0.005478,0,0,30.95703,0,0,1000,50,5.086388
08.08.2026,02:03:48,63601,0.030684,0.042483,-0.08,-0.2,-16.5625,-4.5,286.25,-0.010041,0,0,30.95526,0,0,1000,50,5.270489
08.08.2026,02:03:48,63707,0.027615,0.022806,-0.09,-0.19,-16.5625,-4.5,286.25,-0.01332,0,0,30.95393,0,0,1000,50,5.239803
08.08.2026,02:03:48,63813,0.024547,0.02376,-0.1,-0.18,-16.5625,-4.5,286.25,-0.016366,0,0,30.95229,0,0,1000,50,4.503399
08.08.2026,02:03:48,63919,0.024547,0.034369,-0.1,-0.2,-16.5625,-4.5,286.25,-0.018929,0,0,30.9504,0,0,1000,50,6.405777
08.08.2026,02:03:48,64025,0.038866,0.025054,-0.12,-0.19,-16.5625,-4.5,286.25,-0.02132,0,0,30.94827,0,0,1000,50,6.098942
08.08.2026,02:03:48,64131,0.027615,0.005806,-0.12,-0.2,-16.5625,-4.5,286.3125,-0.023371,0,0,30.94593,0,0,1000,50,4.656818
08.08.2026,02:03:48,64237,0.029661,0.026647,-0.14,-0.24,-16.5625,-4.5,286.375,-0.026162,0,0,30.94332,0,0,1000,50,5.669373
08.08.2026,02:03:48,64343,0.029661,0.017548,-0.1,-0.21,-16.625,-4.4375,286.375,-0.028013,0,0,30.94051,0,0,1000,50,5.761425
08.08.2026,02:03:48,64449,0.035797,0.058493,-0.13,-0.23,-16.6875,-4.4375,286.375,-0.029382,0,0,30.93758,0,0,1000,50,6.660873
08.08.2026,02:03:48,64555,0.024547,0.049404,-0.14,-0.21,-16.75,-4.4375,286.375,-0.028319,0,0,30.93474,0,0,1000,50,5.403416
08.08.2026,02:03:48,64661,0.033752,0.040277,-0.1,-0.21,-16.75,-4.4375,286.375,-0.027147,0,0,30.93203,0,0,1000,50,6.078453
08.08.2026,02:03:48,64767,0.029661,0.041138,-0.1,-0.2,-16.75,-4.5,286.375,-0.02678,0,0,30.92935,0,0,1000,50,6.323921
08.08.2026,02:03:48,64873,0.030684,0.032006,-0.11,-0.21,-16.75,-4.5,286.375,-0.027007,0,0,30.92665,0,0,1000,50,6.078453
08.08.2026,02:03:48,64979,0.023524,0.012867,-0.12,-0.2,-16.6875,-4.5,286.375,-0.026784,0,0,30.92397,0,0,1000,50,5.338654
08.08.2026,02:03:48,65085,0.023524,0.033788,-0.12,-0.21,-16.625,-4.4375,286.375,-0.028619,0,0,30.92111,0,0,1000,50,6.194393
08.08.2026,02:03:48,65191,0.02557,0.054712,-0.12,-0.21,-16.625,-4.4375,286.375,-0.028752,0,0,30.91824,0,0,1000,50,5.76482
08.08.2026,02:03:48,65297,0.028638,0.055616,-0.14,-0.18,-16.625,-4.4375,286.375,-0.028096,0,0,30.91543,0,0,1000,50,5.734138
08.08.2026,02:03:48,65403,0.033752,0.056468,-0.14,-0.2,-16.625,-4.4375,286.375,-0.02495,0,0,30.91028,0,0,1000,50,6.286442
08.08.2026,02:03:48,65509,0.027615,0.04727,-0.14,-0.21,-16.625,-4.4375,286.375,-0.022853,0,0,30.908,0,0,1000,50,5.059101
08.08.2026,02:03:48,65615,0.02557,0.048005,-0.12,-0.22,-16.625,-4.4375,286.375,-0.022114,0,0,30.90579,0,0,1000,50,5.335251
08.08.2026,02:03:48,65721,0.029661,0.018716,-0.12,-0.22,-16.6875,-4.4375,286.375,-0.021782,0,0,30.90361,0,0,1000,50,6.136425
08.08.2026,02:03:48,65827,0.022501,0.030149,-0.11,-0.21,-16.6875,-4.4375,286.375,-0.022765,0,0,30.90133,0,0,1000,50,5.798901
08.08.2026,02:03:48,65933,0.028638,0.030879,-0.14,-0.22,-16.6875,-4.4375,286.375,-0.022704,0,0,30.89906,0,0,1000,50,6.688725
08.08.2026,02:03:48,66039,0.019433,0.051611,-0.11,-0.22,-16.6875,-4.375,286.375,-0.022785,0,0,30.89678,0,0,1000,50,5.461388
08.08.2026,02:03:48,66145,0.024547,0.042326,-0.11,-0.21,-16.625,-4.375,286.375,-0.022205,0,0,30.89456,0,0,1000,50,5.854038
08.08.2026,02:03:48,66251,0.022501,0.033045,-0.09,-0.2,-16.5625,-4.375,286.375,-0.022359,0,0,30.89233,0,0,1000,50,5.669373
08.08.2026,02:03:48,66357,0.027615,0.033753,-0.1,-0.19,-16.5625,-4.375,286.375,-0.022019,0,0,30.89013,0,0,1000,50,6.006889
08.08.2026,02:03:48,66463,0.02557,0.014453,-0.11,-0.23,-16.5,-4.375,286.375,-0.021774,0,0,30.88795,0,0,1000,50,5.420506
08.08.2026,02:03:48,66569,0.034775,0.03519,-0.09,-0.21,-16.5,-4.375,286.375,-0.02292,0,0,30.88566,0,0,1000,50,6.15691
08.08.2026,02:03:48,66675,0.02557,0.025944,-0.11,-0.19,-16.5,-4.375,286.375,-0.023442,0,0,30.88331,0,0,1000,50,5.573921
08.08.2026,02:03:48,66781,0.034775,0.03673,-0.1,-0.22,-16.5625,-4.3125,286.375,-0.024463,0,0,30.88087,0,0,1000,50,5.54324
08.08.2026,02:03:48,66887,0.022501,0.047496,-0.11,-0.21,-16.5625,-4.3125,286.375,-0.023822,0,0,30.87848,0,0,1000,50,5.884155
08.08.2026,02:03:48,66993,0.027615,0.028237,-0.09,-0.22,-16.5625,-4.3125,286.375,-0.023042,0,0,30.87618,0,0,1000,50,5.546638
08.08.2026,02:03:48,67099,0.026592,0.018932,-0.1,-0.21,-16.5625,-4.3125,286.375,-0.021616,0,0,30.87402,0,0,1000,50,5.423904
08.08.2026,02:03:48,67205,0.02557,0.049606,-0.09,-0.22,-16.5625,-4.3125,286.375,-0.020425,0,0,30.86988,0,0,1000,50,5.30117
08.08.2026,02:03:48,67311,0.02557,0.040879,-0.08,-0.22,-16.5625,-4.3125,286.375,-0.019156,0,0,30.86797,0,0,1000,50,5.393219
08.08.2026,02:03:48,67417,0.03682,0.041478,-0.08,-0.22,-16.5625,-4.3125,286.375,-0.018639,0,0,30.8661,0,0,1000,50,6.467148
08.08.2026,02:03:48,67523,0.030684,0.042054,-0.08,-0.22,-16.5,-4.3125,286.375,-0.01791,0,0,30.86431,0,0,1000,50,5.082989
08.08.2026,02:03:48,67629,0.01841,0.032632,-0.09,-0.22,-16.4375,-4.3125,286.375,-0.017958,0,0,30.86251,0,0,1000,50,4.128399
08.08.2026,02:03:48,67735,0.032729,0.023224,-0.09,-0.21,-16.375,-4.3125,286.375,-0.018423,0,0,30.86067,0,0,1000,50,5.048904
08.08.2026,02:03:48,67841,0.026592,0.003835,-0.08,-0.22,-16.375,-4.25,286.375,-0.018986,0,0,30.85877,0,0,1000,50,5.014824
08.08.2026,02:03:48,67947,0.02557,0.034458,-0.11,-0.23,-16.375,-4.25,286.375,-0.01937,0,0,30.85684,0,0,1000,50,5.198921
08.08.2026,02:03:48,68053,0.032729,0.045071,-0.09,-0.24,-16.375,-4.1875,286.375,-0.01909,0,0,30.85493,0,0,1000,50,5.260288
08.08.2026,02:03:48,68159,0.021478,0.025635,-0.09,-0.24,-16.4375,-4.1875,286.375,-0.017519,0,0,30.85318,0,0,1000,50,4.650017
08.08.2026,02:03:48,68265,0.02557,0.006173,-0.07,-0.23,-16.4375,-4.25,286.375,-0.016741,0,0,30.8515,0,0,1000,50,5.35574
08.08.2026,02:03:48,68371,0.030684,-0.003263,-0.06,-0.2,-16.4375,-4.25,286.375,-0.017538,0,0,30.84975,0,0,1000,50,5.110271
08.08.2026,02:03:48,68477,0.029661,0.017354,-0.07,-0.23,-16.4375,-4.25,286.375,-0.019181,0,0,30.84783,0,0,1000,50,4.404549
08.08.2026,02:03:48,68583,0.027615,0.028002,-0.06,-0.21,-16.4375,-4.25,286.375,-0.020158,0,0,30.84581,0,0,1000,50,4.834118
08.08.2026,02:03:48,68689,0.027615,0.028626,-0.05,-0.24,-16.375,-4.25,286.375,-0.019416,0,0,30.84387,0,0,1000,50,4.585251
08.08.2026,02:03:48,68795,0.021478,0.029235,-0.06,-0.22,-16.3125,-4.25,286.375,-0.018921,0,0,30.84198,0,0,1000,50,4.765953
08.08.2026,02:03:48,68901,0.023524,0.039798,-0.06,-0.21,-16.25,-4.25,286.375,-0.016706,0,0,30.83856,0,0,1000,50,5.406914
08.08.2026,02:03:48,69007,0.029661,0.020335,-0.07,-0.22,-16.25,-4.25,286.375,-0.015824,0,0,30.83697,0,0,1000,50,4.517086
08.08.2026,02:03:48,69113,0.026592,0.020844,-0.07,-0.24,-16.25,-4.25,286.375,-0.015226,0,0,30.83545,0,0,1000,50,4.670506
08.08.2026,02:03:48,69219,0.019433,0.01184,-0.07,-0.22,-16.25,-4.25,286.375,-0.015752,0,0,30.83388,0,0,1000,50,4.148888
08.08.2026,02:03:48,69325,0.027615,0.012381,-0.07,-0.21,-16.3125,-4.1875,286.375,-0.016816,0,0,30.83219,0,0,1000,50,4.919373
08.08.2026,02:03:48,69431,0.028638,0.022946,-0.07,-0.22,-16.375,-4.125,286.375,-0.017563,0,0,30.83044,0,0,1000,50,5.045506
08.08.2026,02:03:48,69537,0.030684,0.023537,-0.06,-0.23,-16.375,-4.0625,286.3125,-0.018377,0,0,30.8286,0,0,1000,50,5.137554
08.08.2026,02:03:48,69643,0.02557,0.014133,-0.06,-0.2,-16.375,-4.0625,286.3125,-0.018548,0,0,30.82675,0,0,1000,50,4.309097
08.08.2026,02:03:48,69749,0.021478,0.014739,-0.06,-0.23,-16.375,-4.0625,286.3125,-0.018854,0,0,30.82486,0,0,1000,50,5.076191
08.08.2026,02:03:48,69855,0.02557,-0.00466,-0.04,-0.22,-16.375,-4.0625,286.3125,-0.018667,0,0,30.82299,0,0,1000,50,5.321655
08.08.2026,02:03:48,69961,0.031706,-0.014004,-0.06,-0.2,-16.375,-4.0625,286.3125,-0.020404,0,0,30.82095,0,0,1000,50,4.800037
08.08.2026,02:03:48,70067,0.027615,-0.023286,-0.06,-0.21,-16.375,-4.0625,286.3125,-0.022328,0,0,30.81872,0,0,1000,50,4.370468
08.08.2026,02:03:48,70173,0.031706,-0.032482,-0.1,-0.23,-16.375,-4.0625,286.3125,-0.025013,0,0,30.81622,0,0,1000,50,5.260288
08.08.2026,02:03:48,70279,0.023524,-0.01159,-0.11,-0.22,-16.375,-3.9375,286.3125,-0.027738,0,0,30.81344,0,0,1000,50,4.922771
08.08.2026,02:03:48,70385,0.026592,-0.03063,-0.1,-0.24,-16.375,-3.8125,286.3125,-0.029863,0,0,30.81046,0,0,1000,50,5.567127
08.08.2026,02:03:48,70491,0.026592,-0.029618,-0.08,-0.25,-16.4375,-3.6875,286.3125,-0.031462,0,0,30.80731,0,0,1000,50,5.481308
08.08.2026,02:03:48,70597,0.027615,-0.028592,-0.09,-0.24,-16.4375,-3.6875,286.3125,-0.031895,0,0,30.80412,0,0,1000,50,5.018219
08.08.2026,02:03:48,70703,0.031706,-0.007529,-0.08,-0.24,-16.4375,-3.8125,286.3125,-0.033528,0,0,30.79746,0,0,1000,50,4.496605
08.08.2026,02:03:48,70809,0.020456,-0.035377,-0.06,-0.22,-16.4375,-3.9375,286.3125,-0.033406,0,0,30.79412,0,0,1000,50,4.619335
08.08.2026,02:03:48,70915,0.030684,-0.054248,-0.05,-0.23,-16.4375,-3.9375,286.3125,-0.035117,0,0,30.79061,0,0,1000,50,5.662575
08.08.2026,02:03:48,71021,0.027615,-0.033054,-0.03,-0.2,-16.4375,-3.9375,286.3125,-0.037109,0,0,30.7869,0,0,1000,50,5.140953
08.08.2026,02:03:48,71127,0.024547,-0.031845,-0.04,-0.22,-16.4375,-3.875,286.3125,-0.037592,0,0,30.78314,0,0,1000,50,5.233006
08.08.2026,02:03:48,71233,0.033752,-0.030633,-0.09,-0.22,-16.4375,-3.75,286.3125,-0.037715,0,0,30.77937,0,0,1000,50,5.877357
08.08.2026,02:03:48,71339,0.020456,-0.019409,-0.09,-0.25,-16.375,-3.625,286.3125,-0.038046,0,0,30.77556,0,0,1000,50,5.81599
08.08.2026,02:03:48,71445,0.027615,-0.028182,-0.11,-0.22,-16.375,-3.5625,286.3125,-0.038154,0,0,30.77175,0,0,1000,50,5.383022
08.08.2026,02:03:48,71551,0.02557,-0.036965,-0.09,-0.24,-16.375,-3.5625,286.3125,-0.03786,0,0,30.76796,0,0,1000,50,4.493198
08.08.2026,02:03:48,71657,0.022501,-0.02574,-0.1,-0.27,-16.4375,-3.625,286.3125,-0.038078,0,0,30.76416,0,0,1000,50,4.803436
08.08.2026,02:03:48,71763,0.023524,-0.034503,-0.09,-0.22,-16.5,-3.6875,286.3125,-0.03849,0,0,30.76031,0,0,1000,50,5.175034
08.08.2026,02:03:48,71869,0.024547,-0.063258,-0.1,-0.22,-16.5,-3.6875,286.3125,-0.038721,0,0,30.75644,0,0,1000,50,4.990936
08.08.2026,02:03:48,71975,0.02557,-0.051946,-0.09,-0.21,-16.5,-3.625,286.3125,-0.040798,0,0,30.75236,0,0,1000,50,4.960251
08.08.2026,02:03:48,72081,0.024547,-0.050594,-0.05,-0.21,-16.5,-3.5,286.3125,-0.042032,0,0,30.74815,0,0,1000,50,5.26709
08.08.2026,02:03:48,72187,0.024547,-0.039198,-0.07,-0.22,-16.5,-3.4375,286.3125,-0.043396,0,0,30.74381,0,0,1000,50,5.512558
08.08.2026,02:03:48,72293,0.029661,-0.047826,-0.07,-0.23,-16.5,-3.4375,286.3125,-0.042686,0,0,30.73954,0,0,1000,50,5.144356
08.08.2026,02:03:48,72399,0.021478,-0.066436,-0.1,-0.23,-16.5,-3.4375,286.3125,-0.043223,0,0,30.73522,0,0,1000,50,5.665977
08.08.2026,02:03:48,72505,0.023524,-0.065025,-0.14,-0.24,-16.5,-3.4375,286.3125,-0.045784,0,0,30.72626,0,0,1000,50,5.297771
08.08.2026,02:03:48,72611,0.026592,-0.073552,-0.12,-0.22,-16.5,-3.4375,286.3125,-0.047434,0,0,30.72151,0,0,1000,50,5.543236
08.08.2026,02:03:48,72717,0.02557,-0.072027,-0.11,-0.24,-16.5,-3.4375,286.3125,-0.048432,0,0,30.71667,0,0,1000,50,5.512554
08.08.2026,02:03:48,72823,0.031706,-0.078893,-0.12,-0.23,-16.5625,-3.375,286.25,-0.049031,0,0,30.71177,0,0,1000,50,6.163143
08.08.2026,02:03:48,72929,0.026592,-0.057308,-0.13,-0.25,-16.5625,-3.375,286.25,-0.049279,0,0,30.70684,0,0,1000,50,5.761421
08.08.2026,02:03:48,73035,0.02557,-0.075745,-0.12,-0.2,-16.5625,-3.3125,286.25,-0.048608,0,0,30.70198,0,0,1000,50,5.57732
08.08.2026,02:03:48,73141,0.02557,-0.054165,-0.1,-0.25,-16.5625,-3.3125,286.25,-0.049146,0,0,30.69706,0,0,1000,50,5.055702
08.08.2026,02:03:48,73247,0.026592,-0.042615,-0.08,-0.24,-16.5625,-3.3125,286.25,-0.048206,0,0,30.69224,0,0,1000,50,5.178436
08.08.2026,02:03:48,73353,0.029661,-0.08113,-0.07,-0.24,-16.5625,-3.375,286.25,-0.046158,0,0,30.68763,0,0,1000,50,5.209122
08.08.2026,02:03:48,73459,0.021478,-0.059678,-0.09,-0.21,-16.5625,-3.5,286.3125,-0.045158,0,0,30.68311,0,0,1000,50,5.393219
08.08.2026,02:03:48,73565,0.028638,-0.078257,-0.1,-0.22,-16.5625,-3.5,286.3125,-0.044208,0,0,30.67869,0,0,1000,50,5.608006
08.08.2026,02:03:48,73671,0.020456,-0.066825,-0.08,-0.21,-16.5,-3.5,286.3125,-0.044513,0,0,30.67424,0,0,1000,50,4.466484
08.08.2026,02:03:48,73777,0.02557,-0.075421,-0.11,-0.23,-16.5,-3.375,286.25,-0.043659,0,0,30.66987,0,0,1000,50,5.819393
08.08.2026,02:03:48,73883,0.027615,-0.054058,-0.13,-0.24,-16.5,-3.25,286.25,-0.042407,0,0,30.66563,0,0,1000,50,5.819393
08.08.2026,02:03:48,73989,0.026592,-0.042756,-0.13,-0.25,-16.5,-3.25,286.25,-0.040468,0,0,30.66158,0,0,1000,50,5.052303
08.08.2026,02:03:48,74095,0.02557,-0.051505,-0.11,-0.25,-16.5,-3.25,286.25,-0.0389,0,0,30.65769,0,0,1000,50,5.481873
08.08.2026,02:03:48,74201,0.022501,-0.050294,-0.11,-0.23,-16.5,-3.3125,286.25,-0.036373,0,0,30.65029,0,0,1000,50,5.359138
08.08.2026,02:03:48,74307,0.01841,-0.047998,-0.09,-0.22,-16.5,-3.375,286.25,-0.035045,0,0,30.64679,0,0,1000,50,5.359138
08.08.2026,02:03:48,74413,0.023524,-0.056903,-0.09,-0.2,-16.5,-3.4375,286.3125,-0.034039,0,0,30.64338,0,0,1000,50,5.512554
08.08.2026,02:03:48,74519,0.02557,-0.055826,-0.05,-0.22,-16.5,-3.4375,286.3125,-0.033495,0,0,30.64003,0,0,1000,50,4.837517
08.08.2026,02:03:48,74625,0.022501,-0.055826,-0.06,-0.21,-16.5,-3.4375,286.3125,-0.032745,0,0,30.63676,0,0,1000,50,5.819389
08.08.2026,02:03:48,74731,0.022501,-0.033752,-0.06,-0.23,-16.5,-3.375,286.25,-0.031761,0,0,30.63358,0,0,1000,50,4.745468
08.08.2026,02:03:48,74837,0.02557,-0.062792,-0.08,-0.25,-16.4375,-3.3125,286.25,-0.029853,0,0,30.6306,0,0,1000,50,5.727341
08.08.2026,02:03:48,74943,0.027615,-0.051843,-0.1,-0.24,-16.4375,-3.25,286.25,-0.029493,0,0,30.62765,0,0,1000,50,5.140953
08.08.2026,02:03:48,75049,0.02557,-0.050921,-0.12,-0.25,-16.4375,-3.25,286.25,-0.028666,0,0,30.62478,0,0,1000,50,4.956852
08.08.2026,02:03:48,75155,0.020456,-0.030065,-0.1,-0.27,-16.4375,-3.25,286.25,-0.02665,0,0,30.62212,0,0,1000,50,5.35574
08.08.2026,02:03:48,75261,0.020456,-0.039286,-0.09,-0.25,-16.4375,-3.3125,286.25,-0.024219,0,0,30.61969,0,0,1000,50,5.938728
08.08.2026,02:03:48,75367,0.022501,-0.068563,-0.11,-0.23,-16.4375,-3.375,286.25,-0.022486,0,0,30.61744,0,0,1000,50,4.772751
08.08.2026,02:03:48,75473,0.030684,-0.077833,-0.08,-0.23,-16.4375,-3.375,286.25,-0.022678,0,0,30.61518,0,0,1000,50,5.723942
08.08.2026,02:03:48,75579,0.023524,-0.057058,-0.04,-0.22,-16.4375,-3.375,286.25,-0.024113,0,0,30.61277,0,0,1000,50,4.527287
08.08.2026,02:03:48,75685,0.023524,-0.066286,-0.04,-0.23,-16.4375,-3.3125,286.25,-0.024009,0,0,30.61036,0,0,1000,50,5.018223
08.08.2026,02:03:48,75791,0.023524,-0.025521,-0.05,-0.25,-16.4375,-3.25,286.25,-0.023785,0,0,30.60799,0,0,1000,50,5.140957
08.08.2026,02:03:48,75897,0.02557,-0.024834,-0.02,-0.21,-16.4375,-3.25,286.25,-0.021363,0,0,30.60585,0,0,1000,50,4.92617
08.08.2026,02:03:48,76003,0.02557,-0.064216,-0.07,-0.23,-16.375,-3.25,286.25,-0.0181,0,0,30.60212,0,0,1000,50,5.171638
08.08.2026,02:03:48,76109,0.028638,-0.033634,-0.06,-0.2,-16.3125,-3.3125,286.25,-0.017901,0,0,30.60033,0,0,1000,50,4.888691
08.08.2026,02:03:48,76215,0.02557,-0.073059,-0.07,-0.24,-16.3125,-3.3125,286.25,-0.017714,0,0,30.59856,0,0,1000,50,5.103474
08.08.2026,02:03:48,76321,0.029661,-0.051905,-0.09,-0.23,-16.3125,-3.3125,286.25,-0.018148,0,0,30.59674,0,0,1000,50,4.82732
08.08.2026,02:03:48,76427,0.029661,-0.051346,-0.09,-0.25,-16.3125,-3.25,286.25,-0.01738,0,0,30.59501,0,0,1000,50,4.735275
08.08.2026,02:03:48,76533,0.029661,-0.020826,-0.08,-0.25,-16.3125,-3.25,286.25,-0.016176,0,0,30.59339,0,0,1000,50,5.256889
08.08.2026,02:03:48,76639,0.021478,-0.050388,-0.07,-0.24,-16.3125,-3.25,286.25,-0.013641,0,0,30.59202,0,0,1000,50,4.82732
08.08.2026,02:03:48,76745,0.021478,-0.029975,-0.05,-0.21,-16.3125,-3.25,286.25,-0.012836,0,0,30.59074,0,0,1000,50,4.029549
08.08.2026,02:03:48,76851,0.019433,-0.049621,-0.03,-0.23,-16.3125,-3.3125,286.25,-0.011016,0,0,30.58964,0,0,1000,50,5.134155
08.08.2026,02:03:48,76957,0.026592,-0.0493,-0.02,-0.25,-16.3125,-3.375,286.25,-0.009974,0,0,30.58864,0,0,1000,50,5.348942
08.08.2026,02:03:48,77063,0.027615,-0.048968,-0.04,-0.22,-16.3125,-3.375,286.25,-0.010316,0,0,30.58761,0,0,1000,50,4.55117
08.08.2026,02:03:48,77169,0.029661,-0.058617,-0.04,-0.24,-16.3125,-3.3125,286.25,-0.010906,0,0,30.58652,0,0,1000,50,4.489803
08.08.2026,02:03:48,77275,0.026592,-0.038224,-0.07,-0.23,-16.25,-3.1875,286.25,-0.012231,0,0,30.58529,0,0,1000,50,4.55117
08.08.2026,02:03:48,77381,0.031706,-0.067849,-0.06,-0.26,-16.25,-3.125,286.25,-0.011661,0,0,30.58413,0,0,1000,50,4.394356
08.08.2026,02:03:48,77487,0.032729,-0.017498,-0.09,-0.25,-16.25,-3.125,286.25,-0.010924,0,0,30.58304,0,0,1000,50,4.79324
08.08.2026,02:03:48,77593,0.020456,-0.067186,-0.06,-0.24,-16.25,-3.1875,286.25,-0.009698,0,0,30.58207,0,0,1000,50,4.240936
08.08.2026,02:03:48,77699,0.021478,-0.066832,-0.07,-0.23,-16.25,-3.25,286.25,-0.011015,0,0,30.58097,0,0,1000,50,5.008022
08.08.2026,02:03:48,77805,0.016365,-0.066009,-0.06,-0.24,-16.25,-3.25,286.1875,-0.013306,0,0,30.57841,0,0,1000,50,5.222809
08.08.2026,02:03:48,77911,0.020456,-0.056009,-0.04,-0.24,-16.25,-3.25,286.1875,-0.014391,0,0,30.57697,0,0,1000,50,3.934105
08.08.2026,02:03:48,78017,0.028638,-0.035546,-0.02,-0.23,-16.25,-3.25,286.1875,-0.014397,0,0,30.57553,0,0,1000,50,4.517086
08.08.2026,02:03:48,78123,0.024547,-0.045083,-0.02,-0.25,-16.25,-3.25,286.1875,-0.013625,0,0,30.57416,0,0,1000,50,4.240936
08.08.2026,02:03:48,78229,0.022501,-0.044209,-0.04,-0.21,-16.25,-3.25,286.1875,-0.013567,0,0,30.57281,0,0,1000,50,4.455719
08.08.2026,02:03:48,78335,0.020456,-0.033822,-0.04,-0.26,-16.25,-3.25,286.1875,-0.012047,0,0,30.5716,0,0,1000,50,4.793236
08.08.2026,02:03:48,78441,0.024547,-0.043529,-0.05,-0.24,-16.25,-3.25,286.1875,-0.009084,0,0,30.57069,0,0,1000,50,5.100075
08.08.2026,02:03:48,78547,0.021478,-0.053286,-0.07,-0.15,-16.25,-3.25,286.1875,-0.007581,0,0,30.56994,0,0,1000,50,4.486404
08.08.2026,02:03:48,78653,0.021478,-0.023088,-0.08,-0.22,-16.25,-3.125,286.125,-0.006141,0,0,30.56932,0,0,1000,50,4.670506
08.08.2026,02:03:48,78759,0.02557,-0.032966,-0.09,-0.25,-16.1875,-2.8125,285.9375,-0.003804,0,0,30.56894,0,0,1000,50,4.854607
08.08.2026,02:03:48,78865,0.02557,0.017129,-0.08,-0.26,-16.1875,-2.5,285.75,-0.002964,0,0,30.56865,0,0,1000,50,4.237537
08.08.2026,02:03:48,78971,0.032729,0.027105,-0.1,-0.25,-16.1875,-2.375,285.5,0.000749,0,0,30.56872,0,0,1000,50,4.789841
08.08.2026,02:03:48,79077,0.019433,0.006946,-0.11,-0.26,-16.1875,-2.5,285.1875,0.004942,0,0,30.56922,0,0,1000,50,4.17617
08.08.2026,02:03:48,79183,0.028638,-0.013301,-0.08,-0.26,-16.125,-2.875,284.75,0.007701,0,0,30.56999,0,0,1000,50,4.786442
08.08.2026,02:03:48,79289,0.024547,-0.043569,-0.08,-0.21,-16.125,-3.3125,284.1875,0.00832,0,0,30.57082,0,0,1000,50,3.865936
08.08.2026,02:03:48,79395,0.019433,-0.03379,-0.07,-0.2,-16.1875,-3.4375,283.6875,0.006895,0,0,30.57151,0,0,1000,50,4.421638
08.08.2026,02:03:48,79501,0.030684,-0.023974,-0.07,-0.21,-16.3125,-3.4375,283.3125,0.00611,0,0,30.57269,0,0,1000,50,4.79324
08.08.2026,02:03:48,79607,0.023524,-0.01417,-0.09,-0.23,-16.375,-3.375,282.875,0.007391,0,0,30.57343,0,0,1000,50,4.618771
08.08.2026,02:03:48,79713,0.021478,-0.004683,-0.08,-0.24,-16.4375,-3.25,282.375,0.008553,0,0,30.57428,0,0,1000,49.6875,4.278416
08.08.2026,02:03:48,79819,0.020456,-0.014998,-0.08,-0.25,-16.4375,-3.25,282,0.009781,0,0,30.57526,0,0,1000,48.1875,5.048904
08.08.2026,02:03:48,79925,0.02557,-0.035328,-0.09,-0.25,-16.4375,-3.25,281.625,0.010273,0,0,30.57629,0,0,1000,46.1875,5.386421
08.08.2026,02:03:48,80031,0.026592,-0.025656,-0.06,-0.25,-16.375,-3.3125,281.1875,0.01021,0,0,30.57731,0,0,1000,44.4375,5.134724
08.08.2026,02:03:48,80137,0.021478,-0.005984,-0.05,-0.25,-16.375,-3.4375,280.8125,0.010184,0,0,30.57833,0,0,1000,42.9375,4.922771
08.08.2026,02:03:48,80243,0.026592,-0.036328,-0.06,-0.24,-16.375,-3.5625,280.25,0.010715,0,0,30.5794,0,0,1000,41.5,4.677307
08.08.2026,02:03:48,80349,0.02557,-0.046632,-0.05,-0.22,-16.3125,-3.5625,279.875,0.009459,0,0,30.58035,0,0,1000,39.03125,4.735271
08.08.2026,02:03:48,80455,0.028638,-0.036902,-0.07,-0.24,-16.3125,-3.5,279.5625,0.008398,0,0,30.58118,0,0,1000,37.9375,4.428436
08.08.2026,02:03:48,80561,0.031706,-0.027141,-0.04,-0.23,-16.3125,-3.375,279.25,0.007426,0,0,30.58193,0,0,1000,37,4.55117
08.08.2026,02:03:48,80667,0.029661,-0.007371,-0.06,-0.24,-16.25,-3.25,278.9375,0.007146,0,0,30.58264,0,0,1000,35.75,4.425037
08.08.2026,02:03:48,80773,0.027615,-0.007617,-0.07,-0.22,-16.25,-3.25,278.5,0.007648,0,0,30.58341,0,0,1000,34.25,4.578453
08.08.2026,02:03:48,80879,0.027615,-0.017892,-0.07,-0.22,-16.25,-3.3125,278.125,0.008564,0,0,30.58426,0,0,1000,33,4.609138
08.08.2026,02:03:48,80985,0.031706,-0.018184,-0.06,-0.23,-16.1875,-3.5,277.8125,0.009054,0,0,30.58517,0,0,1000,31.09375,4.360271
08.08.2026,02:03:48,81091,0.023524,-0.028467,-0.09,-0.22,-16.1875,-3.625,277.5,0.008821,0,0,30.58605,0,0,1000,29.6875,4.60574
08.08.2026,02:03:48,81197,0.024547,-0.018701,-0.05,-0.25,-16.25,-3.6875,277.1875,0.00726,0,0,30.58678,0,0,1000,28.4375,4.826756
08.08.2026,02:03:48,81303,0.020456,-0.03892,-0.08,-0.25,-16.3125,-3.5625,276.75,0.006748,0,0,30.58813,0,0,1000,27.1875,5.038708
08.08.2026,02:03:48,81409,0.028638,-0.009137,-0.06,-0.25,-16.3125,-3.4375,276.5,0.005952,0,0,30.58873,0,0,1000,25.84375,4.735275
08.08.2026,02:03:48,81515,0.02557,-0.039328,-0.06,-0.23,-16.3125,-3.3125,276.25,0.007227,0,0,30.58945,0,0,1000,24.84375,5.072788
08.08.2026,02:03:48,81621,0.022501,0.000439,-0.06,-0.24,-16.3125,-3.3125,275.9375,0.008909,0,0,30.59034,0,0,1000,23.59375,4.275017
08.08.2026,02:03:48,81727,0.01841,-0.009847,-0.05,-0.24,-16.3125,-3.375,275.625,0.010065,0,0,30.59135,0,0,1000,22.5,4.244335
08.08.2026,02:03:48,81833,0.02557,-0.020519,-0.04,-0.23,-16.25,-3.5625,275.25,0.010842,0,0,30.59243,0,0,1000,21.5,3.964787
08.08.2026,02:03:48,81939,0.028638,-0.000835,-0.05,-0.21,-16.25,-3.6875,275,0.009804,0,0,30.59341,0,0,1000,20.5,4.425037
08.08.2026,02:03:48,82045,0.020456,-0.011158,-0.06,-0.25,-16.25,-3.75,274.6875,0.010064,0,0,30.59442,0,0,1000,18.4375,4.701187
08.08.2026,02:03:48,82151,0.022501,-0.031501,-0.06,-0.23,-16.25,-3.75,274.5,0.010669,0,0,30.59549,0,0,1000,17.84375,5.192123
08.08.2026,02:03:48,82257,0.031706,0.008171,-0.06,-0.23,-16.1875,-3.5625,274.1875,0.010179,0,0,30.5965,0,0,1000,16.84375,4.145489
08.08.2026,02:03:48,82363,0.01841,0.017781,-0.07,-0.24,-16.1875,-3.5,273.9375,0.012135,0,0,30.59772,0,0,1000,15.59375,3.286346
08.08.2026,02:03:48,82469,0.017387,0.027316,-0.05,-0.22,-16.25,-3.4375,273.6875,0.01447,0,0,30.59916,0,0,1000,14.4375,5.035309
08.08.2026,02:03:48,82575,0.030684,0.016804,-0.06,-0.23,-16.3125,-3.5,273.4375,0.015899,0,0,30.60076,0,0,1000,13.4375,5.075623
08.08.2026,02:03:48,82681,0.017387,0.006239,-0.05,-0.24,-16.375,-3.5625,273.1875,0.01758,0,0,30.60251,0,0,1000,12.75,4.373299
08.08.2026,02:03:48,82787,0.019433,0.015661,-0.05,-0.24,-16.375,-3.8125,272.875,0.017988,0,0,30.60431,0,0,1000,12,5.413708
08.08.2026,02:03:48,82893,0.029661,0.015029,-0.04,-0.23,-16.375,-3.875,272.6875,0.019638,0,0,30.60628,0,0,1000,11,5.076191
08.08.2026,02:03:48,82999,0.028638,0.004375,-0.06,-0.22,-16.375,-3.875,272.5,0.020356,0,0,30.60831,0,0,1000,10.25,5.260288
08.08.2026,02:03:48,83105,0.028638,0.023701,-0.06,-0.22,-16.375,-3.75,272.3125,0.020838,0,0,30.61249,0,0,1000,9.09375,4.523888
08.08.2026,02:03:48,83211,0.021478,-0.006969,-0.06,-0.24,-16.3125,-3.625,272.125,0.021142,0,0,30.61461,0,0,1000,8.5,3.845451
08.08.2026,02:03:48,83317,0.027615,0.021677,-0.07,-0.24,-16.3125,-3.5,271.875,0.02094,0,0,30.6167,0,0,1000,7.75,4.950058
08.08.2026,02:03:48,83423,0.023524,0.020991,-0.09,-0.22,-16.3125,-3.5,271.625,0.021343,0,0,30.61884,0,0,1000,6.75,4.858002
08.08.2026,02:03:48,83529,0.021478,0.000286,-0.09,-0.2,-16.3125,-3.625,271.4375,0.021918,0,0,30.62103,0,0,1000,5.59375,4.459118
08.08.2026,02:03:48,83635,0.023524,0.009594,-0.08,-0.21,-16.3125,-3.75,271.3125,0.021512,0,0,30.62318,0,0,1000,5.25,3.814766
08.08.2026,02:03:48,83741,0.024547,-0.001076,-0.07,-0.24,-16.3125,-3.8125,271.0625,0.020863,0,0,30.62527,0,0,1000,4.34375,5.167671
08.08.2026,02:03:48,83847,0.02557,-0.011695,-0.06,-0.23,-16.3125,-3.75,270.875,0.019222,0,0,30.62719,0,0,1000,3.34375,4.950058
08.08.2026,02:03:48,83953,0.028638,0.017726,-0.06,-0.27,-16.375,-3.6875,270.75,0.018032,0,0,30.62899,0,0,1000,2.84375,4.615936
08.08.2026,02:03:48,84059,0.021478,0.017143,-0.05,-0.26,-16.375,-3.5625,270.625,0.018113,0,0,30.6308,0,0,1000,2.34375,4.523888
08.08.2026,02:03:48,84165,0.028638,0.026567,-0.07,-0.27,-16.375,-3.5625,270.5,0.017908,0,0,30.63259,0,0,1000,2,4.861401
08.08.2026,02:03:48,84271,0.02557,0.035939,-0.06,-0.31,-16.375,-3.6875,270.25,0.019547,0,0,30.63455,0,0,1000,1.25,5.352341
08.08.2026,02:03:48,84377,0.023524,0.075237,-0.07,-0.28,-16.3125,-3.75,270.0625,0.021825,0,0,30.63673,0,0,1000,0.5,4.520489
08.08.2026,02:03:48,84483,0.026592,0.084399,-0.06,-0.29,-16.1875,-3.8125,269.8125,0.026041,0,0,30.63933,0,0,1000,-0.90625,4.087517
08.08.2026,02:03:48,84589,0.026592,0.093429,-0.07,-0.25,-16.125,-3.875,269.5,0.030181,0,0,30.64235,0,0,1000,-2.15625,3.98867
08.08.2026,02:03:48,84695,0.020456,0.112266,-0.08,-0.24,-16.0625,-4.0625,269.1875,0.036175,0,0,30.64597,0,0,1000,-3.40625,3.432968
08.08.2026,02:03:48,84801,0.027615,0.100902,-0.04,-0.17,-16.0625,-4.4375,268.6875,0.047268,0,0,30.65494,0,0,1000,-5.5625,4.261421
08.08.2026,02:03:48,84907,0.021478,0.049382,-0.04,-0.1,-16.125,-4.625,268.3125,0.048972,0,0,30.65984,0,0,1000,-7.0625,3.831852
08.08.2026,02:03:48,85013,0.031706,0.027807,-0.03,-0.1,-16.25,-4.5625,268,0.045391,0,0,30.66438,0,0,1000,-8.3125,5.409744
08.08.2026,02:03:48,85119,0.020456,-0.013653,-0.06,-0.09,-16.375,-4.1875,267.6875,0.042013,0,0,30.66858,0,0,1000,-9.5625,4.649456
08.08.2026,02:03:48,85225,0.035797,-0.016185,-0.06,-0.13,-16.5625,-3.4375,267.4375,0.036739,0,0,30.67225,0,0,1000,-10,5.361969
08.08.2026,02:03:48,85331,0.027615,-0.077131,-0.09,-0.14,-16.6875,-3,267.3125,0.029404,0,0,30.67519,0,0,1000,-10.5,5.120468
08.08.2026,02:03:48,85437,0.028638,-0.107773,-0.1,-0.15,-16.75,-2.625,267.25,0.019964,0,0,30.67719,0,0,1000,-11,6.201187
08.08.2026,02:03:48,85543,0.023524,-0.108048,-0.13,-0.28,-16.75,-2.5,267.125,0.008566,0,0,30.67805,0,0,1000,-11.25,5.832985
08.08.2026,02:03:48,85649,0.022501,-0.068027,-0.16,-0.39,-16.625,-2.5,267.0625,-0.000641,0,0,30.67798,0,0,1000,-11.75,5.117638
08.08.2026,02:03:48,85755,0.031706,0.00219,-0.13,-0.47,-16.375,-2.8125,266.75,-0.006752,0,0,30.67731,0,0,1000,-12.5,4.435234
08.08.2026,02:03:48,85861,0.026592,0.132372,-0.12,-0.49,-16.125,-3.5,266.4375,-0.005681,0,0,30.67674,0,0,1000,-13.75,4.148884
08.08.2026,02:03:48,85967,0.016365,0.232213,-0.07,-0.41,-15.9375,-4.5625,265.9375,0.004959,0,0,30.67723,0,0,1000,-16.875,2.778984
08.08.2026,02:03:48,86073,0.02557,0.241439,-0.05,-0.33,-15.875,-5.625,265.4375,0.024059,0,0,30.67964,0,0,1000,-18.71875,3.545506
08.08.2026,02:03:48,86179,0.028638,0.200067,-0.02,-0.15,-15.9375,-6.5625,264.8125,0.042673,0,0,30.6839,0,0,1000,-21.21875,4.01199
08.08.2026,02:03:48,86285,0.022501,0.028295,0,0.06,-16.25,-6.875,264,0.055095,0,0,30.68941,0,0,1000,-23.25,5.347809
08.08.2026,02:03:48,86391,0.02557,-0.11352,-0.02,0.11,-16.6875,-5.8125,263.6875,0.056467,0,0,30.69506,0,0,1000,-25,5.638687
08.08.2026,02:03:48,86497,0.033752,-0.185017,-0.03,0.09,-17.125,-3.875,263.75,0.046541,0,0,30.69972,0,0,1000,-24.84375,8.006893
08.08.2026,02:03:48,86603,0.037843,-0.245863,-0.11,-0.03,-17.4375,-1.5625,264.0625,0.000729,0,0,30.70242,0,0,1000,-23.75,8.637558
08.08.2026,02:03:48,86709,0.032729,-0.165232,-0.2,-0.36,-17.375,0.5625,264.625,-0.020349,0,0,30.70038,0,0,1000,-22,7.371037
08.08.2026,02:03:48,86815,0.02557,-0.004273,-0.18,-0.57,-17,0.8125,264.875,-0.029808,0,0,30.6974,0,0,1000,-20.75,7.206852
08.08.2026,02:03:48,86921,0.031706,0.286528,-0.16,-0.73,-16.3125,-0.4375,264.8125,-0.024903,0,0,30.69491,0,0,1000,-20.90625,4.963654
08.08.2026,02:03:48,87027,0.023524,0.346463,-0.11,-0.62,-15.625,-3.25,264.3125,0.002,0,0,30.69511,0,0,1000,-23.21875,3.081856
08.08.2026,02:03:48,87133,0.030684,0.305382,0,-0.23,-15.125,-7,263.5,0.033636,0,0,30.69847,0,0,1000,-26.625,0.952324
08.08.2026,02:03:48,87239,0.029661,0.113565,0.09,0.25,-15.25,-11.0625,262.375,0.056497,0,0,30.70412,0,0,1000,-30.6875,1.052868
08.08.2026,02:03:48,87345,0.030684,-0.278375,0.06,0.31,-15.875,-11.25,262.0625,0.060336,0,0,30.71016,0,0,1000,-31.75,3.758022
08.08.2026,02:03:48,87451,0.023524,-0.529401,-0.07,0.08,-16.625,-7.9375,262.8125,0.031882,0,0,30.71335,0,0,1000,-27.8125,6.481873
08.08.2026,02:03:48,87557,0.027615,-0.409067,-0.19,-0.31,-17.125,-2.625,264.0625,-0.010361,0,0,30.71231,0,0,1000,-22.65625,7.761421
08.08.2026,02:03:48,87663,0.022501,-0.017695,-0.21,-0.77,-17.125,3.375,265.4375,-0.042687,0,0,30.70804,0,0,1000,-17.46875,6.494904
08.08.2026,02:03:48,87769,0.023524,0.633654,-0.15,-0.88,-16.5625,6.0625,266,-0.041956,0,0,30.70385,0,0,1000,-15.75,5.706856
08.08.2026,02:03:48,87875,0.029661,0.60364,-0.08,-0.63,-16.1875,2.75,265.1875,0.000454,0,0,30.70389,0,0,1000,-17.75,4.118202
08.08.2026,02:03:48,87981,0.024547,0.151841,0.01,-0.13,-16.25,-5.1875,263.625,0.055939,0,0,30.70949,0,0,1000,-23.5,3.992069
08.08.2026,02:03:48,88087,0.02557,-0.500672,0.04,0.3,-16.625,-13.0625,262.5625,0.078144,0,0,30.7173,0,0,1000,-30.53125,5.926739
08.08.2026,02:03:48,88193,0.023524,-0.542182,-0.05,0.2,-16.9375,-16,262.625,0.046964,0,0,30.722,0,0,1000,-29.1875,6.367638
08.08.2026,02:03:48,88299,0.02557,-0.431537,-0.14,-0.28,-16.5625,-10.4375,263.6875,-0.020069,0,0,30.71999,0,0,1000,-25.71875,5.82732
08.08.2026,02:03:48,88405,0.029661,0.320795,-0.15,-0.62,-16.1875,-2.5,264.4375,-0.083339,0,0,30.7044,0,0,1000,-21.78125,3.839787
08.08.2026,02:03:48,88511,0.034775,0.723475,-0.11,-0.68,-16,5,264.8125,-0.028347,0,0,30.70157,0,0,1000,-20.59375,3.582989
08.08.2026,02:03:48,88617,0.026592,0.604387,-0.05,-0.61,-16.1875,7.25,264.5,0.043581,0,0,30.70593,0,0,1000,-22.3125,4.639256
08.08.2026,02:03:48,88723,0.023524,0.072985,-0.08,-0.45,-16.5,3.25,263.8125,0.073489,0,0,30.71328,0,0,1000,-24.75,5.300606
08.08.2026,02:03:48,88829,0.021478,-0.600975,-0.13,-0.19,-16.3125,-6.4375,262.9375,0.049665,0,0,30.71824,0,0,1000,-27.5,4.861973
08.08.2026,02:03:48,88935,0.02557,-0.550836,-0.08,0,-16,-11.6875,262.375,-0.004342,0,0,30.71781,0,0,1000,-30.96875,3.147751
08.08.2026,02:03:48,89041,0.029661,-0.329218,-0.03,0.09,-15.9375,-12.0625,262.0625,-0.050299,0,0,30.71278,0,0,1000,-31.75,3.487537
08.08.2026,02:03:48,89147,0.020456,-0.036898,-0.03,-0.06,-16.125,-8.8125,262.0625,-0.072143,0,0,30.70557,0,0,1000,-31.75,3.656818
08.08.2026,02:03:48,89253,0.028638,0.235197,-0.09,-0.34,-16.4375,-1.875,262.6875,-0.065165,0,0,30.69905,0,0,1000,-30,4.189766
08.08.2026,02:03:48,89359,0.034775,0.116444,-0.13,-0.42,-16.5625,1.9375,263.125,-0.038756,0,0,30.69517,0,0,1000,-28,5.638687
08.08.2026,02:03:48,89465,0.024547,0.007116,-0.13,-0.4,-16.625,2.9375,263.25,-0.020911,0,0,30.69308,0,0,1000,-27,4.442032
08.08.2026,02:03:48,89571,0.026592,0.057593,-0.1,-0.33,-16.75,0.8125,262.9375,-0.014817,0,0,30.6916,0,0,1000,-28.5625,6.510857
08.08.2026,02:03:48,89677,0.030684,-0.002079,-0.11,-0.24,-16.9375,-3.1875,262.3125,-0.010204,0,0,30.69058,0,0,1000,-31.375,7.104038
08.08.2026,02:03:48,89783,0.017387,-0.181798,-0.13,0.18,-17.0625,-8.5,261.4375,-0.008739,0,0,30.68971,0,0,1000,-33.71875,6.555702
08.08.2026,02:03:48,89889,0.024547,0.598737,0.08,0.16,-16.875,-6.9375,261.375,-0.01665,0,0,30.68804,0,0,1000,-34.34375,6.358574
08.08.2026,02:03:48,89995,0.011251,0.659178,-0.57,-0.14,-16.625,-2.625,261.625,-0.013695,0,0,30.68667,0,0,1000,-33.34375,4.350548
08.08.2026,02:03:48,90101,0.007159,0.447817,-0.14,-0.22,-16.3125,-1.3125,261.75,0.085216,0,0,30.69942,0,0,1000,-33,3.842621
08.08.2026,02:03:48,90207,0,-0.034923,-0.12,0.25,-16.25,-4.5,261.25,0.080409,0,0,30.70747,0,0,1000,-35,3.75
08.08.2026,02:03:48,90313,0,0.809699,-0.01,-0.65,-16.375,-3.625,260.6875,0.086836,0,0,30.71615,0,0,1000,-36.75,3.9375
08.08.2026,02:03:48,90419,0,0.914864,0.14,-1.26,-16.9375,-3.25,260.0625,0.150346,0,0,30.73118,0,0,1000,-39,5.25
08.08.2026,02:03:48,90525,0,-0.021275,0.33,-0.8,-17.625,-7.375,259.125,0.190929,0,0,30.75028,0,0,1000,-44.4375,7.125
08.08.2026,02:03:48,90631,0,-0.656066,0.18,0.2,-17.9375,-10.875,258.4375,0.14898,0,0,30.76517,0,0,1000,-46.71875,9.125
08.08.2026,02:03:48,90737,0,-0.078527,-0.09,0.02,-18.25,-6.4375,259.0625,0.076535,0,0,30.77283,0,0,1000,-44.53125,9.53125
08.08.2026,02:03:48,90843,0,0.309896,-0.45,-0.64,-18.5625,-2.875,259.9375,0.049029,0,0,30.77773,0,0,1000,-39.46875,10.46875
08.08.2026,02:03:48,90949,0,-0.701825,-0.6,-0.49,-18.6875,-4.125,260.6875,0.053534,0,0,30.78309,0,0,1000,-36.78125,11.0625
08.08.2026,02:03:48,91055,0,-0.87164,-0.17,-0.11,-18.375,-5.1875,261.5625,-0.005764,0,0,30.78251,0,0,1000,-33.125,9.65625
08.08.2026,02:03:48,91161,0,0.050798,-0.05,0.05,-18,-3.4375,262.625,-0.075825,0,0,30.77493,0,0,1000,-29.5,8.84375
08.08.2026,02:03:48,91267,0,0.062961,0,-0.03,-17.9375,-3.9375,263.6875,-0.067252,0,0,30.7682,0,0,1000,-26,8.8125
08.08.2026,02:03:48,91373,0,-0.165511,-0.27,-0.03,-18,-5.3125,264.1875,-0.047521,0,0,30.76345,0,0,1000,-24,8.8125
08.08.2026,02:03:48,91479,0,0.076243,-0.27,-0.28,-17.875,-3.6875,264.6875,-0.054532,0,0,30.758,0,0,1000,-22,8.625
08.08.2026,02:03:48,91585,0,0.707836,-0.47,-0.57,-17.875,-1.9375,264.9375,-0.049536,0,0,30.75305,0,0,1000,-20.25,8.625
08.08.2026,02:03:48,91691,0,0.217802,-0.59,-0.57,-17.625,-3.6875,264.5,0.001031,0,0,30.75315,0,0,1000,-22.625,7.875
08.08.2026,02:03:48,91797,0,-0.823543,0.11,-0.07,-17.5,-8.8125,263.375,0.041828,0,0,30.75733,0,0,1000,-25.75,7.6875
08.08.2026,02:03:48,91903,0,-0.292768,0.21,0,-17.375,-7.6875,263.125,-0.085296,0,0,30.74639,0,0,1000,-27.5,7.125
08.08.2026,02:03:48,92009,0,-0.260025,0.4,-0.2,-17.625,-6.0625,263.0625,-0.089581,0,0,30.73743,0,0,1000,-27.90625,8.34375
08.08.2026,02:03:48,92115,0.002046,-0.287145,0.1,-0.27,-18.0625,-6.0625,262.875,-0.104671,0,0,30.72697,0,0,1000,-28.65625,9.5
08.08.2026,02:03:48,92221,0.002046,0.019759,-0.16,-0.1,-18.0625,-6,262.5625,-0.110014,0,0,30.71597,0,0,1000,-29.40625,9.280117
08.08.2026,02:03:48,92327,0,0.272857,-0.04,0.02,-17.5625,-5.25,262.375,-0.096336,0,0,30.70633,0,0,1000,-30.65625,7.21875
08.08.2026,02:03:48,92433,0.002046,0.534797,-0.25,-0.11,-17.1875,-5.0625,262.125,-0.060335,0,0,30.7003,0,0,1000,-31.8125,6.434101
08.08.2026,02:03:48,92539,0,0.115182,0.11,-0.44,-16.9375,-6.1875,261.5625,-0.011953,0,0,30.6991,0,0,1000,-34.21875,5.8125
08.08.2026,02:03:48,92645,0,0.175022,-0.17,-0.69,-17.25,-6.0625,260.6875,0.004947,0,0,30.6996,0,0,1000,-37.25,6.90625
08.08.2026,02:03:48,92751,0,0.074309,-0.06,-0.54,-17.75,-5.25,259.5,0.022185,0,0,30.70181,0,0,1000,-41,7.875
08.08.2026,02:03:48,92857,0,-0.00662,-0.19,-0.24,-18.125,-6,258.75,0.028902,0,0,30.7047,0,0,1000,-44,9.1875
08.08.2026,02:03:48,92963,0,0.072449,0.1,-0.18,-18.625,-7.9375,257.9375,0.028932,0,0,30.7076,0,0,1000,-49.1875,10.3125
08.08.2026,02:03:48,93069,0,-0.238499,0.15,-0.13,-19,-10.4375,256.6875,0.029494,0,0,30.71055,0,0,1000,-50,11.625
08.08.2026,02:03:48,93175,0,-0.728839,0.24,-0.27,-18.9375,-11.5625,255.625,0.010557,0,0,30.7116,0,0,1000,-50,11.65625
08.08.2026,02:03:48,93281,0,-0.287381,0.22,-0.3,-18.5,-8.625,255.0625,-0.045324,0,0,30.70707,0,0,1000,-50,11.25
08.08.2026,02:03:48,93387,0.010228,0.625613,-0.14,-0.1,-17.75,-3.4375,255.75,-0.093108,0,0,30.69776,0,0,1000,-50,8.463654
08.08.2026,02:03:48,93493,0.026592,0.568099,-0.32,0.08,-17,-2.375,256.5,-0.07732,0,0,30.69003,0,0,1000,-50,6.479607
08.08.2026,02:03:48,93599,0.035797,0.02833,-0.36,0.24,-16.1875,-5.25,257.1875,-0.007169,0,0,30.68931,0,0,1000,-50,3.919373
08.08.2026,02:03:48,93705,0.041934,-0.042057,-0.24,0.06,-15.5,-7.375,257.9375,0.006986,0,0,30.69121,0,0,1000,-48.25,2.160873
08.08.2026,02:03:48,93811,0.037843,-0.222439,-0.15,-0.15,-14.375,-10.6875,258.6875,0.004909,0,0,30.6917,0,0,1000,-45.75,0.07505
08.08.2026,02:03:48,93917,0.045003,-0.391851,-0.17,-0.03,-13.4375,-13.75,259.0625,-0.018283,0,0,30.68987,0,0,1000,-44.5,-2.734047
08.08.2026,02:03:48,94023,0.030684,-0.000468,-0.19,-0.21,-12.875,-13.75,259.5625,-0.043019,0,0,30.68557,0,0,1000,-42.5,-5.938637
08.08.2026,02:03:48,94129,0.028638,0.450284,-0.19,-0.41,-12.9375,-11.8125,260.625,-0.023381,0,0,30.68323,0,0,1000,-36.71875,-5.292015
08.08.2026,02:03:48,94235,0.016365,-0.04008,-0.19,-0.24,-14.25,-11.5,262.3125,0.011302,0,0,30.68436,0,0,1000,-31.5625,-3.026718
08.08.2026,02:03:48,94341,0.01841,-0.040435,-0.22,-0.14,-15.875,-11,263.75,0.01106,0,0,30.68547,0,0,1000,-26.75,2.229603
08.08.2026,02:03:48,94447,0,0.129313,-0.34,-0.17,-17.625,-9,264.9375,0.007833,0,0,30.68625,0,0,1000,-19.46875,9.032951
08.08.2026,02:03:48,94553,0.003068,0.388618,-0.34,-0.31,-19.0625,-6.4375,265.5625,0.021619,0,0,30.68841,0,0,1000,-17.28125,13.9898
08.08.2026,02:03:48,94659,0,0.246951,-0.12,-0.23,-19.6875,-5.5,265.625,0.051826,0,0,30.6936,0,0,1000,-17.65625,14.1909
08.08.2026,02:03:48,94765,0,0.174805,0.17,-0.45,-19.9375,-6.9375,265,0.066732,0,0,30.70027,0,0,1000,-19,14.8125
08.08.2026,02:03:48,94871,0,-0.087722,0.04,-0.29,-19.625,-10.4375,264.4375,0.078577,0,0,30.70813,0,0,1000,-21.5,14.25
08.08.2026,02:03:48,94977,0.004091,-0.32997,0.07,-0.15,-18.8125,-13.8125,264.25,0.069906,0,0,30.71512,0,0,1000,-23,12.98527
08.08.2026,02:03:48,95083,0.007159,-0.191087,0.05,-0.13,-18.125,-13.9375,264.875,0.034757,0,0,30.71859,0,0,1000,-20.5,9.274452
08.08.2026,02:03:48,95189,0.021478,-0.091344,-0.07,-0.26,-17.75,-11.625,266,0.007995,0,0,30.71939,0,0,1000,-16,9.072792
08.08.2026,02:03:48,95295,0.033752,-0.101357,-0.36,-0.02,-17.625,-10.6875,266.75,0.000378,0,0,30.71943,0,0,1000,-13.25,8.307968
08.08.2026,02:03:48,95401,0.031706,-0.311144,-0.16,0.02,-17.0625,-11.3125,266.5625,-0.02994,0,0,30.71577,0,0,1000,-13.90625,7.858009
08.08.2026,02:03:48,95507,0.038866,-0.000181,-0.22,0.02,-16.25,-10.0625,266.3125,-0.042449,0,0,30.71153,0,0,1000,-14.90625,6.467148
08.08.2026,02:03:48,95613,0.041934,0.611184,-0.15,-0.29,-15,-8.5,266.4375,-0.021039,0,0,30.70942,0,0,1000,-14.09375,0.164276
08.08.2026,02:03:48,95719,0.047048,0.29086,-0.18,-0.43,-13.4375,-10.875,266.875,0.031131,0,0,30.71254,0,0,1000,-12.4375,-2.662384
08.08.2026,02:03:48,95825,0.047048,-0.490486,-0.06,-0.26,-12.8125,-14.8125,267.3125,0.041855,0,0,30.71672,0,0,1000,-10.28125,-5.490273
08.08.2026,02:03:48,95931,0.054208,-0.150363,0.23,0.13,-13,-13.625,268,-0.003848,0,0,30.71634,0,0,1000,-7.375,-3.785126
08.08.2026,02:03:48,96037,0.048071,0.14079,-0.19,-0.74,-14.0625,-7.25,267.8125,-0.035841,0,0,30.71275,0,0,1000,-9.21875,0.027374
08.08.2026,02:03:48,96143,0.074663,0.151121,-0.65,-0.83,-15,-2,267,-0.01029,0,0,30.71173,0,0,1000,-12.9375,3.512081
08.08.2026,02:03:48,96249,0.084891,-0.409233,-0.24,-0.66,-16.25,-0.125,265.8125,0.011006,0,0,30.71283,0,0,1000,-15.5,5.966106
08.08.2026,02:03:48,96355,0.108415,0.01102,-0.17,-0.45,-17.3125,1.9375,265.25,-0.007873,0,0,30.71204,0,0,1000,-18.5,9.55249
08.08.2026,02:03:48,96461,0.127848,0.401653,0.12,-0.36,-18.3125,3.5,264.9375,-0.019675,0,0,30.71007,0,0,1000,-20,12.43656
08.08.2026,02:03:48,96567,0.1616,0.611371,0.16,-0.56,-19.5625,1.5,264.4375,0.008753,0,0,30.71095,0,0,1000,-22.71875,19.56505
08.08.2026,02:03:48,96673,0.176942,-0.180496,0.1,-0.38,-20.4375,-6.8125,263.875,0.058074,0,0,30.71675,0,0,1000,-24.96875,23.16626
08.08.2026,02:03:48,96779,0.197397,-0.332023,0,-0.04,-21.4375,-15.8125,263.375,0.047494,0,0,30.7215,0,0,1000,-26.5625,25.48046
08.08.2026,02:03:48,96885,0.231149,-0.401656,0.11,-0.07,-21.9375,-15.5625,263.4375,-0.011413,0,0,30.72036,0,0,1000,-26.09375,28.38454
08.08.2026,02:03:48,96991,0.250582,0.259261,0.41,-0.17,-22.125,-10.5625,263.8125,-0.028542,0,0,30.71751,0,0,1000,-24.28125,29.41409
08.08.2026,02:03:48,97097,0.265924,1.020363,0.19,-0.16,-22.0625,-8.625,264.125,-0.034251,0,0,30.71408,0,0,1000,-23.34375,29.56127
08.08.2026,02:03:48,97203,0.282289,0.324602,-0.05,0.54,-21.8125,-17.875,264.4375,0.126057,0,0,30.732,0,0,1000,-22.75,29.64652
08.08.2026,02:03:48,97309,0.288425,-0.079673,-0.17,0.87,-21.375,-23.875,265.125,0.132928,0,0,30.74529,0,0,1000,-20.75,28.85621
08.08.2026,02:03:48,97415,0.302744,-0.392899,-0.06,0.73,-20.4375,-23.8125,266.875,0.100348,0,0,30.75532,0,0,1000,-15,26.24368
08.08.2026,02:03:48,97521,0.318086,-0.314505,-0.19,0.19,-19.0625,-16.25,269.5,0.04994,0,0,30.76032,0,0,1000,0.1875,23.47215
08.08.2026,02:03:48,97627,0.331382,-0.084505,-0.2,-0.23,-17.5,-4.875,272.8125,0.018787,0,0,30.7622,0,0,1000,11.25,16.09941
08.08.2026,02:03:48,97733,0.347747,0.534176,-0.17,-0.35,-15,6,276.875,0.022215,0,0,30.76442,0,0,1000,24.25,11.84715
08.08.2026,02:03:48,97839,0.343656,0.151979,-0.43,-0.16,-12.6875,4.875,278.75,0.068311,0,0,30.77125,0,0,1000,32.75,5.570999
08.08.2026,02:03:48,97945,0.349792,-0.680368,-0.55,0.26,-10.375,-0.3125,279.5,0.073013,0,0,30.77855,0,0,1000,38.46875,-0.793709
08.08.2026,02:03:48,98051,0.340587,-0.390702,-0.42,0.25,-7.9375,-2.5625,280.375,0.01038,0,0,30.77959,0,0,1000,42.28125,-13.48923
08.08.2026,02:03:48,98157,0.330359,0.370137,-0.37,-0.16,-5.9375,-0.125,281.8125,-0.026103,0,0,30.77698,0,0,1000,48.34375,-19.20459
08.08.2026,02:03:48,98263,0.31604,0.359907,-0.34,-0.08,-3.75,2.6875,283.4375,0.007146,0,0,30.77769,0,0,1000,50,-22.69316
08.08.2026,02:03:48,98369,0.307858,0.168592,-0.2,0.06,-2.375,2.3125,284,0.040906,0,0,30.78178,0,0,1000,50,-29.82222
08.08.2026,02:03:48,98475,0.295585,0.127001,-0.03,-0.05,-1.5625,0.0625,284.125,0.049473,0,0,30.78673,0,0,1000,50,-32.65012
08.08.2026,02:03:48,98581,0.26797,-0.334566,-0.04,-0.05,-1.0625,-2.875,284,0.048738,0,0,30.7916,0,0,1000,50,-35.22121
08.08.2026,02:03:48,98687,0.250582,-0.095252,-0.02,-0.19,-0.9375,-3.1875,284.4375,0.021328,0,0,30.79374,0,0,1000,50,-34.14841
08.08.2026,02:03:48,98793,0.229104,-0.04514,0.01,-0.36,-1.25,-1.625,285.4375,-0.003488,0,0,30.79339,0,0,1000,50,-34.75189
08.08.2026,02:03:48,98899,0.201489,-0.174918,0.15,-0.42,-1.8125,-0.1875,286,-0.006902,0,0,30.7927,0,0,1000,50,-34.7247
08.08.2026,02:03:48,99005,0.192283,0.095578,-0.04,-0.43,-2.5,1.5,286.5625,-0.013694,0,0,30.78979,0,0,1000,50,-32.57014
08.08.2026,02:03:48,99111,0.167737,0.226018,-0.05,-0.35,-3.1875,1.8125,286.5625,-0.005839,0,0,30.7892,0,0,1000,50,-30.20997
08.08.2026,02:03:48,99217,0.150349,0.096206,0.02,-0.29,-3.875,0.375,286.1875,0.003747,0,0,30.78958,0,0,1000,50,-28.23952
08.08.2026,02:03:48,99323,0.140121,-0.174152,-0.08,-0.19,-4.75,-2.6875,285.1875,0.007379,0,0,30.79031,0,0,1000,50,-26.32761
08.08.2026,02:03:48,99429,0.112506,-0.163898,0.17,-0.34,-5.6875,-4.0625,284.5625,-0.007885,0,0,30.78953,0,0,1000,50,-26.13963
08.08.2026,02:03:48,99535,0.100233,0.106762,0.08,-0.48,-6.875,-3.3125,284.375,-0.020542,0,0,30.78747,0,0,1000,50,-20.73451
08.08.2026,02:03:48,99641,0.084891,0.327113,-0.05,-0.62,-8.375,-1.125,284.4375,-0.010897,0,0,30.78638,0,0,1000,50,-16.44647
08.08.2026,02:03:48,99747,0.074663,0.106751,-0.08,-0.65,-10.6875,1.75,284.8125,0.011259,0,0,30.78751,0,0,1000,50,-10.97545
08.08.2026,02:03:48,99853,0.076709,0.096181,-0.03,-0.58,-12.1875,3.3125,284.9375,0.017707,0,0,30.78928,0,0,1000,50,-7.04985
08.08.2026,02:03:48,99959,0.077732,0.03551,-0.06,-0.52,-13.3125,3.25,284.75,0.020878,0,0,30.79137,0,0,1000,50,-3.695335
08.08.2026,02:03:48,100065,0.0808,0.044796,0.02,-0.43,-14.0625,1.375,284.375,0.022213,0,0,30.79359,0,0,1000,50,-1.782852
08.08.2026,02:03:48,100171,0.091028,0.104157,-0.13,-0.29,-14.5625,-1.4375,284.125,0.019853,0,0,30.79557,0,0,1000,50,0.467148
08.08.2026,02:03:48,100277,0.093073,-0.036577,-0.14,0.09,-15.1875,-3.5625,284.4375,0.022827,0,0,30.79786,0,0,1000,50,2.914936
08.08.2026,02:03:48,100383,0.091028,0.432971,-0.22,-0.12,-15.8125,-2.3125,285.3125,0.014049,0,0,30.79926,0,0,1000,50,4.939953
08.08.2026,02:03:48,100489,0.103301,0.28193,0.08,-0.18,-16.6875,-1.875,286.5,0.032376,0,0,30.8025,0,0,1000,50,9.403038
08.08.2026,02:03:48,100595,0.103301,0.02991,-0.15,-0.1,-17.6875,-4.1875,287.375,0.062815,0,0,30.80878,0,0,1000,50,11.39048
08.08.2026,02:03:48,100701,0.100233,-0.3121,-0.14,-0.12,-18.625,-6.3125,288.3125,0.039399,0,0,30.81897,0,0,1000,50,13.77058
08.08.2026,02:03:48,100807,0.095119,-0.183413,-0.05,-0.17,-19.6875,-5.75,289.5,0.001428,0,0,30.81911,0,0,1000,50,16.16607
08.08.2026,02:03:48,100913,0.100233,0.336587,-0.09,-0.29,-20.1875,-3,290.375,-0.008414,0,0,30.81827,0,0,1000,50,18.88199
08.08.2026,02:03:48,101019,0.095119,0.356858,-0.26,-0.05,-20.375,-2.5625,290.875,0.021655,0,0,30.82044,0,0,1000,50,19.53087
08.08.2026,02:03:48,101125,0.095119,0.096162,-0.11,0,-20.3125,-4.3125,291.1875,0.039844,0,0,30.82442,0,0,1000,50,18.66833
08.08.2026,02:03:48,101231,0.090005,-0.09641,-0.12,0.23,-20.125,-8,291.5,0.040142,0,0,30.82844,0,0,1000,50,18.32402
08.08.2026,02:03:48,101337,0.081823,-0.047153,-0.15,0.22,-19.9375,-9.625,291.875,0.023095,0,0,30.83075,0,0,1000,50,18.43655
08.08.2026,02:03:48,101443,0.075686,0.012531,-0.31,0.13,-19.625,-9.375,292.3125,0.009837,0,0,30.83173,0,0,1000,50,16.52058
08.08.2026,02:03:48,101549,0.064435,0.012352,-0.37,-0.09,-18.9375,-7.625,292.8125,0.005537,0,0,30.83228,0,0,1000,50,14.71035
08.08.2026,02:03:48,101655,0.054208,-0.167687,-0.3,-0.29,-18.0625,-5.25,293.375,0.001231,0,0,30.83241,0,0,1000,50,9.90691
08.08.2026,02:03:48,101761,0.04398,-0.13714,-0.22,-0.45,-16.375,-2.1875,293.9375,-0.017,0,0,30.83071,0,0,1000,50,4.951756
08.08.2026,02:03:48,101867,0.04398,-0.096172,-0.22,-0.48,-14.8125,-2.4375,293.9375,-0.030107,0,0,30.8277,0,0,1000,50,1.446091
08.08.2026,02:03:48,101973,0.03682,-0.524962,-0.16,-0.37,-13.5625,-5.5,293.25,-0.037626,0,0,30.82394,0,0,1000,50,-4.48291
08.08.2026,02:03:48,102079,0.031706,-0.122677,-0.06,-0.4,-12.6875,-9.3125,292.0625,-0.071079,0,0,30.81683,0,0,1000,50,-6.761894
08.08.2026,02:03:48,102185,0.019433,0.200109,-0.17,-0.53,-13.0625,-10.75,291.3125,-0.086618,0,0,30.80817,0,0,1000,50,-4.512466
08.08.2026,02:03:48,102291,0.01841,0.502383,-0.33,-0.43,-15.3125,-8.75,290.9375,-0.070728,0,0,30.80109,0,0,1000,50,-0.630661
08.08.2026,02:03:48,102397,0,0.163084,-0.07,-0.28,-17.375,-8.25,289.6875,-0.021786,0,0,30.79892,0,0,1000,50,5.188633
08.08.2026,02:03:48,102503,0.004091,-0.227312,0.05,-0.05,-18.6875,-8.5,287.8125,0.000478,0,0,30.80019,0,0,1000,50,10.3125
08.08.2026,02:03:48,102609,0,0.062673,0.02,-0.1,-18.875,-8.0625,285.875,-0.005915,0,0,30.7996,0,0,1000,50,11.40738
08.08.2026,02:03:48,102715,0.023524,0.023063,0.14,-0.31,-17.8125,-6.75,284.375,-0.006229,0,0,30.79898,0,0,1000,50,10.93533
08.08.2026,02:03:48,102821,0.021478,0.123165,-0.02,-0.57,-16.8125,-4.5625,284.375,-0.003155,0,0,30.79866,0,0,1000,50,6.235271
08.08.2026,02:03:48,102927,0.032729,-0.036952,-0.08,-0.48,-15.9375,-3,285,0.00364,0,0,30.79903,0,0,1000,50,4.000664
08.08.2026,02:03:48,103033,0.046025,-0.176769,-0.11,-0.26,-15.625,-2.8125,285.875,-0.005707,0,0,30.79846,0,0,1000,50,3.283607
08.08.2026,02:03:48,103139,0.061367,-0.305851,-0.08,0.02,-15.8125,-3.4375,286.625,-0.028556,0,0,30.7956,0,0,1000,50,4.618858
08.08.2026,02:03:48,103245,0.053185,-0.05419,-0.05,0.21,-16.1875,-3.75,287.0625,-0.051635,0,0,30.79044,0,0,1000,50,5.252357
08.08.2026,02:03:48,103351,0.063413,0.137561,-0.02,0.22,-16.1875,-3.625,286.9375,-0.054463,0,0,30.78499,0,0,1000,50,6.446754
08.08.2026,02:03:48,103457,0.069549,0.278869,-0.1,0.09,-15.625,-3.125,286.375,-0.040674,0,0,30.78093,0,0,1000,50,2.259724
08.08.2026,02:03:48,103563,0.067504,0.329332,-0.18,-0.17,-14.5625,-2.1875,285.6875,-0.014392,0,0,30.77949,0,0,1000,50,-0.408989
08.08.2026,02:03:48,103669,0.070572,0.07889,-0.1,-0.44,-12.9375,-1.25,285,0.013744,0,0,30.78086,0,0,1000,50,-5.780586
08.08.2026,02:03:48,103775,0.070572,0.008253,0.01,-0.48,-10.9375,0.125,284.5625,0.019807,0,0,30.78284,0,0,1000,50,-9.129433
08.08.2026,02:03:48,103881,0.067504,-0.172155,-0.01,-0.39,-10,0.875,284.5625,0.012693,0,0,30.78411,0,0,1000,50,-12.32034
08.08.2026,02:03:48,103987,0.075686,-0.122328,0.05,-0.18,-9.75,0.6875,284.625,0.005374,0,0,30.78465,0,0,1000,50,-13.90899
08.08.2026,02:03:48,104093,0.071595,-0.351955,0.1,0.07,-10.125,-0.5,284.5625,-0.011582,0,0,30.78349,0,0,1000,50,-11.70157
08.08.2026,02:03:48,104199,0.064435,-0.260804,0.1,-0.25,-11.1875,-2,284.375,-0.035801,0,0,30.77991,0,0,1000,50,-9.87207
08.08.2026,02:03:48,104305,0.058299,0.081555,0.06,-0.23,-11.875,-2.9375,284.25,-0.076998,0,0,30.76488,0,0,1000,50,-8.551643
08.08.2026,02:03:48,104411,0.046025,0.034031,0,-0.32,-12.375,-4.0625,284.125,-0.060303,0,0,30.75884,0,0,1000,50,-6.611313
08.08.2026,02:03:48,104517,0.038866,-0.03403,-0.04,-0.37,-12.8125,-5.1875,284,-0.057146,0,0,30.75313,0,0,1000,50,-5.513596
08.08.2026,02:03:48,104623,0.03682,-0.022192,-0.07,-0.39,-13.3125,-5.5625,284.1875,-0.053984,0,0,30.74773,0,0,1000,50,-3.05957
08.08.2026,02:03:48,104729,0.042957,0.061153,-0.05,-0.11,-14.125,-4.875,284.5,-0.050051,0,0,30.74273,0,0,1000,50,-1.718094
08.08.2026,02:03:48,104835,0.045003,0.19243,-0.03,0.01,-14.875,-3.8125,284.75,-0.039715,0,0,30.73876,0,0,1000,50,0.838745
08.08.2026,02:03:48,104941,0.037843,0.273038,-0.03,-0.04,-15.625,-3.125,284.875,-0.018884,0,0,30.73687,0,0,1000,50,2.198921
08.08.2026,02:03:48,105047,0.034775,0.242852,-0.04,-0.22,-16.25,-3.3125,284.8125,0.005756,0,0,30.73744,0,0,1000,50,5.14209
08.08.2026,02:03:48,105153,0.024547,0.042081,-0.06,-0.5,-16.5625,-4.1875,284.6875,0.023996,0,0,30.73984,0,0,1000,50,5.306831
08.08.2026,02:03:48,105259,0.02557,-0.268607,-0.05,-0.36,-16.9375,-5.25,284.75,0.021384,0,0,30.74198,0,0,1000,50,6.029552
08.08.2026,02:03:48,105365,0.022501,-0.308587,-0.01,-0.19,-17,-4.9375,285.125,-0.000625,0,0,30.74192,0,0,1000,50,6.030685
08.08.2026,02:03:48,105471,0.022501,-0.137652,-0.02,-0.05,-17.1875,-3.4375,285.75,-0.02906,0,0,30.73901,0,0,1000,50,6.902851
08.08.2026,02:03:48,105577,0.024547,0.223724,-0.05,-0.15,-17.3125,-1.625,286.1875,-0.042801,0,0,30.73473,0,0,1000,50,7.98074
08.08.2026,02:03:48,105683,0.023524,0.44459,-0.09,-0.31,-17.375,-1.0625,286.1875,-0.026917,0,0,30.73204,0,0,1000,50,7.984138
08.08.2026,02:03:48,105789,0.01841,0.234279,-0.11,-0.26,-17.1875,-3.125,285.375,0.00966,0,0,30.73301,0,0,1000,50,7.759724
08.08.2026,02:03:48,105895,0.005114,0.003079,0.02,0.26,-17,-5.8125,284.5625,0.037322,0,0,30.73674,0,0,1000,50,6.552303
08.08.2026,02:03:48,106001,0,-0.007904,0.42,0.03,-17.0625,-6.875,283.9375,0.048804,0,0,30.74467,0,0,1000,50,6.954586
08.08.2026,02:03:48,106107,0,-0.899473,0.75,0.09,-17.25,-10.75,282.875,0.009797,0,0,30.74566,0,0,1000,50,6.746601
08.08.2026,02:03:48,106213,0,-0.639788,0.61,-0.19,-18.1875,-11.9375,282,-0.066024,0,0,30.73905,0,0,1000,48,9.5625
08.08.2026,02:03:48,106319,0,0.694319,0.09,-1.14,-19.875,-5.4375,281.75,-0.061706,0,0,30.73288,0,0,1000,47,13.3125
08.08.2026,02:03:48,106425,0,0.75412,-0.36,-0.94,-21.125,-3.4375,281.375,0.006204,0,0,30.7335,0,0,1000,45.03125,17.625
08.08.2026,02:03:48,106531,0,0.472028,-0.35,-0.27,-21.3125,-4.5625,280.125,0.065044,0,0,30.74001,0,0,1000,38.9375,18.9375
08.08.2026,02:03:48,106637,0,-0.310754,-0.28,0.48,-21,-6.3125,278.4375,0.08652,0,0,30.74866,0,0,1000,32.1875,17.6875
08.08.2026,02:03:48,106743,0,-0.182326,0.02,0.41,-20.625,-4.75,276,0.048892,0,0,30.75355,0,0,1000,25.25,16.90625
08.08.2026,02:03:48,106849,0,0.316949,0.03,-0.24,-20.75,-2.75,274.875,0.022523,0,0,30.7558,0,0,1000,18.5625,17.40625
08.08.2026,02:03:48,106955,0,0.415867,-0.26,-0.49,-21.0625,-1.4375,273.625,0.033659,0,0,30.75916,0,0,1000,13.5625,18.5
08.08.2026,02:03:48,107061,0,0.504164,-0.61,-0.24,-21.375,-1.125,272.125,0.052941,0,0,30.76446,0,0,1000,7.09375,19.59375
08.08.2026,02:03:48,107167,0,0.321413,-0.42,-0.45,-21.8125,-0.8125,270.125,0.085579,0,0,30.77302,0,0,1000,0.5,20.4375
08.08.2026,02:03:48,107273,0,-0.921698,-0.04,0.02,-23,-2.5625,266.1875,0.096733,0,0,30.78269,0,0,1000,-10.75,23.625
08.08.2026,02:03:48,107379,0,0.177242,-0.08,-0.35,-23.3125,-3.6875,261.625,0.032966,0,0,30.78599,0,0,1000,-25.5,24.75
08.08.2026,02:03:48,107485,0,1.267541,0.68,-0.62,-23.8125,-5.25,256.9375,-0.009304,0,0,30.78506,0,0,1000,-50,25.6875
08.08.2026,02:03:48,107591,0,-0.543227,-0.03,0.03,-24.75,-8.4375,254.3125,0.023882,0,0,30.78745,0,0,1000,-50,29.875
08.08.2026,02:03:48,107697,0,-0.225549,0.78,-0.11,-25,-8.5,253.5,0.072223,0,0,30.79467,0,0,1000,-50,29.84375
08.08.2026,02:03:48,107803,0,-0.045768,-0.32,-0.75,-25.0625,-8.6875,253.1875,0.001444,0,0,30.79549,0,0,1000,-50,29.59375
08.08.2026,02:03:48,107909,0,0.174185,-0.37,-0.76,-27.3125,-9.125,253,-0.009167,0,0,30.79458,0,0,1000,-50,36.65625
08.08.2026,02:03:48,108015,0,-0.18552,-0.05,-0.52,-30.3125,-10.9375,252.8125,-0.012707,0,0,30.79331,0,0,1000,-50,40
08.08.2026,02:03:48,108121,0,-0.955111,0.43,0.05,-32.0625,-14.5625,252.75,-0.024178,0,0,30.79089,0,0,1000,-50,40
08.08.2026,02:03:48,108227,0,-0.051891,0.79,0.27,-30.875,-17.1875,252.25,-0.075972,0,0,30.78329,0,0,1000,-50,40
08.08.2026,02:03:48,108333,0,-0.079312,0.35,0.51,-28.5,-18.4375,253,-0.080203,0,0,30.77527,0,0,1000,-50,40
08.08.2026,02:03:48,108439,0,-0.116628,0.1,0.13,-26.6875,-19.625,254.9375,-0.083445,0,0,30.76693,0,0,1000,-50,36
08.08.2026,02:03:48,108545,0,-0.673754,-0.18,-0.06,-26.125,-21,256.75,-0.089379,0,0,30.75799,0,0,1000,-50,33.75
08.08.2026,02:03:48,108651,0,0.879694,-0.03,-0.84,-25.0625,-19.5625,258.4375,-0.107216,0,0,30.74727,0,0,1000,-45,29.09375
08.08.2026,02:03:48,108757,0,0.910231,0.59,0.09,-22.5,-22.625,260.25,-0.016717,0,0,30.7456,0,0,1000,-40.25,24.75
08.08.2026,02:03:48,108863,0,-0.671891,-0.03,-0.41,-20,-25.75,261.125,0.065993,0,0,30.7522,0,0,1000,-37,17.8125
08.08.2026,02:03:48,108969,0,0.217861,-0.41,-1.42,-18.5625,-25.25,261.8125,0.00772,0,0,30.75297,0,0,1000,-32.28125,9.90625
08.08.2026,02:03:48,109075,0,0.888122,-0.21,-1.2,-18.1875,-23.6875,262.5,-0.008108,0,0,30.75216,0,0,1000,-29.21875,9.5625
08.08.2026,02:03:48,109181,0,-0.532627,-0.22,0.21,-18.4375,-24.8125,264,0.02328,0,0,30.75449,0,0,1000,-22.59375,10.46875
08.08.2026,02:03:48,109287,0,-1.502556,-0.15,0.24,-18.6875,-26.875,266.0625,-0.002205,0,0,30.75426,0,0,1000,-17.25,11.25
08.08.2026,02:03:48,109393,0,-1.899568,0.1,0.23,-17.8125,-26.3125,266.875,-0.092924,0,0,30.74497,0,0,1000,-13.25,9.5625
08.08.2026,02:03:48,109499,0,-1.043741,0.3,0.82,-16.8125,-23.375,267.4375,-0.181194,0,0,30.72685,0,0,1000,-9.78125,4.8125
08.08.2026,02:03:48,109605,0,-0.526742,0.79,2.01,-16.6875,-21.6875,267.8125,-0.202084,0,0,30.68488,0,0,1000,-8.75,5.0625
08.08.2026,02:03:48,109711,0,-0.594263,0.76,1.7,-16.5625,-24.25,267.25,-0.185958,0,0,30.66628,0,0,1000,-9.75,5.0625
08.08.2026,02:03:48,109817,0,-0.966829,0.74,1.56,-15.6875,-24.6875,266.1875,-0.231197,0,0,30.64316,0,0,1000,-13.5,3
08.08.2026,02:03:48,109923,0,-0.888148,0.86,1.99,-14.5625,-22.625,265.0625,-0.269953,0,0,30.61617,0,0,1000,-20.53125,-0.1875
08.08.2026,02:03:48,110029,0,-1.759107,1.18,2.72,-14.0625,-21.6875,264.5625,-0.281137,0,0,30.58805,0,0,1000,-21.90625,-2.625
08.08.2026,02:03:48,110135,0,-0.318178,0.42,1.47,-14.375,-20.25,264.875,-0.339862,0,0,30.55406,0,0,1000,-20.1875,-1.40625
08.08.2026,02:03:48,110241,0,1.641937,0.12,-1.99,-16.5,-18.125,265.125,-0.314551,0,0,30.52261,0,0,1000,-19.5,4.34375
08.08.2026,02:03:48,110347,0,2.586748,-0.49,-5.12,-17.5,-20.5,264.5625,-0.149615,0,0,30.50765,0,0,1000,-22.84375,8.0625
08.08.2026,02:03:48,110453,0,-0.576867,-0.29,-3.27,-14.9375,-29.1875,262.375,0.112419,0,0,30.51889,0,0,1000,-33,-3.9375
08.08.2026,02:03:48,110559,0,2.248422,-0.8,-2.32,-11.875,-26.8125,260.875,0.146492,0,0,30.53354,0,0,1000,-37.75,-10.9375
08.08.2026,02:03:48,110665,0,2.410961,-0.72,-1.05,-12.25,-21,257.9375,0.232029,0,0,30.55674,0,0,1000,-48.25,-7.15625
08.08.2026,02:03:48,110771,0,-0.058882,0.01,0.26,-17.9375,-23.9375,252.4375,0.306086,0,0,30.58735,0,0,1000,-50,3.9375
08.08.2026,02:03:48,110877,0,0.495257,0.34,-0.98,-22.5625,-20.5625,248.5,0.182245,0,0,30.60557,0,0,1000,-50,19.3125
08.08.2026,02:03:48,110983,0,-0.300312,0.61,-0.72,-23.625,-20.5625,244.125,0.173205,0,0,30.62289,0,0,1000,-50,26.0625
08.08.2026,02:03:48,111089,0,-0.104661,0.6,-1.1,-20.875,-20.625,238.5,0.135235,0,0,30.63642,0,0,1000,-50,14.03125
08.08.2026,02:03:48,111195,0,-0.256656,1.61,-0.38,-16.0625,-17.3125,229.5,0.062035,0,0,30.64262,0,0,1000,-50,4.125
08.08.2026,02:03:48,111301,0,-1.03934,1.7,-0.07,-14.4375,-16.5625,222.1875,0.08253,0,0,30.65922,0,0,1000,-50,-1.625
08.08.2026,02:03:48,111407,0,-1.681994,1.06,-0.42,-14.125,-17.6875,215.625,-0.003477,0,0,30.65887,0,0,1000,-50,-2.78125
08.08.2026,02:03:48,111513,0,-0.401882,1.09,-0.76,-14.375,-16.125,208.875,-0.116402,0,0,30.64723,0,0,1000,-50,-1.5625
08.08.2026,02:03:48,111619,0,-0.418139,0.74,0.85,-14.5625,-15.375,203.0625,-0.118743,0,0,30.63536,0,0,1000,-50,-1.15625
08.08.2026,02:03:48,111725,0,0.155679,-0.65,0.29,-15,-15,197.125,-0.080202,0,0,30.62734,0,0,1000,-50,0.46875
08.08.2026,02:03:48,111831,0,-0.337352,-1,-0.96,-16,-16.75,188.5625,-0.136509,0,0,30.61369,0,0,1000,-50,1.875
08.08.2026,02:03:48,111937,0,-1.141604,-0.39,-1.37,-17.5,-14.5625,181.5625,-0.178766,0,0,30.59581,0,0,1000,-50,5.625
08.08.2026,02:03:48,112043,0,0.4768,-0.1,-2.19,-18.875,-8.6875,176.0625,-0.261344,0,0,30.56968,0,0,1000,-50,12.5625
08.08.2026,02:03:48,112149,0,-1.986413,-0.73,-0.32,-19.9375,-8.0625,171.5,-0.211049,0,0,30.54857,0,0,1000,-50,13.875
08.08.2026,02:03:48,112255,0,-1.316603,-0.75,0.86,-21.5625,-11.0625,166.1875,-0.305075,0,0,30.51806,0,0,1000,-50,18.375
08.08.2026,02:03:48,112361,0,0.956965,-0.4,0.91,-22.625,-7.9375,163.3125,-0.421912,0,0,30.47587,0,0,1000,-50,21.9375
08.08.2026,02:03:48,112467,0,-0.53206,-0.28,0.9,-22.9375,-8.625,160.8125,-0.341293,0,0,30.44174,0,0,1000,-50,23.8125
08.08.2026,02:03:48,112573,0,-1.142948,-0.99,-1.62,-22.3125,-9.6875,158.375,-0.283364,0,0,30.41341,0,0,1000,-50,21.15625
08.08.2026,02:03:48,112679,0,-0.381263,-1.19,-2.15,-21.875,-8.9375,156.9375,-0.363382,0,0,30.37707,0,0,1000,-50,20.3125
08.08.2026,02:03:48,112785,0,-0.999781,-0.64,-0.88,-22.375,-10.125,157,-0.357049,0,0,30.34136,0,0,1000,-50,21.84375
08.08.2026,02:03:48,112891,0,-0.706658,-0.08,0.43,-22.75,-9.4375,157.625,-0.408092,0,0,30.30055,0,0,1000,-50,23.25
08.08.2026,02:03:48,112997,0,-0.373388,-0.07,1.65,-22.0625,-9.625,158.75,-0.41267,0,0,30.25929,0,0,1000,-50,20.40625
08.08.2026,02:03:48,113103,0,-0.279173,-0.39,1.9,-20.6875,-9.1875,160.5,-0.378639,0,0,30.17722,0,0,1000,-50,16.125
08.08.2026,02:03:48,113209,0,-0.076997,-0.76,-1.28,-20.125,-7.6875,162.4375,-0.341527,0,0,30.14306,0,0,1000,-50,15.375
08.08.2026,02:03:48,113315,0,-1.316327,-0.47,-1.99,-21.5625,-9.9375,164.75,-0.301244,0,0,30.11294,0,0,1000,-50,18.75
08.08.2026,02:03:48,113421,0,-0.335982,-0.94,-1.59,-21.625,-9.6875,166.4375,-0.321697,0,0,30.08077,0,0,1000,-50,20.25
08.08.2026,02:03:48,113527,0,0.80205,-0.21,0.05,-21.0625,-9.3125,166.8125,-0.249785,0,0,30.05579,0,0,1000,-50,17.5625
08.08.2026,02:03:48,113633,0,-1.470572,0.75,2.82,-20.375,-13.25,166.5625,-0.229441,0,0,30.03285,0,0,1000,-50,15.5
08.08.2026,02:03:48,113739,0,-0.27216,0.05,-0.05,-19.25,-12.25,165.75,-0.261579,0,0,30.00669,0,0,1000,-50,12.6875
08.08.2026,02:03:48,113845,0,-0.375022,-0.69,-2.68,-19.0625,-12.1875,164.75,-0.221981,0,0,29.98449,0,0,1000,-50,11.84375
08.08.2026,02:03:48,113951,0,-0.58789,-0.54,-2.32,-19.5625,-13.5,164.6875,-0.221773,0,0,29.96231,0,0,1000,-50,14
08.08.2026,02:03:48,114057,0,-0.890135,-0.37,0.04,-20.3125,-14.1875,165.8125,-0.241179,0,0,29.9382,0,0,1000,-50,16.40625
08.08.2026,02:03:48,114163,0,0.268055,0.31,1.1,-20.125,-13.625,166.6875,-0.254683,0,0,29.91273,0,0,1000,-50,14.90625
08.08.2026,02:03:48,114269,0,0.283161,-0.35,1.88,-19.375,-14.1875,168.9375,-0.158797,0,0,29.89685,0,0,1000,-50,12.6875
08.08.2026,02:03:48,114375,0,-0.213314,-1.05,-0.04,-19.5,-13.6875,171.0625,-0.109614,0,0,29.88589,0,0,1000,-50,13.125
08.08.2026,02:03:48,114481,0,-0.001396,-1.1,-2.11,-19.6875,-13.6875,172.125,-0.05963,0,0,29.87992,0,0,1000,-50,13.875
08.08.2026,02:03:48,114587,0,-1.02078,-0.71,-1.78,-19.9375,-15.9375,171.9375,-0.019162,0,0,29.87801,0,0,1000,-50,14.4375
08.08.2026,02:03:48,114693,0,-0.699288,-0.6,-0.31,-20.0625,-16.75,171.375,-0.046398,0,0,29.87337,0,0,1000,-50,15.5
08.08.2026,02:03:48,114799,0,-1.60681,0.52,3.1,-20.0625,-16.9375,170.5625,-0.077046,0,0,29.86566,0,0,1000,-50,15.75
08.08.2026,02:03:48,114905,0,1.796121,0.45,0.93,-19.125,-13.0625,169.9375,-0.025025,0,0,29.85404,0,0,1000,-50,13.5
08.08.2026,02:03:48,115011,0,0.376925,-0.08,-0.92,-17.875,-13.6875,168.75,0.120306,0,0,29.86607,0,0,1000,-50,7.375
08.08.2026,02:03:48,115117,0,-0.126943,-0.4,-1.84,-17,-15.875,167.625,0.152115,0,0,29.88128,0,0,1000,-50,5.375
08.08.2026,02:03:48,115223,0,0.113762,-0.3,-1.08,-16.9375,-17.9375,166.875,0.136917,0,0,29.89498,0,0,1000,-50,5.25
08.08.2026,02:03:48,115329,0,0.158816,0.31,0.53,-17.5625,-17.5625,166.75,0.153831,0,0,29.91036,0,0,1000,-50,8.15625
08.08.2026,02:03:48,115435,0,0.003412,0.18,2.31,-17.5625,-16.4375,167.25,0.16803,0,0,29.92716,0,0,1000,-50,8.0625
08.08.2026,02:03:48,115541,0,0.436942,-0.31,1.59,-16.625,-13.375,168.5,0.20122,0,0,29.94728,0,0,1000,-50,4.09375
08.08.2026,02:03:48,115647,0,0.67793,-0.66,-1.54,-15.8125,-12.625,169.375,0.280238,0,0,29.97531,0,0,1000,-50,2.4375
08.08.2026,02:03:48,115753,0,-0.38186,-0.87,-2.29,-16.5,-15.0625,169.625,0.304438,0,0,30.00575,0,0,1000,-50,3.375
08.08.2026,02:03:48,115859,0,0.680622,-0.68,-0.78,-17.875,-13.875,169.5,0.233805,0,0,30.02913,0,0,1000,-50,6.9375
08.08.2026,02:03:48,115965,0,-1.337603,0.37,2.62,-19.25,-14.9375,168.4375,0.255783,0,0,30.05471,0,0,1000,-50,11.25
08.08.2026,02:03:48,116071,0,1.386236,0.64,1.21,-19.625,-11.6875,167.875,0.191592,0,0,30.07387,0,0,1000,-50,13.875
08.08.2026,02:03:48,116177,0,-0.181532,0.22,0.81,-18.9375,-10.9375,167.0625,0.241562,0,0,30.09803,0,0,1000,-50,11.03125
08.08.2026,02:03:48,116283,0,-0.560229,-0.95,-1.9,-17.5625,-12,166.25,0.270453,0,0,30.12507,0,0,1000,-50,7.3125
08.08.2026,02:03:48,116389,0,-0.51874,-0.37,-1.76,-17.625,-14.75,165.8125,0.264675,0,0,30.15154,0,0,1000,-50,7.65625
08.08.2026,02:03:48,116495,0,0.865511,0.29,0.08,-18.375,-15.1875,166.1875,0.178766,0,0,30.16942,0,0,1000,-50,10.75
08.08.2026,02:03:48,116601,0,-0.119484,0.31,2.78,-18.25,-15.9375,167.25,0.180139,0,0,30.20296,0,0,1000,-50,9.28125
08.08.2026,02:03:48,116707,0,0.917054,-0.61,0.69,-17.0625,-14.125,169.625,0.238494,0,0,30.22681,0,0,1000,-50,6.15625
08.08.2026,02:03:48,116813,0,-0.072085,-0.23,-1.97,-17.375,-14.5,170.875,0.284198,0,0,30.25523,0,0,1000,-50,6.375
08.08.2026,02:03:48,116919,0,-0.220397,-0.4,-2.14,-18.5,-15.375,171.6875,0.258479,0,0,30.28108,0,0,1000,-50,9.375
08.08.2026,02:03:48,117025,0,-0.36724,-0.45,-1.13,-20,-16.6875,172.0625,0.212819,0,0,30.30236,0,0,1000,-50,13.6875
08.08.2026,02:03:48,117131,0,-0.113122,-0.03,1.31,-20.9375,-18.3125,171.75,0.182886,0,0,30.32065,0,0,1000,-50,18.28125
08.08.2026,02:03:48,117237,0,1.411822,0,1.22,-20.9375,-16.6875,171.3125,0.157247,0,0,30.33638,0,0,1000,-50,18
08.08.2026,02:03:48,117343,0,0.433897,-0.31,-0.43,-20.8125,-14.9375,170.3125,0.246442,0,0,30.36102,0,0,1000,-50,17.625
08.08.2026,02:03:48,117449,0,0.045339,-0.95,-2.26,-20.4375,-14.3125,169.625,0.26612,0,0,30.38763,0,0,1000,-50,16
08.08.2026,02:03:48,117555,0,-0.682641,-0.85,-1.95,-20.375,-15.6875,169.5625,0.248158,0,0,30.41245,0,0,1000,-50,16.125
08.08.2026,02:03:48,117661,0,-0.837734,-0.03,0.97,-20.5,-16.125,170.25,0.158404,0,0,30.42829,0,0,1000,-50,16.65625
08.08.2026,02:03:48,117767,0,-0.040844,-0.24,2.05,-20.0625,-13.5625,172.3125,0.096709,0,0,30.43796,0,0,1000,-50,15.75
08.08.2026,02:03:48,117873,0,0.875609,-0.75,1.52,-19.3125,-11.9375,174.875,0.110308,0,0,30.44899,0,0,1000,-50,13.6875
08.08.2026,02:03:48,117979,0,0.850285,-1.08,-0.24,-18.8125,-9.75,177.8125,0.165539,0,0,30.46555,0,0,1000,-50,11.8125
08.08.2026,02:03:48,118085,0,0.013073,-0.95,-2.1,-18.625,-10.625,179.5,0.2243,0,0,30.48798,0,0,1000,-50,10.875
08.08.2026,02:03:48,118191,0,-1.004341,-0.91,-1.68,-19.25,-14.1875,180.25,0.230553,0,0,30.51103,0,0,1000,-50,12.75
08.08.2026,02:03:48,118297,0,1.42153,-0.8,0.19,-20.875,-14.625,180.375,0.128387,0,0,30.52387,0,0,1000,-50,16.3125
08.08.2026,02:03:48,118403,0,0.027525,0.04,2.54,-21.125,-15.375,180.25,0.122789,0,0,30.54861,0,0,1000,-50,18.5625
08.08.2026,02:03:48,118509,0,1.793576,0.28,0.35,-20.375,-12.375,179.5,0.242399,0,0,30.57285,0,0,1000,-50,17.0625
08.08.2026,02:03:48,118615,0,0.895781,-0.06,-1.57,-19.5625,-12.125,177.9375,0.296842,0,0,30.60253,0,0,1000,-50,13.21875
08.08.2026,02:03:48,118721,0,-1.44324,-1.06,-1.29,-19.125,-14.75,178,0.294656,0,0,30.632,0,0,1000,-50,12.375
08.08.2026,02:03:48,118827,0,-1.288281,-0.64,-0.55,-19.375,-15.4375,178.125,0.156786,0,0,30.64767,0,0,1000,-50,13.25
08.08.2026,02:03:48,118933,0,0.879153,0.35,0.39,-19.0625,-15.0625,178.375,0.079774,0,0,30.65565,0,0,1000,-50,11.5625
08.08.2026,02:03:48,119039,0,0.36599,-0.03,1.86,-17,-15.3125,179.6875,0.09836,0,0,30.66549,0,0,1000,-50,3.8125
08.08.2026,02:03:48,119145,0,0.931932,-0.13,1.26,-15.5625,-13.3125,181.0625,0.12622,0,0,30.67811,0,0,1000,-50,0.90625
08.08.2026,02:03:48,119251,0,-0.274074,-0.12,-1.66,-15.8125,-12.9375,182.375,0.186763,0,0,30.69679,0,0,1000,-50,1.3125
08.08.2026,02:03:48,119357,0,-0.519746,-0.45,-2.03,-17.1875,-14.8125,182.625,0.176375,0,0,30.71442,0,0,1000,-50,5.0625
08.08.2026,02:03:48,119463,0,-0.723211,-0.44,-0.34,-18.8125,-16.125,182.5,0.107759,0,0,30.7252,0,0,1000,-50,10.125
08.08.2026,02:03:48,119569,0,0.334828,-0.01,1.88,-19.5625,-14.8125,181.875,0.060996,0,0,30.7313,0,0,1000,-50,14
08.08.2026,02:03:48,119675,0,1.862269,0.5,1.31,-19.4375,-11.875,180.625,0.079574,0,0,30.73926,0,0,1000,-50,13
08.08.2026,02:03:48,119781,0,1.636628,0.16,-0.8,-18.9375,-11.3125,177.8125,0.175403,0,0,30.7568,0,0,1000,-50,11.6875
08.08.2026,02:03:48,119887,0,-0.172886,-0.83,-2.38,-18.5625,-14.0625,175.875,0.29588,0,0,30.78639,0,0,1000,-50,10.53125
08.08.2026,02:03:48,119993,0,-0.942435,-0.64,-2.12,-18.9375,-16.375,174.75,0.296937,0,0,30.81608,0,0,1000,-50,12.4375
08.08.2026,02:03:48,120099,0,-0.967935,-0.12,-0.09,-19.5625,-17.125,174.125,0.171039,0,0,30.83318,0,0,1000,-50,14.15625
08.08.2026,02:03:48,120205,0,0.498395,0.23,2.43,-19.4375,-15.4375,173.75,0.041959,0,0,30.8446,0,0,1000,-50,13.9375
08.08.2026,02:03:48,120311,0,1.554999,-0.23,1.63,-17.4375,-11.5625,174.25,0.10559,0,0,30.85516,0,0,1000,-50,9.375
08.08.2026,02:03:48,120417,0,0.639461,-0.59,-0.09,-16,-11,175.25,0.17224,0,0,30.87238,0,0,1000,-50,3.5625
08.08.2026,02:03:48,120523,0,-0.445875,-0.62,-2.27,-16.625,-13.125,175.875,0.165934,0,0,30.88897,0,0,1000,-50,3.75
08.08.2026,02:03:48,120629,0,-1.015875,-0.86,-1.41,-18.125,-14.75,176.5,0.084115,0,0,30.89738,0,0,1000,-50,10.9375
08.08.2026,02:03:48,120735,0,1.381005,-0.41,0.48,-19.5625,-14.4375,176.3125,0.012906,0,0,30.89868,0,0,1000,-50,12.75
08.08.2026,02:03:48,120841,0,-0.230924,0.57,1.82,-19.4375,-15.9375,175.375,0.059983,0,0,30.90467,0,0,1000,-50,13.875
08.08.2026,02:03:48,120947,0,1.178858,0.42,0.16,-18.4375,-13.8125,174.4375,0.006777,0,0,30.90535,0,0,1000,-50,11.4375
08.08.2026,02:03:48,121053,0,1.096084,-0.01,-1.64,-17.8125,-13.1875,173.1875,0.086247,0,0,30.91398,0,0,1000,-50,8.125
08.08.2026,02:03:48,121159,0,-2.128598,-0.1,-0.9,-17.9375,-17.4375,172.375,0.145615,0,0,30.92854,0,0,1000,-50,9.125
08.08.2026,02:03:48,121265,0,-0.027708,0.07,-0.59,-18.9375,-17.1875,172.5625,-0.027685,0,0,30.92577,0,0,1000,-50,11.6875
08.08.2026,02:03:48,121371,0,0.015881,0.67,1.66,-19.4375,-19.0625,172.625,-0.111605,0,0,30.91461,0,0,1000,-50,13.125
08.08.2026,02:03:48,121477,0,0.098099,-0.07,2.11,-19.9375,-22.5625,173.0625,-0.068972,0,0,30.90771,0,0,1000,-50,15.28125
08.08.2026,02:03:48,121583,0,1.58255,-0.43,1.28,-20.75,-22.4375,173.375,-0.138419,0,0,30.89387,0,0,1000,-50,18.1875
08.08.2026,02:03:48,121689,0,0.482776,-1,-1.19,-21.625,-24.625,172.0625,-0.00701,0,0,30.89317,0,0,1000,-50,19.5
08.08.2026,02:03:48,121795,0,2.152018,-0.67,-2.19,-21.8125,-25.625,170.3125,0.023566,0,0,30.89553,0,0,1000,-50,20.4375
08.08.2026,02:03:48,121901,0,1.758534,-0.74,-0.98,-21.9375,-29.6875,167.625,0.207028,0,0,30.92706,0,0,1000,-50,21
08.08.2026,02:03:48,122007,0,-0.138123,-0.29,0.41,-21.375,-31.25,164.4375,0.266554,0,0,30.95372,0,0,1000,-50,18.8125
08.08.2026,02:03:48,122113,0,-0.486695,-0.28,0.56,-21.625,-28,162.3125,0.150941,0,0,30.96881,0,0,1000,-50,20.1875
08.08.2026,02:03:48,122219,0,0.464849,0.14,-0.05,-22.375,-20.625,160.3125,0.11202,0,0,30.98001,0,0,1000,-50,21.96875
08.08.2026,02:03:48,122325,0,1.059537,-0.56,-2.32,-22.0625,-18.125,159.1875,0.165214,0,0,30.99653,0,0,1000,-50,22.15625
08.08.2026,02:03:48,122431,0,-0.307911,0.13,-1.2,-19.6875,-22.75,158.125,0.231596,0,0,31.01969,0,0,1000,-50,11.09375
08.08.2026,02:03:48,122537,0,-2.142473,0.46,1.02,-16.375,-26.1875,158.3125,0.141857,0,0,31.03388,0,0,1000,-50,1.625
08.08.2026,02:03:48,122643,0,-0.930689,-0.22,1.9,-15.625,-20.5625,160.6875,-0.055472,0,0,31.02833,0,0,1000,-50,2.34375
08.08.2026,02:03:48,122749,0,1.272729,-0.82,0.06,-17.5625,-15.4375,162.9375,-0.106282,0,0,31.0177,0,0,1000,-50,7.59375
08.08.2026,02:03:48,122855,0,1.092839,-0.71,-0.79,-18.4375,-14.25,163.5625,-0.003403,0,0,31.01736,0,0,1000,-50,9.75
08.08.2026,02:03:48,122961,0,-0.040072,-0.58,-1.8,-19.875,-15.375,164.5,0.090522,0,0,31.02642,0,0,1000,-50,13.125
08.08.2026,02:03:48,123067,0,0.367441,-0.64,-1.34,-21.0625,-14.1875,165.75,0.077339,0,0,31.03415,0,0,1000,-50,17.0625
08.08.2026,02:03:48,123173,0,-0.764203,0.49,1.98,-20.9375,-14.4375,166.875,0.051118,0,0,31.03926,0,0,1000,-50,17.34375
08.08.2026,02:03:48,123279,0,0.755256,0.35,0.11,-19.6875,-13.375,168.125,0.016816,0,0,31.04095,0,0,1000,-50,14.9375
08.08.2026,02:03:48,123385,0,0.876159,0.23,-0.64,-18,-11.75,167.9375,-0.028088,0,0,31.03814,0,0,1000,-50,8.9375
08.08.2026,02:03:48,123491,0,0.463846,-0.51,-2.01,-17.125,-14.8125,166.4375,0.071934,0,0,31.04533,0,0,1000,-50,5.75
08.08.2026,02:03:48,123597,0,-0.569708,-0.1,-1.6,-16,-16.125,165.0625,0.110536,0,0,31.05638,0,0,1000,-50,2.0625
08.08.2026,02:03:48,123703,0,-0.723196,0.39,0.84,-15.125,-15.25,165,0.045968,0,0,31.07182,0,0,1000,-50,-0.09375
08.08.2026,02:03:48,123809,0,-0.173826,-0.26,2.76,-15.1875,-15.1875,166.3125,-0.026366,0,0,31.06919,0,0,1000,-50,-0.1875
08.08.2026,02:03:48,123915,0,0.63708,-1.1,0.32,-16.75,-14.0625,167.4375,-0.028186,0,0,31.06637,0,0,1000,-50,3.75
08.08.2026,02:03:48,124021,0,0.51708,-0.81,-1.64,-17.375,-10.6875,167.625,-0.013752,0,0,31.06499,0,0,1000,-50,7.4375
08.08.2026,02:03:48,124127,0,0.827522,-0.9,-2.82,-17.6875,-9.625,167.375,0.064525,0,0,31.07145,0,0,1000,-50,8.0625
08.08.2026,02:03:48,124233,0,-0.74615,-0.6,0.39,-18.625,-11.1875,166.9375,0.049677,0,0,31.07641,0,0,1000,-50,9.9375
08.08.2026,02:03:48,124339,0,-0.12499,0.31,2.14,-19.1875,-9.5625,166.375,-0.036087,0,0,31.0728,0,0,1000,-50,12.375
08.08.2026,02:03:48,124445,0,0.096471,0.67,1.59,-18.1875,-9.5625,165.8125,-0.045425,0,0,31.06826,0,0,1000,-50,10.6875
08.08.2026,02:03:48,124551,0,0.947208,0.16,-0.36,-16.8125,-7.125,165.8125,-0.0229,0,0,31.06597,0,0,1000,-50,4.34375
08.08.2026,02:03:48,124657,0,0.715506,-0.69,-2.17,-16.25,-7.4375,165.4375,0.05292,0,0,31.07126,0,0,1000,-50,3.4375
08.08.2026,02:03:48,124763,0,-0.007509,-0.56,-1.68,-15.8125,-9.25,164.3125,0.093755,0,0,31.08064,0,0,1000,-50,2.3125
08.08.2026,02:03:48,124869,0,-0.730198,0.38,1.55,-15.75,-11.625,163.75,0.083621,0,0,31.089,0,0,1000,-50,2.4375
08.08.2026,02:03:48,124975,0,-0.13078,0,2.98,-15.5,-11.75,163.875,0.018095,0,0,31.09081,0,0,1000,-50,1.34375
08.08.2026,02:03:48,125081,0,0.490264,-0.79,0.51,-15.9375,-13,164.1875,-0.03246,0,0,31.08756,0,0,1000,-50,3.59375
08.08.2026,02:03:48,125187,0,0.881543,-1.24,-2,-17.3125,-10.375,165.4375,-0.039776,0,0,31.08359,0,0,1000,-50,7.875
08.08.2026,02:03:48,125293,0,0.530439,-0.83,-2.39,-18.5,-9.5625,166.625,0.034334,0,0,31.08702,0,0,1000,-50,9.9375
08.08.2026,02:03:48,125399,0,-0.642564,-0.61,0,-19,-10.3125,166.8125,0.093382,0,0,31.09636,0,0,1000,-50,11.8125
08.08.2026,02:03:48,125505,0,0.255423,-0.13,2.39,-19.0625,-10.125,166.75,0.02774,0,0,31.10539,0,0,1000,-50,12.1875
08.08.2026,02:03:48,125611,0,-0.525469,0.33,1.91,-18.6875,-12.3125,166.8125,-0.020949,0,0,31.1033,0,0,1000,-50,10.75
08.08.2026,02:03:48,125717,0,0.645314,-0.1,-0.81,-18.25,-9.125,167.3125,-0.003418,0,0,31.10295,0,0,1000,-50,9.625
08.08.2026,02:03:48,125823,0,0.95392,-0.9,-2.68,-17.9375,-8.5,167.4375,0.043354,0,0,31.10729,0,0,1000,-50,9.21875
08.08.2026,02:03:48,125929,0,0.110981,-0.7,-1.74,-17.1875,-9.5625,167.875,0.091396,0,0,31.11643,0,0,1000,-50,5.78125
08.08.2026,02:03:48,126035,0,-0.241161,-0.25,0.61,-16.5625,-10,169.0625,0.066631,0,0,31.12309,0,0,1000,-50,4.375
08.08.2026,02:03:48,126141,0,0.187918,-0.11,3.4,-16.3125,-10.4375,170.25,0.028624,0,0,31.12596,0,0,1000,-50,3.9375
08.08.2026,02:03:48,126247,0,1.086659,-0.83,0.19,-17.4375,-11.625,171.125,0.039155,0,0,31.12987,0,0,1000,-50,6.375
08.08.2026,02:03:48,126353,0,0.842898,-0.8,-1.53,-17.75,-12.3125,172.0625,0.116973,0,0,31.14157,0,0,1000,-50,8.25
08.08.2026,02:03:48,126459,0,0.297744,-0.93,-2.19,-18.125,-14.25,172.875,0.160271,0,0,31.1576,0,0,1000,-50,8.625
08.08.2026,02:03:48,126565,0,-0.607631,-0.81,0.17,-19,-15.5,173.1875,0.167139,0,0,31.17431,0,0,1000,-50,12.78125
08.08.2026,02:03:48,126671,0,-0.090503,0.05,1.87,-19.375,-14.875,172.875,0.089305,0,0,31.18324,0,0,1000,-50,13.125
08.08.2026,02:03:48,126777,0,-0.532241,0.24,1.31,-18.625,-17.375,171.75,0.054066,0,0,31.18865,0,0,1000,-50,11.25
08.08.2026,02:03:48,126883,0,0.255787,-0.25,-0.39,-18.4375,-16.3125,170.875,0.061301,0,0,31.19478,0,0,1000,-50,10.125
08.08.2026,02:03:48,126989,0,1.085295,-0.78,-2.35,-19.125,-13.5625,169.9375,0.01532,0,0,31.19631,0,0,1000,-50,11.625
08.08.2026,02:03:48,127095,0,0.30284,-0.38,-1.85,-19.5,-13.9375,169.6875,0.076334,0,0,31.20394,0,0,1000,-50,13.65625
08.08.2026,02:03:48,127201,0,-0.120765,0.3,0,-19.0625,-13.8125,170.375,0.080696,0,0,31.22322,0,0,1000,-50,11.25
08.08.2026,02:03:48,127307,0,-0.10336,0,2.82,-17.1875,-13.625,170.8125,0.020438,0,0,31.22527,0,0,1000,-50,6.625
08.08.2026,02:03:48,127413,0,0.595983,-0.67,1.19,-17.0625,-16.125,170.8125,0.033085,0,0,31.22858,0,0,1000,-50,6.8125
08.08.2026,02:03:48,127519,0,-0.055081,-0.98,-0.19,-18.5,-15.1875,171.25,0.042716,0,0,31.23285,0,0,1000,-50,11.59375
08.08.2026,02:03:48,127625,0,0.603545,-0.84,-2.32,-19.75,-12.9375,171,0.047383,0,0,31.23759,0,0,1000,-50,15.1875
08.08.2026,02:03:48,127731,0,0.219919,-0.72,-1.33,-21.0625,-11.875,171.375,0.065396,0,0,31.24413,0,0,1000,-50,17.8125
08.08.2026,02:03:48,127837,0,0.218031,-0.26,1.18,-20.875,-12.5625,171.3125,0.058693,0,0,31.25,0,0,1000,-50,18
08.08.2026,02:03:48,127943,0,-0.083254,0.6,2.9,-19.9375,-13.8125,171.25,0.039966,0,0,31.25399,0,0,1000,-50,15.9375
08.08.2026,02:03:48,128049,0,1.316271,0.03,-0.18,-18.4375,-14.0625,171.0625,0.014776,0,0,31.25547,0,0,1000,-50,8.75
08.08.2026,02:03:48,128155,0,0.513165,-0.36,-0.91,-17.75,-13.375,170.4375,0.096607,0,0,31.26513,0,0,1000,-50,7.9375
08.08.2026,02:03:48,128261,0,0.249503,-0.83,-2.26,-17.5,-13.8125,169,0.113854,0,0,31.27652,0,0,1000,-50,7.71875
08.08.2026,02:03:48,128367,0,-0.254702,-0.1,-0.35,-17.25,-14.8125,168.75,0.130789,0,0,31.2896,0,0,1000,-50,6.59375
08.08.2026,02:03:48,128473,0,0.342364,0.19,1.64,-16.8125,-14.5,168.9375,0.09123,0,0,31.29872,0,0,1000,-50,4.96875
08.08.2026,02:03:48,128579,0,-0.240335,-0.28,3.16,-16.375,-16,168.4375,0.083923,0,0,31.30711,0,0,1000,-50,4.125
08.08.2026,02:03:48,128685,0,0.929247,-0.68,0,-17.8125,-14.625,168.625,0.012995,0,0,31.30841,0,0,1000,-50,10.46875
08.08.2026,02:03:48,128791,0,1.066429,-0.57,-2.75,-19.375,-14.625,169.375,0.087637,0,0,31.31717,0,0,1000,-50,12.5625
08.08.2026,02:03:48,128897,0,-0.327895,-0.83,-1.39,-19.75,-16.5625,169.8125,0.134463,0,0,31.33062,0,0,1000,-50,13.875
08.08.2026,02:03:48,129003,0,0.137319,-0.71,0.97,-19.875,-16.125,169.6875,0.08567,0,0,31.35407,0,0,1000,-50,14.4375
08.08.2026,02:03:48,129109,0,-0.355436,0.21,2.56,-20,-16.625,168.875,0.043524,0,0,31.35843,0,0,1000,-50,15.375
08.08.2026,02:03:48,129215,0,1.382666,0.44,-0.35,-18.625,-15.25,167.75,0.0155,0,0,31.35998,0,0,1000,-50,11.25
08.08.2026,02:03:48,129321,0,0.300039,-0.23,-0.57,-18.25,-14,167,0.081703,0,0,31.36815,0,0,1000,-50,9.40625
08.08.2026,02:03:48,129427,0,1.366607,-0.83,-2.7,-18.6875,-13.25,166.75,0.106733,0,0,31.37882,0,0,1000,-50,10.875
08.08.2026,02:03:48,129533,0,-0.048472,-0.07,-0.83,-18.3125,-15.25,166.875,0.157946,0,0,31.39462,0,0,1000,-50,9.46875
08.08.2026,02:03:48,129639,0,0.098415,0.04,2.11,-17.125,-15,167.375,0.096789,0,0,31.40429,0,0,1000,-50,4.8125
08.08.2026,02:03:48,129745,0,0.285719,-0.26,1.46,-16.5625,-17.8125,167.125,0.083846,0,0,31.41268,0,0,1000,-50,4.15625
08.08.2026,02:03:48,129851,0,0.633283,-0.83,0.27,-17.75,-17.125,167.5625,0.075753,0,0,31.42026,0,0,1000,-50,9.65625
08.08.2026,02:03:48,129957,0,1.030143,-0.72,-2.11,-18.5,-16.5625,167.9375,0.097644,0,0,31.43002,0,0,1000,-50,10.96875
08.08.2026,02:03:48,130063,0,0.595415,-0.89,-2.22,-19.25,-17.6875,168.125,0.147035,0,0,31.44472,0,0,1000,-50,13.375
08.08.2026,02:03:48,130169,0,-0.469738,-0.65,-0.11,-20,-18.0625,167.4375,0.160248,0,0,31.46075,0,0,1000,-50,15
08.08.2026,02:03:48,130275,0,-0.142489,0.26,3.12,-19.875,-16.8125,164.875,0.085545,0,0,31.4693,0,0,1000,-50,15.1875
08.08.2026,02:03:48,130381,0,0.326085,0.55,0.73,-19.125,-19.125,162.8125,0.04434,0,0,31.47374,0,0,1000,-50,13.125
08.08.2026,02:03:48,130487,0,0.465108,0.05,-0.32,-18.4375,-16.75,161.5,0.030392,0,0,31.47678,0,0,1000,-50,9.84375
08.08.2026,02:03:48,130593,0,1.683411,-0.68,-2.63,-18.25,-15.375,160.75,0.05275,0,0,31.48205,0,0,1000,-50,9.59375
08.08.2026,02:03:48,130699,0,-0.190514,-0.41,-0.79,-17.4375,-17.6875,161.5625,0.12206,0,0,31.49426,0,0,1000,-50,7.78125
08.08.2026,02:03:48,130805,0,-0.835943,0.27,1.95,-16.9375,-18.1875,162.75,0.075182,0,0,31.51866,0,0,1000,-50,6.0625
08.08.2026,02:03:48,130911,0,0.27164,0.05,2.25,-16.4375,-17.9375,163.4375,-0.009951,0,0,31.51766,0,0,1000,-50,4.15625
08.08.2026,02:03:48,131017,0,0.02196,-0.26,1.07,-16.8125,-20.4375,164.0625,-0.018014,0,0,31.51586,0,0,1000,-50,6.0625
08.08.2026,02:03:48,131123,0,0.352539,-0.77,-0.76,-17.6875,-17.5,165.5625,-0.037933,0,0,31.51207,0,0,1000,-50,8.53125
08.08.2026,02:03:48,131229,0,1.602588,-0.83,-2.67,-17.75,-14.8125,166.6875,0.036415,0,0,31.51571,0,0,1000,-50,8.0625
08.08.2026,02:03:48,131335,0,0.278017,-1.1,-0.4,-18.375,-16.0625,166.0625,0.142123,0,0,31.52992,0,0,1000,-50,9.1875
08.08.2026,02:03:48,131441,0,-0.925434,-0.12,2.33,-19.25,-17.6875,164.25,0.107344,0,0,31.54066,0,0,1000,-50,11.8125
08.08.2026,02:03:48,131547,0,0.584875,0.46,1.38,-19.8125,-16.375,162.625,-0.009622,0,0,31.5397,0,0,1000,-50,14.25
08.08.2026,02:03:48,131653,0,-0.2447,0.78,0.32,-19.375,-18.875,161.75,-0.013209,0,0,31.53837,0,0,1000,-50,12.5
08.08.2026,02:03:48,131759,0,0.827059,-0.39,-1.81,-18.625,-13.9375,162.125,-0.054701,0,0,31.5329,0,0,1000,-50,10.9375
08.08.2026,02:03:48,131865,0,1.03794,-0.78,-2.48,-17.75,-14.3125,162.625,-0.027403,0,0,31.53016,0,0,1000,-50,9.375
08.08.2026,02:03:48,131971,0,-0.4138,-0.11,-0.14,-16.4375,-15.5,163.5,0.054095,0,0,31.53557,0,0,1000,-50,3.21875
08.08.2026,02:03:48,132077,0,-0.824115,0.2,2.73,-15.1875,-14.8125,164.125,0.009822,0,0,31.53655,0,0,1000,-50,-0.53125
08.08.2026,02:03:48,132183,0,0.788802,-0.48,1.38,-16.125,-14.3125,164.25,-0.090724,0,0,31.52748,0,0,1000,-50,1.9375
08.08.2026,02:03:48,132289,0,0.44225,-0.97,-0.76,-18.125,-13.8125,165.0625,-0.10722,0,0,31.51676,0,0,1000,-50,7.125
08.08.2026,02:03:48,132395,0,1.173439,-0.83,-2.25,-18.5625,-11.25,165.6875,-0.036988,0,0,31.51306,0,0,1000,-50,10.6875
08.08.2026,02:03:48,132501,0,0.884034,-0.85,-1.93,-18.4375,-9.875,166.25,0.07957,0,0,31.51917,0,0,1000,-50,10.5
08.08.2026,02:03:48,132607,0,-0.858525,-0.94,0.6,-18.5625,-11.875,166,0.03967,0,0,31.52314,0,0,1000,-50,10.84375
08.08.2026,02:03:48,132713,0,-0.388431,-0.3,2.47,-19.25,-12.0625,164.9375,-0.042588,0,0,31.51888,0,0,1000,-50,12.375
08.08.2026,02:03:48,132819,0,0.543949,0.11,0.45,-19.3125,-12.3125,164.625,-0.073996,0,0,31.51148,0,0,1000,-50,12.9375
08.08.2026,02:03:48,132925,0,0.454825,-0.47,0.05,-18.6875,-10.25,164.875,-0.02724,0,0,31.50875,0,0,1000,-50,12
08.08.2026,02:03:48,133031,0,0.785247,-1.08,-1.98,-17.9375,-10.3125,165.125,-0.013146,0,0,31.50744,0,0,1000,-50,8.1875
08.08.2026,02:03:48,133137,0,0.204499,-1.04,-1.75,-17,-11.5625,165.5,0.02327,0,0,31.50977,0,0,1000,-50,5.375
08.08.2026,02:03:48,133243,0,-1.055416,0.18,2.11,-16.5,-13.8125,165.8125,-0.002635,0,0,31.5095,0,0,1000,-50,5.09375
08.08.2026,02:03:48,133349,0,-0.132027,-0.01,2.6,-15.3125,-14,165.125,-0.105387,0,0,31.49896,0,0,1000,-50,1.09375
08.08.2026,02:03:48,133455,0,1.341494,-0.54,0.44,-15.5,-13,165,-0.109491,0,0,31.48802,0,0,1000,-50,2.4375
08.08.2026,02:03:48,133561,0,0.242293,-0.69,-0.58,-16.75,-13.25,165.8125,-0.024863,0,0,31.48553,0,0,1000,-50,6.03125
08.08.2026,02:03:48,133667,0,0.912588,-1.1,-2.81,-17.5625,-14.0625,166.0625,-0.009162,0,0,31.48461,0,0,1000,-50,8.625
08.08.2026,02:03:48,133773,0,-0.078683,-0.65,0.04,-19.125,-15.3125,164.75,0.039527,0,0,31.48857,0,0,1000,-50,11.0625
08.08.2026,02:03:48,133879,0,-0.268675,0,3,-19.6875,-15.6875,163.0625,-0.000259,0,0,31.48854,0,0,1000,-50,14.0625
08.08.2026,02:03:48,133985,0,0.471765,0.77,0.94,-18.5625,-16.875,161.625,-0.013678,0,0,31.48717,0,0,1000,-50,12
08.08.2026,02:03:48,134091,0,0.562747,0.03,-0.74,-17.5625,-16.625,161.0625,-0.030541,0,0,31.48412,0,0,1000,-50,7.21875
08.08.2026,02:03:48,134197,0,0.992358,-0.94,-2.24,-18.25,-15.5,161.25,0.012087,0,0,31.48533,0,0,1000,-50,10.375
08.08.2026,02:03:48,134303,0,0.000731,-0.47,-1.13,-18.125,-16.8125,161.4375,0.080538,0,0,31.49844,0,0,1000,-50,9.4375
08.08.2026,02:03:48,134409,0,-0.231859,0.12,0.66,-17.875,-16.6875,162.3125,0.025836,0,0,31.50103,0,0,1000,-50,8.46875
08.08.2026,02:03:48,134515,0,-0.85269,0.12,3.49,-18,-17.75,163,-0.01131,0,0,31.4999,0,0,1000,-50,9.15625
08.08.2026,02:03:48,134621,0,1.327674,-0.94,0.33,-18.3125,-17.1875,163.5,-0.050103,0,0,31.49488,0,0,1000,-50,10.40625
08.08.2026,02:03:48,134727,0,0.439286,-0.83,-0.8,-19.8125,-16.375,165.0625,-0.00009,0,0,31.49487,0,0,1000,-50,13.3125
08.08.2026,02:03:48,134833,0,1.068432,-1.07,-2.63,-20.625,-15.4375,166.25,0.026554,0,0,31.49753,0,0,1000,-50,15.9375
08.08.2026,02:03:48,134939,0,0.045485,-1,-0.89,-21.25,-16.4375,166.8125,0.091658,0,0,31.5067,0,0,1000,-50,18.375
08.08.2026,02:03:48,135045,0,-0.346212,-0.44,1.93,-21.1875,-16.25,166.5625,0.052767,0,0,31.51197,0,0,1000,-50,18.75
08.08.2026,02:03:48,135151,0,-0.075715,0.15,2.22,-20.5625,-16.8125,165.875,-0.015448,0,0,31.51043,0,0,1000,-50,16.21875
08.08.2026,02:03:48,135257,0,0.835608,-0.27,-0.39,-19.6875,-15.25,165.5625,-0.041143,0,0,31.50632,0,0,1000,-50,14.625
08.08.2026,02:03:48,135363,0,0.945287,-0.8,-1.6,-19.6875,-13.25,165.375,0.009981,0,0,31.50731,0,0,1000,-50,13.6875
08.08.2026,02:03:48,135469,0,0.393632,-0.77,-1.82,-19.6875,-13.5625,165.375,0.051461,0,0,31.51246,0,0,1000,-50,14.25
08.08.2026,02:03:48,135575,0,-0.279118,-0.29,-0.48,-19.0625,-14.375,166,0.085518,0,0,31.52101,0,0,1000,-50,11.71875
08.08.2026,02:03:48,135681,0,0.47986,0.13,1.22,-18,-14.5,166.6875,0.031767,0,0,31.52419,0,0,1000,-50,8.21875
08.08.2026,02:03:48,135787,0,0.799242,-0.42,1.54,-17.3125,-15.625,167.375,0.019226,0,0,31.52611,0,0,1000,-50,6.625
08.08.2026,02:03:48,135893,0,0.290125,-0.4,0.46,-18.3125,-15.4375,168.3125,-0.027465,0,0,31.52337,0,0,1000,-50,8.8125
08.08.2026,02:03:48,135999,0,1.279345,-0.67,-2.2,-18.8125,-13.6875,169.125,0.024266,0,0,31.52579,0,0,1000,-50,11.4375
08.08.2026,02:03:48,136105,0,0.008057,-0.92,-1.28,-19.1875,-14.375,169.3125,0.092634,0,0,31.53906,0,0,1000,-50,13.1875
08.08.2026,02:03:48,136211,0,-0.175855,-0.95,0.56,-20.9375,-14,168.6875,0.029031,0,0,31.54196,0,0,1000,-50,15.9375
08.08.2026,02:03:48,136317,0,-0.235759,0.42,2.66,-21.625,-13.625,167.8125,-0.00299,0,0,31.54166,0,0,1000,-50,19.875
08.08.2026,02:03:48,136423,0,0.375618,0.6,0.44,-20.75,-15.25,166.75,-0.042831,0,0,31.53738,0,0,1000,-50,18.1875
08.08.2026,02:03:48,136529,0,0.615627,-0.13,-0.45,-19.875,-12.9375,166.625,-0.00028,0,0,31.53735,0,0,1000,-50,14.15625
08.08.2026,02:03:48,136635,0,1.514592,-1.21,-2.26,-19.5625,-11.9375,166.1875,0.0322,0,0,31.54057,0,0,1000,-50,13.375
08.08.2026,02:03:48,136741,0,-0.168912,-0.64,-0.87,-18.75,-15.1875,165.875,0.108969,0,0,31.55147,0,0,1000,-50,11
08.08.2026,02:03:48,136847,0,-0.930931,-0.12,1.29,-18.6875,-16.125,166.0625,0.062771,0,0,31.55774,0,0,1000,-50,11.0625
08.08.2026,02:03:48,136953,0,0.410501,-0.17,2.16,-18.8125,-14.875,165.8125,-0.044532,0,0,31.55329,0,0,1000,-50,11.59375
08.08.2026,02:03:48,137059,0,0.792035,-0.39,0.57,-19.125,-15.375,165.3125,-0.047714,0,0,31.54852,0,0,1000,-50,12.84375
08.08.2026,02:03:48,137165,0,0.192238,-0.54,-0.37,-19.8125,-14.125,166.5625,-0.006295,0,0,31.54789,0,0,1000,-50,14.75
08.08.2026,02:03:48,137271,0,0.862004,-1.22,-2.4,-20.25,-14.0625,169.125,0.007278,0,0,31.54862,0,0,1000,-50,15.1875
08.08.2026,02:03:48,137377,0,-0.040288,-1.1,-0.43,-20.875,-16,169.9375,0.071283,0,0,31.55575,0,0,1000,-50,17.25
08.08.2026,02:03:48,137483,0,-0.962195,0,3.13,-20.9375,-16.5625,169.375,0.05928,0,0,31.56167,0,0,1000,-50,18
08.08.2026,02:03:48,137589,0,0.608772,0.83,1.6,-19.9375,-16.4375,168.625,-0.03007,0,0,31.55867,0,0,1000,-50,15.9375
08.08.2026,02:03:48,137695,0,1.540573,0.14,-0.94,-18.625,-15.625,168.375,-0.055992,0,0,31.55307,0,0,1000,-50,9.625
08.08.2026,02:03:48,137801,0,0.718222,-0.79,-2.63,-18.3125,-18.375,167.5,0.103027,0,0,31.57068,0,0,1000,-50,10.125
08.08.2026,02:03:48,137907,0,-0.055091,-0.39,-1.21,-17.9375,-19.75,166.6875,0.109126,0,0,31.58159,0,0,1000,-50,8.875
08.08.2026,02:03:48,138013,0,0.3414,0.34,1.45,-17.8125,-18,166.4375,0.053523,0,0,31.58694,0,0,1000,-50,8.4375
08.08.2026,02:03:48,138119,0,-0.550321,0.13,3.61,-17.875,-18.4375,166,0.058665,0,0,31.59281,0,0,1000,-50,8.9375
08.08.2026,02:03:48,138225,0,1.408446,-1.17,-0.48,-19.875,-18.625,166,-0.020325,0,0,31.59078,0,0,1000,-50,14.15625
08.08.2026,02:03:48,138331,0,0.55694,-1.13,-1.11,-21.125,-18.3125,166.75,0.046842,0,0,31.59546,0,0,1000,-50,17.8125
08.08.2026,02:03:48,138437,0,1.144463,-1.16,-2.62,-20.9375,-16.9375,167.75,0.077024,0,0,31.60316,0,0,1000,-50,18.1875
08.08.2026,02:03:48,138543,0,0.280301,-1.06,-0.79,-20.75,-16.6875,167.9375,0.129418,0,0,31.6161,0,0,1000,-50,17.09375
08.08.2026,02:03:48,138649,0,-0.102587,-0.78,1.83,-20.9375,-16.3125,167.125,0.089823,0,0,31.62509,0,0,1000,-50,17.8125
08.08.2026,02:03:48,138755,0,0.196612,0.39,1.98,-20.4375,-15.875,165.75,0.024895,0,0,31.62757,0,0,1000,-50,17.4375
08.08.2026,02:03:48,138861,0,1.676457,-0.27,-0.89,-19,-14.625,165.3125,0.004823,0,0,31.62806,0,0,1000,-50,13.6875
08.08.2026,02:03:48,138967,0,0.603099,-0.73,-0.76,-17.8125,-14.75,164.5,0.104427,0,0,31.6385,0,0,1000,-50,7.96875
08.08.2026,02:03:48,139073,0,0.928982,-0.95,-2.08,-17.8125,-15.1875,163.8125,0.128044,0,0,31.6513,0,0,1000,-50,8.59375
08.08.2026,02:03:48,139179,0,-0.186406,-0.39,-0.59,-17.75,-16.875,163.5,0.167532,0,0,31.66806,0,0,1000,-50,8.25
08.08.2026,02:03:48,139285,0,-0.240199,0.34,2.01,-17.625,-17.5,163.6875,0.117973,0,0,31.67986,0,0,1000,-50,7.75
08.08.2026,02:03:48,139391,0,0.548469,-0.35,1.44,-17.4375,-18.75,164.125,0.041407,0,0,31.684,0,0,1000,-50,7.15625
08.08.2026,02:03:48,139497,0,0.367964,-0.89,0.7,-18,-19.875,165.375,0.015712,0,0,31.68557,0,0,1000,-50,9.78125
08.08.2026,02:03:48,139603,0,0.547411,-1,-1,-18.75,-18.75,166.8125,0.010781,0,0,31.68836,0,0,1000,-50,11.71875
08.08.2026,02:03:48,139709,0,0.754001,-0.87,-1.87,-20.125,-18.375,167.4375,0.095259,0,0,31.69789,0,0,1000,-50,15
08.08.2026,02:03:48,139815,0,-0.849137,-0.83,0.31,-21.1875,-20.5625,166.8125,0.097605,0,0,31.70765,0,0,1000,-50,18
08.08.2026,02:03:48,139921,0,-0.537862,-0.31,1.8,-21.1875,-17.5625,165.6875,-0.039648,0,0,31.70368,0,0,1000,-50,18.75
08.08.2026,02:03:48,140027,0,0.433374,0.52,1.69,-20.125,-18.8125,164.375,-0.038464,0,0,31.69984,0,0,1000,-50,16.6875
08.08.2026,02:03:48,140133,0,0.844619,0.15,-0.41,-18.125,-19.875,163.6875,-0.038699,0,0,31.69597,0,0,1000,-50,7.1875
08.08.2026,02:03:48,140239,0,0.974565,-0.46,-0.95,-16.6875,-16.0625,162.1875,0.001667,0,0,31.69613,0,0,1000,-50,4.46875
08.08.2026,02:03:48,140345,0,1.032946,-0.74,-2.16,-16.9375,-15.125,160.875,0.050359,0,0,31.70117,0,0,1000,-50,5.59375
08.08.2026,02:03:48,140451,0,0.079323,-0.08,-0.33,-17.25,-16.625,159.8125,0.112661,0,0,31.71243,0,0,1000,-50,7.0625
08.08.2026,02:03:48,140557,0,-0.403271,0.67,1.63,-17.0625,-17,159.5,0.080673,0,0,31.7205,0,0,1000,-50,5.71875
08.08.2026,02:03:48,140663,0,-0.273592,0.14,2.87,-16.4375,-17.875,159.875,0.009974,0,0,31.7215,0,0,1000,-50,3.84375
08.08.2026,02:03:48,140769,0,1.967572,-1.32,-0.78,-17.4375,-18.25,162.0625,-0.036197,0,0,31.71788,0,0,1000,-50,5.8125
08.08.2026,02:03:48,140875,0,0.73491,-1.07,-0.75,-18.4375,-18.6875,164.25,0.082783,0,0,31.72616,0,0,1000,-50,9.9375
08.08.2026,02:03:48,140981,0,1.051456,-1.01,-1.78,-18.5,-17.875,164.9375,0.107414,0,0,31.7369,0,0,1000,-50,10.3125
08.08.2026,02:03:48,141087,0,0.32608,-1,-0.36,-19,-18.6875,164.3125,0.167172,0,0,31.75362,0,0,1000,-50,12
08.08.2026,02:03:48,141193,0,-0.528862,-0.34,2.14,-19.875,-18.6875,161.9375,0.153698,0,0,31.76899,0,0,1000,-50,14.0625
08.08.2026,02:03:48,141299,0,0.798879,0.48,1.47,-19.8125,-18.25,160.3125,0.070225,0,0,31.77601,0,0,1000,-50,14.625
08.08.2026,02:03:48,141405,0,1.507524,0.3,-0.23,-18.5,-19.3125,158.5625,0.090381,0,0,31.78926,0,0,1000,-50,12.1875
08.08.2026,02:03:48,141511,0,0.224617,0.25,0.14,-17.0625,-20.375,156.3125,0.164891,0,0,31.80575,0,0,1000,-50,5.40625
08.08.2026,02:03:48,141617,0,1.209315,-0.29,-1.68,-16.875,-19.4375,154.25,0.163167,0,0,31.82207,0,0,1000,-50,5.625
08.08.2026,02:03:48,141723,0,0.257828,0.15,-0.49,-16.5,-19.75,152,0.194041,0,0,31.84147,0,0,1000,-50,4.40625
08.08.2026,02:03:48,141829,0,-0.366936,0.53,1.14,-16.0625,-20.75,151.4375,0.148159,0,0,31.85629,0,0,1000,-50,3.25
08.08.2026,02:03:48,141935,0,0.770556,-0.22,1.5,-15.5625,-20,152,0.077976,0,0,31.86409,0,0,1000,-50,1.0625
08.08.2026,02:03:48,142041,0,1.017624,-0.47,0.81,-15.25,-22.1875,152.0625,0.091197,0,0,31.87321,0,0,1000,-50,0.75
08.08.2026,02:03:48,142147,0,1.292879,-0.57,-0.9,-16.9375,-24.5,152.5625,0.147537,0,0,31.88796,0,0,1000,-50,7.21875
08.08.2026,02:03:48,142253,0,-0.282905,-0.45,0.43,-17.9375,-25.6875,152.5,0.179896,0,0,31.90595,0,0,1000,-50,8.8125
08.08.2026,02:03:48,142359,0,0.773683,-0.55,-0.48,-17.75,-23.25,152.1875,0.106095,0,0,31.91656,0,0,1000,-50,8.25
08.08.2026,02:03:48,142465,0,0.490258,-0.73,-0.11,-17.3125,-21.625,151.4375,0.106504,0,0,31.92721,0,0,1000,-50,7.5
08.08.2026,02:03:48,142571,0,-0.013201,-0.7,1.14,-17.625,-19.8125,149.125,0.107571,0,0,31.93797,0,0,1000,-50,8.34375
08.08.2026,02:03:48,142677,0,0.614801,0.06,0.68,-18,-19,144.375,0.062142,0,0,31.94418,0,0,1000,-50,8.96875
08.08.2026,02:03:48,142783,0,0.762437,0.37,-0.5,-18.1875,-20.375,141.3125,0.073508,0,0,31.95153,0,0,1000,-50,9.875
08.08.2026,02:03:48,142889,0,0.889583,0.44,-0.9,-18,-19.3125,139.5625,0.088762,0,0,31.96041,0,0,1000,-50,9
08.08.2026,02:03:48,142995,0,0.326048,0.93,-0.18,-17.75,-18.25,138.375,0.109909,0,0,31.9714,0,0,1000,-50,7.625
08.08.2026,02:03:48,143101,0,-0.017639,0.53,0.16,-17.4375,-18.25,138.3125,0.048952,0,0,31.98776,0,0,1000,-50,7.3125
08.08.2026,02:03:48,143207,0,-0.370581,0.14,0.13,-17.375,-19.125,139,0.042553,0,0,31.99201,0,0,1000,-50,7.125
08.08.2026,02:03:48,143313,0,-0.199888,-0.23,-0.16,-17.25,-19,138.8125,-0.02157,0,0,31.98986,0,0,1000,-50,7.125
08.08.2026,02:03:48,143419,0,0.062328,-0.17,-0.45,-16.5625,-16.4375,136.6875,-0.068901,0,0,31.98297,0,0,1000,-50,5.625
08.08.2026,02:03:48,143525,0,0.285558,0.43,-0.27,-15.875,-13.25,134.0625,-0.100453,0,0,31.97292,0,0,1000,-50,3
08.08.2026,02:03:48,143631,0,0.428467,-0.02,0.4,-15.75,-10.4375,131.6875,-0.090444,0,0,31.96388,0,0,1000,-50,2.40625
08.08.2026,02:03:48,143737,0,0.38994,-0.54,0.71,-16.1875,-8,129.125,-0.045827,0,0,31.95929,0,0,1000,-50,3.5
08.08.2026,02:03:48,143843,0,-0.14945,-0.06,0.39,-16.5625,-7.8125,126.9375,-0.018959,0,0,31.9574,0,0,1000,-50,4.125
08.08.2026,02:03:48,143949,0,-0.277652,-0.2,-0.08,-17,-9.125,125.6875,-0.055915,0,0,31.95181,0,0,1000,-50,5.8125
08.08.2026,02:03:48,144055,0,-0.50428,-0.36,-0.25,-17,-10.25,125.6875,-0.104863,0,0,31.94132,0,0,1000,-50,5.84375
08.08.2026,02:03:48,144161,0,-0.428956,-0.36,0.04,-16.5,-10.125,126.625,-0.165555,0,0,31.92476,0,0,1000,-50,4.03125
08.08.2026,02:03:48,144267,0,0.587933,-0.24,-0.49,-16.25,-9.25,129.8125,-0.214234,0,0,31.90334,0,0,1000,-50,3.59375
08.08.2026,02:03:48,144373,0,-0.465566,-0.06,-0.13,-15.75,-11.5,133,-0.202161,0,0,31.88312,0,0,1000,-50,1.46875
08.08.2026,02:03:48,144479,0,-0.798914,-0.13,-0.05,-15.25,-13.375,135.75,-0.20688,0,0,31.86244,0,0,1000,-50,0.4375
08.08.2026,02:03:48,144585,0,-0.339758,-0.31,-0.47,-15.25,-12.8125,138.4375,-0.284704,0,0,31.83397,0,0,1000,-50,0.90625
08.08.2026,02:03:48,144691,0,-0.329665,-0.18,-0.28,-15.75,-11.1875,140.125,-0.313874,0,0,31.80258,0,0,1000,-50,2.25
08.08.2026,02:03:48,144797,0,-0.168962,-0.15,-0.28,-16.8125,-7.4375,141.125,-0.332855,0,0,31.76929,0,0,1000,-50,4.6875
08.08.2026,02:03:48,144903,0,-0.188066,-0.12,-0.23,-17.3125,-4.5,141.75,-0.334915,0,0,31.70192,0,0,1000,-50,6.5625
08.08.2026,02:03:48,145009,0,0.012704,-0.19,-0.33,-17.0625,-1.375,142.3125,-0.324565,0,0,31.66946,0,0,1000,-50,5.71875
08.08.2026,02:03:48,145115,0,-0.096859,-0.12,-0.48,-16.3125,1.5,142.5,-0.316069,0,0,31.63785,0,0,1000,-50,3.15625
08.08.2026,02:03:48,145221,0,0.582815,-0.15,-0.47,-15.25,5.0625,142.875,-0.295729,0,0,31.60828,0,0,1000,-50,0.875
08.08.2026,02:03:48,145327,0,0.270594,-0.31,-0.3,-14.3125,6.25,143.3125,-0.241905,0,0,31.58409,0,0,1000,-50,-3
08.08.2026,02:03:48,145433,0,0.387243,-0.47,-1.01,-13.5,5.875,144.0625,-0.20677,0,0,31.56341,0,0,1000,-50,-4.96875
08.08.2026,02:03:48,145539,0,-0.516797,-0.15,-0.49,-12.8125,3.0625,144.9375,-0.18534,0,0,31.54488,0,0,1000,-50,-7.03125
08.08.2026,02:03:48,145645,0,-0.6484,-0.09,0.04,-12.3125,2.1875,145.8125,-0.261134,0,0,31.51876,0,0,1000,-50,-8.375
08.08.2026,02:03:48,145751,0,-0.478703,-0.1,0.58,-12.5,5.4375,147.4375,-0.301542,0,0,31.48861,0,0,1000,-50,-7.6875
08.08.2026,02:03:48,145857,0,0.510237,-0.29,-1.1,-12.6875,7.9375,148.25,-0.278006,0,0,31.46081,0,0,1000,-50,-7.125
08.08.2026,02:03:48,145963,0,-0.602134,-0.17,-0.79,-12.9375,8.5,148.75,-0.23727,0,0,31.43708,0,0,1000,-50,-6.5625
08.08.2026,02:03:48,146069,0,-0.143452,-0.06,-1.03,-12.75,11.6875,149.6875,-0.269964,0,0,31.41009,0,0,1000,-50,-6.1875
08.08.2026,02:03:48,146175,0,1.375694,0.62,0.08,-11.6875,15.375,151.5625,-0.284413,0,0,31.38165,0,0,1000,-50,-10.875
08.08.2026,02:03:48,146281,0,0.081867,-0.09,0.63,-9.5625,14.75,153.5,-0.191966,0,0,31.36245,0,0,1000,-50,-15.90625
08.08.2026,02:03:48,146387,0,0.287628,-0.46,0.19,-8.375,14.0625,154.125,-0.179152,0,0,31.34453,0,0,1000,-50,-19.125
08.08.2026,02:03:48,146493,0,-0.097524,-0.78,0.36,-8.625,12.5625,154.125,-0.150765,0,0,31.32946,0,0,1000,-50,-18.5
08.08.2026,02:03:48,146599,0,0.047552,-0.5,-0.21,-11,11.375,153.75,-0.157855,0,0,31.31367,0,0,1000,-50,-9.03125
08.08.2026,02:03:48,146705,0,-0.342017,0.01,-0.34,-13.3125,11,153.875,-0.169332,0,0,31.28123,0,0,1000,-50,-4.5625
08.08.2026,02:03:48,146811,0,-0.375381,-0.61,-0.6,-12.8125,12.5625,155.5,-0.206376,0,0,31.2606,0,0,1000,-50,-5.625
08.08.2026,02:03:48,146917,0,0.701646,-0.28,-0.56,-11.375,15.375,157.625,-0.218515,0,0,31.23874,0,0,1000,-50,-9.375
08.08.2026,02:03:48,147023,0,0.297421,-0.26,-0.12,-10.4375,16.625,158.4375,-0.179589,0,0,31.22079,0,0,1000,-50,-13.125
08.08.2026,02:03:48,147129,0,-0.12751,-0.45,-0.43,-10.9375,17.5,158.6875,-0.157632,0,0,31.20502,0,0,1000,-50,-11.40625
08.08.2026,02:03:48,147235,0,-0.0423,-0.37,-0.78,-12.1875,18,159.375,-0.162009,0,0,31.18882,0,0,1000,-50,-8.8125
08.08.2026,02:03:48,147341,0,0.06285,-0.33,-0.08,-11.5,18.625,160.75,-0.160172,0,0,31.1728,0,0,1000,-50,-9.5625
08.08.2026,02:03:48,147447,0,0.247635,-0.47,-0.69,-10.0625,19,162.5,-0.148781,0,0,31.15793,0,0,1000,-50,-16.53125
08.08.2026,02:03:48,147553,0,-0.01824,-0.11,-0.21,-9.4375,19.0625,163,-0.128291,0,0,31.1451,0,0,1000,-50,-16.375
08.08.2026,02:03:48,147659,0,-0.184183,-0.09,-0.3,-11.375,17.9375,163.0625,-0.126169,0,0,31.13248,0,0,1000,-50,-8.84375
08.08.2026,02:03:48,147765,0,-0.199835,-0.13,-0.76,-15.25,15.5625,163.625,-0.135202,0,0,31.11896,0,0,1000,-50,0.3125
08.08.2026,02:03:48,147871,0,-0.225174,-0.18,-0.26,-17.5,13.25,164.5625,-0.144939,0,0,31.10447,0,0,1000,-50,8.90625
08.08.2026,02:03:48,147977,0,-0.040073,-0.1,-0.33,-18.4375,11.1875,165.6875,-0.158635,0,0,31.0886,0,0,1000,-50,10.625
08.08.2026,02:03:48,148083,0,-0.08507,0.07,-0.14,-18.6875,10.8125,167.1875,-0.155575,0,0,31.07305,0,0,1000,-50,11.21875
08.08.2026,02:03:48,148189,0,-0.32989,-0.05,-0.47,-18.875,11,168.4375,-0.161097,0,0,31.05694,0,0,1000,-50,11.59375
08.08.2026,02:03:48,148295,0,-0.324539,0.1,-0.4,-19.0625,11.125,169.3125,-0.166406,0,0,31.0403,0,0,1000,-50,12
08.08.2026,02:03:48,148401,0,-0.688673,0.06,-0.18,-19.1875,10.8125,170.25,-0.208742,0,0,31.00118,0,0,1000,-50,12.375
08.08.2026,02:03:48,148507,0,-0.421961,0.01,-0.38,-19.4375,10.8125,171.6875,-0.241655,0,0,30.97702,0,0,1000,-50,13.125
08.08.2026,02:03:48,148613,0,-0.53419,-0.27,-0.3,-19.5,10.0625,173.8125,-0.263862,0,0,30.95063,0,0,1000,-50,13.5
08.08.2026,02:03:48,148719,0,0.232332,-0.62,-0.2,-19.75,9.625,177.9375,-0.249938,0,0,30.92564,0,0,1000,-50,14.1875
08.08.2026,02:03:48,148825,0,0.50881,-0.64,-0.39,-19.9375,10.8125,181.3125,-0.201444,0,0,30.90549,0,0,1000,-50,14.25
08.08.2026,02:03:48,148931,0,0.333236,-0.68,-0.25,-19.625,12.25,185.0625,-0.137629,0,0,30.89173,0,0,1000,-50,13.25
08.08.2026,02:03:48,149037,0,0.036374,-0.68,-0.2,-18.6875,13,189,-0.097588,0,0,30.88197,0,0,1000,-50,9.96875
08.08.2026,02:03:48,149143,0,-0.090715,-0.65,-0.39,-17.625,13.6875,192.5625,-0.090534,0,0,30.87292,0,0,1000,-50,6.9375
08.08.2026,02:03:48,149249,0,-0.147653,-0.48,-0.38,-16.1875,14.375,198.375,-0.095204,0,0,30.8634,0,0,1000,-50,4.5
08.08.2026,02:03:48,149355,0,-0.404388,-0.39,-0.47,-15.875,14.25,202.125,-0.101533,0,0,30.85324,0,0,1000,-50,2.8125
08.08.2026,02:03:48,149461,0,-0.720331,-0.26,-0.04,-15.4375,13.75,206.6875,-0.12618,0,0,30.84063,0,0,1000,-50,1.6875
08.08.2026,02:03:48,149567,0,0.055113,0.25,-0.81,-15.1875,13.125,212.375,-0.16928,0,0,30.8237,0,0,1000,-50,0.40625
08.08.2026,02:03:48,149673,0,0.870049,0.88,-0.08,-15.1875,12.5,219.5,-0.153491,0,0,30.80835,0,0,1000,-50,0.5625
08.08.2026,02:03:48,149779,0,0.462474,0.34,0,-15.5,9.375,230.375,-0.075416,0,0,30.80081,0,0,1000,-50,1.125
08.08.2026,02:03:48,149885,0,0.243316,-0.34,-0.86,-16.375,9.1875,239.875,-0.026186,0,0,30.79819,0,0,1000,-50,2.8125
08.08.2026,02:03:48,149991,0,0.003732,-0.15,-0.97,-17.4375,9.6875,249.0625,-0.012927,0,0,30.7969,0,0,1000,-50,8.25
08.08.2026,02:03:48,150097,0,0.413782,-0.01,-0.39,-18.125,9.1875,256.6875,-0.001555,0,0,30.79674,0,0,1000,-47,9.84375
08.08.2026,02:03:48,150203,0,0.312209,0.3,-0.37,-18.1875,8.5,266.375,0.037678,0,0,30.80163,0,0,1000,-22.75,9.5625
08.08.2026,02:03:48,150309,0,0.250405,0.33,-1.12,-18.3125,9.1875,272.375,0.056069,0,0,30.80724,0,0,1000,2.75,9.75
08.08.2026,02:03:48,150415,0,-0.532071,-0.43,-0.01,-19.125,8.1875,277.0625,0.077018,0,0,30.81494,0,0,1000,23.25,11.4375
08.08.2026,02:03:48,150521,0,0.357929,-1.85,0.62,-20.875,8.5,281.9375,0.04613,0,0,30.81956,0,0,1000,47.75,19.1875
08.08.2026,02:03:48,150627,0,-0.073555,-1.85,0.08,-22.75,8.8125,287.9375,0.056807,0,0,30.82524,0,0,1000,50,25.4375
08.08.2026,02:03:48,150733,0,0.373514,-1.69,-0.61,-24.375,9.25,297.5625,0.034342,0,0,30.82867,0,0,1000,50,27.75
08.08.2026,02:03:48,150839,0,0.221811,-1.38,-0.32,-22.75,9.4375,305.625,0.052972,0,0,30.83397,0,0,1000,50,26.25
08.08.2026,02:03:48,150945,0,0.909636,-0.9,-0.39,-21.3125,9.5,312.0625,0.067619,0,0,30.84073,0,0,1000,50,19.5
08.08.2026,02:03:48,151051,0,0.435539,-0.78,-0.25,-20.5,9.5625,317.5625,0.127432,0,0,30.85347,0,0,1000,50,16.03125
08.08.2026,02:03:48,151157,0,0.350803,-0.55,0.93,-20.9375,9.4375,321.625,0.14726,0,0,30.8682,0,0,1000,50,18.4375
08.08.2026,02:03:48,151263,0,-1.953156,-0.33,-0.32,-22.25,7.9375,325.5625,0.123118,0,0,30.88051,0,0,1000,50,21.625
08.08.2026,02:03:48,151369,0,-0.221287,-0.25,-0.49,-22.0625,9.8125,328.6875,-0.058128,0,0,30.8747,0,0,1000,50,20.5625
08.08.2026,02:03:48,151475,0,-0.618923,-0.57,-0.9,-21.1875,8.4375,330.875,-0.073508,0,0,30.86735,0,0,1000,50,17.78125
08.08.2026,02:03:48,151581,0,0.304949,-0.31,-0.93,-20.5625,10.3125,331.5,-0.120417,0,0,30.8553,0,0,1000,50,16.21875
08.08.2026,02:03:48,151687,0,0.148092,0.03,-0.08,-20.0625,8.9375,329.9375,-0.097739,0,0,30.84553,0,0,1000,50,15.5625
08.08.2026,02:03:48,151793,0,0.760346,0,0.45,-19.6875,8.875,328.125,-0.070086,0,0,30.83852,0,0,1000,50,14.25
08.08.2026,02:03:48,151899,0,-2.118015,-0.87,0.38,-19.4375,8.375,325.4375,-0.050972,0,0,30.83343,0,0,1000,50,13.5
08.08.2026,02:03:48,152005,0,-0.446151,-1.44,0.21,-19.875,10.375,322.1875,-0.201358,0,0,30.80749,0,0,1000,50,14.0625
08.08.2026,02:03:48,152111,0,-0.949676,-0.68,-0.64,-20.8125,8.3125,319.1875,-0.237518,0,0,30.78374,0,0,1000,50,18.375
08.08.2026,02:03:48,152217,0,0.116347,-0.45,-0.97,-22,8.875,317,-0.260751,0,0,30.75767,0,0,1000,50,21.59375
08.08.2026,02:03:48,152323,0,-0.136384,-0.71,-0.38,-21.6875,7.5,315.375,-0.226037,0,0,30.73506,0,0,1000,50,20.625
08.08.2026,02:03:48,152429,0,-0.229303,-0.74,0.53,-22.3125,7.5625,314.4375,-0.220206,0,0,30.71304,0,0,1000,50,20.625
08.08.2026,02:03:48,152535,0,-2.181839,-0.27,0.57,-23.8125,7,313.75,-0.232103,0,0,30.68983,0,0,1000,50,27.6875
08.08.2026,02:03:48,152641,0,-0.740541,-0.58,-0.08,-24.75,6.5625,312.375,-0.351341,0,0,30.6547,0,0,1000,50,29.40625
08.08.2026,02:03:48,152747,0,-0.928597,-0.22,-0.84,-23,6.6875,309.9375,-0.371435,0,0,30.61755,0,0,1000,50,24.0625
08.08.2026,02:03:48,152853,0,-0.196066,-0.28,-0.9,-22.0625,7.6875,306.75,-0.389667,0,0,30.57859,0,0,1000,50,21.9375
08.08.2026,02:03:48,152959,0,-0.164559,0.11,-0.34,-21.1875,6.3125,301.1875,-0.357865,0,0,30.5428,0,0,1000,50,19.5
08.08.2026,02:03:48,153065,0,-0.284326,0.34,-0.4,-20.125,5.6875,294.1875,-0.318198,0,0,30.51098,0,0,1000,50,14.28125
08.08.2026,02:03:48,153171,0,-0.664927,0.4,0.31,-19.25,6.0625,286.6875,-0.292289,0,0,30.48175,0,0,1000,50,12.75
08.08.2026,02:03:48,153277,0,-0.085141,-1.13,-0.41,-18.3125,4.25,276.9375,-0.30432,0,0,30.45132,0,0,1000,39.25,10.3125
08.08.2026,02:03:48,153383,0,-0.565995,-1.92,0.23,-19.1875,2.5625,270.625,-0.284429,0,0,30.42288,0,0,1000,10.5,11.25
08.08.2026,02:03:48,153489,0,0.092966,-1.59,0.19,-20,0.6875,265.5,-0.278653,0,0,30.39501,0,0,1000,-21.125,16.09375
08.08.2026,02:03:48,153595,0,0.050431,-1.39,-0.01,-20.1875,-1.1875,262.5,-0.232138,0,0,30.3718,0,0,1000,-31.875,14.46875
08.08.2026,02:03:48,153701,0,-0.168544,-0.88,-0.36,-18.8125,-0.5625,259.5625,-0.154058,0,0,30.33751,0,0,1000,-40.46875,11.40625
08.08.2026,02:03:48,153807,0,0.041456,-0.49,-0.8,-17.75,-1.1875,257.125,-0.145825,0,0,30.32293,0,0,1000,-50,7.9375
08.08.2026,02:03:48,153913,0,0.266145,0.02,-1.56,-17.875,-1.6875,255.1875,-0.111807,0,0,30.31175,0,0,1000,-50,8.78125
08.08.2026,02:03:48,154019,0,0.369741,0.46,-1.62,-18.4375,-2.4375,253.6875,-0.054474,0,0,30.3063,0,0,1000,-50,11.25
08.08.2026,02:03:48,154125,0,0.691492,0.07,-1.74,-18.75,-3.5625,252.375,0.00076,0,0,30.30638,0,0,1000,-50,11.25
08.08.2026,02:03:48,154231,0,0.029067,0.14,-1.24,-18.4375,-3.8125,249.125,0.074652,0,0,30.31384,0,0,1000,-50,10.3125
08.08.2026,02:03:48,154337,0,-0.783574,0.16,-0.32,-19.375,-3.5625,246.375,0.082133,0,0,30.32206,0,0,1000,-50,12
08.08.2026,02:03:48,154443,0,0.495384,0.03,0.11,-20.6875,-2.875,244.25,0.03242,0,0,30.3253,0,0,1000,-50,16.125
08.08.2026,02:03:48,154549,0,0.283275,-0.09,1.06,-20.625,-3.25,242.8125,0.065565,0,0,30.33186,0,0,1000,-50,17.4375
08.08.2026,02:03:48,154655,0,-0.02946,-0.14,1.27,-19.5,-2.25,242.125,0.08505,0,0,30.34036,0,0,1000,-50,12.25
08.08.2026,02:03:48,154761,0,0.117723,-0.31,0.76,-18.9375,1.6875,241.4375,0.087626,0,0,30.34912,0,0,1000,-50,11.46875
08.08.2026,02:03:48,154867,0,-0.295438,-0.22,0.32,-19.625,4.625,241.125,0.098272,0,0,30.35895,0,0,1000,-50,13.21875
08.08.2026,02:03:48,154973,0,-0.588038,-0.21,0.05,-19.8125,5.8125,240.9375,0.080862,0,0,30.36704,0,0,1000,-50,14.28125
08.08.2026,02:03:48,155079,0,-0.089143,-0.01,0.02,-19.5,6.5,240.875,0.034368,0,0,30.37048,0,0,1000,-50,13.34375
08.08.2026,02:03:48,155185,0,0.040314,-0.21,0.16,-19.375,6.375,240.625,0.016884,0,0,30.37216,0,0,1000,-50,12.96875
08.08.2026,02:03:48,155291,0,0.259533,-0.2,-0.11,-18.875,7.5625,241.125,0.02428,0,0,30.37459,0,0,1000,-50,11.8125
08.08.2026,02:03:48,155397,0,-0.332042,-0.23,0.32,-19.3125,6.8125,241.125,0.048983,0,0,30.37949,0,0,1000,-50,12.375
08.08.2026,02:03:48,155503,0,-0.353757,-0.14,0.23,-19.5,6.25,240.375,0.022074,0,0,30.38703,0,0,1000,-50,13.5
08.08.2026,02:03:48,155609,0,-1.094467,-0.42,0.06,-19.3125,5.25,239.3125,-0.032426,0,0,30.38379,0,0,1000,-50,12.9375
08.08.2026,02:03:48,155715,0,-0.679802,0.25,0.44,-17.875,3.9375,238.375,-0.112633,0,0,30.37253,0,0,1000,-50,10.125
08.08.2026,02:03:48,155821,0,-0.135182,0.09,-0.2,-18,6,238.375,-0.143689,0,0,30.35816,0,0,1000,-50,8.25
08.08.2026,02:03:48,155927,0,0.808431,-0.09,-1.28,-19.3125,10.3125,238.625,-0.112359,0,0,30.34692,0,0,1000,-50,13.875
08.08.2026,02:03:48,156033,0,0.349666,-0.23,-1.02,-20.125,8.875,239.6875,-0.038388,0,0,30.34308,0,0,1000,-50,15.6875
08.08.2026,02:03:48,156139,0,1.408948,0.02,-0.66,-20.0625,8.4375,240.875,0.02233,0,0,30.34532,0,0,1000,-50,15.03125
08.08.2026,02:03:48,156245,0,0.834065,-0.25,-0.81,-20.6875,7.625,240.4375,0.151848,0,0,30.3605,0,0,1000,-50,17.125
08.08.2026,02:03:48,156351,0,0.096579,0.04,-0.28,-21.625,4.4375,238.875,0.232801,0,0,30.38378,0,0,1000,-50,20.8125
08.08.2026,02:03:48,156457,0,-0.240616,-0.02,0.12,-22.1875,2.0625,237.5625,0.223721,0,0,30.40615,0,0,1000,-50,21.875
08.08.2026,02:03:48,156563,0,-0.32664,-0.25,-0.65,-22.375,0.25,236.75,0.187358,0,0,30.42489,0,0,1000,-50,22.125
08.08.2026,02:03:48,156669,0,-0.431155,-0.17,0.48,-22.5625,-0.6875,236.5,0.140399,0,0,30.43893,0,0,1000,-50,22.84375
08.08.2026,02:03:48,156775,0,-0.154132,-0.18,-0.48,-22.875,-0.75,236.0625,0.09257,0,0,30.44818,0,0,1000,-50,23.4375
08.08.2026,02:03:48,156881,0,0.253983,-0.06,-0.24,-22.875,0.875,236.125,0.058633,0,0,30.45405,0,0,1000,-50,23.625
08.08.2026,02:03:48,156987,0,0.31177,0,-0.36,-22.8125,2.125,236.0625,0.068808,0,0,30.46093,0,0,1000,-50,23.625
08.08.2026,02:03:48,157093,0,0.038724,0.16,-0.57,-22.5625,1.625,235.5625,0.094724,0,0,30.4704,0,0,1000,-50,22.21875
08.08.2026,02:03:48,157199,0,0.195691,-0.47,-0.14,-20.5625,0.75,234.6875,0.094301,0,0,30.47983,0,0,1000,-50,17.53125
08.08.2026,02:03:48,157305,0,0.11245,-0.7,-0.03,-19.25,-0.5,233.9375,0.11097,0,0,30.50101,0,0,1000,-50,12.59375
08.08.2026,02:03:48,157411,0,-0.291119,-0.35,-0.08,-18.8125,-2.0625,233.125,0.104459,0,0,30.51145,0,0,1000,-50,11.75
08.08.2026,02:03:48,157517,0,-0.404478,0.13,-0.21,-19.6875,-3.375,232.8125,0.065597,0,0,30.51801,0,0,1000,-50,14.84375
08.08.2026,02:03:48,157623,0,0.073413,0.04,-0.22,-20.5625,-3.125,233.125,0.040565,0,0,30.52207,0,0,1000,-50,17.15625
08.08.2026,02:03:48,157729,0,0.100146,-0.15,-0.26,-20.875,-3.125,233.25,0.061031,0,0,30.52817,0,0,1000,-50,17.625
08.08.2026,02:03:48,157835,0,-0.211576,-0.19,-0.23,-20.375,-4.125,233.25,0.05353,0,0,30.53353,0,0,1000,-50,17.0625
08.08.2026,02:03:48,157941,0,-0.122665,-0.31,-0.06,-19.375,-4.1875,233.1875,0.033874,0,0,30.53691,0,0,1000,-50,14.4375
08.08.2026,02:03:48,158047,0,0.106568,-0.12,-0.23,-18.8125,-3.25,232.6875,0.023858,0,0,30.5393,0,0,1000,-50,11.125
08.08.2026,02:03:48,158153,0,-0.094446,-0.29,-0.26,-18.5625,-2.0625,232.375,0.031546,0,0,30.54246,0,0,1000,-50,10.53125
08.08.2026,02:03:48,158259,0,0.37494,-0.21,-0.67,-18.5,1.375,233.4375,0.019076,0,0,30.54436,0,0,1000,-50,10.125
08.08.2026,02:03:48,158365,0,0.683965,0.6,-0.13,-18.75,3.25,234.5,0.030314,0,0,30.54739,0,0,1000,-50,11.25
08.08.2026,02:03:48,158471,0,-0.028953,0.09,-0.75,-18.5,2.75,234.5625,0.090752,0,0,30.55647,0,0,1000,-50,10.1875
08.08.2026,02:03:48,158577,0,-0.352104,-0.1,0.06,-18.125,2.0625,234.0625,0.09798,0,0,30.56627,0,0,1000,-50,9.0625
08.08.2026,02:03:48,158683,0,-0.194117,-0.17,-0.38,-17.5,3.5,233.3125,0.062597,0,0,30.57253,0,0,1000,-50,7.75
08.08.2026,02:03:48,158789,0,0.214641,-0.41,-0.31,-16.8125,8,233.375,0.038622,0,0,30.57639,0,0,1000,-50,5.90625
08.08.2026,02:03:48,158895,0,1.063753,-0.19,-0.66,-16.5625,11.625,233.5,0.027607,0,0,30.57915,0,0,1000,-50,4.6875
08.08.2026,02:03:48,159001,0,0.201378,0.06,-0.29,-17.0625,10.375,233,0.127953,0,0,30.59933,0,0,1000,-50,5.4375
08.08.2026,02:03:48,159107,0,-0.342737,0.18,-0.56,-17.875,8.1875,232.9375,0.103443,0,0,30.60968,0,0,1000,-50,9.25
08.08.2026,02:03:48,159213,0,0.111089,-0.29,-0.16,-18.375,7.375,233.125,0.088547,0,0,30.61853,0,0,1000,-50,10.3125
08.08.2026,02:03:48,159319,0,0.347776,-0.31,-0.26,-17.75,6.5625,232.9375,0.103037,0,0,30.62883,0,0,1000,-50,9
08.08.2026,02:03:48,159425,0,-0.555182,-0.24,-0.03,-17.5625,5.375,233.1875,0.091971,0,0,30.63803,0,0,1000,-50,7.5
08.08.2026,02:03:48,159531,0,0.193421,-0.24,-0.41,-17.5625,6.5,233.3125,0.043459,0,0,30.64238,0,0,1000,-50,7.6875
08.08.2026,02:03:48,159637,0,0.721855,0,-0.14,-17.4375,7.5625,233.0625,0.048683,0,0,30.64725,0,0,1000,-50,7.3125
08.08.2026,02:03:48,159743,0,0.159185,-0.27,-0.28,-17.75,8.4375,233,0.083033,0,0,30.65555,0,0,1000,-50,7.84375
08.08.2026,02:03:48,159849,0,0.106341,-0.03,-0.44,-18.4375,8.5,233.4375,0.08846,0,0,30.66439,0,0,1000,-50,10.78125
08.08.2026,02:03:48,159955,0,-0.076399,-0.08,-0.51,-18.8125,8.25,233.625,0.0852,0,0,30.67291,0,0,1000,-50,11.75
08.08.2026,02:03:48,160061,0,0.071565,0,-0.21,-18.8125,9.375,233.875,0.063316,0,0,30.67925,0,0,1000,-50,11.28125
08.08.2026,02:03:48,160167,0,0.469644,-0.96,-2.02,-19,9.625,234.25,0.059745,0,0,30.68522,0,0,1000,-50,12
08.08.2026,02:03:48,160273,0,1.126866,-0.07,-0.93,-19.9375,8.875,235.1875,0.086365,0,0,30.69386,0,0,1000,-50,14.25
08.08.2026,02:03:48,160379,0,1.152977,0.58,-0.15,-20.25,7.3125,235.375,0.120942,0,0,30.70595,0,0,1000,-50,15.5625
08.08.2026,02:03:48,160485,0,-0.253936,-0.33,-0.5,-21.1875,4.5,235.125,0.214992,0,0,30.72745,0,0,1000,-50,17.625
08.08.2026,02:03:48,160591,0,-0.740421,-0.14,0.3,-22.75,2.875,235.1875,0.201662,0,0,30.74762,0,0,1000,-50,24.5
08.08.2026,02:03:48,160697,0,-0.754744,0.01,-0.93,-24.75,0.5625,235,0.134426,0,0,30.76106,0,0,1000,-50,28.8125
08.08.2026,02:03:48,160803,0,0.452846,0.39,-0.8,-24.1875,1.0625,235.375,0.028937,0,0,30.77145,0,0,1000,-50,29.15625
08.08.2026,02:03:48,160909,0,0.421915,0.29,0.67,-20.25,1.4375,236,0.064275,0,0,30.77788,0,0,1000,-50,19.875
08.08.2026,02:03:48,161015,0,0.049848,-0.06,0.39,-17.25,2,237,0.074001,0,0,30.78528,0,0,1000,-50,4.25
08.08.2026,02:03:48,161121,0,0.107469,-0.01,-0.56,-16.125,3,237.9375,0.080415,0,0,30.79332,0,0,1000,-50,2.59375
08.08.2026,02:03:48,161227,0,-0.067249,-0.52,-0.18,-15.375,1.75,238.5625,0.066298,0,0,30.79995,0,0,1000,-50,1.75
08.08.2026,02:03:48,161333,0,-0.168811,-0.29,0.09,-14.3125,1.1875,238.9375,0.048556,0,0,30.80481,0,0,1000,-50,-0.9375
08.08.2026,02:03:48,161439,0,0.550047,-0.72,-0.74,-12.625,1,238.9375,0.035508,0,0,30.80836,0,0,1000,-50,-5.8125
08.08.2026,02:03:48,161545,0,0.52777,-0.75,-0.63,-13.1875,1.5,239,0.070816,0,0,30.81544,0,0,1000,-50,-6.375
08.08.2026,02:03:48,161651,0,0.294826,0.15,-1.4,-15.0625,0.6875,238.6875,0.091546,0,0,30.82459,0,0,1000,-50,0.1875
08.08.2026,02:03:48,161757,0,0.402047,0.48,-0.25,-15.1875,-1.875,238.1875,0.086433,0,0,30.83324,0,0,1000,-50,0.1875
08.08.2026,02:03:48,161863,0,-0.391159,-0.03,0,-15.375,-4.5,237.875,0.099704,0,0,30.84321,0,0,1000,-50,0.75
08.08.2026,02:03:48,161969,0,0.166836,0.07,-0.36,-15.625,-5.3125,237.4375,0.062348,0,0,30.84944,0,0,1000,-50,2.03125
08.08.2026,02:03:48,162075,0,-0.264514,-0.27,-0.15,-15.625,-6.4375,237.1875,0.04197,0,0,30.85364,0,0,1000,-50,2.03125
08.08.2026,02:03:48,162181,0,0.824898,0.02,-0.41,-15.75,-6.0625,237.4375,0.018297,0,0,30.85547,0,0,1000,-50,2.25
08.08.2026,02:03:48,162287,0,-0.316001,-0.12,-0.19,-15.8125,-6.625,237.875,0.027967,0,0,30.85826,0,0,1000,-50,2.4375
08.08.2026,02:03:48,162393,0,-0.097299,-0.08,-0.25,-16,-7.75,237.125,0.04034,0,0,30.8623,0,0,1000,-50,3.15625
08.08.2026,02:03:48,162499,0,0.222152,-0.15,-0.32,-16.5625,-9.75,235.8125,0.017088,0,0,30.86401,0,0,1000,-50,5.15625
08.08.2026,02:03:48,162605,0,0.021669,-0.26,0.15,-16.8125,-12.375,235,0.020185,0,0,30.86753,0,0,1000,-50,5.75
08.08.2026,02:03:48,162711,0,0.070232,0.14,-0.14,-17.875,-14.875,234.1875,0.024492,0,0,30.86998,0,0,1000,-50,7.125
08.08.2026,02:03:48,162817,0,0.32927,0.44,-1.38,-18.75,-15.75,233.5,0.029935,0,0,30.87297,0,0,1000,-50,10.6875
08.08.2026,02:03:48,162923,0,-0.442005,0.77,1.22,-17.1875,-17.375,232.625,0.039654,0,0,30.87693,0,0,1000,-50,9
08.08.2026,02:03:48,163029,0,-0.571534,-0.64,-0.04,-16.25,-18.1875,232.25,-0.014672,0,0,30.87547,0,0,1000,-50,3.75
08.08.2026,02:03:48,163135,0,-0.169334,0.39,-0.36,-16.3125,-15.9375,232.25,-0.068402,0,0,30.86863,0,0,1000,-50,4.25
08.08.2026,02:03:48,163241,0,0.332535,-0.4,-0.09,-16.25,-14.375,232,-0.058125,0,0,30.86282,0,0,1000,-50,3.78125
08.08.2026,02:03:48,163347,0,-0.18629,0.01,-0.35,-16.375,-13.875,231.5625,-0.03655,0,0,30.85916,0,0,1000,-50,4.09375
08.08.2026,02:03:48,163453,0,-0.084635,-0.11,-0.04,-16.375,-12.625,231.5625,-0.051439,0,0,30.85402,0,0,1000,-50,4.125
08.08.2026,02:03:48,163559,0,0.557172,0.56,-0.45,-16.4375,-11.5,231.1875,-0.0562,0,0,30.8484,0,0,1000,-50,4.46875
08.08.2026,02:03:48,163665,0,-0.112414,-0.3,-0.38,-16.3125,-14.75,231.5625,-0.012885,0,0,30.84711,0,0,1000,-50,4.46875
08.08.2026,02:03:48,163771,0,-0.212751,-0.13,-0.11,-16.0625,-18.625,231.5625,0.010483,0,0,30.84816,0,0,1000,-50,3.375
08.08.2026,02:03:48,163877,0,-0.71303,-0.13,-0.1,-15.8125,-21.9375,231.25,0.008669,0,0,30.84902,0,0,1000,-50,2.625
08.08.2026,02:03:48,163983,0,-0.371457,-0.22,-0.02,-15.625,-21.8125,231.6875,-0.048917,0,0,30.84413,0,0,1000,-50,1.875
08.08.2026,02:03:48,164089,0,0.261731,-0.07,-0.15,-15.5625,-18.625,232.625,-0.099144,0,0,30.83422,0,0,1000,-50,1.6875
08.08.2026,02:03:48,164195,0,0.324369,0.03,-0.06,-15.625,-16.375,233.0625,-0.082008,0,0,30.82601,0,0,1000,-50,1.875
08.08.2026,02:03:48,164301,0,0.07593,-0.11,-0.03,-15.625,-15.4375,232.8125,-0.027905,0,0,30.81837,0,0,1000,-50,1.875
08.08.2026,02:03:48,164407,0,-0.043173,0.01,-0.16,-15.625,-14.75,232.6875,-0.025072,0,0,30.81586,0,0,1000,-50,1.875
08.08.2026,02:03:48,164513,0,0.007634,0.16,-0.15,-15.6875,-14.5,232.75,-0.026468,0,0,30.81321,0,0,1000,-50,2.21875
08.08.2026,02:03:48,164619,0,0.098485,0.19,-0.16,-15.8125,-14.3125,233.1875,-0.022222,0,0,30.81099,0,0,1000,-50,2.59375
08.08.2026,02:03:48,164725,0,0.289586,-0.03,-0.15,-15.8125,-13.6875,233.75,-0.012031,0,0,30.80979,0,0,1000,-50,2.4375
08.08.2026,02:03:48,164831,0,-0.040556,-0.28,-0.08,-15.75,-14.125,233.75,0.004423,0,0,30.81023,0,0,1000,-50,2.4375
08.08.2026,02:03:48,164937,0,-0.04061,-0.2,-0.1,-15.625,-14.875,233.625,0.00167,0,0,30.8104,0,0,1000,-50,1.71875
08.08.2026,02:03:48,165043,0,0.079509,-0.04,-0.12,-15.625,-15.5,233.625,-0.003705,0,0,30.81003,0,0,1000,-50,1.875
08.08.2026,02:03:48,165149,0,-0.00042,0,-0.13,-15.5625,-16.125,233.625,-0.002184,0,0,30.80981,0,0,1000,-50,1.6875
08.08.2026,02:03:48,165255,0,-0.07027,-0.03,-0.07,-15.625,-17.3125,233.75,-0.004679,0,0,30.80934,0,0,1000,-50,1.875
08.08.2026,02:03:48,165361,0,-0.219874,-0.24,-0.04,-15.5625,-17.625,233.6875,-0.012321,0,0,30.80811,0,0,1000,-50,1.875
08.08.2026,02:03:48,165467,0,0.340928,-0.12,-0.11,-15.625,-16.75,233.3125,-0.024929,0,0,30.80562,0,0,1000,-50,1.6875
08.08.2026,02:03:48,165573,0,0.181204,0.02,-0.16,-15.625,-16.125,232.9375,-0.008593,0,0,30.80476,0,0,1000,-50,1.875
08.08.2026,02:03:48,165679,0,-0.178679,0,-0.1,-15.625,-15.875,232.8125,-0.003624,0,0,30.8044,0,0,1000,-50,1.875
08.08.2026,02:03:48,165785,0,0.121656,-0.14,-0.13,-15.625,-15.375,232.6875,-0.010426,0,0,30.80335,0,0,1000,-50,1.875
08.08.2026,02:03:48,165891,0,0.27211,0.03,-0.17,-15.625,-14.375,232.75,-0.01412,0,0,30.80194,0,0,1000,-50,2.03125
08.08.2026,02:03:48,165997,0,0.462253,0.07,-0.2,-15.5625,-13.6875,232.9375,-0.004451,0,0,30.8015,0,0,1000,-50,1.6875
08.08.2026,02:03:48,166103,0,0.071455,-0.16,-0.14,-15.6875,-14.9375,232.6875,0.040122,0,0,30.80799,0,0,1000,-50,2.0625
08.08.2026,02:03:48,166209,0,0.109907,-0.24,-0.03,-15.5625,-16.8125,232.125,0.00799,0,0,30.80879,0,0,1000,-50,1.875
08.08.2026,02:03:48,166315,0,-0.310173,-0.12,0.08,-15.5625,-17.8125,232,0.002505,0,0,30.80904,0,0,1000,-50,1.875
08.08.2026,02:03:48,166421,0,-0.229533,-0.12,-0.11,-15.5,-17.5,231.875,-0.019896,0,0,30.80705,0,0,1000,-50,1.5
08.08.2026,02:03:48,166527,0,0.191378,-0.07,-0.13,-15.5625,-16.8125,231.625,-0.028334,0,0,30.80422,0,0,1000,-50,1.6875
08.08.2026,02:03:48,166633,0,0.07175,-0.06,-0.04,-15.5625,-17,231.3125,-0.011563,0,0,30.80306,0,0,1000,-50,1.6875
08.08.2026,02:03:48,166739,0,-0.09788,0.13,-0.17,-15.5625,-17.375,231.1875,-0.011519,0,0,30.80191,0,0,1000,-50,1.84375
08.08.2026,02:03:48,166845,0,-0.067199,-0.02,-0.11,-15.5625,-17.5,231.375,-0.021178,0,0,30.79979,0,0,1000,-50,1.6875
08.08.2026,02:03:48,166951,0,-0.066338,-0.03,-0.1,-15.5625,-17.5625,231.4375,-0.026778,0,0,30.79712,0,0,1000,-50,1.6875
08.08.2026,02:03:48,167057,0,-0.035395,-0.08,-0.08,-15.5625,-17.1875,231.3125,-0.029332,0,0,30.79418,0,0,1000,-50,1.6875
08.08.2026,02:03:48,167163,0,0.02559,-0.03,-0.07,-15.5625,-16.8125,231.3125,-0.030634,0,0,30.79112,0,0,1000,-50,1.6875
08.08.2026,02:03:48,167269,0,0.116464,-0.02,-0.1,-15.5625,-16.6875,231.1875,-0.027153,0,0,30.7884,0,0,1000,-50,1.6875
08.08.2026,02:03:48,167375,0,-0.032962,-0.05,-0.14,-15.5625,-16.8125,231.25,-0.017855,0,0,30.78662,0,0,1000,-50,1.6875
08.08.2026,02:03:48,167481,0,0.007698,-0.08,-0.08,-15.625,-16.9375,231.3125,-0.020538,0,0,30.78456,0,0,1000,-50,1.875
08.08.2026,02:03:48,167587,0,-0.021615,-0.09,-0.13,-15.5625,-16.875,231.25,-0.021369,0,0,30.78243,0,0,1000,-50,1.6875
08.08.2026,02:03:48,167693,0,0.0091,-0.04,-0.09,-15.5625,-16.75,231.0625,-0.022236,0,0,30.7802,0,0,1000,-50,1.6875
08.08.2026,02:03:48,167799,0,-0.010159,0,-0.14,-15.5625,-16.5625,231,-0.023041,0,0,30.7779,0,0,1000,-50,1.6875
08.08.2026,02:03:48,167905,0,0.030534,0.03,-0.13,-15.5625,-16.375,230.9375,-0.020776,0,0,30.77367,0,0,1000,-50,1.6875
08.08.2026,02:03:48,168011,0,0.011202,0.04,-0.12,-15.5625,-16.25,230.9375,-0.017828,0,0,30.77189,0,0,1000,-50,1.6875
08.08.2026,02:03:48,168117,0,0.011775,-0.02,-0.13,-15.5625,-16.125,231,-0.018555,0,0,30.77003,0,0,1000,-50,1.6875
08.08.2026,02:03:48,168223,0,0.04284,-0.01,-0.1,-15.5625,-15.875,231,-0.014554,0,0,30.76858,0,0,1000,-50,1.6875
08.08.2026,02:03:48,168329,0,0.003265,-0.03,-0.15,-15.5625,-15.625,231,-0.013244,0,0,30.76725,0,0,1000,-50,1.6875
08.08.2026,02:03:48,168435,0,0.103736,0,-0.1,-15.5625,-15.3125,231.0625,-0.014641,0,0,30.76579,0,0,1000,-50,1.6875
08.08.2026,02:03:48,168541,0,0.044008,0.07,-0.14,-15.625,-14.875,231.25,-0.008457,0,0,30.76494,0,0,1000,-50,2.03125
08.08.2026,02:03:48,168647,0,-0.035819,-0.04,-0.16,-15.625,-14.625,231.4375,-0.00537,0,0,30.7644,0,0,1000,-50,1.875
08.08.2026,02:03:48,168753,0,0.134457,-0.08,-0.08,-15.6875,-14.375,231.3125,-0.008573,0,0,30.76355,0,0,1000,-50,1.875
08.08.2026,02:03:48,168859,0,0.064518,0,0,-15.75,-13.75,231.125,-0.001907,0,0,30.76336,0,0,1000,-50,2.0625
08.08.2026,02:03:48,168965,0,0.124353,0.04,-0.26,-15.75,-12.75,231.3125,0.005138,0,0,30.76387,0,0,1000,-50,2.25
08.08.2026,02:03:48,169071,0,0.144058,-0.05,-0.1,-15.75,-12.375,231.5,0.009162,0,0,30.76479,0,0,1000,-50,2.25
08.08.2026,02:03:48,169177,0,-0.016578,-0.02,-0.14,-15.6875,-12.875,231.3125,0.019766,0,0,30.76676,0,0,1000,-50,1.90625
08.08.2026,02:03:48,169283,0,0.042742,-0.05,-0.17,-15.6875,-13,231.3125,0.021147,0,0,30.76888,0,0,1000,-50,2.0625
08.08.2026,02:03:48,169389,0,0.102333,-0.08,-0.11,-15.6875,-12.9375,231.3125,0.012733,0,0,30.77015,0,0,1000,-50,2.0625
08.08.2026,02:03:48,169495,0,0.041882,-0.11,-0.1,-15.6875,-13.1875,231.3125,0.014035,0,0,30.77155,0,0,1000,-50,2.0625
08.08.2026,02:03:48,169601,0,-0.178727,-0.13,-0.14,-15.6875,-13.4375,231.3125,0.01036,0,0,30.77448,0,0,1000,-50,2.0625
08.08.2026,02:03:48,169707,0,0.44056,-0.01,-0.05,-15.6875,-13.0625,231.125,0.011811,0,0,30.77566,0,0,1000,-50,2.21875
08.08.2026,02:03:48,169813,0,-0.210147,0,-0.24,-15.625,-13.0625,231,0.021987,0,0,30.77786,0,0,1000,-50,1.875
08.08.2026,02:03:48,169919,0,0.239521,-0.04,-0.07,-15.625,-13.1875,230.9375,0.01034,0,0,30.7789,0,0,1000,-50,1.875
08.08.2026,02:03:48,170025,0,0.028953,0.02,-0.13,-15.625,-13,230.8125,0.017647,0,0,30.78066,0,0,1000,-50,1.875
08.08.2026,02:03:48,170131,0,0.108386,0,-0.12,-15.625,-12.75,230.8125,0.017643,0,0,30.78242,0,0,1000,-50,1.875
08.08.2026,02:03:48,170237,0,0.087827,-0.03,-0.13,-15.625,-12.875,230.8125,0.017367,0,0,30.78416,0,0,1000,-50,1.875
08.08.2026,02:03:48,170343,0,0.047254,-0.03,-0.09,-15.625,-12.6875,230.8125,0.017813,0,0,30.78594,0,0,1000,-50,1.875
08.08.2026,02:03:48,170449,0,0.046605,-0.03,-0.13,-15.625,-12.6875,230.8125,0.020208,0,0,30.78796,0,0,1000,-50,1.875
08.08.2026,02:03:48,170555,0,0.075992,-0.03,-0.15,-15.625,-12.625,230.8125,0.019048,0,0,30.78987,0,0,1000,-50,1.875
08.08.2026,02:03:48,170661,0,0.065365,-0.02,-0.15,-15.625,-12.4375,230.8125,0.019492,0,0,30.79182,0,0,1000,-50,1.875
08.08.2026,02:03:48,170767,0,0.074766,-0.02,-0.14,-15.625,-12.375,230.8125,0.018637,0,0,30.79368,0,0,1000,-50,1.875
08.08.2026,02:03:48,170873,0,0.084124,-0.02,-0.16,-15.625,-12.25,230.8125,0.019966,0,0,30.79568,0,0,1000,-50,1.875
08.08.2026,02:03:48,170979,0,0.083429,-0.02,-0.15,-15.625,-12.125,230.8125,0.021623,0,0,30.79784,0,0,1000,-50,1.875
08.08.2026,02:03:48,171085,0,0.142716,-0.02,-0.1,-15.625,-12.125,230.8125,0.022164,0,0,30.80006,0,0,1000,-50,1.875
08.08.2026,02:03:48,171191,0,-0.108143,0,-0.13,-15.625,-12.3125,230.75,0.026694,0,0,30.80273,0,0,1000,-50,1.875
08.08.2026,02:03:48,171297,0,0.161048,-0.01,-0.11,-15.625,-12.0625,230.75,0.02518,0,0,30.80525,0,0,1000,-50,1.875
08.08.2026,02:03:48,171403,0,0.140369,-0.06,-0.14,-15.625,-11.75,230.75,0.025884,0,0,30.80994,0,0,1000,-50,1.875
08.08.2026,02:03:48,171509,0,0.139537,0,-0.1,-15.625,-11.8125,230.75,0.029908,0,0,30.81293,0,0,1000,-50,1.875
08.08.2026,02:03:48,171615,0,0.088575,0,-0.14,-15.625,-11.9375,230.75,0.035431,0,0,30.81648,0,0,1000,-50,1.875
08.08.2026,02:03:48,171721,0,0.036386,0.02,-0.13,-15.625,-12.125,230.6875,0.032631,0,0,30.81974,0,0,1000,-50,2.03125
08.08.2026,02:03:48,171827,0,0.075491,-0.01,-0.15,-15.625,-12.125,230.75,0.027828,0,0,30.82253,0,0,1000,-50,1.875
08.08.2026,02:03:48,171933,0,0.124619,-0.03,-0.16,-15.625,-11.75,230.75,0.027144,0,0,30.82524,0,0,1000,-50,1.875
08.08.2026,02:03:48,172039,0,0.173607,-0.02,-0.15,-15.625,-11.6875,230.8125,0.03145,0,0,30.82838,0,0,1000,-50,1.875
08.08.2026,02:03:48,172145,0,0.142399,-0.04,-0.12,-15.625,-11.6875,230.8125,0.037557,0,0,30.83214,0,0,1000,-50,1.875
08.08.2026,02:03:48,172251,0,0.061148,-0.05,-0.13,-15.625,-11.875,230.8125,0.038925,0,0,30.83603,0,0,1000,-50,1.875
08.08.2026,02:03:48,172357,0,0.119988,-0.04,-0.14,-15.625,-11.875,230.8125,0.036064,0,0,30.83964,0,0,1000,-50,1.875
08.08.2026,02:03:48,172463,0,0.118811,-0.02,-0.13,-15.625,-11.8125,230.8125,0.036592,0,0,30.8433,0,0,1000,-50,1.875
08.08.2026,02:03:48,172569,0,0.137565,0,-0.14,-15.625,-11.8125,230.8125,0.038765,0,0,30.84717,0,0,1000,-50,1.875
08.08.2026,02:03:48,172675,0,0.116236,0,-0.13,-15.625,-11.9375,230.8125,0.041314,0,0,30.85131,0,0,1000,-50,1.875
08.08.2026,02:03:48,172781,0,0.114903,-0.02,-0.15,-15.625,-11.9375,230.8125,0.041464,0,0,30.85545,0,0,1000,-50,1.875
08.08.2026,02:03:48,172887,0,0.113604,0,-0.15,-15.625,-11.9375,230.8125,0.040404,0,0,30.85949,0,0,1000,-50,1.875
08.08.2026,02:03:48,172993,0,0.132308,-0.01,-0.14,-15.625,-11.9375,230.8125,0.040298,0,0,30.86352,0,0,1000,-50,1.875
08.08.2026,02:03:48,173099,0,0.130963,-0.01,-0.13,-15.625,-11.9375,230.8125,0.041811,0,0,30.8677,0,0,1000,-50,1.875
08.08.2026,02:03:48,173205,0,0.128201,-0.02,-0.14,-15.625,-11.9375,230.8125,0.042386,0,0,30.87629,0,0,1000,-50,1.875
08.08.2026,02:03:48,173311,0,0.126827,-0.02,-0.13,-15.625,-11.9375,230.8125,0.042741,0,0,30.88057,0,0,1000,-50,1.875
08.08.2026,02:03:48,173417,0,0.145475,-0.03,-0.11,-15.625,-11.875,230.8125,0.042026,0,0,30.88477,0,0,1000,-50,1.875
08.08.2026,02:03:48,173523,0,0.144115,0,-0.13,-15.625,-11.8125,230.8125,0.042301,0,0,30.889,0,0,1000,-50,1.875
08.08.2026,02:03:48,173629,0,0.124115,-0.02,-0.13,-15.625,-11.625,230.75,0.04422,0,0,30.89342,0,0,1000,-50,1.875
08.08.2026,02:03:48,173735,0,0.161272,-0.01,-0.12,-15.625,-11.5625,230.75,0.044202,0,0,30.89784,0,0,1000,-50,1.875
08.08.2026,02:03:48,173841,0,0.139803,-0.01,-0.14,-15.625,-11.4375,230.75,0.045681,0,0,30.90241,0,0,1000,-50,1.875
08.08.2026,02:03:48,173947,0,0.148301,-0.01,-0.14,-15.625,-11.4375,230.75,0.046703,0,0,30.90708,0,0,1000,-50,1.875
08.08.2026,02:03:48,174053,0,0.156776,0.01,-0.14,-15.625,-11.375,230.75,0.047419,0,0,30.91182,0,0,1000,-50,1.875
08.08.2026,02:03:48,174159,0,0.145226,0,-0.12,-15.625,-11.1875,230.6875,0.048215,0,0,30.91664,0,0,1000,-50,1.875
08.08.2026,02:03:48,174265,0,0.183667,0,-0.15,-15.625,-11.0625,230.6875,0.048464,0,0,30.92149,0,0,1000,-50,1.875
08.08.2026,02:03:48,174371,0,0.152074,-0.03,-0.14,-15.625,-10.875,230.75,0.049543,0,0,30.92644,0,0,1000,-50,1.875
08.08.2026,02:03:48,174477,0,0.180476,-0.04,-0.14,-15.625,-10.625,230.75,0.049683,0,0,30.93141,0,0,1000,-50,1.875
08.08.2026,02:03:48,174583,0,0.108833,-0.03,-0.17,-15.625,-10.5625,230.75,0.051096,0,0,30.93652,0,0,1000,-50,1.875
08.08.2026,02:03:48,174689,0,0.137347,0,-0.18,-15.625,-10.375,230.75,0.046203,0,0,30.94114,0,0,1000,-50,1.875
08.08.2026,02:03:48,174795,0,0.195974,0,-0.15,-15.625,-10.25,230.75,0.042721,0,0,30.94541,0,0,1000,-50,1.875
08.08.2026,02:03:48,174901,0,0.064554,0,-0.15,-15.5625,-10.25,230.625,0.041664,0,0,30.95399,0,0,1000,-50,1.875
08.08.2026,02:03:48,175007,0,0.043214,0,-0.15,-15.5625,-10.375,230.625,0.032625,0,0,30.95726,0,0,1000,-50,1.6875
08.08.2026,02:03:48,175113,0,0.082165,0,-0.16,-15.625,-10.3125,230.625,0.026129,0,0,30.95987,0,0,1000,-50,1.875
08.08.2026,02:03:48,175219,0,0.130576,0,-0.16,-15.625,-10.1875,230.625,0.02328,0,0,30.9622,0,0,1000,-50,1.875
08.08.2026,02:03:48,175325,0,0.079861,-0.01,-0.16,-15.625,-10.1875,230.625,0.022233,0,0,30.96442,0,0,1000,-50,1.875
08.08.2026,02:03:48,175431,0,0.03932,-0.02,-0.17,-15.625,-10.25,230.625,0.016838,0,0,30.96611,0,0,1000,-50,1.875
08.08.2026,02:03:48,175537,0,0.068944,0,-0.16,-15.625,-10.1875,230.625,0.01169,0,0,30.96728,0,0,1000,-50,1.875
08.08.2026,02:03:48,175643,0,0.078656,0,-0.16,-15.625,-10.125,230.625,0.008965,0,0,30.96817,0,0,1000,-50,1.875
08.08.2026,02:03:48,175749,0,0.028485,0.01,-0.16,-15.625,-10.125,230.625,0.005318,0,0,30.9687,0,0,1000,-50,1.875
08.08.2026,02:03:48,175855,0,0.028484,0,-0.17,-15.625,-10.125,230.625,0.000018,0,0,30.96871,0,0,1000,-50,1.875
08.08.2026,02:03:48,175961,0,0.068661,-0.02,-0.17,-15.625,-10,230.625,-0.005478,0,0,30.96816,0,0,1000,-50,1.875
08.08.2026,02:03:48,176067,0,0.088917,0,-0.18,-15.625,-9.875,230.625,-0.007973,0,0,30.96736,0,0,1000,-50,1.875
08.08.2026,02:03:48,176173,0,0.009194,-0.03,-0.17,-15.625,-9.875,230.625,-0.008621,0,0,30.9665,0,0,1000,-50,1.875
08.08.2026,02:03:48,176279,0,0.159617,-0.01,-0.15,-15.625,-9.625,230.625,-0.013148,0,0,30.96519,0,0,1000,-50,1.875
08.08.2026,02:03:48,176385,0,0.049999,-0.02,-0.17,-15.625,-9.5,230.625,-0.011878,0,0,30.964,0,0,1000,-50,1.875
08.08.2026,02:03:48,176491,0,0.050237,-0.01,-0.19,-15.625,-9.5,230.625,-0.007392,0,0,30.96326,0,0,1000,-50,1.875
08.08.2026,02:03:48,176597,0,0.10074,-0.04,-0.17,-15.625,-9.3125,230.625,-0.015642,0,0,30.96169,0,0,1000,-50,1.875
08.08.2026,02:03:48,176703,0,-0.008571,0,-0.16,-15.625,-9.4375,230.625,-0.013341,0,0,30.95955,0,0,1000,-50,1.875
08.08.2026,02:03:48,176809,0,0.082048,-0.01,-0.13,-15.625,-9.375,230.625,-0.019226,0,0,30.95763,0,0,1000,-50,1.875
08.08.2026,02:03:48,176915,0,0.072048,0,-0.18,-15.625,-9.0625,230.625,-0.017015,0,0,30.95592,0,0,1000,-50,1.875
08.08.2026,02:03:48,177021,0,0.042595,0,-0.16,-15.625,-9.125,230.625,-0.016401,0,0,30.95428,0,0,1000,-50,1.875
08.08.2026,02:03:48,177127,0,0.063122,-0.01,-0.18,-15.625,-9.0625,230.625,-0.018388,0,0,30.95245,0,0,1000,-50,1.875
08.08.2026,02:03:48,177233,0,0.014284,0,-0.17,-15.625,-9,230.625,-0.017753,0,0,30.95067,0,0,1000,-50,1.875
08.08.2026,02:03:48,177339,0,0.03494,0,-0.16,-15.625,-9,230.625,-0.020406,0,0,30.94863,0,0,1000,-50,1.875
08.08.2026,02:03:48,177445,0,0.02567,-0.01,-0.19,-15.625,-8.875,230.625,-0.022693,0,0,30.94636,0,0,1000,-50,1.875
08.08.2026,02:03:48,177551,0,0.04646,-0.02,-0.22,-15.625,-8.75,230.625,-0.024561,0,0,30.9439,0,0,1000,-50,1.875
08.08.2026,02:03:48,177657,0,0.10727,-0.01,-0.18,-15.625,-8.4375,230.5625,-0.025182,0,0,30.94139,0,0,1000,-50,1.875
08.08.2026,02:03:48,177763,0,0.057924,0,-0.18,-15.625,-8.4375,230.5,-0.020352,0,0,30.93935,0,0,1000,-50,1.875
08.08.2026,02:03:48,177869,0,-0.001482,0.01,-0.18,-15.625,-8.4375,230.5,-0.018466,0,0,30.9375,0,0,1000,-50,1.875
08.08.2026,02:03:48,177975,0,-0.000737,-0.02,-0.2,-15.625,-8.1875,230.5,-0.023166,0,0,30.93519,0,0,1000,-50,1.875
08.08.2026,02:03:48,178081,0,0.090158,0,-0.19,-15.625,-7.625,230.5625,-0.027834,0,0,30.9324,0,0,1000,-50,1.875
08.08.2026,02:03:48,178187,0,0.190986,0.01,-0.19,-15.625,-7,230.75,-0.025736,0,0,30.92983,0,0,1000,-50,1.875
08.08.2026,02:03:48,178293,0,0.11152,-0.02,-0.19,-15.625,-6.8125,230.8125,-0.016615,0,0,30.92817,0,0,1000,-50,1.875
08.08.2026,02:03:48,178399,0,0.041753,-0.01,-0.21,-15.625,-6.875,230.75,-0.007253,0,0,30.92744,0,0,1000,-50,1.875
08.08.2026,02:03:48,178505,0,-0.018078,0,-0.2,-15.625,-7.0625,230.6875,-0.009722,0,0,30.92595,0,0,1000,-50,1.875
08.08.2026,02:03:48,178611,0,0.072234,0,-0.2,-15.625,-7.0625,230.625,-0.011052,0,0,30.92484,0,0,1000,-50,1.875
08.08.2026,02:03:48,178717,0,0.013003,0,-0.2,-15.625,-7.125,230.625,-0.012848,0,0,30.92356,0,0,1000,-50,1.875
08.08.2026,02:03:48,178823,0,0.013523,0.02,-0.22,-15.625,-7.125,230.625,-0.016172,0,0,30.92194,0,0,1000,-50,1.875
08.08.2026,02:03:48,178929,0,0.044128,0.01,-0.23,-15.6875,-7.0625,230.625,-0.018807,0,0,30.92006,0,0,1000,-50,2.21875
08.08.2026,02:03:48,179035,0,0.074738,0,-0.17,-15.6875,-7,230.625,-0.018994,0,0,30.91816,0,0,1000,-50,2.0625
08.08.2026,02:03:48,179141,0,0.075295,-0.01,-0.2,-15.6875,-7,230.625,-0.017308,0,0,30.91643,0,0,1000,-50,2.0625
08.08.2026,02:03:48,179247,0,0.04577,-0.01,-0.2,-15.6875,-6.9375,230.625,-0.014782,0,0,30.91495,0,0,1000,-50,2.0625
08.08.2026,02:03:48,179353,0,0.046206,-0.01,-0.2,-15.6875,-7.125,230.625,-0.013537,0,0,30.9136,0,0,1000,-50,2.0625
08.08.2026,02:03:48,179459,0,0.046612,-0.01,-0.2,-15.6875,-7.1875,230.625,-0.012638,0,0,30.91233,0,0,1000,-50,2.0625
08.08.2026,02:03:48,179565,0,0.027025,0,-0.18,-15.6875,-7.375,230.5625,-0.012829,0,0,30.91105,0,0,1000,-50,2.0625
08.08.2026,02:03:48,179671,0,0.057493,-0.03,-0.19,-15.6875,-7.4375,230.5625,-0.01458,0,0,30.90959,0,0,1000,-50,2.0625
08.08.2026,02:03:48,179777,0,0.027908,-0.01,-0.2,-15.6875,-7.5,230.5625,-0.012886,0,0,30.9083,0,0,1000,-50,2.0625
08.08.2026,02:03:48,179883,0,0.038334,-0.02,-0.17,-15.6875,-7.5625,230.5625,-0.013255,0,0,30.90698,0,0,1000,-50,2.0625
08.08.2026,02:03:48,179989,0,0.05881,0,-0.2,-15.6875,-7.5625,230.5625,-0.01481,0,0,30.9055,0,0,1000,-50,2.0625
08.08.2026,02:03:48,180095,0,0.039274,-0.01,-0.2,-15.6875,-7.5625,230.5625,-0.014427,0,0,30.90406,0,0,1000,-50,2.0625
08.08.2026,02:03:48,180201,0,0.09972,0,-0.19,-15.6875,-7.5625,230.5625,-0.012919,0,0,30.90138,0,0,1000,-50,2.0625
08.08.2026,02:03:48,180307,0,0.060135,0,-0.19,-15.6875,-7.5,230.5625,-0.008375,0,0,30.90054,0,0,1000,-50,2.0625
08.08.2026,02:03:48,180413,0,0.080404,-0.03,-0.18,-15.6875,-7.5,230.5625,-0.007325,0,0,30.89981,0,0,1000,-50,2.0625
08.08.2026,02:03:48,180519,0,0.02064,0.01,-0.18,-15.6875,-7.625,230.5625,-0.009593,0,0,30.89885,0,0,1000,-50,2.0625
08.08.2026,02:03:48,180625,0,0.110948,0,-0.12,-15.6875,-7.375,230.5625,-0.008291,0,0,30.89802,0,0,1000,-50,2.0625
08.08.2026,02:03:48,180731,0,0.181099,-0.05,-0.26,-15.625,-6.9375,230.5625,0.003612,0,0,30.89838,0,0,1000,-50,1.875
08.08.2026,02:03:48,180837,0,0.080792,-0.05,-0.14,-15.625,-7.0625,230.5,0.009531,0,0,30.89934,0,0,1000,-50,1.875
08.08.2026,02:03:48,180943,0,0.030537,-0.09,-0.32,-15.625,-7.3125,230.3125,0.00793,0,0,30.90013,0,0,1000,-50,1.875
08.08.2026,02:03:48,181049,0,-0.069498,0.01,-0.02,-15.6875,-7.375,229.9375,0.001085,0,0,30.90024,0,0,1000,-50,2.0625
08.08.2026,02:03:48,181155,0,-0.039287,0.01,-0.13,-15.875,-7.3125,229.6875,-0.006548,0,0,30.89958,0,0,1000,-50,2.9375
08.08.2026,02:03:48,181261,0,0.151111,0.1,-0.27,-16.125,-7.125,229.875,-0.012387,0,0,30.89835,0,0,1000,-50,3.34375
08.08.2026,02:03:48,181367,0,0.151276,-0.04,-0.31,-16.125,-7.125,229.75,-0.005122,0,0,30.89783,0,0,1000,-50,3.375
08.08.2026,02:03:48,181473,0,-0.068873,-0.08,0.1,-15.875,-7.3125,229.5625,0.004644,0,0,30.8983,0,0,1000,-50,2.3125
08.08.2026,02:03:48,181579,0,-0.03892,-0.04,-0.17,-15.75,-7.25,229.4375,0.001459,0,0,30.89844,0,0,1000,-50,2.25
08.08.2026,02:03:48,181685,0,0.021249,-0.03,-0.19,-15.75,-7.125,229.4375,-0.00525,0,0,30.89792,0,0,1000,-50,2.25
08.08.2026,02:03:48,181791,0,0.071493,-0.03,-0.16,-15.75,-7,229.4375,-0.007586,0,0,30.89716,0,0,1000,-50,2.25
08.08.2026,02:03:48,181897,0,0.021733,-0.03,-0.18,-15.75,-6.875,229.4375,-0.007489,0,0,30.89641,0,0,1000,-50,2.25
08.08.2026,02:03:48,182003,0,-0.0181,-0.03,-0.22,-15.75,-6.9375,229.5625,-0.011074,0,0,30.89478,0,0,1000,-50,2.25
08.08.2026,02:03:48,182109,0,0.082256,-0.09,-0.22,-15.75,-6.6875,229.5625,-0.013797,0,0,30.8934,0,0,1000,-50,2.25
08.08.2026,02:03:48,182215,0,0.123021,-0.05,-0.21,-15.75,-6.3125,229.5,-0.009993,0,0,30.8924,0,0,1000,-50,2.25
08.08.2026,02:03:48,182321,0,0.053167,-0.05,-0.18,-15.875,-6.4375,229.5625,-0.004528,0,0,30.89195,0,0,1000,-50,2.4375
08.08.2026,02:03:48,182427,0,-0.016637,0,-0.19,-16,-6.5,229.625,-0.006097,0,0,30.89134,0,0,1000,-50,3
08.08.2026,02:03:48,182533,0,0.043728,-0.04,-0.24,-16,-6.5,229.6875,-0.011354,0,0,30.89021,0,0,1000,-50,3
08.08.2026,02:03:48,182639,0,0.034121,-0.09,-0.22,-16,-6.5,229.6875,-0.012212,0,0,30.88898,0,0,1000,-50,3
08.08.2026,02:03:48,182745,0,0.104462,-0.08,-0.25,-15.9375,-6.4375,229.6875,-0.010626,0,0,30.88792,0,0,1000,-50,2.65625
08.08.2026,02:03:48,182851,0,-0.015301,-0.01,-0.07,-15.875,-6.5625,229.6875,-0.007353,0,0,30.88719,0,0,1000,-50,2.46875
08.08.2026,02:03:48,182957,0,-0.074953,-0.07,-0.18,-15.875,-6.8125,229.6875,-0.010821,0,0,30.8861,0,0,1000,-50,2.625
08.08.2026,02:03:48,183063,0,0.025661,-0.05,-0.22,-15.875,-6.625,229.75,-0.0191,0,0,30.8842,0,0,1000,-50,2.625
08.08.2026,02:03:48,183169,0,0.216308,-0.03,-0.21,-15.9375,-6.25,229.875,-0.02011,0,0,30.88218,0,0,1000,-50,2.8125
08.08.2026,02:03:48,183275,0,0.106522,-0.07,-0.22,-15.9375,-6.375,229.9375,-0.006672,0,0,30.88152,0,0,1000,-50,2.8125
08.08.2026,02:03:48,183381,0,0.016448,-0.05,-0.21,-15.875,-6.75,229.875,0.002292,0,0,30.88175,0,0,1000,-50,2.625
08.08.2026,02:03:48,183487,0,0.046485,-0.09,-0.19,-15.875,-6.9375,229.8125,-0.001146,0,0,30.88163,0,0,1000,-50,2.625
08.08.2026,02:03:48,183593,0,-0.093283,-0.08,-0.15,-15.875,-7.0625,229.875,-0.007191,0,0,30.88091,0,0,1000,-50,2.625
08.08.2026,02:03:48,183699,0,0.107172,-0.08,-0.17,-15.8125,-6.5625,229.6875,-0.014169,0,0,30.8795,0,0,1000,-50,2.28125
08.08.2026,02:03:48,183805,0,0.167869,-0.02,-0.19,-15.8125,-6.0625,229.625,-0.01021,0,0,30.87631,0,0,1000,-50,2.4375
08.08.2026,02:03:48,183911,0,0.068197,-0.03,-0.26,-15.8125,-6.1875,229.5,-0.001377,0,0,30.87617,0,0,1000,-50,2.4375
08.08.2026,02:03:48,184017,0,-0.061759,-0.03,-0.22,-15.8125,-6.5,229.4375,-0.005866,0,0,30.87558,0,0,1000,-50,2.4375
08.08.2026,02:03:48,184123,0,0.00843,-0.03,-0.23,-15.8125,-6.4375,229.375,-0.014978,0,0,30.87409,0,0,1000,-50,2.4375
08.08.2026,02:03:48,184229,0,0.039464,0,-0.16,-15.8125,-6.1875,229.3125,-0.017179,0,0,30.87237,0,0,1000,-50,2.4375
08.08.2026,02:03:48,184335,0,0.049957,-0.01,-0.24,-15.8125,-6.1875,229.3125,-0.015341,0,0,30.87083,0,0,1000,-50,2.4375
08.08.2026,02:03:48,184441,0,0.070436,-0.03,-0.23,-15.8125,-6.1875,229.3125,-0.014873,0,0,30.86935,0,0,1000,-50,2.4375
08.08.2026,02:03:48,184547,0,0.050864,-0.03,-0.17,-15.875,-6.1875,229.3125,-0.013335,0,0,30.86801,0,0,1000,-50,2.625
08.08.2026,02:03:48,184653,0,0.031239,-0.01,-0.16,-15.9375,-6.1875,229.375,-0.011657,0,0,30.86685,0,0,1000,-50,2.8125
08.08.2026,02:03:48,184759,0,0.051654,-0.06,-0.21,-15.9375,-6.1875,229.4375,-0.012913,0,0,30.86556,0,0,1000,-50,2.8125
08.08.2026,02:03:48,184865,0,0.032049,-0.07,-0.2,-15.9375,-6.1875,229.4375,-0.012281,0,0,30.86433,0,0,1000,-50,2.8125
08.08.2026,02:03:48,184971,0,0.052422,-0.04,-0.21,-15.9375,-6.1875,229.4375,-0.011573,0,0,30.86317,0,0,1000,-50,2.8125
08.08.2026,02:03:48,185077,0,0.042755,-0.07,-0.22,-15.9375,-6.125,229.4375,-0.010368,0,0,30.86213,0,0,1000,-50,2.8125
08.08.2026,02:03:48,185183,0,0.063042,-0.05,-0.2,-15.9375,-6.125,229.4375,-0.008911,0,0,30.86124,0,0,1000,-50,2.8125
08.08.2026,02:03:48,185289,0,0.103224,-0.05,-0.23,-15.9375,-6.125,229.4375,-0.005672,0,0,30.86068,0,0,1000,-50,2.8125
08.08.2026,02:03:48,185395,0,0.073312,-0.03,-0.21,-15.9375,-6.125,229.4375,-0.002729,0,0,30.8604,0,0,1000,-50,2.8125
08.08.2026,02:03:48,185501,0,0.053333,-0.07,-0.21,-15.9375,-6.125,229.4375,-0.000265,0,0,30.86031,0,0,1000,-50,2.8125
08.08.2026,02:03:48,185607,0,0.053342,-0.04,-0.19,-15.9375,-6.1875,229.4375,-0.000258,0,0,30.86028,0,0,1000,-50,2.8125
08.08.2026,02:03:48,185713,0,0.083319,-0.04,-0.19,-15.9375,-6.1875,229.4375,0.000969,0,0,30.86038,0,0,1000,-50,2.8125
08.08.2026,02:03:48,185819,0,0.063211,-0.06,-0.18,-15.9375,-6.1875,229.3125,0.003341,0,0,30.86071,0,0,1000,-50,2.8125
08.08.2026,02:03:48,185925,0,0.043111,-0.05,-0.21,-15.9375,-6.25,229.25,0.003124,0,0,30.86103,0,0,1000,-50,2.8125
08.08.2026,02:03:48,186031,0,0.06307,-0.05,-0.23,-15.9375,-6.3125,229.1875,0.001261,0,0,30.86115,0,0,1000,-50,2.8125
08.08.2026,02:03:48,186137,0,0.083015,-0.02,-0.2,-15.9375,-6.3125,229.125,0.001722,0,0,30.86132,0,0,1000,-50,2.8125
08.08.2026,02:03:48,186243,0,0.092933,-0.04,-0.25,-15.9375,-6.3125,229.125,0.00255,0,0,30.86158,0,0,1000,-50,2.8125
08.08.2026,02:03:48,186349,0,0.102826,-0.06,-0.21,-15.9375,-6.25,229.125,0.003344,0,0,30.86191,0,0,1000,-50,2.8125
08.08.2026,02:03:48,186455,0,0.112615,-0.07,-0.23,-15.9375,-6.25,229.125,0.006546,0,0,30.86257,0,0,1000,-50,2.8125
08.08.2026,02:03:48,186561,0,0.05228,-0.07,-0.2,-15.9375,-6.25,229.125,0.010433,0,0,30.86361,0,0,1000,-50,2.8125
08.08.2026,02:03:48,186667,0,0.072005,-0.03,-0.2,-15.875,-6.1875,229.0625,0.008535,0,0,30.86446,0,0,1000,-50,2.625
08.08.2026,02:03:48,186773,0,0.081757,-0.03,-0.17,-15.875,-6.0625,229.0625,0.007703,0,0,30.86523,0,0,1000,-50,2.625
08.08.2026,02:03:48,186879,0,0.081481,-0.01,-0.02,-15.9375,-6,229.0625,0.008598,0,0,30.86609,0,0,1000,-50,2.625
08.08.2026,02:03:48,186985,0,0.101055,-0.07,-0.24,-15.9375,-6,229.0625,0.013252,0,0,30.86742,0,0,1000,-50,2.8125
08.08.2026,02:03:48,187091,0,0.100531,-0.08,-0.24,-15.9375,-6.0625,229.0625,0.016277,0,0,30.86905,0,0,1000,-50,2.8125
08.08.2026,02:03:48,187197,0,0.099968,-0.02,-0.21,-16.0625,-6.0625,229.0625,0.017517,0,0,30.8708,0,0,1000,-50,3.34375
08.08.2026,02:03:48,187303,0,0.129398,-0.06,-0.2,-16.0625,-6.0625,229.0625,0.019796,0,0,30.87455,0,0,1000,-50,3.1875
08.08.2026,02:03:48,187409,0,0.138762,-0.05,-0.19,-16.0625,-6.0625,229.0625,0.021673,0,0,30.87672,0,0,1000,-50,3.1875
08.08.2026,02:03:48,187515,0,0.138065,-0.08,-0.25,-16.0625,-6.0625,229.0625,0.0238,0,0,30.8791,0,0,1000,-50,3.1875
08.08.2026,02:03:48,187621,0,0.1173,-0.09,-0.36,-16,-6.125,229.0625,0.023517,0,0,30.88145,0,0,1000,-50,3
08.08.2026,02:03:48,187727,0,0.155796,-0.02,-0.2,-16,-6.25,229.0625,0.023225,0,0,30.88377,0,0,1000,-50,3
08.08.2026,02:03:48,187833,0,0.154941,-0.07,-0.2,-16,-6.375,229.0625,0.026589,0,0,30.88643,0,0,1000,-50,3
08.08.2026,02:03:48,187939,0,0.083994,-0.05,-0.16,-16,-6.625,229.0625,0.029461,0,0,30.88938,0,0,1000,-50,3
08.08.2026,02:03:48,188045,0,0.093084,-0.08,-0.19,-16,-6.8125,229.125,0.028315,0,0,30.89221,0,0,1000,-50,3
08.08.2026,02:03:48,188151,0,0.152219,-0.08,-0.23,-16.0625,-6.875,229.1875,0.026887,0,0,30.8949,0,0,1000,-50,3.1875
08.08.2026,02:03:48,188257,0,0.161273,-0.09,-0.18,-16.0625,-6.9375,229.1875,0.029414,0,0,30.89784,0,0,1000,-50,3.1875
08.08.2026,02:03:48,188363,0,0.080222,-0.13,-0.12,-16,-6.875,229.125,0.032672,0,0,30.90111,0,0,1000,-50,3.1875
08.08.2026,02:03:48,188469,0,0.099285,-0.09,-0.15,-16,-6.8125,229.0625,0.029143,0,0,30.90402,0,0,1000,-50,3
08.08.2026,02:03:48,188575,0,0.16841,-0.06,-0.23,-16,-6.6875,229,0.027209,0,0,30.90674,0,0,1000,-50,3
08.08.2026,02:03:48,188681,0,0.157387,-0.06,-0.23,-16,-6.625,228.875,0.031819,0,0,30.90993,0,0,1000,-50,3
08.08.2026,02:03:48,188787,0,0.16624,-0.08,-0.34,-16,-6.6875,228.75,0.035661,0,0,30.91349,0,0,1000,-50,3
08.08.2026,02:03:48,188893,0,0.145138,-0.08,-0.19,-16,-6.6875,228.75,0.03428,0,0,30.91692,0,0,1000,-50,3
08.08.2026,02:03:48,188999,0,0.14401,-0.06,-0.11,-16,-6.6875,228.75,0.035063,0,0,30.92043,0,0,1000,-50,3
08.08.2026,02:03:48,189105,0,0.08282,-0.02,-0.17,-16.0625,-6.75,228.75,0.037395,0,0,30.92787,0,0,1000,-50,3.1875
08.08.2026,02:03:48,189211,0,0.110504,-0.07,-0.17,-16.0625,-6.75,228.8125,0.034627,0,0,30.93133,0,0,1000,-50,3.1875
08.08.2026,02:03:48,189317,0,0.189345,-0.07,-0.18,-16.0625,-6.5,228.875,0.036029,0,0,30.93493,0,0,1000,-50,3.1875
08.08.2026,02:03:48,189423,0,0.157986,-0.13,-0.18,-16.0625,-6.4375,228.9375,0.042279,0,0,30.93916,0,0,1000,-50,3.1875
08.08.2026,02:03:48,189529,0,0.106657,-0.14,-0.18,-16,-6.5625,228.875,0.041303,0,0,30.94329,0,0,1000,-50,3
08.08.2026,02:03:48,189635,0,0.095454,-0.08,-0.18,-15.9375,-6.625,228.8125,0.037431,0,0,30.94703,0,0,1000,-50,2.8125
08.08.2026,02:03:48,189741,0,0.084363,-0.06,-0.19,-15.9375,-6.875,228.625,0.033933,0,0,30.95043,0,0,1000,-50,2.8125
08.08.2026,02:03:48,189847,0,0.073448,-0.02,-0.17,-15.9375,-7.0625,228.5625,0.028427,0,0,30.95327,0,0,1000,-50,2.8125
08.08.2026,02:03:48,189953,0,0.062786,-0.01,-0.19,-15.9375,-7.125,228.5625,0.020591,0,0,30.95533,0,0,1000,-50,2.8125
08.08.2026,02:03:48,190059,0,0.052317,-0.03,-0.2,-15.9375,-7.0625,228.5625,0.014603,0,0,30.95679,0,0,1000,-50,2.8125
08.08.2026,02:03:48,190165,0,0.042015,-0.08,-0.19,-15.9375,-7.0625,228.5625,0.009388,0,0,30.95773,0,0,1000,-50,2.8125
08.08.2026,02:03:48,190271,0,0.071891,-0.07,-0.18,-15.9375,-6.9375,228.5625,0.003837,0,0,30.95811,0,0,1000,-50,2.8125
08.08.2026,02:03:48,190377,0,0.051796,-0.05,-0.17,-15.9375,-6.8125,228.5,0.00298,0,0,30.95841,0,0,1000,-50,2.8125
08.08.2026,02:03:48,190483,0,0.021747,-0.06,-0.2,-15.875,-6.8125,228.4375,0.001518,0,0,30.95856,0,0,1000,-50,2.625
08.08.2026,02:03:48,190589,0,0.071868,-0.05,-0.2,-15.875,-6.625,228.375,-0.003775,0,0,30.95818,0,0,1000,-50,2.625
08.08.2026,02:03:48,190695,0,0.092121,-0.01,-0.25,-15.875,-6.5625,228.3125,-0.007848,0,0,30.9574,0,0,1000,-50,2.625
08.08.2026,02:03:48,190801,0,0.09236,-0.02,-0.22,-15.875,-6.5,228.3125,-0.007209,0,0,30.95593,0,0,1000,-50,2.625
08.08.2026,02:03:48,190907,0,0.062591,-0.05,-0.17,-15.875,-6.5,228.3125,-0.006186,0,0,30.95532,0,0,1000,-50,2.625
08.08.2026,02:03:48,191013,0,0.06279,-0.06,-0.21,-15.875,-6.5625,228.3125,-0.007873,0,0,30.95453,0,0,1000,-50,2.625
08.08.2026,02:03:48,191119,0,0.063044,-0.06,-0.23,-15.875,-6.5625,228.3125,-0.01026,0,0,30.9535,0,0,1000,-50,2.625
08.08.2026,02:03:48,191225,0,0.063673,-0.02,-0.05,-15.9375,-6.5625,228.3125,-0.009322,0,0,30.95257,0,0,1000,-50,2.625
08.08.2026,02:03:48,191331,0,0.073883,-0.05,-0.21,-15.9375,-6.6875,228.3125,-0.006533,0,0,30.95192,0,0,1000,-50,2.8125
08.08.2026,02:03:48,191437,0,0.054112,0,-0.21,-16,-6.75,228.3125,-0.007112,0,0,30.9512,0,0,1000,-50,3
08.08.2026,02:03:48,191543,0,0.074406,-0.06,-0.22,-16,-6.8125,228.375,-0.009147,0,0,30.95029,0,0,1000,-50,3
08.08.2026,02:03:48,191649,0,0.1247,-0.06,-0.19,-16,-6.8125,228.375,-0.009126,0,0,30.94938,0,0,1000,-50,3
08.08.2026,02:03:48,191755,0,0.074935,-0.05,-0.22,-16,-6.8125,228.375,-0.007314,0,0,30.94865,0,0,1000,-50,3
08.08.2026,02:03:48,191861,0,0.115194,-0.08,-0.2,-16,-6.75,228.375,-0.008046,0,0,30.94784,0,0,1000,-50,3
08.08.2026,02:03:48,191967,0,0.125396,-0.08,-0.22,-16,-6.5,228.3125,-0.006286,0,0,30.94721,0,0,1000,-50,3
08.08.2026,02:03:48,192073,0,0.105522,0,-0.26,-16,-6.4375,228.3125,-0.003932,0,0,30.94682,0,0,1000,-50,3
08.08.2026,02:03:48,192179,0,0.165587,-0.07,-0.17,-15.9375,-6.125,228.25,-0.002031,0,0,30.94662,0,0,1000,-50,2.8125
08.08.2026,02:03:48,192285,0,0.075484,-0.07,-0.19,-15.9375,-6.0625,228.25,0.003212,0,0,30.94694,0,0,1000,-50,2.8125
08.08.2026,02:03:48,192391,0,0.085327,-0.05,-0.21,-15.9375,-6.0625,228.3125,0.00489,0,0,30.94743,0,0,1000,-50,2.8125
08.08.2026,02:03:48,192497,0,0.165227,-0.11,-0.19,-16,-5.8125,228.375,0.003102,0,0,30.94774,0,0,1000,-50,3
08.08.2026,02:03:48,192603,0,0.165044,-0.11,-0.2,-15.9375,-5.625,228.375,0.011607,0,0,30.94947,0,0,1000,-50,2.8125
08.08.2026,02:03:48,192709,0,0.034263,-0.06,-0.23,-15.9375,-5.625,228.1875,0.012677,0,0,30.95074,0,0,1000,-50,2.8125
08.08.2026,02:03:48,192815,0,0.033998,-0.04,-0.15,-15.875,-5.5,228.125,0.008222,0,0,30.95156,0,0,1000,-50,2.625
08.08.2026,02:03:48,192921,0,0.093858,-0.03,-0.22,-15.875,-5.375,228,0.004379,0,0,30.952,0,0,1000,-50,2.625
08.08.2026,02:03:48,193027,0,0.133694,-0.02,-0.19,-15.875,-5.1875,228,0.0051,0,0,30.95251,0,0,1000,-50,2.625
08.08.2026,02:03:48,193133,0,0.09351,-0.02,-0.22,-15.875,-5.125,228,0.0057,0,0,30.95308,0,0,1000,-50,2.625
08.08.2026,02:03:48,193239,0,0.053384,-0.08,-0.22,-15.875,-5.3125,228.0625,0.003926,0,0,30.95347,0,0,1000,-50,2.625
08.08.2026,02:03:48,193345,0,0.153373,-0.08,-0.23,-15.875,-5.375,228.0625,0.000352,0,0,30.9535,0,0,1000,-50,2.625
08.08.2026,02:03:48,193451,0,0.063322,-0.05,-0.17,-15.875,-5.5625,228.0625,0.001592,0,0,30.95366,0,0,1000,-50,2.625
08.08.2026,02:03:48,193557,0,0.013272,-0.09,-0.27,-15.875,-5.875,228,0.001532,0,0,30.95382,0,0,1000,-50,2.625
08.08.2026,02:03:48,193663,0,0.023449,-0.07,-0.22,-15.875,-5.9375,228,-0.005501,0,0,30.95327,0,0,1000,-50,2.625
08.08.2026,02:03:48,193769,0,0.053789,-0.05,-0.14,-15.875,-6,228,-0.01056,0,0,30.95221,0,0,1000,-50,2.625
08.08.2026,02:03:48,193875,0,0.044176,-0.05,-0.16,-15.875,-6,227.9375,-0.012038,0,0,30.95101,0,0,1000,-50,2.625
08.08.2026,02:03:48,193981,0,0.114588,-0.03,-0.22,-15.9375,-6.0625,227.9375,-0.012825,0,0,30.94972,0,0,1000,-50,2.8125
08.08.2026,02:03:48,194087,0,0.114992,-0.02,-0.23,-15.9375,-6,227.9375,-0.012567,0,0,30.94847,0,0,1000,-50,2.8125
08.08.2026,02:03:48,194193,0,0.02532,-0.05,-0.22,-15.9375,-6,227.875,-0.010181,0,0,30.94745,0,0,1000,-50,2.8125
08.08.2026,02:03:48,194299,0,0.09569,-0.06,-0.22,-15.9375,-5.8125,227.875,-0.011528,0,0,30.9463,0,0,1000,-50,2.8125
08.08.2026,02:03:48,194405,0,0.07613,-0.06,-0.21,-15.9375,-5.625,227.9375,-0.011566,0,0,30.94377,0,0,1000,-50,2.8125
08.08.2026,02:03:48,194511,0,0.146502,-0.06,-0.21,-15.9375,-5.5,228,-0.009044,0,0,30.94287,0,0,1000,-50,2.8125
08.08.2026,02:03:48,194617,0,0.136793,-0.02,-0.2,-15.9375,-5.375,228,-0.001128,0,0,30.94276,0,0,1000,-50,2.8125
08.08.2026,02:03:48,194723,0,0.016767,-0.11,-0.16,-15.9375,-5.625,228,0.00195,0,0,30.94295,0,0,1000,-50,2.8125
08.08.2026,02:03:48,194829,0,0.116834,-0.05,-0.19,-15.9375,-5.625,227.9375,-0.002088,0,0,30.94274,0,0,1000,-50,2.8125
08.08.2026,02:03:48,194935,0,0.146809,-0.02,-0.24,-15.9375,-5.5625,227.9375,0.000765,0,0,30.94282,0,0,1000,-50,2.8125
08.08.2026,02:03:48,195041,0,0.096663,-0.06,-0.19,-15.9375,-5.6875,227.875,0.004556,0,0,30.94328,0,0,1000,-50,2.8125
08.08.2026,02:03:48,195147,0,0.076492,-0.07,-0.2,-15.9375,-5.875,227.875,0.005309,0,0,30.94381,0,0,1000,-50,2.8125
08.08.2026,02:03:48,195253,0,0.066383,-0.05,-0.22,-15.9375,-5.8125,227.875,0.003408,0,0,30.94415,0,0,1000,-50,2.8125
08.08.2026,02:03:48,195359,0,0.20636,-0.03,-0.23,-15.9375,-5.4375,227.875,0.000686,0,0,30.94422,0,0,1000,-50,2.8125
08.08.2026,02:03:48,195465,0,0.096079,-0.06,-0.19,-15.9375,-5.375,227.875,0.008767,0,0,30.94509,0,0,1000,-50,2.8125
08.08.2026,02:03:48,195571,0,0.065748,-0.07,-0.19,-15.9375,-5.3125,227.875,0.010274,0,0,30.94612,0,0,1000,-50,2.8125
08.08.2026,02:03:48,195677,0,0.165532,-0.03,-0.22,-15.875,-5.0625,227.875,0.006737,0,0,30.94679,0,0,1000,-50,2.625
08.08.2026,02:03:48,195783,0,0.115267,-0.06,-0.24,-15.875,-4.9375,227.875,0.008232,0,0,30.94762,0,0,1000,-50,2.625
08.08.2026,02:03:48,195889,0,0.03483,-0.1,-0.17,-15.875,-5.1875,227.875,0.013586,0,0,30.94898,0,0,1000,-50,2.625
08.08.2026,02:03:48,195995,0,-0.105539,-0.05,-0.22,-15.875,-5.5,227.8125,0.011467,0,0,30.95012,0,0,1000,-50,2.625
08.08.2026,02:03:48,196101,0,0.054412,-0.03,-0.16,-15.875,-5.6875,227.9375,-0.002685,0,0,30.95001,0,0,1000,-50,2.625
08.08.2026,02:03:48,196207,0,0.10466,-0.05,-0.25,-15.875,-5.5,228.4375,-0.005043,0,0,30.9495,0,0,1000,-50,2.625
08.08.2026,02:03:48,196313,0,0.024759,-0.16,-0.14,-15.8125,-5.5,228.6875,-0.003062,0,0,30.9492,0,0,1000,-50,2.4375
08.08.2026,02:03:48,196419,0,0.034874,-0.15,-0.18,-15.75,-5.125,228.625,-0.003583,0,0,30.94884,0,0,1000,-50,2.4375
08.08.2026,02:03:48,196525,0,0.194986,0,-0.26,-15.75,-5.0625,228.625,-0.003494,0,0,30.94849,0,0,1000,-50,2.25
08.08.2026,02:03:48,196631,0,0.174967,-0.02,-0.17,-15.75,-5.125,228.4375,0.000612,0,0,30.94855,0,0,1000,-50,2.25
08.08.2026,02:03:48,196737,0,-0.134949,-0.22,-0.07,-15.6875,-5.5,227.9375,-0.00261,0,0,30.94829,0,0,1000,-50,2.0625
08.08.2026,02:03:48,196843,0,-0.074392,0.07,-0.27,-15.75,-5.125,227.625,-0.017347,0,0,30.94656,0,0,1000,-50,2.0625
08.08.2026,02:03:48,196949,0,-0.043507,0.27,-0.24,-15.9375,-5.25,227.75,-0.027495,0,0,30.94381,0,0,1000,-50,2.625
08.08.2026,02:03:48,197055,0,-0.00233,0.06,-0.24,-16.125,-4.625,228.0625,-0.036626,0,0,30.94014,0,0,1000,-50,3.53125
08.08.2026,02:03:48,197161,0,0.108927,-0.25,-0.24,-16.0625,-2.3125,228.4375,-0.039069,0,0,30.93624,0,0,1000,-50,3.375
08.08.2026,02:03:48,197267,0,0.429852,-0.11,-0.28,-16,-1.6875,228.6875,-0.02878,0,0,30.93336,0,0,1000,-50,2.84375
08.08.2026,02:03:48,197373,0,0.150234,-0.12,-0.28,-16,-1.6875,228.625,-0.011886,0,0,30.93217,0,0,1000,-50,3
08.08.2026,02:03:48,197479,0,-0.109991,0.05,-0.21,-15.9375,-2.8125,228.5625,0.007016,0,0,30.93287,0,0,1000,-50,2.8125
08.08.2026,02:03:48,197585,0,-0.099664,-0.17,-0.23,-16,-3.125,228.5,-0.010176,0,0,30.93185,0,0,1000,-50,3.15625
08.08.2026,02:03:48,197691,0,-0.138817,-0.08,-0.18,-16,-2.9375,228.125,-0.026337,0,0,30.92922,0,0,1000,-50,3
08.08.2026,02:03:48,197797,0,0.14233,-0.17,-0.23,-16,-2.75,228.375,-0.035669,0,0,30.92565,0,0,1000,-50,3
08.08.2026,02:03:48,197903,0,0.133553,-0.15,-0.07,-16.1875,-3.625,228.375,-0.028202,0,0,30.91903,0,0,1000,-50,3.1875
08.08.2026,02:03:48,198009,0,-0.15554,-0.15,-0.28,-16.5,-5.6875,228.0625,-0.021204,0,0,30.91691,0,0,1000,-50,4.8125
08.08.2026,02:03:48,198115,0,-0.624858,0.15,-0.28,-16.4375,-7.75,228.4375,-0.067362,0,0,30.91017,0,0,1000,-50,4
08.08.2026,02:03:48,198221,0,0.080173,-0.07,-0.36,-16.5625,-6.875,229.3125,-0.089111,0,0,30.90126,0,0,1000,-50,4.46875
08.08.2026,02:03:48,198327,0,0.302582,0.11,-0.68,-16.625,-7.25,230.0625,-0.074896,0,0,30.89377,0,0,1000,-50,4.71875
08.08.2026,02:03:48,198433,0,-0.475705,-0.12,0.97,-15.5625,-6.25,230.5,-0.053276,0,0,30.88844,0,0,1000,-50,1.0625
08.08.2026,02:03:48,198539,0,-0.373428,-0.04,-0.16,-15.75,-3.9375,230.3125,-0.070815,0,0,30.88136,0,0,1000,-50,2.09375
08.08.2026,02:03:48,198645,0,-0.070506,-0.19,-0.11,-15.4375,-1.3125,230.9375,-0.090856,0,0,30.87228,0,0,1000,-50,1.71875
08.08.2026,02:03:48,198751,0,0.202143,-0.16,-0.18,-15.25,-0.1875,231.75,-0.082376,0,0,30.86404,0,0,1000,-50,0.9375
08.08.2026,02:03:48,198857,0,0.083914,-0.12,-0.29,-15.0625,0.4375,232.0625,-0.055082,0,0,30.85853,0,0,1000,-50,0.375
08.08.2026,02:03:48,198963,0,-0.024731,0.02,-0.24,-15.0625,0,232.1875,-0.042127,0,0,30.85432,0,0,1000,-50,0.1875
08.08.2026,02:03:48,199069,0,-0.2134,0.04,-0.25,-15.0625,-1.1875,232.4375,-0.041387,0,0,30.85018,0,0,1000,-50,0.1875
08.08.2026,02:03:48,199175,0,-0.181554,0.02,-0.25,-15.125,-1.9375,233.625,-0.057418,0,0,30.84444,0,0,1000,-50,0.375
08.08.2026,02:03:48,199281,0,0.67072,-0.56,-0.05,-15,-1.75,234.625,-0.070725,0,0,30.83736,0,0,1000,-50,0
08.08.2026,02:03:48,199387,0,0.131682,-0.45,-0.33,-15,-2.8125,233.875,-0.029897,0,0,30.83438,0,0,1000,-50,0
08.08.2026,02:03:48,199493,0,-0.568184,-0.23,0,-15.1875,-4.6875,232.875,-0.004158,0,0,30.83396,0,0,1000,-50,0.71875
08.08.2026,02:03:48,199599,0,-0.176957,0.02,-0.28,-15.3125,-5.3125,232.25,-0.038171,0,0,30.83014,0,0,1000,-50,0.9375
08.08.2026,02:03:48,199705,0,0.477235,-0.27,-0.78,-15.375,-5.1875,232.1875,-0.062138,0,0,30.81711,0,0,1000,-50,0.9375
08.08.2026,02:03:48,199811,0,0.208572,-0.31,-0.33,-15.375,-5.6875,231.6875,-0.041582,0,0,30.81295,0,0,1000,-50,0.9375
08.08.2026,02:03:48,199917,0,-0.210128,-0.32,-0.12,-15.375,-6.5,230.9375,-0.040424,0,0,30.80891,0,0,1000,-50,1.125
08.08.2026,02:03:48,200023,0,0.119872,0.03,-0.66,-15.375,-6.4375,230.625,-0.054962,0,0,30.80341,0,0,1000,-50,0.96875
08.08.2026,02:03:48,200129,0,0.241639,0.11,-0.28,-15.125,-7.0625,229.8125,-0.040445,0,0,30.79937,0,0,1000,-50,0.375
08.08.2026,02:03:48,200235,0,-0.026132,-0.3,-0.08,-15.0625,-11.9375,226.4375,-0.028856,0,0,30.79648,0,0,1000,-50,-0.1875
08.08.2026,02:03:48,200341,0,-0.034955,-0.4,-0.25,-15.375,-13.5625,223.9375,-0.036614,0,0,30.79282,0,0,1000,-50,0.75
08.08.2026,02:03:48,200447,0,0.086327,0.28,0.25,-16.25,-12.9375,223.5625,-0.039865,0,0,30.78883,0,0,1000,-50,4.53125
08.08.2026,02:03:48,200553,0,0.266782,0.03,-0.2,-16.125,-12.0625,224.5625,-0.014153,0,0,30.78742,0,0,1000,-50,3.375
08.08.2026,02:03:48,200659,0,-0.473218,-0.11,0.02,-16.3125,-13.6875,224.8125,-0.00000948733,0,0,30.78742,0,0,1000,-50,3.375
08.08.2026,02:03:48,200765,0,-0.122597,-0.2,-0.15,-16.5,-13.5,223.875,-0.019308,0,0,30.78549,0,0,1000,-50,4.5
08.08.2026,02:03:48,200871,0,0.118758,-0.33,-0.13,-16.5,-12.375,223.375,-0.042136,0,0,30.78127,0,0,1000,-50,4.5
08.08.2026,02:03:48,200977,0,0.219586,-0.01,-0.07,-16.5,-12.1875,223.4375,-0.025732,0,0,30.7787,0,0,1000,-50,4.5
08.08.2026,02:03:48,201083,0,-0.220203,-0.18,-0.14,-16.375,-12.75,224.0625,-0.006572,0,0,30.77804,0,0,1000,-50,4.125
08.08.2026,02:03:48,201189,0,-0.339384,0.08,0.12,-16.5,-12.625,224.0625,-0.025466,0,0,30.7755,0,0,1000,-50,4.5
08.08.2026,02:03:48,201295,0,-0.059595,0.12,-0.15,-16.625,-12.25,224.375,0.006565,0,0,30.77615,0,0,1000,-50,4.6875
08.08.2026,02:03:48,201401,0,0.000916,0.14,-0.18,-16.75,-11.6875,224.0625,-0.0226,0,0,30.7723,0,0,1000,-50,5.25
08.08.2026,02:03:48,201507,0,0.501643,0,-0.21,-16.6875,-10.75,224.125,-0.009226,0,0,30.77138,0,0,1000,-50,5.25
08.08.2026,02:03:48,201613,0,0.02194,-0.25,-0.16,-16.1875,-10.875,224.5625,0.016957,0,0,30.77307,0,0,1000,-50,3.09375
08.08.2026,02:03:48,201719,0,-0.398694,0.02,-0.33,-15.4375,-13.375,225.0625,0.002743,0,0,30.77335,0,0,1000,-50,1.25
08.08.2026,02:03:48,201825,0,0.092223,-0.29,-0.04,-14.4375,-13.125,226.3125,-0.028495,0,0,30.7705,0,0,1000,-50,-0.375
08.08.2026,02:03:48,201931,0,0.342914,0.1,0.25,-13.75,-12.5625,227.3125,-0.0215,0,0,30.76835,0,0,1000,-50,-3.90625
08.08.2026,02:03:48,202037,0,0.702419,0.58,-0.19,-14.75,-13,226.9375,0.015399,0,0,30.76989,0,0,1000,-50,0.1875
08.08.2026,02:03:48,202143,0,0.130522,0.15,-0.31,-15.5625,-14.0625,225.9375,0.058998,0,0,30.77579,0,0,1000,-50,1.84375
08.08.2026,02:03:48,202249,0,0.158458,-0.26,-0.05,-15.5625,-15.9375,224.875,0.064182,0,0,30.78221,0,0,1000,-50,1.875
08.08.2026,02:03:48,202355,0,-0.283824,-0.32,-0.27,-15.625,-18.875,223.6875,0.070957,0,0,30.7893,0,0,1000,-50,1.875
08.08.2026,02:03:48,202461,0,-0.505189,-0.36,-0.07,-15.3125,-21.5625,223.8125,0.042458,0,0,30.79355,0,0,1000,-50,0.625
08.08.2026,02:03:48,202567,0,-0.084907,-0.24,0,-14.8125,-22.25,224.75,-0.008773,0,0,30.79267,0,0,1000,-50,-0.5625
08.08.2026,02:03:48,202673,0,-0.004048,-0.13,-0.04,-14.8125,-20.5,225.125,-0.02672,0,0,30.79,0,0,1000,-50,-0.75
08.08.2026,02:03:48,202779,0,0.266903,-0.02,-0.04,-14.875,-18.5,225.3125,-0.029579,0,0,30.78704,0,0,1000,-50,-0.5625
08.08.2026,02:03:48,202885,0,0.59727,0.05,-0.13,-14.9375,-17.625,225.5,-0.011424,0,0,30.7859,0,0,1000,-50,-0.375
08.08.2026,02:03:48,202991,0,0.056404,-0.2,-0.15,-15,-18.375,225.875,0.026954,0,0,30.78859,0,0,1000,-50,0
08.08.2026,02:03:48,203097,0,-0.035131,-0.08,-0.1,-14.8125,-19.25,226.375,0.047712,0,0,30.79336,0,0,1000,-50,-0.71875
08.08.2026,02:03:48,203203,0,-0.036791,-0.07,-0.1,-14.875,-20.25,226.5625,0.023492,0,0,30.79853,0,0,1000,-50,-0.5625
08.08.2026,02:03:48,203309,0,-0.146791,-0.05,-0.08,-14.8125,-20.9375,226.6875,0.00971,0,0,30.7995,0,0,1000,-50,-0.375
08.08.2026,02:03:48,203415,0,-0.107104,-0.1,-0.06,-14.6875,-20.5,227,-0.005489,0,0,30.79895,0,0,1000,-50,-1.09375
08.08.2026,02:03:48,203521,0,-0.016927,-0.21,-0.03,-14.625,-19.625,227.25,-0.014713,0,0,30.79748,0,0,1000,-50,-1.28125
08.08.2026,02:03:48,203627,0,0.133546,-0.24,-0.04,-14.5625,-18.625,227.5625,-0.016227,0,0,30.79585,0,0,1000,-50,-1.3125
08.08.2026,02:03:48,203733,0,0.214063,-0.07,-0.04,-14.375,-17.4375,227.75,0.000149,0,0,30.79587,0,0,1000,-50,-1.6875
08.08.2026,02:03:48,203839,0,0.083576,-0.09,-0.06,-14.375,-17.3125,227.5625,0.015132,0,0,30.79738,0,0,1000,-50,-1.875
08.08.2026,02:03:48,203945,0,-0.056916,-0.1,-0.13,-14.375,-17.5,227.3125,0.015306,0,0,30.79891,0,0,1000,-50,-1.875
08.08.2026,02:03:48,204051,0,-0.027099,-0.06,-0.08,-14.375,-17.4375,227.375,0.005698,0,0,30.79948,0,0,1000,-50,-1.875
08.08.2026,02:03:48,204157,0,-0.037076,-0.04,-0.13,-14.375,-16.5,227.4375,-0.000711,0,0,30.79941,0,0,1000,-50,-1.875
08.08.2026,02:03:48,204263,0,0.233177,-0.01,-0.11,-14.4375,-15.5,227.3125,-0.007868,0,0,30.79862,0,0,1000,-50,-1.6875
08.08.2026,02:03:48,204369,0,0.122999,0.01,-0.08,-14.4375,-15.375,227.3125,0.005543,0,0,30.79918,0,0,1000,-50,-1.6875
08.08.2026,02:03:48,204475,0,-0.037535,-0.02,-0.13,-14.4375,-15.75,227.1875,0.016601,0,0,30.80084,0,0,1000,-50,-1.6875
08.08.2026,02:03:48,204581,0,-0.067911,-0.03,-0.1,-14.4375,-15.9375,227.25,0.011688,0,0,30.80201,0,0,1000,-50,-1.6875
08.08.2026,02:03:48,204687,0,0.022035,-0.03,-0.07,-14.5,-15.875,227.5,0.001668,0,0,30.80217,0,0,1000,-50,-1.5
08.08.2026,02:03:48,204793,0,0.07203,-0.09,-0.11,-14.5,-15.8125,227.6875,0.000153,0,0,30.80219,0,0,1000,-50,-1.5
08.08.2026,02:03:48,204899,0,0.082009,-0.18,-0.11,-14.5625,-15.8125,227.8125,0.000662,0,0,30.80226,0,0,1000,-50,-1.3125
08.08.2026,02:03:48,205005,0,0.041839,-0.14,-0.09,-14.5625,-15.8125,227.75,0.006934,0,0,30.80348,0,0,1000,-50,-1.3125
08.08.2026,02:03:48,205111,0,0.051616,-0.13,-0.08,-14.5,-15.875,227.6875,0.006765,0,0,30.80416,0,0,1000,-50,-1.5