Log_Date,Log_Time,Time,Depth,Ax,Ay,Az,pitch,roll,yaw,velocityx,velocityy,velocityz,distancex,distancey,distancez,rpm,rudderangle,sternangle
08.08.2026,02:31:40,59042,0.174896,0,0,0,0,0,0,0,0,0,0,0,0,1000,-50,-39.26218
08.08.2026,02:31:40,59148,0.181033,0,0,0,0,0,0,0,0,0,0,0,0,1000,-50,-39.29286
08.08.2026,02:31:40,59254,0.182056,0,0,0,0,0,0,0,0,0,0,0,0,1000,-50,-40
08.08.2026,02:31:40,59360,0.182056,0,0,0,0,0,0,0,0,0,0,0,0,1000,-50,-39.26218
08.08.2026,02:31:40,59466,0.177965,0,0,0,0,0,0,0,0,0,0,0,0,1000,-50,-39.53833
08.08.2026,02:31:40,59572,0.176942,0,0,0,0,0,0,0,0,0,0,0,0,1000,-50,-39.93721
08.08.2026,02:31:40,59678,0.182056,0,0,0,0,0,0,0,0,0,0,0,0,1000,-50,-39.4156
08.08.2026,02:31:40,59784,0.178987,0,0,0,0,0,0,0,0,0,0,0,0,1000,-50,-40
08.08.2026,02:31:40,59890,0.182056,0,0,0,0,0,0,0,0,0,0,0,0,1000,-50,-39.81448
08.08.2026,02:31:40,59996,0.184101,0,0,0,0,0,0,0,0,0,0,0,0,1000,-50,-39.13944
08.08.2026,02:31:40,60102,0.178987,0,0,0,-7,0,90,0,0,0,0,0,0,1000,-50,-18.56902
08.08.2026,02:31:40,60208,0.185124,0.06,-0.18,-0.42,-20.3125,-4.25,89.75,-0.015427,0,0,-0.001543,0,0,1000,-50,21.73669
08.08.2026,02:31:40,60314,0.190238,0.180475,-0.09,-0.38,-20.3125,-3.6875,89.6875,0.000665,0,0,-0.001476,0,0,1000,-50,22.31968
08.08.2026,02:31:40,60420,0.183078,0.130011,-0.05,-0.32,-20.4375,-3.8125,89.75,0.014433,0,0,-0.000033,0,0,1000,-50,20.57411
08.08.2026,02:31:40,60526,0.174896,0.089303,-0.05,-0.37,-20.625,-3.9375,89.875,0.022002,0,0,0.002167,0,0,1000,-50,21.44345
08.08.2026,02:31:40,60632,0.178987,0.118387,-0.06,-0.39,-20.8125,-4,90.0625,0.02848,0,0,0.005015,0,0,1000,-50,23.33157
08.08.2026,02:31:40,60738,0.18001,0.11725,-0.05,-0.38,-20.8125,-4.125,90.3125,0.035364,0,0,0.008552,0,0,1000,-50,23.26737
08.08.2026,02:31:40,60844,0.181033,0.105929,-0.08,-0.37,-20.875,-4.3125,90.5625,0.041072,0,0,0.012659,0,0,1000,-50,23.36565
08.08.2026,02:31:40,60950,0.185124,0.134473,-0.09,-0.35,-20.875,-4.3125,90.625,0.045296,0,0,0.017188,0,0,1000,-50,23.14804
08.08.2026,02:31:40,61056,0.186147,0.0829,-0.1,-0.35,-20.875,-4.375,90.6875,0.048898,0,0,0.022078,0,0,1010,-50,23.73103
08.08.2026,02:31:40,61162,0.185124,0.061309,-0.11,-0.39,-20.875,-4.5,90.75,0.049499,0,0,0.027028,0,0,1035,-50,23.11736
08.08.2026,02:31:40,61268,0.188192,0.079745,-0.07,-0.36,-20.8125,-4.5,90.75,0.048613,0,0,0.031889,0,0,1065,-50,23.35942
08.08.2026,02:31:40,61374,0.197397,0.209539,-0.06,-0.27,-20.75,-4.5,90.75,0.05513,0,0,0.037402,0,0,1090,-50,23.90833
08.08.2026,02:31:40,61480,0.184101,0.089181,-0.05,-0.3,-20.75,-4.75,90.75,0.066503,0,0,0.044053,0,0,1115,-50,23.20261
08.08.2026,02:31:40,61586,0.175919,0.138927,-0.09,-0.3,-20.75,-4.6875,90.875,0.074978,0,0,0.051551,0,0,1140,-50,22.37415
08.08.2026,02:31:40,61692,0.186147,0.228797,-0.15,-0.53,-20.8125,-4.75,91,0.080068,0,0,0.059557,0,0,1170,-50,23.33157
08.08.2026,02:31:40,61798,0.190238,0.178336,-0.03,-0.31,-20.8125,-4.9375,270,0.096115,0,0,0.069169,0,0,1195,0,23.11396
08.08.2026,02:31:40,61904,0.183078,0.168322,-0.01,-0.28,-20.8125,-4.875,270,0.107542,0,0,0.089837,0,0,1220,0,22.13208
08.08.2026,02:31:40,62010,0.18717,0.076127,-0.01,0.02,-20.8125,-4.875,270,0.11053,0,0,0.10089,0,0,1250,0,23.54353
08.08.2026,02:31:40,62116,0.185124,0.376808,-0.02,-0.46,-20.8125,-4.8125,270,0.11783,0,0,0.112673,0,0,1275,0,23.11395
08.08.2026,02:31:40,62222,0.190238,-0.203246,-0.14,-0.41,-20.6875,-4.5,270,0.128513,0,0,0.125524,0,0,1300,0,22.42646
08.08.2026,02:31:40,62328,0.203534,-0.052026,-0.28,-0.81,-19.625,-4.375,270.0625,0.131046,0,0,0.138629,0,0,1330,0.25,21.44014
08.08.2026,02:31:40,62434,0.220921,-0.320563,-0.27,-0.59,-18.4375,-4.5,270.1875,0.135731,0,0,0.152202,0,0,1355,0.5,19.04362
08.08.2026,02:31:40,62540,0.23524,0.479435,-0.16,-0.61,-17.875,-4.0625,270.4375,0.154166,0,0,0.167618,0,0,1380,1.25,15.9038
08.08.2026,02:31:40,62646,0.256719,-0.240738,-0.13,-0.81,-17.9375,-4.1875,270.5625,0.177888,0,0,0.185407,0,0,1405,2.25,16.60272
08.08.2026,02:31:40,62752,0.278197,0.0607,0.01,-0.36,-18.25,-4.1875,270.6875,0.192684,0,0,0.204676,0,0,1435,2.90625,18.06807
08.08.2026,02:31:40,62858,0.306835,0.431773,-0.17,-0.04,-18.5,-3.875,270.8125,0.215328,0,0,0.226208,0,0,1460,3.65625,20.11018
08.08.2026,02:31:40,62964,0.332405,-0.297868,0.16,0.1,-18.8125,-4.6875,270.625,0.249695,0,0,0.251178,0,0,1485,2.34375,21.22442
08.08.2026,02:31:40,63070,0.364111,0.086123,0.09,0.06,-20,-5.25,270.625,0.257778,0,0,0.276956,0,0,1515,2.65625,27.01426
08.08.2026,02:31:40,63176,0.361043,-0.101296,-0.12,0.19,-21.5625,-8.4375,270.625,0.285304,0,0,0.305486,0,0,1540,2.5,31.89719
08.08.2026,02:31:40,63282,0.391726,0.423402,-0.66,-0.18,-22.625,-10.875,270.875,0.301205,0,0,0.335607,0,0,1565,3.5,35.31599
08.08.2026,02:31:40,63388,0.406045,-0.123128,-1.68,0.32,-23.625,-14.125,271.3125,0.336638,0,0,0.36927,0,0,1595,4.5,37.03474
08.08.2026,02:31:40,63494,0.408091,0.123312,-1.38,0.14,-23.125,-16.1875,271.625,0.354322,0,0,0.404703,0,0,1620,6.65625,35.58251
08.08.2026,02:31:40,63600,0.42957,0.180582,-1.08,0.08,-22.25,-17.75,272.1875,0.416879,0,0,0.483865,0,0,1645,9.375,35.65813
08.08.2026,02:31:40,63707,0.419342,-0.09333,-0.73,0.18,-20.875,-18.375,272.8125,0.453314,0,0,0.529196,0,0,1650,11.25,29.75868
08.08.2026,02:31:40,63813,0.436729,0.132257,-0.51,-0.01,-20.1875,-17.8125,273.9375,0.47484,0,0,0.57668,0,0,1650,14.5,29.27804
08.08.2026,02:31:40,63919,0.444911,0.578108,-0.35,-0.11,-19.6875,-16.875,274.875,0.520938,0,0,0.628774,0,0,1650,18.5,27.6621
08.08.2026,02:31:40,64025,0.467413,0.393063,-0.15,0,-19.125,-16.25,275.8125,0.57445,0,0,0.686219,0,0,1650,24.1875,28.55882
08.08.2026,02:31:40,64131,0.465367,0.15827,-0.13,0.04,-18.4375,-16.0625,276.8125,0.625063,0,0,0.748725,0,0,1650,28.1875,24.19798
08.08.2026,02:31:40,64237,0.491959,0.744063,-0.09,-0.09,-17.75,-16.4375,277.5625,0.669856,0,0,0.815711,0,0,1650,30.875,23.12018
08.08.2026,02:31:40,64343,0.524688,0.066188,0.1,0.12,-16.75,-17.625,278.625,0.745618,0,0,0.890272,0,0,1650,33.96875,20.77813
08.08.2026,02:31:40,64449,0.529802,0.371008,0.1,0.18,-16.125,-18.3125,279.3125,0.796579,0,0,0.96993,0,0,1650,37.71875,19.84356
08.08.2026,02:31:40,64555,0.531848,0.526436,0.18,-0.09,-15.625,-18.4375,280.0625,0.841212,0,0,1.054052,0,0,1650,40.875,18.56118
08.08.2026,02:31:40,64661,0.54719,0.470379,0.35,-0.09,-15.1875,-18.25,280.6875,0.897509,0,0,1.143803,0,0,1650,43.21875,17.21799
08.08.2026,02:31:40,64767,0.561509,0.424137,0.34,0.14,-14.8125,-17.875,281.25,0.953902,0,0,1.239193,0,0,1650,45,16.83507
08.08.2026,02:31:40,64873,0.572759,0.667413,0.42,0,-14.375,-17.5625,281.875,1.012786,0,0,1.340471,0,0,1650,46.75,16.38511
08.08.2026,02:31:40,64979,0.589124,0.108071,0.56,0.13,-14.0625,-17.75,282.1875,1.092141,0,0,1.449685,0,0,1650,48.25,16.21809
08.08.2026,02:31:40,65085,0.561509,0.852027,0.31,-0.27,-13.875,-17.8125,282.4375,1.140791,0,0,1.563765,0,0,1650,50,13.50434
08.08.2026,02:31:40,65191,0.567645,0.284896,0.46,-0.16,-13.6875,-17.8125,282.5625,1.196966,0,0,1.683461,0,0,1650,50,13.92032
08.08.2026,02:31:40,65297,0.600375,0.566412,0.31,-0.25,-13.375,-17.875,282.625,1.262559,0,0,1.809717,0,0,1650,50,15.87103
08.08.2026,02:31:40,65403,0.595261,0.453313,0.58,-0.13,-13.25,-17.875,282.5625,1.34866,0,0,2.072552,0,0,1650,50,11.47592
08.08.2026,02:31:40,65509,0.615716,-0.065951,0.5,-0.1,-13.0625,-17.75,282.5625,1.373352,0,0,2.209887,0,0,1650,50,12.41692
08.08.2026,02:31:40,65615,0.634126,0.699627,0.35,-0.24,-13,-17.625,282.625,1.416556,0,0,2.351543,0,0,1650,50,16.58308
08.08.2026,02:31:40,65721,0.580942,-0.247093,0.42,-0.26,-12.875,-17.5,282.625,1.492002,0,0,2.500743,0,0,1650,50,12.70733
08.08.2026,02:31:40,65827,0.607534,0.428802,0.5,-0.47,-12.8125,-17.3125,282.375,1.501116,0,0,2.650855,0,0,1650,50,12.52266
08.08.2026,02:31:40,65933,0.615716,0.049125,0.43,-0.54,-13,-16.9375,282.125,1.563823,0,0,2.807237,0,0,1650,49,14.24774
08.08.2026,02:31:40,66039,0.579919,-0.247257,0.56,-0.06,-13.25,-16.5,281.8125,1.594938,0,0,2.966731,0,0,1650,47.75,13.70902
08.08.2026,02:31:40,66145,0.605488,0.45722,0.31,-0.24,-13.375,-15.9375,281.5,1.616954,0,0,3.128427,0,0,1650,45.6875,13.99538
08.08.2026,02:31:40,66251,0.57685,-0.400748,0.57,0.02,-13.375,-15.625,281.125,1.659019,0,0,3.294328,0,0,1650,44.5,12.58393
08.08.2026,02:31:40,66357,0.605488,0.275183,0.44,-0.19,-13.3125,-15.75,280.5625,1.664792,0,0,3.460808,0,0,1650,43,17.674
08.08.2026,02:31:40,66463,0.551281,-0.212129,0.47,-0.22,-13.1875,-15.9375,280.0625,1.698521,0,0,3.63066,0,0,1650,41,11.9021
08.08.2026,02:31:40,66569,0.600375,-0.388864,0.57,-0.08,-13.0625,-16,279.5,1.725298,0,0,3.803189,0,0,1650,37.53125,14.22385
08.08.2026,02:31:40,66675,0.588101,0.336408,0.55,-0.36,-12.875,-15.8125,278.875,1.732859,0,0,3.976475,0,0,1650,35.03125,9.393501
08.08.2026,02:31:40,66781,0.608557,-0.461259,0.43,-0.02,-12.6875,-15.375,278.0625,1.765841,0,0,4.153059,0,0,1650,32.53125,12.73405
08.08.2026,02:31:40,66887,0.601397,0.46173,0.48,-0.55,-12.5625,-15.125,277.4375,1.791109,0,0,4.33217,0,0,1650,30.5,8.186081
08.08.2026,02:31:40,66993,0.561509,0.485335,0.29,-0.43,-12.75,-15,276.9375,1.809415,0,0,4.513112,0,0,1650,27.4375,10.83167
08.08.2026,02:31:40,67099,0.58401,-0.095458,0.42,-0.15,-12.875,-14.9375,276.375,1.86579,0,0,4.699691,0,0,1650,24.875,11.91522
08.08.2026,02:31:40,67205,0.631058,0.597615,0.31,-0.45,-13.1875,-15.0625,275.9375,1.928521,0,0,5.080977,0,0,1650,23.75,12.5794
08.08.2026,02:31:40,67311,0.564577,-0.342885,0.24,-0.1,-13.3125,-15.1875,275.3125,1.975996,0,0,5.278576,0,0,1650,22,11.84073
08.08.2026,02:31:40,67417,0.587078,0.482323,0.37,-0.37,-13.25,-15.125,274.875,1.968413,0,0,5.475418,0,0,1650,20,13.28285
08.08.2026,02:31:40,67523,0.553326,-0.307893,0.39,-0.09,-13.3125,-15.125,274.4375,2.010144,0,0,5.676432,0,0,1650,17.4375,9.904263
08.08.2026,02:31:40,67629,0.57685,-0.27386,0.41,-0.08,-13.1875,-14.9375,273.9375,2.010822,0,0,5.877514,0,0,1650,15.28125,12.2669
08.08.2026,02:31:40,67735,0.592192,0.366636,0.42,-0.08,-12.9375,-14.5625,273.5625,2.043443,0,0,6.081859,0,0,1650,13.9375,13.44713
08.08.2026,02:31:40,67841,0.560486,-0.292831,0.31,-0.09,-12.5625,-14.125,273.125,2.073604,0,0,6.289219,0,0,1650,12.34375,10.38963
08.08.2026,02:31:40,67947,0.555372,0.430844,0.34,-0.11,-12.4375,-14.0625,272.875,2.073241,0,0,6.496543,0,0,1650,11.34375,11.91985
08.08.2026,02:31:40,68053,0.550258,-0.202526,0.42,-0.09,-12.5,-14.6875,272.6875,2.136981,0,0,6.710241,0,0,1650,10.59375,7.507084
08.08.2026,02:31:40,68159,0.5656,0.419681,0.23,-0.21,-12.4375,-15.375,272.5625,2.145667,0,0,6.924808,0,0,1650,10.09375,13.63472
08.08.2026,02:31:40,68265,0.599352,-0.261857,0.29,-0.06,-12.4375,-16.3125,272.5,2.187927,0,0,7.1436,0,0,1650,10,8.912292
08.08.2026,02:31:40,68371,0.542076,0.705844,0.13,-0.41,-12.4375,-16.6875,272.625,2.234258,0,0,7.367026,0,0,1650,10.25,15.26379
08.08.2026,02:31:40,68477,0.5656,0.356384,0.31,-0.2,-12.5625,-16.625,272.875,2.251379,0,0,7.592164,0,0,1650,11.25,7.56562
08.08.2026,02:31:40,68583,0.532871,0.121943,0.36,-0.15,-12.875,-16.1875,273.1875,2.312922,0,0,7.823456,0,0,1650,12.25,6.631416
08.08.2026,02:31:40,68689,0.557418,0.671436,0.23,-0.11,-13,-15.8125,273.5,2.333971,0,0,8.056853,0,0,1650,14.3125,15.23584
08.08.2026,02:31:40,68795,0.509347,-0.132094,0.32,0.04,-12.9375,-15.375,273.8125,2.381221,0,0,8.294975,0,0,1650,15,10.71913
08.08.2026,02:31:40,68901,0.480709,0.564721,0.12,-0.4,-12.875,-14.625,273.8125,2.433963,0,0,8.780551,0,0,1650,15.25,8.537205
08.08.2026,02:31:40,69007,0.478663,-0.125709,0.36,-0.01,-12.8125,-14.0625,273.75,2.492388,0,0,9.02979,0,0,1650,15,6.815521
08.08.2026,02:31:40,69113,0.474572,0.028733,0.46,0,-12.75,-13.875,273.6875,2.507852,0,0,9.280575,0,0,1650,14.75,10.52766
08.08.2026,02:31:40,69219,0.505256,0.867349,0.36,-0.21,-12.875,-14.375,273.8125,2.559283,0,0,9.536503,0,0,1650,15.40625,10.77993
08.08.2026,02:31:40,69325,0.453094,0.036772,0.45,-0.11,-13,-15.8125,274.0625,2.604167,0,0,9.79692,0,0,1650,16,9.590065
08.08.2026,02:31:40,69431,0.455139,0.883031,0.38,-0.37,-13.3125,-16.75,274.375,2.632345,0,0,10.06015,0,0,1650,17.65625,8.198456
08.08.2026,02:31:40,69537,0.456162,0.044523,0.16,-0.21,-13.8125,-17.4375,274.8125,2.70218,0,0,10.33037,0,0,1650,19.71875,11.54513
08.08.2026,02:31:40,69643,0.441843,0.851403,0.05,-0.38,-14.3125,-17.6875,275.1875,2.716405,0,0,10.60201,0,0,1650,20.75,13.56392
08.08.2026,02:31:40,69749,0.454116,0.133068,0.2,-0.43,-14.75,-17.4375,275.6875,2.777569,0,0,10.87977,0,0,1650,22.75,13.55419
08.08.2026,02:31:40,69855,0.433661,0.898865,0.04,-0.48,-15.3125,-16.9375,276.3125,2.795265,0,0,11.1593,0,0,1650,24.75,14.64624
08.08.2026,02:31:40,69961,0.458207,0.531704,0.14,-0.45,-15.625,-16.4375,276.8125,2.838726,0,0,11.44317,0,0,1650,27.5625,16.71903
08.08.2026,02:31:40,70067,0.452071,0.104116,0.1,-0.25,-15.9375,-16.125,277.3125,2.882258,0,0,11.73139,0,0,1650,29.5625,14.34271
08.08.2026,02:31:40,70173,0.456162,0.569941,0.12,-0.25,-16.0625,-16.1875,277.625,2.890323,0,0,12.02043,0,0,1650,30.8125,13.74547
08.08.2026,02:31:40,70279,0.435706,-0.186856,0.17,-0.02,-16.1875,-16.375,277.75,2.921885,0,0,12.31262,0,0,1650,31,17.28087
08.08.2026,02:31:40,70385,0.437752,0.398657,0.14,-0.16,-16.25,-16.1875,277.6875,2.929197,0,0,12.60554,0,0,1650,30.59375,17.18939
08.08.2026,02:31:40,70491,0.461276,-0.264987,0.25,-0.06,-16.25,-15.875,277.5,2.928047,0,0,12.89834,0,0,1650,29.84375,17.71101
08.08.2026,02:31:40,70597,0.479686,0.149198,0.07,-0.3,-16.375,-15.6875,277.3125,2.947074,0,0,13.19305,0,0,1650,29.09375,18.09167
08.08.2026,02:31:40,70703,0.449002,0.766923,0.15,-0.42,-16.625,-15.875,277.375,2.982068,0,0,13.78441,0,0,1650,29.5,13.59479
08.08.2026,02:31:40,70809,0.508324,-0.117021,0.1,-0.05,-17,-16.6875,277.75,2.985683,0,0,14.08298,0,0,1650,30.75,25.53861
08.08.2026,02:31:40,70915,0.473549,0.556231,0.26,-0.32,-17.3125,-17.375,278.0625,3.007951,0,0,14.38378,0,0,1650,32,22.85546
08.08.2026,02:31:40,71021,0.508324,0.088195,0.13,-0.21,-17.5625,-17.875,278.4375,3.040005,0,0,14.68778,0,0,1650,33.25,24.6487
08.08.2026,02:31:40,71127,0.519575,0.363165,-0.08,-0.28,-17.625,-18.125,278.75,3.041202,0,0,14.9919,0,0,1650,35.3125,22.66446
08.08.2026,02:31:40,71233,0.487868,0.035785,0.1,-0.19,-17.625,-18,279,3.064004,0,0,15.2983,0,0,1650,36.15625,20.60867
08.08.2026,02:31:40,71339,0.504233,0.43148,-0.02,-0.31,-17.5625,-16.9375,279.25,3.056176,0,0,15.60392,0,0,1650,37.15625,25.08223
08.08.2026,02:31:40,71445,0.478663,-0.014771,0.18,-0.27,-17.375,-16.1875,279.375,3.067091,0,0,15.91063,0,0,1650,37.5,20.62632
08.08.2026,02:31:40,71551,0.526734,-0.220613,0.09,-0.12,-17.125,-15.875,279.375,3.073179,0,0,16.21794,0,0,1650,37.5,26.03748
08.08.2026,02:31:40,71657,0.516506,0.384523,0.08,-0.2,-16.8125,-15.8125,279.375,3.069621,0,0,16.52491,0,0,1650,37.5,15.49603
08.08.2026,02:31:40,71763,0.526734,-0.471708,0.29,0.03,-16.4375,-15.9375,279.25,3.079051,0,0,16.83281,0,0,1650,37,17.12972
08.08.2026,02:31:40,71869,0.551281,0.256648,0.12,-0.05,-16,-16.1875,279.0625,3.045145,0,0,17.13733,0,0,1650,36.5,24.17277
08.08.2026,02:31:40,71975,0.507301,-0.337961,0.17,0,-15.8125,-16.3125,278.9375,3.041947,0,0,17.44152,0,0,1650,36,17.07695
08.08.2026,02:31:40,72081,0.527757,0.159199,-0.01,-0.25,-15.6875,-16.625,278.9375,3.022703,0,0,17.74379,0,0,1650,35.75,20.22715
08.08.2026,02:31:40,72187,0.513438,0.485821,0.08,-0.36,-15.625,-16.8125,278.9375,3.010283,0,0,18.04482,0,0,1650,35.75,20.92947
08.08.2026,02:31:40,72293,0.52162,-0.020196,0.09,-0.19,-15.4375,-16.8125,278.875,3.023458,0,0,18.34716,0,0,1650,35.5,16.16673
08.08.2026,02:31:40,72399,0.531848,-0.113506,-0.01,0.02,-15.1875,-16.75,278.75,3.010338,0,0,18.6482,0,0,1650,35,20.08403
08.08.2026,02:31:40,72505,0.517529,-0.158189,0.08,-0.23,-14.875,-16.4375,278.5625,3.010267,0,0,19.25034,0,0,1650,34.09375,17.1521
08.08.2026,02:31:40,72611,0.517529,0.147307,0.18,-0.07,-14.625,-16.0625,278.375,2.98711,0,0,19.54905,0,0,1650,33.34375,14.06051
08.08.2026,02:31:40,72717,0.506278,0.075218,0.06,0.04,-14.3125,-15.8125,278.125,2.972814,0,0,19.84633,0,0,1650,32.1875,13.2736
08.08.2026,02:31:40,72823,0.513438,0.311058,0.06,-0.13,-13.875,-15.6875,277.8125,2.946394,0,0,20.14097,0,0,1650,31.34375,12.5202
08.08.2026,02:31:40,72929,0.498096,0.118484,0.08,-0.04,-13.5625,-15.625,277.625,2.933764,0,0,20.43435,0,0,1650,30.34375,14.09196
08.08.2026,02:31:40,73035,0.482754,0.115673,0.09,-0.14,-13.1875,-15.4375,277.25,2.924501,0,0,20.7268,0,0,1650,28.6875,7.812122
08.08.2026,02:31:40,73141,0.499119,-0.465707,0.06,0.06,-12.6875,-15.1875,276.8125,2.902857,0,0,21.01709,0,0,1650,26.78125,7.293995
08.08.2026,02:31:40,73247,0.428547,-0.396141,-0.01,-0.24,-12.25,-14.75,276.3125,2.874469,0,0,21.30453,0,0,1650,25.25,2.765388
08.08.2026,02:31:40,73353,0.478663,-0.307971,-0.02,-0.04,-12.0625,-14.75,275.6875,2.861595,0,0,21.59069,0,0,1650,23.25,9.658985
08.08.2026,02:31:40,73459,0.463321,-0.046939,-0.05,-0.43,-12.25,-15.125,275.375,2.82343,0,0,21.87304,0,0,1650,22,7.667957
08.08.2026,02:31:40,73565,0.419342,-0.2103,0.03,-0.09,-12.5625,-15.8125,275.25,2.829323,0,0,22.15597,0,0,1650,21,6.028042
08.08.2026,02:31:40,73671,0.413205,0.537163,0.23,-0.32,-13,-16.6875,275.125,2.827064,0,0,22.43867,0,0,1650,20.34375,3.149361
08.08.2026,02:31:40,73777,0.413205,-0.326718,0.04,-0.04,-13.6875,-17.6875,275.125,2.837441,0,0,22.72242,0,0,1650,20.5,9.77351
08.08.2026,02:31:40,73883,0.42957,-0.050569,0.05,-0.19,-14.0625,-17.9375,275.0625,2.846611,0,0,23.00708,0,0,1650,20.25,10.50302
08.08.2026,02:31:40,73989,0.38559,0.347667,0.12,-0.21,-14.375,-17.625,275.0625,2.835659,0,0,23.29065,0,0,1650,20.25,7.243111
08.08.2026,02:31:40,74095,0.393772,0.093264,0.21,0,-14.625,-17,275.125,2.850091,0,0,23.57565,0,0,1650,20.5,9.034081
08.08.2026,02:31:40,74201,0.382521,0.161918,0.16,-0.14,-14.75,-16.25,274.9375,2.825525,0,0,24.1417,0,0,1650,19.75,3.33091
08.08.2026,02:31:40,74307,0.310926,-0.199933,0.11,-0.16,-14.75,-15.0625,274.4375,2.800469,0,0,24.42175,0,0,1650,18.5,11.5541
08.08.2026,02:31:40,74413,0.325245,0.601083,-0.02,-0.33,-14.8125,-14.5,274.125,2.767934,0,0,24.69854,0,0,1650,16.75,9.6824
08.08.2026,02:31:40,74519,0.320132,0.067505,0.01,-0.44,-15.0625,-14.4375,273.875,2.780755,0,0,24.97662,0,0,1650,15.75,8.990276
08.08.2026,02:31:40,74625,0.357975,-0.0732,-0.02,-0.29,-15.5625,-15.25,273.8125,2.765882,0,0,25.25321,0,0,1650,15.25,10.42211
08.08.2026,02:31:40,74731,0.368202,0.383081,0.01,-0.54,-16.25,-16.4375,273.875,2.780184,0,0,25.53123,0,0,1650,15.65625,11.85895
08.08.2026,02:31:40,74837,0.36718,0.019819,-0.11,-0.35,-17.1875,-17.8125,274.125,2.789006,0,0,25.81013,0,0,1650,16.25,15.84941
08.08.2026,02:31:40,74943,0.309904,0.338906,-0.06,-0.36,-17.75,-18.125,274.4375,2.775328,0,0,26.08766,0,0,1650,17.25,18.02785
08.08.2026,02:31:40,75049,0.369225,-0.327077,0.15,0,-18.125,-18.0625,274.75,2.809747,0,0,26.36863,0,0,1650,19.3125,23.95534
08.08.2026,02:31:40,75155,0.331382,0.572912,-0.06,-0.23,-18.3125,-17.5625,275,2.785881,0,0,26.64722,0,0,1650,20.3125,19.17324
08.08.2026,02:31:40,75261,0.366157,-0.261499,0,0.03,-18.5625,-16.6875,275.3125,2.804824,0,0,26.9277,0,0,1650,21.15625,20.41702
08.08.2026,02:31:40,75367,0.371271,0.435058,0,-0.24,-18.625,-16.4375,275.4375,2.813136,0,0,27.20902,0,0,1650,21.5,25.75652
08.08.2026,02:31:40,75473,0.404,0.422877,0.1,-0.21,-18.625,-16.3125,275.4375,2.809046,0,0,27.48992,0,0,1650,21.75,24.95874
08.08.2026,02:31:40,75579,0.406045,0.019954,-0.04,0,-18.5,-16.0625,275.5,2.812174,0,0,27.77114,0,0,1650,22,21.82222
08.08.2026,02:31:40,75685,0.390704,0.039472,-0.13,-0.24,-18.3125,-15.8125,275.5,2.792448,0,0,28.05038,0,0,1650,22,20.95006
08.08.2026,02:31:40,75791,0.411159,-0.421368,0.1,-0.22,-17.9375,-15.3125,275.3125,2.777784,0,0,28.32816,0,0,1650,21.5,22.84167
08.08.2026,02:31:40,75897,0.407068,0.51717,0.05,-0.39,-17.75,-15.1875,275.1875,2.770177,0,0,28.60518,0,0,1650,21,19.29947
08.08.2026,02:31:40,76003,0.400932,-0.10367,0.06,-0.05,-17.625,-15.5,275.25,2.776532,0,0,29.15858,0,0,1650,21.15625,18.80173
08.08.2026,02:31:40,76109,0.464344,-0.157823,0,-0.04,-17.625,-16.25,275.375,2.754457,0,0,29.43403,0,0,1650,21.65625,22.29626
08.08.2026,02:31:40,76215,0.391726,0.422291,0.02,-0.14,-17.625,-17,275.5,2.770756,0,0,29.7111,0,0,1650,22.15625,20.7314
08.08.2026,02:31:40,76321,0.471504,-0.324152,0,0.21,-17.625,-17.5625,275.75,2.774441,0,0,29.98855,0,0,1650,23.15625,24.35206
08.08.2026,02:31:40,76427,0.449002,0.21596,0.09,-0.17,-17.5,-17.5,275.9375,2.752566,0,0,30.2638,0,0,1650,23.90625,17.47555
08.08.2026,02:31:40,76533,0.47764,-0.147194,0.02,-0.17,-17.3125,-17,276.1875,2.762817,0,0,30.54008,0,0,1650,24.90625,21.0491
08.08.2026,02:31:40,76639,0.399909,0.593413,0.03,-0.16,-17.0625,-16.4375,276.4375,2.737385,0,0,30.81382,0,0,1650,25.90625,18.9797
08.08.2026,02:31:40,76745,0.474572,0.20155,-0.01,-0.11,-16.75,-15.8125,276.5,2.737012,0,0,31.08752,0,0,1650,26,22.79531
08.08.2026,02:31:40,76851,0.479686,0.191105,0.01,-0.06,-16.3125,-15.25,276.5,2.723556,0,0,31.35988,0,0,1650,26,17.25755
08.08.2026,02:31:40,76957,0.449002,0.351604,-0.13,-0.21,-15.9375,-15.3125,276.4375,2.702537,0,0,31.63013,0,0,1650,26,16.74963
08.08.2026,02:31:40,77063,0.465367,0.220149,0.1,0.11,-15.625,-15.375,276.375,2.701406,0,0,31.90027,0,0,1650,25.5,14.79617
08.08.2026,02:31:40,77169,0.497073,-0.009194,0.02,0.05,-15.3125,-15.4375,276.3125,2.68083,0,0,32.16836,0,0,1650,25.25,13.78824
08.08.2026,02:31:40,77275,0.511392,0.360932,-0.03,0,-15,-15.625,276.25,2.666925,0,0,32.43505,0,0,1650,25,16.0759
08.08.2026,02:31:40,77381,0.443888,-0.12975,-0.03,0.08,-14.8125,-16,276.1875,2.661666,0,0,32.70122,0,0,1650,24.75,14.35027
08.08.2026,02:31:40,77487,0.458207,0.030721,-0.02,-0.19,-14.625,-16.125,276.25,2.646196,0,0,32.96584,0,0,1650,25,15.16513
08.08.2026,02:31:40,77593,0.455139,-0.031258,0.04,-0.03,-14.5625,-16.3125,276.3125,2.65468,0,0,33.2313,0,0,1650,25.40625,12.89398
08.08.2026,02:31:40,77699,0.485823,0.037672,-0.03,-0.06,-14.5,-16.5,276.3125,2.65405,0,0,33.49671,0,0,1650,25.25,12.15417
08.08.2026,02:31:40,77805,0.430592,-0.066051,-0.08,-0.21,-14.5,-16.6875,276.4375,2.66754,0,0,34.02885,0,0,1650,25.75,7.919846
08.08.2026,02:31:40,77911,0.449002,-0.105962,0.07,-0.03,-14.4375,-16.5,276.5625,2.655098,0,0,34.29436,0,0,1650,26,9.08242
08.08.2026,02:31:40,78017,0.439797,0.504039,-0.01,-0.01,-14.1875,-16.1875,276.75,2.656115,0,0,34.55997,0,0,1650,27.15625,10.1064
08.08.2026,02:31:40,78123,0.377407,-0.157214,-0.04,-0.09,-13.9375,-15.875,276.75,2.648448,0,0,34.82481,0,0,1650,27,5.551643
08.08.2026,02:31:40,78229,0.406045,0.252464,-0.02,-0.13,-13.5625,-15.3125,276.625,2.622053,0,0,35.08702,0,0,1650,26.5,6.329025
08.08.2026,02:31:40,78335,0.391726,-0.516607,0.01,0.03,-13.125,-14.625,276.3125,2.622047,0,0,35.34922,0,0,1650,25.5,7.909843
08.08.2026,02:31:40,78441,0.436729,0.225124,-0.22,-0.27,-13.0625,-14.5,276.125,2.598245,0,0,35.60905,0,0,1650,24.5,7.412106
08.08.2026,02:31:40,78547,0.347747,0.434933,-0.03,-0.27,-13.25,-14.75,275.9375,2.594183,0,0,35.86847,0,0,1650,23.59375,3.825527
08.08.2026,02:31:40,78653,0.333428,-0.176087,0.03,-0.07,-13.5625,-15.5,275.9375,2.598117,0,0,36.12828,0,0,1650,23.75,9.285973
08.08.2026,02:31:40,78759,0.362066,0.415048,-0.02,-0.19,-14,-16.5,276,2.581803,0,0,36.38646,0,0,1650,24,7.379532
08.08.2026,02:31:40,78865,0.3232,-0.128921,-0.11,-0.08,-14.5625,-17.3125,276.1875,2.614034,0,0,36.64786,0,0,1650,24.90625,5.341297
08.08.2026,02:31:40,78971,0.346724,0.291776,0.04,-0.25,-14.875,-17.6875,276.25,2.600455,0,0,36.9079,0,0,1650,25,9.081192
08.08.2026,02:31:40,79077,0.343656,-0.229901,0.13,0,-15.1875,-17.6875,276.4375,2.609951,0,0,37.1689,0,0,1650,25.90625,10.84431
08.08.2026,02:31:40,79183,0.339564,-0.080935,0.07,-0.02,-15.4375,-17.25,276.625,2.612721,0,0,37.43017,0,0,1650,26.65625,10.36697
08.08.2026,02:31:40,79289,0.319109,0.419294,-0.02,-0.05,-15.75,-16.5625,276.8125,2.603584,0,0,37.69053,0,0,1650,27,8.015106
08.08.2026,02:31:40,79395,0.322177,-0.464171,0.02,-0.05,-16,-16.0625,276.875,2.629357,0,0,37.95346,0,0,1650,27.5,15.51549
08.08.2026,02:31:40,79501,0.293539,0.455909,-0.03,-0.42,-16.1875,-15.75,276.8125,2.616915,0,0,38.47717,0,0,1650,27.25,18.1031
08.08.2026,02:31:40,79607,0.327291,-0.244561,0,0,-16.25,-15.6875,276.8125,2.612381,0,0,38.73841,0,0,1650,27.25,18.35536
08.08.2026,02:31:40,79713,0.326268,0.265132,-0.11,-0.3,-16.25,-15.9375,276.75,2.589394,0,0,38.99735,0,0,1650,27,14.39719
08.08.2026,02:31:40,79819,0.308881,0.165068,0.02,-0.27,-16.375,-16.5,276.6875,2.600878,0,0,39.25743,0,0,1650,26.75,15.10631
08.08.2026,02:31:40,79925,0.333428,0.346122,-0.04,-0.22,-16.5625,-17.0625,276.6875,2.585082,0,0,39.51594,0,0,1650,26.75,16.07053
08.08.2026,02:31:40,80031,0.340587,0.324813,-0.08,-0.43,-16.8125,-17.1875,276.6875,2.592441,0,0,39.77518,0,0,1650,26.75,14.76813
08.08.2026,02:31:40,80137,0.306835,-0.0656,0.08,-0.28,-17.25,-17.1875,276.8125,2.590912,0,0,40.03428,0,0,1650,27.25,11.32751
08.08.2026,02:31:40,80243,0.302744,0.424834,-0.09,-0.43,-17.625,-17.3125,277,2.581674,0,0,40.29244,0,0,1650,28,14.78729
08.08.2026,02:31:40,80349,0.292516,-0.017971,0,-0.08,-18,-17.6875,277.3125,2.603141,0,0,40.55276,0,0,1650,28.75,21.58252
08.08.2026,02:31:40,80455,0.38559,0.082977,-0.11,-0.19,-18.25,-17.75,277.5625,2.588141,0,0,40.81157,0,0,1650,29.75,23.49282
08.08.2026,02:31:40,80561,0.331382,-0.078485,-0.02,-0.27,-18.3125,-17.5625,277.75,2.596669,0,0,41.07124,0,0,1650,31.15625,14.32525
08.08.2026,02:31:40,80667,0.331382,-0.228612,-0.08,-0.22,-18.3125,-17,277.875,2.592144,0,0,41.33045,0,0,1650,31.5,20.70742
08.08.2026,02:31:40,80773,0.34161,0.314181,0.01,0.02,-18.1875,-16.4375,278,2.560985,0,0,41.58655,0,0,1650,32,22.35471
08.08.2026,02:31:40,80879,0.350815,-0.436395,0,0.01,-17.8125,-15.6875,277.9375,2.563534,0,0,41.8429,0,0,1650,31.75,23.20308
08.08.2026,02:31:40,80985,0.434683,0.197853,0.05,0.04,-17.3125,-15.125,277.5625,2.52126,0,0,42.09503,0,0,1650,29.9375,14.30835
08.08.2026,02:31:40,81091,0.312972,0.129709,-0.06,-0.06,-16.875,-14.8125,277.25,2.504513,0,0,42.34548,0,0,1650,28.6875,10.1605
08.08.2026,02:31:40,81197,0.361043,-0.170095,-0.02,-0.2,-16.625,-15.0625,277.125,2.504465,0,0,42.59592,0,0,1650,28.5,15.30457
08.08.2026,02:31:40,81303,0.34877,0.501308,0,0.01,-16.4375,-16.3125,277.25,2.495428,0,0,43.09479,0,0,1650,28.90625,15.79153
08.08.2026,02:31:40,81409,0.36002,0.051358,-0.07,-0.1,-16.5,-17.375,277.375,2.506486,0,0,43.34544,0,0,1650,29.65625,11.80268
08.08.2026,02:31:40,81515,0.326268,-0.119569,-0.01,0.03,-16.625,-18.1875,277.5625,2.507253,0,0,43.59616,0,0,1650,30.40625,12.97828
08.08.2026,02:31:40,81621,0.356952,0.130521,-0.04,-0.11,-16.6875,-18.625,277.875,2.517116,0,0,43.84788,0,0,1650,31.65625,15.95515
08.08.2026,02:31:40,81727,0.368202,-0.19038,-0.06,0.22,-16.875,-18.5,278.125,2.50658,0,0,44.09853,0,0,1650,32.5,17.34611
08.08.2026,02:31:40,81833,0.394795,0.301884,-0.15,-0.17,-16.9375,-17.5,278.5,2.498524,0,0,44.34838,0,0,1650,33.75,13.85159
08.08.2026,02:31:40,81939,0.374339,-0.208376,0.03,0.06,-16.8125,-16.6875,278.625,2.503164,0,0,44.5987,0,0,1650,34.25,12.03786
08.08.2026,02:31:40,82045,0.376385,0.383767,-0.01,0.06,-16.625,-16.1875,278.6875,2.485201,0,0,44.84722,0,0,1650,34.75,16.10857
08.08.2026,02:31:40,82151,0.371271,-0.306693,-0.2,0.01,-16.4375,-15.875,278.75,2.492744,0,0,45.0965,0,0,1650,35,19.03777
08.08.2026,02:31:40,82257,0.379453,-0.364743,-0.09,0.04,-16.1875,-15.75,278.6875,2.477398,0,0,45.34424,0,0,1650,34.75,16.78144
08.08.2026,02:31:40,82363,0.333428,0.077591,-0.01,-0.02,-15.625,-15.5,278.0625,2.45971,0,0,45.59021,0,0,1650,31.78125,11.6369
08.08.2026,02:31:40,82469,0.334451,-0.560675,-0.06,0,-15.1875,-15.1875,277.5,2.448953,0,0,45.83511,0,0,1650,29.6875,8.078266
08.08.2026,02:31:40,82575,0.357975,0.364721,-0.09,-0.24,-14.875,-15,277.1875,2.405172,0,0,46.07562,0,0,1650,28.59375,9.778419
08.08.2026,02:31:40,82681,0.376385,-0.136006,0.03,-0.01,-14.875,-15.5,277,2.421386,0,0,46.31776,0,0,1380,28,9.811935
08.08.2026,02:31:40,82787,0.344678,-0.481373,1.17,0.05,-15.0625,-14.5625,277.125,2.386579,0,0,46.55642,0,0,1000,28.25,5.249714
08.08.2026,02:31:40,82893,0.390704,-0.064137,0.84,-0.35,-15.5,-10.1875,277.5,2.27864,0,0,46.78428,0,0,1000,29.5,14.87463
08.08.2026,02:31:40,82999,0.387635,0.082262,0.76,-0.6,-15.6875,-3.75,277.9375,2.194308,0,0,47.00371,0,0,1000,31.25,14.51662
08.08.2026,02:31:40,83105,0.401954,0.227953,0.59,-0.66,-15.875,1.25,278.1875,2.039214,0,0,47.41837,0,0,1000,32.90625,16.55193
08.08.2026,02:31:40,83211,0.432638,0.082817,0.4,-0.6,-16.6875,3.25,277.9375,1.962393,0,0,47.61461,0,0,1000,31.4375,19.92749
08.08.2026,02:31:40,83317,0.436729,-0.328818,0.27,-0.55,-17.5,1.0625,276.9375,1.85675,0,0,47.80029,0,0,1000,29,21.02804
08.08.2026,02:31:40,83423,0.425478,-0.424283,0.3,-0.36,-17.625,-2.875,275.9375,1.726642,0,0,47.97295,0,0,1000,25.5,18.85631
08.08.2026,02:31:40,83529,0.423433,-0.608936,0.23,-0.27,-17.75,-6.125,275,1.583949,0,0,48.13134,0,0,1000,19.21875,20.9865
08.08.2026,02:31:40,83635,0.420364,-0.592269,0.21,-0.2,-18.0625,-8.1875,274.0625,1.424489,0,0,48.27379,0,0,1000,15.625,22.41777
08.08.2026,02:31:40,83741,0.420364,-0.543999,0.14,-0.2,-18.5,-8.0625,273.3125,1.263891,0,0,48.40018,0,0,1000,12.78125,23.97574
08.08.2026,02:31:40,83847,0.420364,-0.513989,0.12,-0.25,-18.9375,-4.9375,272.5625,1.110553,0,0,48.51123,0,0,1000,11,25.06438
08.08.2026,02:31:40,83953,0.411159,-0.402119,0.07,-0.31,-19.0625,-1.75,271.9375,0.964292,0,0,48.60766,0,0,1000,8.5,25.44279
08.08.2026,02:31:40,84059,0.417296,-0.358418,0.05,-0.36,-19.1875,0.3125,271.0625,0.832025,0,0,48.69086,0,0,1000,3.46875,25.08138
08.08.2026,02:31:40,84165,0.421387,-0.322893,0,-0.35,-19.25,0.5,270,0.710733,0,0,48.76194,0,0,1000,0,24.44043
08.08.2026,02:31:40,84271,0.400932,-0.425458,-0.01,-0.4,-19.5,-1.75,268.4375,0.59469,0,0,48.8214,0,0,1000,-4.25,24.96885
08.08.2026,02:31:40,84377,0.395818,-0.495899,-0.01,-0.28,-19.875,-4.3125,267.375,0.477401,0,0,48.86914,0,0,1000,-8.75,26.21318
08.08.2026,02:31:40,84483,0.399909,-0.513954,-0.02,-0.28,-20.375,-5.875,266.6875,0.356505,0,0,48.9048,0,0,1000,-13.71875,27.98933
08.08.2026,02:31:40,84589,0.390704,-0.529463,-0.05,-0.28,-20.9375,-6.4375,266.0625,0.236498,0,0,48.92845,0,0,1000,-16.21875,29.37
08.08.2026,02:31:40,84695,0.388658,-0.472476,-0.05,-0.34,-21.625,-5.6875,265.6875,0.125645,0,0,48.94101,0,0,1000,-17.5625,32.03701
08.08.2026,02:31:40,84801,0.388658,-0.323199,-0.08,-0.4,-22.4375,-3.8125,265.3125,-0.051565,0,0,48.93879,0,0,1000,-18.90625,33.85064
08.08.2026,02:31:40,84907,0.390704,-0.261897,-0.13,-0.45,-23.0625,-2.6875,265,-0.118147,0,0,48.92698,0,0,1000,-20.15625,36.00179
08.08.2026,02:31:40,85013,0.37843,-0.298843,-0.13,-0.42,-23.5625,-2.4375,264.5625,-0.175843,0,0,48.90939,0,0,1000,-22.21875,37.63189
08.08.2026,02:31:40,85119,0.386613,-0.314198,-0.14,-0.42,-23.9375,-3.0625,264.1875,-0.231207,0,0,48.88627,0,0,1000,-23.5625,39.15295
08.08.2026,02:31:40,85225,0.374339,-0.377966,-0.15,-0.37,-24.25,-4.1875,263.75,-0.282629,0,0,48.85801,0,0,1000,-25,38.4949
08.08.2026,02:31:40,85331,0.376385,-0.330965,-0.14,-0.29,-24.5625,-5.3125,263.1875,-0.330706,0,0,48.82494,0,0,1000,-26.75,39.91428
08.08.2026,02:31:40,85437,0.379453,-0.350369,-0.09,-0.31,-24.75,-5.5,262.875,-0.373266,0,0,48.78761,0,0,1000,-28.25,40
08.08.2026,02:31:40,85543,0.373316,-0.318623,-0.12,-0.3,-24.6875,-5.0625,262.625,-0.407876,0,0,48.74683,0,0,1000,-29.25,39.98584
08.08.2026,02:31:40,85649,0.365134,-0.275949,-0.12,-0.32,-24.5,-4.3125,262.375,-0.434247,0,0,48.7034,0,0,1000,-30.65625,40
08.08.2026,02:31:40,85755,0.382521,-0.292601,-0.11,-0.33,-24.1875,-3.6875,262.1875,-0.451868,0,0,48.65821,0,0,1000,-31.40625,38.78418
08.08.2026,02:31:40,85861,0.376385,-0.208725,-0.1,-0.31,-23.625,-3.375,261.9375,-0.464608,0,0,48.61176,0,0,1000,-32.15625,36.95629
08.08.2026,02:31:40,85967,0.372294,-0.194559,-0.11,-0.26,-23.125,-3.625,261.75,-0.469638,0,0,48.56479,0,0,1000,-33.15625,34.76822
08.08.2026,02:31:40,86073,0.383544,-0.190275,-0.11,-0.22,-22.5625,-4.25,261.5,-0.469347,0,0,48.51786,0,0,1000,-34.15625,34.12396
08.08.2026,02:31:40,86179,0.38559,-0.205935,-0.08,-0.22,-21.9375,-4.8125,261.3125,-0.467451,0,0,48.47111,0,0,1000,-34.90625,31.63529
08.08.2026,02:31:40,86285,0.381499,-0.191521,-0.08,-0.17,-21.25,-5.1875,261.125,-0.466532,0,0,48.42446,0,0,1000,-35.25,29.55513
08.08.2026,02:31:40,86391,0.387635,-0.177129,-0.09,-0.18,-20.875,-5.0625,261.125,-0.462906,0,0,48.37817,0,0,1000,-35.5,29.25746
08.08.2026,02:31:40,86497,0.366157,-0.102947,-0.13,-0.2,-20.5,-4.625,261.125,-0.453646,0,0,48.3328,0,0,1000,-35.5,27.49151
08.08.2026,02:31:40,86603,0.368202,-0.059105,-0.16,-0.21,-20.3125,-4.1875,261.125,-0.422692,0,0,48.24647,0,0,1000,-35.5,26.70459
08.08.2026,02:31:40,86709,0.374339,-0.045772,-0.14,-0.23,-20.1875,-4,261.0625,-0.400708,0,0,48.2064,0,0,1000,-35.75,26.63642
08.08.2026,02:31:40,86815,0.362066,-0.040971,-0.17,-0.22,-20.125,-4.0625,261,-0.381636,0,0,48.16824,0,0,1000,-35.75,25.86877
08.08.2026,02:31:40,86921,0.354906,-0.089386,-0.15,-0.22,-20.125,-4.4375,260.9375,-0.36399,0,0,48.13184,0,0,1000,-36.25,25.89945
08.08.2026,02:31:40,87027,0.351838,-0.078262,-0.16,-0.24,-20.1875,-4.8125,260.875,-0.348818,0,0,48.09695,0,0,1000,-36.5,24.97894
08.08.2026,02:31:40,87133,0.339564,-0.067598,-0.17,-0.26,-20.1875,-4.9375,260.8125,-0.333853,0,0,48.06357,0,0,1000,-36.75,25.38123
08.08.2026,02:31:40,87239,0.326268,-0.047402,-0.17,-0.26,-20.1875,-4.8125,260.8125,-0.318845,0,0,48.03168,0,0,1000,-36.75,25.31704
08.08.2026,02:31:40,87345,0.327291,-0.017728,-0.16,-0.3,-20.125,-4.3125,260.8125,-0.302267,0,0,48.00146,0,0,1000,-36.75,25.4426
08.08.2026,02:31:40,87451,0.317063,0.011393,-0.15,-0.33,-20,-4,260.9375,-0.284799,0,0,47.97298,0,0,1000,-36.09375,24.29427
08.08.2026,02:31:40,87557,0.315018,-0.180096,0.06,0.71,-19.8125,-4,261.0625,-0.265724,0,0,47.9464,0,0,1000,-35.59375,23.24084
08.08.2026,02:31:40,87663,0.3232,-0.372593,3.36,0.06,-18.75,-7.75,260.5625,-0.23424,0,0,47.92298,0,0,1000,-38.375,19.79088
08.08.2026,02:31:40,87769,0.3232,0.607219,-0.54,-0.82,-12.75,2.8125,263.4375,-0.306377,0,0,47.89235,0,0,1000,-31.25,8.195995
08.08.2026,02:31:40,87875,0.327291,0.938318,-0.44,-0.92,-7.5,13.8125,267.625,-0.346709,0,0,47.85767,0,0,1000,-14,-8.089218
08.08.2026,02:31:40,87981,0.326268,0.146007,-0.66,-0.95,-3.0625,14.4375,270.25,-0.240288,0,0,47.83364,0,0,1000,-1.25,-22.52332
08.08.2026,02:31:40,88087,0.330359,-0.238781,-0.41,-0.8,-0.3125,6.6875,270.25,-0.163035,0,0,47.81734,0,0,1000,0.21875,-36.37273
08.08.2026,02:31:40,88193,0.324223,-0.45356,-0.29,-0.5,1,-2.8125,268.5,-0.163391,0,0,47.801,0,0,1000,-7.71875,-39.51482
08.08.2026,02:31:40,88299,0.3232,-0.447593,-0.09,0.05,1.375,-15.25,265.8125,-0.186933,0,0,47.78231,0,0,1000,-15.90625,-39.68127
08.08.2026,02:31:40,88405,0.315018,-0.370795,-0.08,0.27,0.0625,-18.125,265.5625,-0.235191,0,0,47.73747,0,0,1000,-17.59375,-36.17731
08.08.2026,02:31:40,88511,0.30479,-0.243302,-0.17,0.11,-2.625,-15.0625,267,-0.244013,0,0,47.71307,0,0,1000,-10.59375,-25.94722
08.08.2026,02:31:40,88617,0.306835,0.184464,-0.22,-0.27,-5.625,-7.25,269.3125,-0.233448,0,0,47.68972,0,0,1000,-1.03125,-17.03928
08.08.2026,02:31:40,88723,0.296608,0.331885,-0.29,-0.54,-7.9375,1,271.5,-0.187378,0,0,47.67099,0,0,1000,6,-10.81882
08.08.2026,02:31:40,88829,0.291494,0.661949,-0.31,-0.77,-10.3125,6.25,273.0625,-0.129668,0,0,47.65802,0,0,1000,11.25,-4.608009
08.08.2026,02:31:40,88935,0.289448,0.464072,-0.27,-0.76,-11.3125,4.6875,273.3125,-0.067014,0,0,47.65132,0,0,1000,13,-4.087051
08.08.2026,02:31:40,89041,0.276152,0.244895,-0.22,-0.49,-12.4375,-1.5,273.125,-0.026001,0,0,47.64872,0,0,1000,12.34375,-0.221115
08.08.2026,02:31:40,89147,0.257742,0.025178,-0.22,-0.1,-13.5625,-9.6875,273.125,-0.00895,0,0,47.64782,0,0,1000,12.65625,2.847054
08.08.2026,02:31:40,89253,0.255696,-0.224394,-0.2,0.29,-14.9375,-15.3125,273.6875,-0.013558,0,0,47.64647,0,0,1000,15.375,9.55901
08.08.2026,02:31:40,89359,0.251605,-0.193177,-0.22,0.29,-16.75,-14.5625,275.375,-0.038557,0,0,47.64261,0,0,1000,20.84375,13.53399
08.08.2026,02:31:40,89465,0.23524,0.038727,-0.22,0.05,-18.0625,-8.3125,277.125,-0.060367,0,0,47.63657,0,0,1000,29.75,14.9663
08.08.2026,02:31:40,89571,0.239332,0.30072,-0.21,-0.21,-18.9375,-0.5625,278.6875,-0.063272,0,0,47.63025,0,0,1000,35.84375,19.86292
08.08.2026,02:31:40,89677,0.226035,0.472019,-0.12,-0.35,-19.1875,4.8125,279.8125,-0.041273,0,0,47.62612,0,0,1000,40.1875,19.43845
08.08.2026,02:31:40,89783,0.21683,0.132079,-0.09,-0.29,-18.875,4.9375,280.375,-0.001916,0,0,47.62593,0,0,1000,41.40625,17.98386
08.08.2026,02:31:40,89889,0.210694,-0.208656,-0.09,-0.36,-18.5,0.0625,279.875,0.023397,0,0,47.62827,0,0,1000,38.875,16.07874
08.08.2026,02:31:40,89995,0.210694,-0.399053,-0.13,-0.36,-18.3125,-5.375,279.0625,0.012643,0,0,47.62953,0,0,1000,35.46875,16.01001
08.08.2026,02:31:40,90101,0.196375,-0.328336,-0.22,-0.44,-18.4375,-9.8125,278.5,-0.058686,0,0,47.62138,0,0,1000,33.6875,16.23726
08.08.2026,02:31:40,90207,0.200466,-0.036495,-0.33,-0.52,-18.5625,-11,278.6875,-0.071607,0,0,47.61422,0,0,1000,34.75,17.00831
08.08.2026,02:31:40,90313,0.197397,0.377525,-0.45,-0.66,-18.3125,-7.8125,280.0625,-0.056573,0,0,47.60856,0,0,1000,38.5,15.98556
08.08.2026,02:31:40,90419,0.196375,0.578111,-0.4,-0.72,-17.8125,-4.375,281.4375,-0.018685,0,0,47.60669,0,0,1000,44,15.19468
08.08.2026,02:31:40,90525,0.201489,0.477207,-0.27,-0.49,-17.1875,-1.875,282.625,0.028836,0,0,47.60957,0,0,1000,50,13.60603
08.08.2026,02:31:40,90631,0.204557,0.185465,-0.09,-0.26,-16.625,-1.1875,283.25,0.055599,0,0,47.61513,0,0,1000,50,11.21799
08.08.2026,02:31:40,90737,0.210694,-0.086162,-0.09,-0.12,-16.25,-2,283.25,0.051952,0,0,47.62033,0,0,1000,50,10.28276
08.08.2026,02:31:40,90843,0.214785,-0.157071,-0.18,-0.18,-16.4375,-3.75,283,0.029015,0,0,47.62323,0,0,1000,50,11.55268
08.08.2026,02:31:40,90949,0.221944,-0.027293,-0.21,-0.28,-17.3125,-4.75,283.0625,0.00708,0,0,47.62394,0,0,1000,50,13.5288
08.08.2026,02:31:40,91055,0.231149,0.092789,-0.23,-0.26,-18.1875,-5.3125,283.4375,-0.002598,0,0,47.62368,0,0,1000,50,17.30608
08.08.2026,02:31:40,91161,0.234218,0.122763,-0.17,-0.11,-18.5,-5.4375,284.125,0.000837,0,0,47.62376,0,0,1000,50,17.06628
08.08.2026,02:31:40,91267,0.232172,0.042574,-0.08,0.02,-17.5625,-5,284.8125,0.006015,0,0,47.62437,0,0,1000,50,14.59752
08.08.2026,02:31:40,91373,0.244446,-0.027618,-0.04,0.12,-16.1875,-4.1875,285.125,0.006138,0,0,47.62498,0,0,1000,50,12.95157
08.08.2026,02:31:40,91479,0.2424,-0.00761,-0.02,0.03,-15,-3.4375,285.3125,-0.000247,0,0,47.62496,0,0,1000,50,8.086765
08.08.2026,02:31:40,91585,0.241377,-0.02734,-0.1,-0.17,-14.25,-2.6875,285.5625,-0.008616,0,0,47.6241,0,0,1000,50,5.304947
08.08.2026,02:31:40,91691,0.240354,-0.066955,-0.18,-0.32,-14.3125,-2.5,285.8125,-0.012305,0,0,47.62286,0,0,1000,50,5.24585
08.08.2026,02:31:40,91797,0.233195,0.013596,-0.25,-0.41,-15.0625,-3.125,286.1875,-0.017553,0,0,47.62111,0,0,1000,50,6.93618
08.08.2026,02:31:40,91903,0.229104,-0.015764,-0.26,-0.41,-15.5625,-4,286.4375,-0.023707,0,0,47.6167,0,0,1000,50,9.23225
08.08.2026,02:31:40,92009,0.222967,-0.01502,-0.19,-0.34,-15.375,-4.6875,286.75,-0.028314,0,0,47.61387,0,0,1000,50,7.194675
08.08.2026,02:31:40,92115,0.226035,0.045869,-0.1,-0.25,-14.5,-4.9375,287,-0.029913,0,0,47.61088,0,0,1000,50,4.773132
08.08.2026,02:31:40,92221,0.220921,0.056808,-0.02,-0.22,-13.4375,-4.8125,287.1875,-0.027131,0,0,47.60817,0,0,1000,50,0.879913
08.08.2026,02:31:40,92327,0.220921,0.138345,0.03,-0.26,-12.5,-4.3125,287.5,-0.021757,0,0,47.606,0,0,1000,50,-0.558723
08.08.2026,02:31:40,92433,0.210694,0.07885,-0.01,-0.33,-12.875,-4.0625,287.875,-0.016069,0,0,47.60439,0,0,1000,50,-0.28257
08.08.2026,02:31:40,92539,0.218876,0.00926,-0.09,-0.35,-14.0625,-3.9375,288.25,-0.013019,0,0,47.60309,0,0,1000,50,2.84016
08.08.2026,02:31:40,92645,0.208648,-0.05021,-0.13,-0.42,-15.9375,-3.8125,288.6875,-0.016829,0,0,47.60141,0,0,1000,50,11.5828
08.08.2026,02:31:40,92751,0.209671,-0.059455,-0.19,-0.43,-17.875,-3.5625,289,-0.023988,0,0,47.59901,0,0,1000,50,15.43674
08.08.2026,02:31:40,92857,0.20558,0.101481,-0.2,-0.39,-19.4375,-3.1875,289.3125,-0.029672,0,0,47.59604,0,0,1000,50,18.91059
08.08.2026,02:31:40,92963,0.200466,0.142276,-0.21,-0.24,-19.375,-3.375,289.6875,-0.02522,0,0,47.59352,0,0,1000,50,19.11509
08.08.2026,02:31:40,93069,0.210694,0.122763,-0.04,-0.18,-18.6875,-3.9375,290.125,-0.015432,0,0,47.59197,0,0,1000,50,18.78107
08.08.2026,02:31:40,93175,0.207625,0.042991,-0.01,-0.17,-17.6875,-4.75,290.625,-0.007235,0,0,47.59125,0,0,1000,50,12.9577
08.08.2026,02:31:40,93281,0.209671,0.013199,0,-0.1,-16.5,-5.3125,291.0625,-0.006582,0,0,47.59059,0,0,1000,50,11.46743
08.08.2026,02:31:40,93387,0.221944,-0.00654,0.07,-0.2,-15.875,-5.0625,291.3125,-0.008244,0,0,47.58976,0,0,1000,50,9.533325
08.08.2026,02:31:40,93493,0.215808,0.033867,0.04,-0.28,-15.6875,-4.25,291.625,-0.012879,0,0,47.58847,0,0,1000,50,8.135006
08.08.2026,02:31:40,93599,0.21683,0.084431,-0.03,-0.43,-15.625,-3.375,292.125,-0.017815,0,0,47.58669,0,0,1000,50,8.533325
08.08.2026,02:31:40,93705,0.215808,0.094954,-0.06,-0.44,-15.6875,-2.625,292.9375,-0.010863,0,0,47.58395,0,0,1000,50,8.539558
08.08.2026,02:31:40,93811,0.219899,0.155262,-0.42,-0.33,-15.375,-2.75,294.375,0.001128,0,0,47.58407,0,0,1000,50,8.591297
08.08.2026,02:31:40,93917,0.217853,0.015033,-0.35,-0.19,-14.75,-3.875,295.1875,0.007226,0,0,47.58479,0,0,1000,50,6.77766
08.08.2026,02:31:40,94023,0.222967,0.015005,-0.39,-0.12,-14.375,-5.0625,296.1875,0.000903,0,0,47.58488,0,0,1000,50,5.49585
08.08.2026,02:31:40,94129,0.217853,0.055005,-0.36,-0.23,-14.5625,-5.375,297.25,-0.000091,0,0,47.58487,0,0,1000,50,5.044659
08.08.2026,02:31:40,94235,0.212739,0.10495,-0.25,-0.31,-15.4375,-4.875,298.375,0.001753,0,0,47.58505,0,0,1000,50,8.16909
08.08.2026,02:31:40,94341,0.209671,0.234693,0.02,-0.28,-17.5,-3.4375,300.5,0.008065,0,0,47.58585,0,0,1000,50,14.00888
08.08.2026,02:31:40,94447,0.203534,0.094347,0.08,-0.4,-19.3125,-2.5,302.25,0.010912,0,0,47.58694,0,0,1000,50,20.82647
08.08.2026,02:31:40,94553,0.207625,0.303978,0.03,-0.47,-21.0625,-1.75,303.875,0.01159,0,0,47.5881,0,0,1000,50,25.69978
08.08.2026,02:31:40,94659,0.203534,0.323056,-0.01,-0.49,-22.8125,-0.9375,306.125,0.028955,0,0,47.591,0,0,1000,50,31.16456
08.08.2026,02:31:40,94765,0.206602,0.081482,0.04,-0.48,-24.5625,-2.1875,309.5,0.049443,0,0,47.59594,0,0,1000,50,35.13728
08.08.2026,02:31:40,94871,0.215808,-0.010388,0.02,-0.32,-25.3125,-4.8125,311.6875,0.058712,0,0,47.60181,0,0,1000,50,37.27879
08.08.2026,02:31:40,94977,0.219899,-0.031878,0.02,-0.33,-25.9375,-6.75,313.8125,0.046765,0,0,47.60649,0,0,1000,50,38.3867
08.08.2026,02:31:40,95083,0.227058,0.017045,0,-0.32,-26.4375,-7.25,316.0625,0.033788,0,0,47.60987,0,0,1000,50,40
08.08.2026,02:31:40,95189,0.236263,0.156304,0.02,-0.36,-26.8125,-6.25,318.5625,0.023229,0,0,47.61219,0,0,1000,50,40
08.08.2026,02:31:40,95295,0.237286,-0.034551,-0.45,-0.36,-27,-4.1875,321.9375,0.026788,0,0,47.61487,0,0,1000,50,40
08.08.2026,02:31:40,95401,0.246491,0.144436,-0.63,-0.49,-27.0625,-1.6875,324.0625,0.019773,0,0,47.62002,0,0,1000,50,40
08.08.2026,02:31:40,95507,0.254673,0.293805,-0.54,-0.5,-27.6875,1.25,326.1875,0.032317,0,0,47.62325,0,0,1000,50,40
08.08.2026,02:31:40,95613,0.26081,0.202772,-0.48,-0.4,-28.3125,2.75,328.375,0.043348,0,0,47.62759,0,0,1000,50,40
08.08.2026,02:31:40,95719,0.276152,0.301387,-0.43,-0.44,-29,2.5625,330.625,0.056312,0,0,47.63322,0,0,1000,50,40
08.08.2026,02:31:40,95825,0.28638,-0.03225,-0.46,-0.35,-30.375,-0.625,333.5625,0.057457,0,0,47.63896,0,0,1000,50,40
08.08.2026,02:31:40,95931,0.290471,0.146259,-0.18,-0.45,-31.6875,-2.9375,335.6875,0.046624,0,0,47.64362,0,0,1000,50,40
08.08.2026,02:31:40,96037,0.310926,0.03485,0,-0.3,-32.875,-5,337.6875,0.044044,0,0,47.64803,0,0,1000,50,40
08.08.2026,02:31:40,96143,0.3232,0.063715,-0.02,-0.23,-33.5,-6.4375,339.3125,0.035442,0,0,47.65157,0,0,1000,50,40
08.08.2026,02:31:40,96249,0.349792,0.262811,0.1,-0.63,-33.6875,-7,341.25,0.02826,0,0,47.6544,0,0,1000,50,40
08.08.2026,02:31:40,96355,0.353883,0.031777,-0.47,-0.34,-33.25,-7.375,342.4375,0.0323,0,0,47.65763,0,0,1000,50,40
08.08.2026,02:31:40,96461,0.382521,-0.17948,-0.42,-0.14,-32.4375,-7.5625,343.4375,0.039218,0,0,47.66155,0,0,1000,50,40
08.08.2026,02:31:40,96567,0.412182,-0.039741,-0.22,-0.25,-31.375,-4.875,344.1875,0.00815,0,0,47.66237,0,0,1000,50,40
08.08.2026,02:31:40,96673,0.423433,0.360242,-0.06,-0.48,-30.25,-1.25,344.875,0.00053,0,0,47.66242,0,0,1000,50,40
08.08.2026,02:31:40,96779,0.44798,0.049754,-0.36,-0.29,-28.5,0.4375,345.6875,0.01524,0,0,47.66395,0,0,1000,50,40
08.08.2026,02:31:40,96885,0.476618,-0.031118,-0.34,-0.25,-26.875,0.875,346.4375,0.027204,0,0,47.66667,0,0,1000,50,40
08.08.2026,02:31:40,96991,0.495028,-0.501568,-0.26,-0.18,-25.375,3.5,347.4375,0.014036,0,0,47.66807,0,0,1000,50,40
08.08.2026,02:31:40,97097,0.516506,0.399303,-0.19,-0.7,-23.9375,10.875,349.0625,-0.027179,0,0,47.66536,0,0,1000,50,40
08.08.2026,02:31:40,97203,0.548213,0.790714,-0.23,-0.78,-22.3125,15.375,350.8125,0.015225,0,0,47.66248,0,0,1000,50,37.4072
08.08.2026,02:31:40,97309,0.564577,0.338282,-0.3,-0.54,-19.75,10.8125,352.25,0.06057,0,0,47.66854,0,0,1000,50,31.74528
08.08.2026,02:31:40,97415,0.596283,-0.083846,-0.24,-0.3,-17.75,1.0625,352.5625,0.066298,0,0,47.67517,0,0,1000,50,29.24084
08.08.2026,02:31:40,97521,0.62083,-0.544774,-0.09,0.09,-15.875,-8.6875,352.375,0.0289,0,0,47.67806,0,0,1000,50,24.51246
08.08.2026,02:31:40,97627,0.633104,-0.404106,-0.1,0.28,-14.25,-13.6875,352.3125,-0.020788,0,0,47.67598,0,0,1000,50,18.97951
08.08.2026,02:31:40,97733,0.6464,-0.272197,-0.08,0.22,-12.5625,-14.0625,352.75,-0.059469,0,0,47.67003,0,0,1000,50,10.80164
08.08.2026,02:31:40,97839,0.663787,0.070219,-0.01,-0.13,-11,-8.3125,354,-0.075257,0,0,47.66251,0,0,1000,50,8.376705
08.08.2026,02:31:40,97945,0.667878,0.352337,0.03,-0.31,-10,-3.375,355,-0.065937,0,0,47.65591,0,0,1000,50,5.226112
08.08.2026,02:31:40,98051,0.675038,0.243616,0.15,-0.32,-9.1875,-0.9375,355.5625,-0.03983,0,0,47.65193,0,0,1000,50,2.6824
08.08.2026,02:31:40,98157,0.682197,-0.015749,0,-0.22,-8.375,-0.75,355.75,-0.019752,0,0,47.64996,0,0,1000,50,0.395485
08.08.2026,02:31:40,98263,0.686288,0.305044,-0.04,-0.29,-7.3125,-1.75,355.8125,-0.024688,0,0,47.64749,0,0,1000,50,-2.16758
08.08.2026,02:31:40,98369,0.695493,-0.08457,-0.09,-0.1,-6.5,-5.25,355.375,-0.012032,0,0,47.64629,0,0,1000,50,-4.154549
08.08.2026,02:31:40,98475,0.697539,-0.214246,-0.03,0.1,-5.5625,-9.625,354.75,-0.010075,0,0,47.64528,0,0,1000,50,-8.078362
08.08.2026,02:31:40,98581,0.691402,-0.363324,-0.04,0.26,-4.8125,-11.9375,354.4375,-0.028708,0,0,47.64241,0,0,1000,50,-10.32269
08.08.2026,02:31:40,98687,0.679129,-0.361405,-0.02,0.27,-4.1875,-12.0625,354.625,-0.059711,0,0,47.63644,0,0,1000,50,-12.24773
08.08.2026,02:31:40,98793,0.687311,-0.198502,-0.11,0.1,-3.5625,-8.625,355.5,-0.090348,0,0,47.6274,0,0,1000,50,-13.19543
08.08.2026,02:31:40,98899,0.681175,0.00485,-0.17,-0.08,-3.3125,-4.6875,356.375,-0.104283,0,0,47.61697,0,0,1000,50,-14.86933
08.08.2026,02:31:40,99005,0.672992,0.198338,-0.17,-0.2,-3.125,-1.6875,356.9375,-0.089057,0,0,47.59721,0,0,1000,50,-16.19893
08.08.2026,02:31:40,99111,0.660719,0.2912,-0.32,-0.39,-2.9375,-0.75,356.9375,-0.061366,0,0,47.59108,0,0,1000,50,-16.58356
08.08.2026,02:31:40,99217,0.634126,0.073173,-0.2,-0.32,-2.875,-2.5,356.375,-0.032504,0,0,47.58783,0,0,1000,50,-17.44326
08.08.2026,02:31:40,99323,0.616739,-0.444687,-0.03,-0.01,-3.3125,-7.9375,355.1875,-0.034065,0,0,47.58442,0,0,1000,50,-17.69958
08.08.2026,02:31:40,99429,0.605488,-0.352285,-0.19,0,-3.75,-9.75,355.0625,-0.07472,0,0,47.57695,0,0,1000,50,-15.61433
08.08.2026,02:31:40,99535,0.587078,-0.269071,-0.06,0.02,-4.375,-8.3125,355.6875,-0.099997,0,0,47.56695,0,0,1000,50,-13.69901
08.08.2026,02:31:40,99641,0.569691,0.104473,-0.12,-0.08,-5.125,-5,356.5,-0.110238,0,0,47.55592,0,0,1000,50,-12.03201
08.08.2026,02:31:40,99747,0.54003,0.237391,-0.25,-0.14,-5.875,-2.875,356.8125,-0.090748,0,0,47.54685,0,0,1000,50,-10.51841
08.08.2026,02:31:40,99853,0.52162,-0.080493,0,-0.05,-6.8125,-2.875,356.3125,-0.065831,0,0,47.54026,0,0,1000,50,-8.92749
08.08.2026,02:31:40,99959,0.510369,-0.058339,-0.01,-0.04,-7.5,-2.4375,355.8125,-0.067002,0,0,47.53357,0,0,1000,50,-8.617355
08.08.2026,02:31:40,100065,0.474572,0.163786,-0.11,-0.26,-8.1875,-1.5,355.375,-0.066079,0,0,47.52696,0,0,1000,50,-6.885574
08.08.2026,02:31:40,100171,0.44082,0.23536,-0.01,-0.48,-8.875,-1.375,354.625,-0.048952,0,0,47.52206,0,0,1000,50,-4.865746
08.08.2026,02:31:40,100277,0.42241,-0.073645,0.13,-0.41,-9.5625,-1.875,353.0625,-0.030952,0,0,47.51897,0,0,1000,50,-4.463554
08.08.2026,02:31:40,100383,0.394795,-0.112706,0.07,-0.48,-9.6875,-0.1875,351.75,-0.02919,0,0,47.51605,0,0,1000,50,-5.198265
08.08.2026,02:31:40,100489,0.374339,0.088489,0,-0.61,-9.375,2.8125,350.5625,-0.037165,0,0,47.51234,0,0,1000,50,-7.276718
08.08.2026,02:31:40,100595,0.351838,0.129601,0.15,-0.61,-8.875,4.6875,349.0625,-0.034584,0,0,47.50888,0,0,1000,50,-8.994339
08.08.2026,02:31:40,100701,0.340587,0.010519,-0.03,-0.45,-8.3125,4.0625,347.3125,-0.022985,0,0,47.50372,0,0,1000,50,-10.52841
08.08.2026,02:31:40,100807,0.334451,-0.287888,-0.06,-0.23,-7.375,-1.8125,344,-0.026532,0,0,47.50106,0,0,1000,50,-11.93806
08.08.2026,02:31:40,100913,0.309904,-0.456248,0,-0.08,-6.8125,-6.3125,341.875,-0.051003,0,0,47.49596,0,0,1000,50,-14.94836
08.08.2026,02:31:40,101019,0.298653,-0.533444,0.07,0.02,-6.3125,-9.1875,340.125,-0.087218,0,0,47.48724,0,0,1000,50,-17.34158
08.08.2026,02:31:40,101125,0.278197,-0.20969,0.07,-0.05,-6.25,-8.75,339.3125,-0.116734,0,0,47.47557,0,0,1000,50,-18.14955
08.08.2026,02:31:40,101231,0.263878,-0.12969,0,-0.27,-6.6875,-5.5,339.125,-0.123858,0,0,47.46318,0,0,1000,50,-17.60413
08.08.2026,02:31:40,101337,0.252628,0.138014,-0.11,-0.68,-8.0625,-0.125,339,-0.115709,0,0,47.45161,0,0,1000,50,-14.79163
08.08.2026,02:31:40,101443,0.233195,0.111017,-0.14,-0.89,-10.0625,2.25,338.1875,-0.093393,0,0,47.44228,0,0,1000,50,-11.14738
08.08.2026,02:31:40,101549,0.219899,0.133334,-0.07,-0.88,-12.3125,2,336.875,-0.072061,0,0,47.43507,0,0,1000,50,-4.298523
08.08.2026,02:31:40,101655,0.204557,0.054967,-0.01,-0.73,-14.875,-0.9375,335.1875,-0.050781,0,0,47.42999,0,0,1000,50,7.020206
08.08.2026,02:31:40,101761,0.186147,-0.223664,0.16,-0.43,-17.1875,-6.125,333.75,-0.042564,0,0,47.42574,0,0,1000,50,12.36395
08.08.2026,02:31:40,101867,0.194329,-0.14187,0.15,-0.09,-18.0625,-8.125,333.5625,-0.055813,0,0,47.42015,0,0,1000,50,15.66286
08.08.2026,02:31:40,101973,0.195352,-0.119699,0.08,-0.11,-18.5625,-8.375,333.8125,-0.067495,0,0,47.41341,0,0,1000,50,17.47423
08.08.2026,02:31:40,102079,0.195352,-0.277404,0.04,-0.09,-19.25,-8.3125,333.75,-0.071381,0,0,47.40627,0,0,1000,50,19.3918
08.08.2026,02:31:40,102185,0.188192,-0.054799,0.02,-0.18,-19.875,-7.25,333.1875,-0.080995,0,0,47.39817,0,0,1000,50,21.07703
08.08.2026,02:31:40,102291,0.192283,0.107887,-0.1,-0.15,-20.25,-5.4375,330.75,-0.083524,0,0,47.38982,0,0,1000,50,21.39917
08.08.2026,02:31:40,102397,0.184101,0.109931,-0.24,-0.21,-19.625,-5.4375,328.3125,-0.063561,0,0,47.38346,0,0,1000,50,20.0287
08.08.2026,02:31:40,102503,0.186147,0.011327,-0.29,-0.25,-17.9375,-5.4375,325.5,-0.03059,0,0,47.37606,0,0,1000,50,16.21054
08.08.2026,02:31:40,102609,0.175919,0.032311,-0.28,-0.42,-15.8125,-4,323.125,-0.027495,0,0,47.37331,0,0,1000,50,5.999153
08.08.2026,02:31:40,102715,0.184101,0.273195,-0.25,-0.69,-14.25,-1.5625,321.375,-0.01244,0,0,47.37206,0,0,1000,50,1.716202
08.08.2026,02:31:40,102821,0.185124,-0.086567,-0.08,-0.54,-13.6875,-0.3125,319.5,0.005029,0,0,47.37257,0,0,1000,50,1.484421
08.08.2026,02:31:40,102927,0.178987,-0.276447,0.04,-0.33,-14.5,-0.375,318.25,-0.003731,0,0,47.37219,0,0,1000,50,4.411064
08.08.2026,02:31:40,103033,0.177965,-0.185616,0.11,-0.31,-15.8125,0.125,317.1875,-0.025818,0,0,47.36961,0,0,1000,50,9.054287
08.08.2026,02:31:40,103139,0.188192,0.025515,0.1,-0.38,-17.125,1,316,-0.035174,0,0,47.36609,0,0,1000,50,13.17305
08.08.2026,02:31:40,103245,0.177965,0.086339,0.07,-0.48,-17.75,0.875,314.5625,-0.025618,0,0,47.36353,0,0,1000,50,14.30032
08.08.2026,02:31:40,103351,0.192283,-0.063208,0.05,-0.3,-17.5,-0.8125,312.3125,-0.014091,0,0,47.36212,0,0,1000,50,13.67419
08.08.2026,02:31:40,103457,0.201489,-0.142708,0.09,-0.16,-17,-1.9375,310.3125,-0.01555,0,0,47.36057,0,0,1000,50,12.97536
08.08.2026,02:31:40,103563,0.20558,-0.181946,0.06,-0.05,-16.375,-2.875,308.1875,-0.023703,0,0,47.3582,0,0,1000,50,10.4628
08.08.2026,02:31:40,103669,0.202511,-0.240847,0.08,-0.05,-15.4375,-3.5,306.0625,-0.034165,0,0,47.35478,0,0,1000,50,8.976494
08.08.2026,02:31:40,103775,0.208648,-0.199282,0.1,-0.18,-14.1875,-2.5625,303.875,-0.048673,0,0,47.34991,0,0,1000,50,3.94751
08.08.2026,02:31:40,103881,0.212739,0.112748,0.07,-0.34,-13.5625,-0.0625,303.125,-0.06314,0,0,47.3436,0,0,1000,50,2.408897
08.08.2026,02:31:40,103987,0.19842,0.204534,0.02,-0.54,-13.5,3.125,302.75,-0.055527,0,0,47.33804,0,0,1000,50,0.010483
08.08.2026,02:31:40,104093,0.203534,0.305625,0,-0.62,-14.0625,5.625,302.25,-0.033937,0,0,47.33465,0,0,1000,50,3.240654
08.08.2026,02:31:40,104199,0.195352,0.165766,0.01,-0.62,-15.125,6.5,301.1875,-0.004378,0,0,47.33421,0,0,1000,50,6.61792
08.08.2026,02:31:40,104305,0.185124,-0.185373,0.09,-0.46,-16.6875,5.25,299,0.017398,0,0,47.33775,0,0,1000,50,10.223
08.08.2026,02:31:40,104411,0.18717,-0.345373,0.09,-0.39,-17.5625,3.9375,297.3125,-0.006773,0,0,47.33707,0,0,1000,50,14.20657
08.08.2026,02:31:40,104517,0.186147,-0.195155,0.08,-0.38,-17.9375,3,296.125,-0.031736,0,0,47.3339,0,0,1000,50,14.06221
08.08.2026,02:31:40,104623,0.194329,-0.054135,0.07,-0.13,-17.75,2.125,295.25,-0.040269,0,0,47.32987,0,0,1000,50,13.46337
08.08.2026,02:31:40,104729,0.197397,0.17716,-0.06,-0.18,-17.1875,1.9375,294.3125,-0.031105,0,0,47.32676,0,0,1000,50,12.72989
08.08.2026,02:31:40,104835,0.19842,0.208432,-0.13,-0.45,-16.1875,0.9375,292.75,-0.008457,0,0,47.32591,0,0,1000,50,9.927589
08.08.2026,02:31:40,104941,0.200466,0.028014,-0.15,-0.55,-15.375,-0.625,291.375,0.013005,0,0,47.32721,0,0,1000,50,7.582138
08.08.2026,02:31:40,105047,0.20558,-0.242474,-0.1,-0.38,-14.6875,-2.75,290,0.015183,0,0,47.32873,0,0,1000,50,4.515671
08.08.2026,02:31:40,105153,0.206602,-0.352315,-0.06,-0.18,-14.25,-4.625,288.9375,-0.004966,0,0,47.32824,0,0,1000,50,3.973095
08.08.2026,02:31:40,105259,0.210694,-0.251355,0.02,-0.19,-14.3125,-5.1875,288.375,-0.029836,0,0,47.32525,0,0,1000,50,4.496979
08.08.2026,02:31:40,105365,0.210694,0.00014,0.05,-0.25,-14.75,-3.875,288.4375,-0.046486,0,0,47.3206,0,0,1000,50,4.488953
08.08.2026,02:31:40,105471,0.203534,0.141608,0.06,-0.31,-15.25,-2.4375,288.625,-0.045672,0,0,47.31604,0,0,1000,50,7.229889
08.08.2026,02:31:40,105577,0.210694,0.122508,0.14,-0.23,-15.875,-1.8125,288.625,-0.027972,0,0,47.31324,0,0,1000,50,9.844128
08.08.2026,02:31:40,105683,0.211716,0.022838,0.11,-0.17,-16.25,-2.0625,288.375,-0.010282,0,0,47.31221,0,0,1000,50,10.01511
08.08.2026,02:31:40,105789,0.20558,0.032929,0.17,-0.2,-16.5,-3.1875,287.875,-0.00281,0,0,47.31193,0,0,1000,50,10.57817
08.08.2026,02:31:40,105895,0.19842,-0.067261,0.15,-0.09,-16.6875,-4.5625,287.5,0.005904,0,0,47.31252,0,0,1000,50,10.85829
08.08.2026,02:31:40,106001,0.199443,0.172541,0.02,-0.32,-16.875,-4.625,287.375,0.012604,0,0,47.31439,0,0,1000,50,11.94241
08.08.2026,02:31:40,106107,0.190238,0.272136,-0.05,-0.56,-17,-4,287.3125,0.032805,0,0,47.31767,0,0,1000,50,11.61508
08.08.2026,02:31:40,106213,0.189215,0.121081,-0.1,-0.57,-17,-4.125,287.3125,0.051633,0,0,47.32284,0,0,1000,50,11.24688
08.08.2026,02:31:40,106319,0.193306,-0.262002,-0.13,-0.44,-16.8125,-5.125,287.375,0.044231,0,0,47.32726,0,0,1000,50,11.66966
08.08.2026,02:31:40,106425,0.19842,-0.242598,-0.1,-0.4,-16.5625,-4.9375,287.5,0.018529,0,0,47.32912,0,0,1000,50,11.22366
08.08.2026,02:31:40,106531,0.196375,0.117124,-0.14,-0.13,-16.5,-3.8125,287.5,0.008647,0,0,47.32998,0,0,1000,50,10.26851
08.08.2026,02:31:40,106637,0.196375,0.236464,0.03,0.01,-16.625,-2.875,287.4375,0.020549,0,0,47.33204,0,0,1000,50,10.98386
08.08.2026,02:31:40,106743,0.188192,0.474974,0.2,0.01,-17.0625,-2,287.375,0.046328,0,0,47.33667,0,0,1000,50,12.42759
08.08.2026,02:31:40,106849,0.18717,-0.087477,0.14,-0.13,-18.125,-4.875,287.3125,0.076207,0,0,47.34429,0,0,1000,50,14.45147
08.08.2026,02:31:40,106955,0.170805,-0.40963,0.16,-0.22,-18.875,-7.3125,287.5,0.066967,0,0,47.35099,0,0,1000,50,15.84913
08.08.2026,02:31:40,107061,0.155463,-0.450559,-0.11,-0.47,-19.375,-8,287.875,0.028903,0,0,47.35388,0,0,1000,50,17.32524
08.08.2026,02:31:40,107167,0.149327,-0.120276,-0.18,-0.63,-19.25,-6.1875,288.5,-0.008803,0,0,47.353,0,0,1000,50,17.38038
08.08.2026,02:31:40,107273,0.140121,0.21035,-0.25,-0.66,-19.25,-3.125,289.5625,-0.019489,0,0,47.35105,0,0,1000,50,15.90361
08.08.2026,02:31:40,107379,0.135008,0.140365,-0.17,-0.54,-19.8125,-3,290.0625,-0.000457,0,0,47.351,0,0,1000,50,18.50481
08.08.2026,02:31:40,107485,0.131939,0.249776,-0.09,-0.26,-20.5625,-4.375,290.0625,0.018316,0,0,47.35283,0,0,1000,50,20.54003
08.08.2026,02:31:40,107591,0.13603,0.268563,-0.01,0.27,-20.875,-6.375,289.5625,0.037719,0,0,47.35661,0,0,1000,50,21.83148
08.08.2026,02:31:40,107697,0.128871,0.366774,-0.07,0.92,-20.625,-7.625,288.875,0.055643,0,0,47.36217,0,0,1000,50,20.09111
08.08.2026,02:31:40,107803,0.107392,0.124226,-0.31,0.23,-20.25,-9.5,287.5,0.101436,0,0,47.38024,0,0,1000,50,18.90757
08.08.2026,02:31:40,107909,0.092051,0.570964,-0.35,-0.43,-20.75,-8.625,286.5,0.120937,0,0,47.39233,0,0,1000,50,20.03087
08.08.2026,02:31:40,108015,0.069549,0.297075,-0.51,-0.3,-22.25,-10,285.1875,0.154272,0,0,47.40776,0,0,1000,50,24.41711
08.08.2026,02:31:40,108121,0.056253,-0.257885,-0.57,0.24,-25.125,-12,283.8125,0.137787,0,0,47.42154,0,0,1000,50,33.08412
08.08.2026,02:31:40,108227,0.046025,0.297684,-0.39,-0.77,-28.375,-9.4375,282.3125,0.104762,0,0,47.43201,0,0,1000,49.25,40
08.08.2026,02:31:40,108333,0.052162,0.440405,0.67,-0.3,-31.875,-9.75,280.5,0.121605,0,0,47.44417,0,0,1000,43.75,40
08.08.2026,02:31:40,108439,0.04398,-0.193701,0.49,-0.96,-31.125,-11.0625,278.9375,0.127686,0,0,47.45694,0,0,1000,38.5,40
08.08.2026,02:31:40,108545,0.046025,0.172743,0.45,-0.65,-31.0625,-10.9375,277.25,0.110573,0,0,47.468,0,0,1000,27.75,40
08.08.2026,02:31:40,108651,0.051139,0.029119,0.29,-0.92,-31.3125,-12.4375,275.8125,0.112717,0,0,47.47927,0,0,1000,22.15625,40
08.08.2026,02:31:40,108757,0.045003,0.18602,0.18,-0.61,-29.4375,-14.5625,274.875,0.09635,0,0,47.48891,0,0,1000,19.6875,40
08.08.2026,02:31:40,108863,0.052162,-0.40717,-0.01,-0.4,-26.875,-18.875,274.875,0.099224,0,0,47.49883,0,0,1000,19.25,37.47337
08.08.2026,02:31:40,108969,0.040911,-0.849126,0.14,-0.44,-24.625,-21.125,274.875,0.060822,0,0,47.50491,0,0,1000,19.34375,28.72395
08.08.2026,02:31:40,109075,0.048071,0.061189,0.01,-0.73,-22.5625,-22.375,275.0625,-0.0098,0,0,47.50393,0,0,1000,20.5625,21.63812
08.08.2026,02:31:40,109181,0.048071,0.211911,-0.47,-0.9,-20.375,-25.5625,275.375,-0.022459,0,0,47.50168,0,0,1000,21.96875,15.93193
08.08.2026,02:31:40,109287,0.045003,-0.337714,-0.09,0.02,-18.875,-27.9375,275.875,-0.011671,0,0,47.50051,0,0,1000,23.25,14.64558
08.08.2026,02:31:40,109393,0.040911,-0.30597,-0.55,-0.12,-19.25,-26,277.1875,-0.054229,0,0,47.49509,0,0,1000,26.5,13.25803
08.08.2026,02:31:40,109499,0.042957,0.686204,-0.23,-0.12,-19.9375,-26.625,278.9375,-0.067596,0,0,47.48833,0,0,1000,34,16.39785
08.08.2026,02:31:40,109605,0.054208,1.11874,0.21,-0.44,-20,-30.5625,279.25,0.014923,0,0,47.48193,0,0,1000,36.84375,16.84441
08.08.2026,02:31:40,109711,0.04398,-1.20174,0.19,0.15,-19.125,-37.6875,278.375,-0.038797,0,0,47.47805,0,0,1000,32.875,13.24783
08.08.2026,02:31:40,109817,0.041934,1.312662,0.1,-0.75,-18.0625,-35.875,278.5,-0.098068,0,0,47.46825,0,0,1000,33.5,10.63982
08.08.2026,02:31:40,109923,0.03682,-1.236268,-0.29,-0.32,-17.25,-37.4375,279,-0.033293,0,0,47.46492,0,0,1000,36.625,8.304573
08.08.2026,02:31:40,110029,0.04398,0.436898,0.07,0.39,-16.6875,-34.5625,280,-0.098458,0,0,47.45507,0,0,1000,40.9375,6.722809
08.08.2026,02:31:40,110135,0.050116,-0.470476,0.39,1.09,-16.625,-35.125,280.75,-0.081673,0,0,47.4469,0,0,1000,43.46875,6.746696
08.08.2026,02:31:40,110241,0.048071,-0.506207,0.29,0.73,-16.5,-36.3125,281.5,-0.132733,0,0,47.43363,0,0,1000,46,6.583649
08.08.2026,02:31:40,110347,0.056253,-0.34073,0.21,0.42,-16,-34.8125,283.75,-0.170317,0,0,47.4166,0,0,1000,50,4.136425
08.08.2026,02:31:40,110453,0.042957,0.054766,0.4,1.12,-15.75,-32.625,286.125,-0.170928,0,0,47.3995,0,0,1000,50,2.737534
08.08.2026,02:31:40,110559,0.050116,-0.060754,0.03,0.74,-16.3125,-32.1875,288.875,-0.1393,0,0,47.38557,0,0,1000,50,5.814857
08.08.2026,02:31:40,110665,0.050116,-0.166495,-0.22,1.33,-16.6875,-32.9375,290.9375,-0.132473,0,0,47.37232,0,0,1000,50,6.942692
08.08.2026,02:31:40,110771,0.040911,0.628349,-0.31,1.31,-17.25,-29.75,292.375,-0.150618,0,0,47.35726,0,0,1000,50,6.675041
08.08.2026,02:31:40,110877,0.049094,0.011334,-0.15,1.68,-17.75,-28.5625,291.8125,-0.092817,0,0,47.34798,0,0,1000,50,10.21035
08.08.2026,02:31:40,110983,0.045003,0.393065,-0.68,-0.28,-17.6875,-26.75,289.4375,-0.053845,0,0,47.34259,0,0,1000,50,8.798908
08.08.2026,02:31:40,111089,0.04398,-0.376628,-0.75,-1.67,-17.75,-25.1875,285,-0.009543,0,0,47.34164,0,0,1000,50,10.24443
08.08.2026,02:31:40,111195,0.045003,0.78521,-0.39,-2.47,-17.6875,-26,280.375,-0.057158,0,0,47.33593,0,0,1000,37.90625,9.685894
08.08.2026,02:31:40,111301,0.040911,-0.12611,0.11,-1.72,-16.4375,-30.25,274.125,0.058822,0,0,47.34591,0,0,1000,16.90625,5.540974
08.08.2026,02:31:40,111407,0.045003,1.431998,0.38,-2.09,-15.375,-27.25,270.8125,0.07713,0,0,47.35363,0,0,1000,1.0625,1.877926
08.08.2026,02:31:40,111513,0.040911,-0.280482,0.37,-0.91,-14.0625,-27.0625,267.5625,0.17739,0,0,47.37136,0,0,1000,-13.1875,-3.175507
08.08.2026,02:31:40,111619,0.045003,-0.076187,0.75,0.15,-13,-28.3125,264.25,0.107135,0,0,47.38208,0,0,1000,-25.8125,-5.185707
08.08.2026,02:31:40,111725,0.049094,1.550368,0.68,0.51,-12.5625,-28.625,260.0625,0.157414,0,0,47.39782,0,0,1000,-39.75,-6.397659
08.08.2026,02:31:40,111831,0.047048,0.84775,1.14,-1.02,-12.1875,-31.75,253,0.234995,0,0,47.42132,0,0,1000,-50,-6.86924
08.08.2026,02:31:40,111937,0.045003,0.649152,1.09,-0.21,-12.4375,-32.5625,247,0.267368,0,0,47.44806,0,0,1000,-50,-7.203354
08.08.2026,02:31:40,112043,0.050116,-0.459462,-0.71,-0.21,-14.1875,-31.625,241.1875,0.267878,0,0,47.47484,0,0,1000,-50,-3.30674
08.08.2026,02:31:40,112149,0.050116,-0.825391,-1.98,-0.07,-17.6875,-30.9375,235.4375,0.184373,0,0,47.49328,0,0,1000,-50,4.234138
08.08.2026,02:31:40,112255,0.042957,-0.907694,-0.88,0.11,-20.125,-33.6875,227.5,0.071618,0,0,47.50044,0,0,1000,-50,16.29154
08.08.2026,02:31:40,112361,0.047048,-0.566034,-1,-0.74,-20.8125,-34,222.875,-0.051641,0,0,47.49527,0,0,1000,-50,19.53191
08.08.2026,02:31:40,112467,0.048071,-0.542861,-0.65,-1.05,-20,-33.8125,218.9375,-0.098658,0,0,47.48541,0,0,1000,-50,17.10234
08.08.2026,02:31:40,112573,0.04398,0.061717,-0.47,-0.7,-18.125,-35.125,215,-0.142347,0,0,47.47117,0,0,1000,-50,9.198925
08.08.2026,02:31:40,112679,0.045003,-1.093889,0.31,-0.78,-16.375,-38.6875,211.4375,-0.136656,0,0,47.45751,0,0,1000,-50,4.439857
08.08.2026,02:31:40,112785,0.045003,-0.908373,0.69,-1.37,-15.3125,-40.3125,207.1875,-0.171541,0,0,47.44035,0,0,1000,-50,0.07222
08.08.2026,02:31:40,112891,0.05523,-1.140292,1,0.23,-14.9375,-36.875,203.375,-0.251292,0,0,47.41523,0,0,1000,-50,0.97168
08.08.2026,02:31:40,112997,0.048071,-0.341329,0.48,1.06,-16.125,-32.5,198.875,-0.278734,0,0,47.38735,0,0,1000,-50,6.189861
08.08.2026,02:31:40,113103,0.04398,0.810108,-0.46,-0.45,-17.25,-30.375,193.5,-0.244097,0,0,47.32738,0,0,1000,-50,8.761425
08.08.2026,02:31:40,113209,0.04398,-0.512042,-0.56,-0.66,-17.5625,-33.0625,184.75,-0.201035,0,0,47.30727,0,0,1000,-50,8.884155
08.08.2026,02:31:40,113315,0.051139,-0.738358,0.28,-1.51,-15.875,-34.1875,172.25,-0.224495,0,0,47.28482,0,0,1000,-50,5.65918
08.08.2026,02:31:40,113421,0.04398,-0.800177,0.27,-0.95,-14.25,-36.1875,165.3125,-0.254416,0,0,47.25938,0,0,1000,-50,0.508026
08.08.2026,02:31:40,113527,0.045003,-2.209757,0.36,-0.01,-13.25,-37.3125,162.625,-0.324058,0,0,47.22698,0,0,1000,-50,-3.752174
08.08.2026,02:31:40,113633,0.04398,1.484986,-0.82,1.01,-13.4375,-34.75,165.625,-0.45845,0,0,47.18113,0,0,1000,-50,-3.488014
08.08.2026,02:31:40,113739,0.052162,-0.037153,-2.24,-0.33,-13.0625,-34.875,170.5625,-0.244471,0,0,47.15668,0,0,1000,-50,-4.473755
08.08.2026,02:31:40,113845,0.040911,-0.199667,-0.84,-1.83,-13.3125,-31.875,177.75,-0.232775,0,0,47.13341,0,0,1000,-50,-3.286819
08.08.2026,02:31:40,113951,0.041934,-0.922728,-0.71,-1.4,-13.6875,-29.75,181.9375,-0.215783,0,0,47.11183,0,0,1000,-50,-2.093658
08.08.2026,02:31:40,114057,0.054208,-2.724646,-0.34,1.32,-14.125,-31.375,183.6875,-0.251354,0,0,47.08669,0,0,1000,-50,-0.502167
08.08.2026,02:31:40,114163,0.04398,-2.070524,-0.75,3.03,-14.25,-29.6875,182.375,-0.439146,0,0,47.04278,0,0,1000,-50,-1.424377
08.08.2026,02:31:40,114269,0.035797,2.105577,1.07,-1.15,-13,-25.875,178.9375,-0.500701,0,0,46.99271,0,0,1000,-50,-3.845352
08.08.2026,02:31:40,114375,0.047048,-0.067827,-0.45,-2.13,-11.6875,-27.75,176.75,-0.205118,0,0,46.97219,0,0,1000,-50,-6.726021
08.08.2026,02:31:40,114481,0.048071,-0.672229,-0.23,-2.17,-10.8125,-27,175.5,-0.17409,0,0,46.95478,0,0,1000,-50,-10.86131
08.08.2026,02:31:40,114587,0.05523,-1.597252,0.67,0.67,-8.4375,-31.875,174.75,-0.154753,0,0,46.93931,0,0,1000,-50,-14.58743
08.08.2026,02:31:40,114693,0.046025,-2.378654,0.42,2.56,-5.4375,-36.75,174.75,-0.267396,0,0,46.91257,0,0,1000,-50,-29.8903
08.08.2026,02:31:40,114799,0.042957,1.386466,-1.06,0.03,-5.9375,-35.6875,179.1875,-0.470178,0,0,46.86555,0,0,1000,-50,-26.8903
08.08.2026,02:31:40,114905,0.045003,1.174288,-0.08,-3.58,-7.5625,-36.875,182.1875,-0.123778,0,0,46.82885,0,0,1000,-50,-21.00104
08.08.2026,02:31:40,115011,0.048071,-0.661732,-0.3,-1.43,-8.625,-39.5,184.5625,-0.014418,0,0,46.82741,0,0,1000,-50,-17.09138
08.08.2026,02:31:40,115117,0.049094,-1.101268,-0.59,1.55,-8.9375,-41.3125,185.4375,-0.095597,0,0,46.81785,0,0,1000,-50,-16.98518
08.08.2026,02:31:40,115223,0.040911,0.211806,0.31,2.24,-8.75,-38.5,183.5625,-0.221661,0,0,46.79568,0,0,1000,-50,-18.26472
08.08.2026,02:31:40,115329,0.048071,1.370023,0.82,-1.11,-8.5,-35.875,178.6875,-0.033893,0,0,46.79229,0,0,1000,-50,-18.73291
08.08.2026,02:31:40,115435,0.048071,0.696476,-0.41,-3.23,-8.375,-36.8125,174.9375,0.11032,0,0,46.80333,0,0,1000,-50,-17.65899
08.08.2026,02:31:40,115541,0.041934,-1.677942,0.33,0.41,-7.75,-39.5,171.8125,0.137376,0,0,46.81706,0,0,1000,-50,-19.46582
08.08.2026,02:31:40,115647,0.038866,-3.817374,0.79,3.85,-7,-42,171.1875,-0.017675,0,0,46.8153,0,0,1000,-50,-22.92891
08.08.2026,02:31:40,115753,0.045003,0.867119,-1.64,-0.24,-8.3125,-36.625,175.6875,-0.139681,0,0,46.80133,0,0,1000,-50,-17.96922
08.08.2026,02:31:40,115859,0.052162,1.253831,-0.57,-2.36,-9.375,-35.5,179.125,0.10224,0,0,46.81155,0,0,1000,-50,-16.56127
08.08.2026,02:31:40,115965,0.039889,-0.391917,-0.74,-2.07,-10.125,-35.3125,182.8125,0.178732,0,0,46.82942,0,0,1000,-50,-14.90795
08.08.2026,02:31:40,116071,0.04398,-1.088093,-0.81,1.44,-10.6875,-35.625,184.8125,0.192059,0,0,46.84863,0,0,1000,-50,-10.03625
08.08.2026,02:31:40,116177,0.040911,1.510501,1.03,3.86,-11.125,-34.625,183.75,0.04372,0,0,46.853,0,0,1000,-50,-10.58176
08.08.2026,02:31:40,116283,0.054208,0.87747,-0.11,-1.84,-9.6875,-33.8125,181.75,0.094258,0,0,46.86243,0,0,1000,-50,-14.3073
08.08.2026,02:31:40,116389,0.041934,0.799345,-0.29,-3.02,-9,-33.0625,180.9375,0.252675,0,0,46.8877,0,0,1000,-50,-17.35678
08.08.2026,02:31:40,116495,0.046025,-0.990806,0.87,-0.78,-8.3125,-33.875,180.1875,0.315683,0,0,46.91926,0,0,1000,-50,-19.15332
08.08.2026,02:31:40,116601,0.041934,-3.709983,0.95,3.37,-8,-36.625,181.4375,0.0818,0,0,46.95598,0,0,1000,-50,-20.1994
08.08.2026,02:31:40,116707,0.040911,2.817387,-1.47,1.38,-9.6875,-35.125,185.25,0.080732,0,0,46.96405,0,0,1000,-50,-12.74877
08.08.2026,02:31:40,116813,0.042957,0.897242,-0.35,-1.74,-11,-35.8125,187.875,0.234747,0,0,46.98753,0,0,1000,-50,-11.08629
08.08.2026,02:31:40,116919,0.046025,0.247335,-0.48,-2.08,-11.375,-35.1875,189.625,0.308069,0,0,47.01833,0,0,1000,-50,-10.75566
08.08.2026,02:31:40,117025,0.038866,-1.051278,-0.78,1.8,-11.5,-37,190.375,0.267859,0,0,47.04512,0,0,1000,-50,-9.709023
08.08.2026,02:31:40,117131,0.039889,0.48407,0.54,3.17,-12.1875,-36.0625,189,0.144669,0,0,47.05959,0,0,1000,-50,-5.915787
08.08.2026,02:31:40,117237,0.046025,1.915571,1.37,-0.1,-11.25,-32.75,186.6875,0.264282,0,0,47.08601,0,0,1000,-50,-10.96299
08.08.2026,02:31:40,117343,0.051139,1.074453,-0.35,-2.07,-10.0625,-31.9375,183.1875,0.345729,0,0,47.12059,0,0,1000,-50,-14.04655
08.08.2026,02:31:40,117449,0.050116,0.06204,0.86,-1.51,-8.8125,-34.375,180.0625,0.386039,0,0,47.15919,0,0,1000,-50,-19.38293
08.08.2026,02:31:40,117555,0.054208,-1.378851,0.77,1.17,-6.875,-40.0625,178.375,0.338661,0,0,47.19306,0,0,1000,-50,-24.58176
08.08.2026,02:31:40,117661,0.041934,0.305586,-0.01,2.37,-7.25,-39.875,180.9375,0.173003,0,0,47.21036,0,0,1000,-50,-20.17834
08.08.2026,02:31:40,117767,0.048071,0.690833,-0.68,0.99,-11,-35,186.6875,0.147795,0,0,47.22514,0,0,1000,-50,-13.30901
08.08.2026,02:31:40,117873,0.041934,0.790062,-0.41,-1.64,-12.9375,-32.5625,189.4375,0.334947,0,0,47.25863,0,0,1000,-50,-6.616974
08.08.2026,02:31:40,117979,0.053185,-0.051041,-0.58,-0.89,-13.5625,-32.25,191,0.345301,0,0,47.29316,0,0,1000,-50,-2.594223
08.08.2026,02:31:40,118085,0.046025,0.418299,-0.85,-1.25,-12.9375,-33.8125,191,0.331485,0,0,47.32631,0,0,1000,-50,-3.934006
08.08.2026,02:31:40,118191,0.041934,-2.112048,-0.72,1.25,-12.3125,-36.75,190,0.321753,0,0,47.35849,0,0,1000,-50,-7.942596
08.08.2026,02:31:40,118297,0.045003,2.421953,0.96,1.62,-11.8125,-32.25,188.375,0.18656,0,0,47.37714,0,0,1000,-50,-7.186272
08.08.2026,02:31:40,118403,0.03682,1.877583,0.38,0.96,-10.9375,-30.875,187.5,0.325831,0,0,47.42332,0,0,1000,-50,-10.83062
08.08.2026,02:31:40,118509,0.049094,1.097105,0.31,-0.43,-11,-30.375,187.0625,0.425115,0,0,47.46583,0,0,1000,-50,-10.80674
08.08.2026,02:31:40,118615,0.052162,0.873435,0.08,-0.17,-11.3125,-31,187,0.45287,0,0,47.51112,0,0,1000,-50,-8.415222
08.08.2026,02:31:40,118721,0.050116,0.238872,0.16,0.44,-11.3125,-32.5,187.9375,0.460514,0,0,47.55717,0,0,1000,-50,-9.807304
08.08.2026,02:31:40,118827,0.040911,1.059552,-0.72,-0.03,-11.375,-30.8125,190.3125,0.451266,0,0,47.60229,0,0,1000,-50,-10.38746
08.08.2026,02:31:40,118933,0.042957,1.01414,-0.34,0.39,-11.6875,-28,191.625,0.479278,0,0,47.65022,0,0,1000,-50,-8.474884
08.08.2026,02:31:40,119039,0.045003,0.188095,-0.5,0.44,-12.25,-26.9375,192.5625,0.498938,0,0,47.70012,0,0,1000,-50,-7.24424
08.08.2026,02:31:40,119145,0.047048,0.343277,-0.36,-0.48,-12.625,-25.6875,192.375,0.460824,0,0,47.7462,0,0,1000,-50,-4.753868
08.08.2026,02:31:40,119251,0.03682,-0.489671,-0.28,0.18,-13,-23,191.625,0.402638,0,0,47.78646,0,0,1000,-50,-4.864708
08.08.2026,02:31:40,119357,0.042957,-1.058924,-0.38,1.05,-14.6875,-23.5625,191.875,0.287755,0,0,47.81524,0,0,1000,-50,-1.435143
08.08.2026,02:31:40,119463,0.046025,-1.914666,-0.6,-0.45,-16.0625,-23.875,192.75,0.178542,0,0,47.83309,0,0,1000,-50,2.181835
08.08.2026,02:31:40,119569,0.045003,0.665561,0.27,-0.72,-18.375,-16.9375,194.25,-0.007038,0,0,47.83238,0,0,1000,-50,14.12
08.08.2026,02:31:40,119675,0.045003,0.385178,0.26,0.23,-19.4375,-15.5,195.25,0.011913,0,0,47.83357,0,0,1000,-50,14.13529
08.08.2026,02:31:40,119781,0.045003,-0.385362,-0.46,-0.23,-17.4375,-16.5625,195.9375,0.016783,0,0,47.83525,0,0,1000,-50,8.633026
08.08.2026,02:31:40,119887,0.047048,-0.523398,-0.1,-0.14,-16.625,-17.75,197.125,-0.061077,0,0,47.82914,0,0,1000,-50,5.697788
08.08.2026,02:31:40,119993,0.050116,-0.930621,0.18,-0.03,-17.25,-20.6875,199.3125,-0.086368,0,0,47.82051,0,0,1000,-50,9.126793
08.08.2026,02:31:40,120099,0.046025,1.304966,0.05,-0.89,-18.9375,-19.5625,204.5625,-0.173742,0,0,47.80313,0,0,1000,-50,15.22168
08.08.2026,02:31:40,120205,0.046025,-0.380225,0.03,-0.78,-20.75,-22.75,210.1875,-0.099634,0,0,47.77821,0,0,1000,-50,19.94496
08.08.2026,02:31:40,120311,0.046025,0.299362,0.06,-0.68,-23,-19.8125,219.0625,-0.198515,0,0,47.75836,0,0,1000,-50,24.01029
08.08.2026,02:31:40,120417,0.052162,-0.465652,0.04,-0.94,-23.375,-19,224.375,-0.155055,0,0,47.74286,0,0,1000,-50,27.1808
08.08.2026,02:31:40,120523,0.047048,-1.288894,0.22,-0.26,-22.75,-19.875,230.5,-0.210163,0,0,47.72184,0,0,1000,-50,24.92051
08.08.2026,02:31:40,120629,0.049094,-0.470171,0.22,-0.1,-21.625,-18.25,237.5,-0.271236,0,0,47.69472,0,0,1000,-50,22.78304
08.08.2026,02:31:40,120735,0.039889,-0.471462,0.59,0.01,-20,-18.6875,244.875,-0.270842,0,0,47.66763,0,0,1000,-50,14.50859
08.08.2026,02:31:40,120841,0.03682,0.239183,-0.68,-0.48,-19.125,-18.25,256.5625,-0.331035,0,0,47.63453,0,0,1000,-46.40625,12.72791
08.08.2026,02:31:40,120947,0.038866,1.26906,-0.68,-0.53,-21.125,-15.0625,266.0625,-0.307141,0,0,47.60381,0,0,1000,-6.53125,18.80636
08.08.2026,02:31:40,121053,0.042957,-0.095522,0.1,0.09,-23.625,-17.625,274.5,-0.168495,0,0,47.58696,0,0,1000,25.1875,29.50462
08.08.2026,02:31:40,121159,0.04398,0.227916,-0.23,-0.31,-25,-21.0625,284.375,-0.1069,0,0,47.57627,0,0,1000,50,31.94156
08.08.2026,02:31:40,121265,0.040911,-0.130283,-1.08,0.48,-24.4375,-20.3125,298.875,-0.056001,0,0,47.57067,0,0,1000,50,29.78361
08.08.2026,02:31:40,121371,0.04398,-0.028822,-1.01,1.03,-25.4375,-16.25,309.8125,-0.045434,0,0,47.56613,0,0,1000,50,31.92627
08.08.2026,02:31:40,121477,0.040911,-1.787148,-0.2,2.42,-28.5625,-13.25,319.25,-0.052081,0,0,47.56092,0,0,1000,50,38.54664
08.08.2026,02:31:40,121583,0.040911,-0.10158,-0.37,-0.41,-31.4375,-8.375,327.0625,-0.173144,0,0,47.54361,0,0,1000,50,40
08.08.2026,02:31:40,121689,0.039889,0.035377,-1.45,-3.18,-32,-5.375,334.1875,-0.216344,0,0,47.52198,0,0,1000,50,40
08.08.2026,02:31:40,121795,0.045003,0.330923,-1.39,-2.6,-28.4375,-6.5,343.8125,-0.172461,0,0,47.50473,0,0,1000,50,40
08.08.2026,02:31:40,121901,0.048071,0.216339,-0.59,0.06,-25.75,-5.1875,349.1875,-0.121509,0,0,47.47574,0,0,1000,50,35.72734
08.08.2026,02:31:40,122007,0.046025,1.940246,0.88,1.45,-24.875,-0.0625,353.1875,-0.041117,0,0,47.47163,0,0,1000,50,30.69326
08.08.2026,02:31:40,122113,0.04398,0.241568,0.91,2.28,-24,-1.1875,356.4375,0.076398,0,0,47.47927,0,0,1000,50,27.47111
08.08.2026,02:31:40,122219,0.047048,-1.090888,-0.62,2.01,-22.9375,-2.75,359.1875,0.005573,0,0,47.47982,0,0,1000,50,25.3075
08.08.2026,02:31:40,122325,0.047048,0.700424,-1.61,-2.42,-23.4375,-0.3125,2.125,-0.046398,0,0,47.47519,0,0,1000,-50,26.20629
08.08.2026,02:31:40,122431,0.041934,0.010645,-1.94,-2.88,-24.125,-1.625,3.625,-0.006848,0,0,47.4745,0,0,1000,-50,29.10744
08.08.2026,02:31:40,122537,0.04398,0.78036,-1.12,-0.98,-25.8125,-1.6875,3.5,0.008869,0,0,47.47538,0,0,1000,-50,35.87736
08.08.2026,02:31:40,122643,0.046025,-0.111948,-0.15,1.18,-27.375,-1.875,3.75,0.07177,0,0,47.48256,0,0,1000,-50,39.16994
08.08.2026,02:31:40,122749,0.041934,-1.97522,0.2,3.33,-27.75,-0.9375,6.25,0.101733,0,0,47.49273,0,0,1000,-50,40
08.08.2026,02:31:40,122855,0.041934,-1.276166,-0.17,1.82,-26.4375,-0.0625,7.4375,0.029419,0,0,47.49567,0,0,1000,-50,36.87963
08.08.2026,02:31:40,122961,0.042957,0.156564,-1.72,-2.05,-25.8125,2.6875,7.375,-0.084885,0,0,47.48719,0,0,1000,-50,33.61028
08.08.2026,02:31:40,123067,0.04398,0.388319,-1.81,-3.57,-25.9375,4.6875,7.375,-0.054583,0,0,47.48173,0,0,1000,-50,33.75689
08.08.2026,02:31:40,123173,0.045003,-1.111074,-1.6,-0.41,-27.125,5.75,7.625,-0.018873,0,0,47.47984,0,0,1000,-50,38.57903
08.08.2026,02:31:40,123279,0.046025,-0.559373,-0.52,2.24,-28.5,6.1875,4.3125,-0.052903,0,0,47.47455,0,0,1000,-50,40
08.08.2026,02:31:40,123385,0.045003,-0.468274,-1.47,1.48,-29.25,5.125,359.875,-0.034175,0,0,47.47113,0,0,1000,50,40
08.08.2026,02:31:40,123491,0.04398,-0.912883,-1.29,0.19,-29.5,1.6875,355.375,-0.167645,0,0,47.45436,0,0,1000,50,40
08.08.2026,02:31:40,123597,0.047048,-0.167699,-1.09,-1.5,-29.3125,-1.125,351.125,-0.161217,0,0,47.43824,0,0,1000,50,40
08.08.2026,02:31:40,123703,0.050116,0.737226,-1.98,-1.54,-29.125,1.25,349.625,-0.096781,0,0,47.41325,0,0,1000,50,40
08.08.2026,02:31:40,123809,0.047048,-0.11838,0.83,1.79,-29.875,-0.125,347.875,-0.039868,0,0,47.40927,0,0,1000,50,40
08.08.2026,02:31:40,123915,0.049094,-1.695811,-0.24,2.89,-27.6875,1.25,348.6875,-0.079884,0,0,47.40128,0,0,1000,50,40
08.08.2026,02:31:40,124021,0.04398,-0.31998,-0.72,1.64,-24.875,6.375,350.375,-0.181346,0,0,47.38314,0,0,1000,50,33.91711
08.08.2026,02:31:40,124127,0.039889,-1.612709,-1.53,-0.62,-22.6875,4.4375,351.125,-0.226082,0,0,47.36053,0,0,1000,50,22.79154
08.08.2026,02:31:40,124233,0.046025,-0.040347,-2.63,-3.38,-24.5625,10.8125,350.5625,-0.38444,0,0,47.32209,0,0,1000,50,27.33931
08.08.2026,02:31:40,124339,0.046025,2.851265,-0.07,-2.21,-29.5625,15.125,350.3125,-0.361114,0,0,47.28598,0,0,1000,50,40
08.08.2026,02:31:40,124445,0.04398,-2.094548,0.88,1.21,-29.6875,7.3125,350.4375,-0.13019,0,0,47.27296,0,0,1000,50,40
08.08.2026,02:31:40,124551,0.038866,1.873007,0.01,0.73,-26.625,16.4375,350.625,-0.234943,0,0,47.24947,0,0,1000,50,33.39039
08.08.2026,02:31:40,124657,0.04398,-0.35369,-1.12,0.48,-23.375,19.875,351.3125,-0.102707,0,0,47.2392,0,0,1000,50,24.13982
08.08.2026,02:31:40,124763,0.042957,0.249797,-1.59,-0.43,-25.875,17.5,350.5625,-0.10846,0,0,47.22835,0,0,1000,50,33.25859
08.08.2026,02:31:40,124869,0.045003,0.172984,-1.28,-1.81,-29.1875,12.5625,351.875,-0.0991,0,0,47.21844,0,0,1000,50,40
08.08.2026,02:31:40,124975,0.03682,-0.605536,-1.18,-0.59,-30.125,11.125,354.4375,-0.046017,0,0,47.21384,0,0,1000,50,40
08.08.2026,02:31:40,125081,0.047048,1.117986,-1.5,-0.4,-28.875,15.5625,357.4375,-0.109528,0,0,47.20289,0,0,1000,50,40
08.08.2026,02:31:40,125187,0.042957,0.660392,-1.39,-0.09,-27,15.125,358.5625,-0.074811,0,0,47.19541,0,0,1000,50,35.45572
08.08.2026,02:31:40,125293,0.038866,-0.488994,-0.32,0.58,-27,8.5625,358.875,-0.019091,0,0,47.1935,0,0,1000,50,36.17051
08.08.2026,02:31:40,125399,0.045003,-0.538179,-0.3,0.25,-28.4375,5.1875,359.375,-0.02537,0,0,47.19096,0,0,1000,50,39.60687
08.08.2026,02:31:40,125505,0.046025,0.504193,-0.92,-1.34,-30.25,4.9375,359.625,-0.071461,0,0,47.17644,0,0,1000,50,40
08.08.2026,02:31:40,125611,0.038866,-0.283509,-1.22,-1.8,-30.375,3.125,0.5,-0.072018,0,0,47.16924,0,0,1000,-50,40
08.08.2026,02:31:40,125717,0.040911,-0.641193,-0.44,-0.78,-28.9375,3.125,1.3125,-0.082297,0,0,47.16101,0,0,1000,-50,40
08.08.2026,02:31:40,125823,0.042957,0.492321,0.32,2.07,-27,4.5625,1.625,-0.026983,0,0,47.15831,0,0,1000,-50,36.14039
08.08.2026,02:31:40,125929,0.038866,-0.187843,-1.13,0.91,-27.625,5,0.625,0.005111,0,0,47.15882,0,0,1000,-50,39.05231
08.08.2026,02:31:40,126035,0.042957,-0.15674,-1.87,-0.32,-28.625,6.5,358,-0.0343,0,0,47.1554,0,0,1000,50,40
08.08.2026,02:31:40,126141,0.051139,1.323747,-1.61,-1.97,-29.4375,7.875,355.4375,-0.015139,0,0,47.15388,0,0,1000,50,40
08.08.2026,02:31:40,126247,0.03682,-0.049255,-1.39,-1.75,-29.3125,3.625,355.5625,0.093344,0,0,47.16322,0,0,1000,50,40
08.08.2026,02:31:40,126353,0.031706,1.077546,-0.89,0.52,-28.5,3,359.625,0.099491,0,0,47.17316,0,0,1000,50,40
08.08.2026,02:31:40,126459,0.042957,0.672547,0.47,3.42,-27.9375,3.125,2.6875,0.155454,0,0,47.18871,0,0,1000,-50,40
08.08.2026,02:31:40,126565,0.040911,0.055928,-0.12,0.46,-27,4.4375,5,0.20583,0,0,47.20929,0,0,1000,-50,38.60121
08.08.2026,02:31:40,126671,0.040911,-1.059497,-0.31,-0.34,-25.875,4.1875,6.5,0.168687,0,0,47.22616,0,0,1000,-50,33.26086
08.08.2026,02:31:40,126777,0.040911,-0.542109,-1.54,-3.08,-25.625,3.375,7.8125,0.081226,0,0,47.23428,0,0,1000,-50,33.22621
08.08.2026,02:31:40,126883,0.046025,0.616655,-1.33,-1.88,-25,3.4375,9.25,0.038462,0,0,47.23813,0,0,1000,-50,31.59385
08.08.2026,02:31:40,126989,0.032729,-0.014349,-0.39,0.99,-24.4375,1.1875,10,0.031206,0,0,47.24125,0,0,1000,-50,29.72734
08.08.2026,02:31:40,127095,0.037843,0.433041,-0.47,2.82,-24.625,1.625,10.6875,0.081182,0,0,47.24937,0,0,1000,-50,31.15408
08.08.2026,02:31:40,127201,0.037843,-0.94939,-1.37,0.13,-25.125,-0.3125,11.4375,0.055017,0,0,47.26242,0,0,1000,-50,32.34724
08.08.2026,02:31:40,127307,0.045003,-0.409298,-1.13,-1.64,-26.875,-2.5625,9.9375,-0.057869,0,0,47.25664,0,0,1000,-50,36.90974
08.08.2026,02:31:40,127413,0.040911,-0.116685,-1.21,-1.97,-26.5,-2.0625,8.1875,-0.08127,0,0,47.24851,0,0,1000,-50,37.06373
08.08.2026,02:31:40,127519,0.047048,1.044888,-1.1,-0.57,-24.5625,-0.0625,7.0625,-0.048923,0,0,47.24362,0,0,1000,-50,32.40351
08.08.2026,02:31:40,127625,0.037843,0.234257,-1.25,1.58,-23.125,-1.1875,6.3125,0.019644,0,0,47.24559,0,0,1000,-50,26.26029
08.08.2026,02:31:40,127731,0.042957,-0.615743,0.03,2.74,-23.5,-0.625,5.9375,0.014992,0,0,47.24709,0,0,1000,-50,26.51255
08.08.2026,02:31:40,127837,0.037843,-0.753985,-0.37,-0.68,-23.8125,-1.125,7.25,-0.069667,0,0,47.24012,0,0,1000,-50,28.09781
08.08.2026,02:31:40,127943,0.040911,-0.269906,-1.14,-2.25,-23.6875,-1.3125,8.875,-0.126858,0,0,47.22744,0,0,1000,-50,28.37056
08.08.2026,02:31:40,128049,0.039889,0.214275,-1.21,-2.42,-22.6875,-0.5625,10.0625,-0.130002,0,0,47.21444,0,0,1000,-50,23.10404
08.08.2026,02:31:40,128155,0.041934,0.477259,-0.47,0.05,-21.0625,1.25,10.6875,-0.092797,0,0,47.20515,0,0,1000,-50,18.68646
08.08.2026,02:31:40,128261,0.045003,0.309124,-0.69,2.98,-20.0625,2.9375,10.625,-0.057989,0,0,47.19936,0,0,1000,-50,15.66598
08.08.2026,02:31:40,128367,0.047048,-0.430116,-1.34,0.54,-21.125,2.625,10.3125,-0.023636,0,0,47.19699,0,0,1000,-50,21.12
08.08.2026,02:31:40,128473,0.042957,-0.579192,-1.17,-1.15,-22.375,0.125,9.1875,-0.028746,0,0,47.19411,0,0,1000,-50,23.76539
08.08.2026,02:31:40,128579,0.041934,-0.337003,-1.3,-2.69,-23.0625,0.5625,7.6875,-0.068079,0,0,47.18731,0,0,1000,-50,26.49726
08.08.2026,02:31:40,128685,0.042957,0.776362,-1.31,-1.01,-23.1875,2.25,7,-0.104626,0,0,47.17684,0,0,1000,-50,25.75632
08.08.2026,02:31:40,128791,0.040911,0.417507,-0.52,2.12,-22.75,2.9375,7.3125,-0.035607,0,0,47.17328,0,0,1000,-50,25.00236
08.08.2026,02:31:40,128897,0.03682,-0.092966,0.19,1.54,-22.6875,5.1875,7.4375,0.014694,0,0,47.17475,0,0,1000,-50,24.01369
08.08.2026,02:31:40,129003,0.039889,-0.004704,-0.47,-0.94,-22.25,6.125,8.1875,0.047625,0,0,47.18492,0,0,1000,-50,24.24556
08.08.2026,02:31:40,129109,0.03682,-0.326235,-0.49,-1.42,-22.0625,2.3125,9.3125,0.034521,0,0,47.18837,0,0,1000,-50,22.56826
08.08.2026,02:31:40,129215,0.038866,-0.017345,-1.26,-2.59,-22.0625,-0.0625,10.75,0.007124,0,0,47.18908,0,0,1000,-50,22.04381
08.08.2026,02:31:40,129321,0.048071,-0.338758,-0.62,0.03,-22.375,-2.375,11.9375,0.036792,0,0,47.19276,0,0,1000,-50,23.86943
08.08.2026,02:31:40,129427,0.047048,-0.039202,-0.1,2.39,-23.25,-1.625,12.625,0.013826,0,0,47.19414,0,0,1000,-50,26.50236
08.08.2026,02:31:40,129533,0.04398,-0.639449,-0.96,1.12,-23.875,-0.8125,13.5,0.007665,0,0,47.19491,0,0,1000,-50,27.70459
08.08.2026,02:31:40,129639,0.050116,-0.807952,-1.26,-0.29,-24.5625,-1.3125,13.75,-0.046558,0,0,47.19025,0,0,1000,-50,29.89549
08.08.2026,02:31:40,129745,0.04398,-0.445177,-1.32,-2.36,-24.75,-1.875,13,-0.086265,0,0,47.18163,0,0,1000,-50,29.96309
08.08.2026,02:31:40,129851,0.051139,0.627896,-1.27,-1.51,-23.8125,-0.6875,12.6875,-0.095571,0,0,47.17207,0,0,1000,-50,29.71034
08.08.2026,02:31:40,129957,0.035797,0.139702,-1.16,1.05,-22.6875,-0.75,13.125,-0.056175,0,0,47.16645,0,0,1000,-50,25.13529
08.08.2026,02:31:40,130063,0.04398,-0.049648,-0.27,3.04,-22.3125,0.1875,14,-0.020194,0,0,47.16444,0,0,1000,-50,23.56712
08.08.2026,02:31:40,130169,0.040911,-0.598798,-0.2,0.42,-21.6875,1.625,15.4375,-0.026435,0,0,47.16179,0,0,1000,-50,21.22848
08.08.2026,02:31:40,130275,0.042957,-0.936864,-0.74,-1.16,-21,0.0625,17.6875,-0.06014,0,0,47.15578,0,0,1000,-50,19.52738
08.08.2026,02:31:40,130381,0.041934,-0.143786,-1.59,-3.02,-21.375,1.5625,19.375,-0.095725,0,0,47.14621,0,0,1000,-50,20.34554
08.08.2026,02:31:40,130487,0.04398,0.980606,-0.88,-1.44,-21.25,3.6875,20.1875,-0.136584,0,0,47.13255,0,0,1000,-50,20.06372
08.08.2026,02:31:40,130593,0.047048,0.162759,0.21,1.8,-20.5,3.6875,20.1875,-0.066941,0,0,47.12585,0,0,1000,-50,17.10234
08.08.2026,02:31:40,130699,0.048071,0.402022,-0.12,2.4,-19.875,4.875,19.6875,0.022912,0,0,47.12815,0,0,1000,-50,15.26369
08.08.2026,02:31:40,130805,0.037843,-0.430342,-1.35,-0.46,-19.75,3.5,18.5,0.023288,0,0,47.1355,0,0,1000,-50,14.39322
08.08.2026,02:31:40,130911,0.037843,-0.430716,-1.31,-2.14,-20.25,0.875,17.5,0.011615,0,0,47.13666,0,0,1000,-50,16.39095
08.08.2026,02:31:40,131017,0.041934,-0.180716,-1.29,-2.49,-20.875,0.0625,17.5625,-0.038457,0,0,47.13281,0,0,1000,-50,18.89719
08.08.2026,02:31:40,131123,0.038866,0.660521,-1.08,0.64,-21.625,0.9375,18.5,-0.011506,0,0,47.13166,0,0,1000,-50,21.32562
08.08.2026,02:31:40,131229,0.041934,0.269872,-0.12,3.17,-22.5625,1.75,20.1875,0.031687,0,0,47.13483,0,0,1000,-50,23.26879
08.08.2026,02:31:40,131335,0.04398,-0.521731,-0.03,0.24,-22.5,3.125,20.375,0.049846,0,0,47.13982,0,0,1000,-50,23.30117
08.08.2026,02:31:40,131441,0.040911,-0.422183,-0.82,-0.84,-21.625,1.9375,20.8125,0.014074,0,0,47.14122,0,0,1000,-50,22.3126
08.08.2026,02:31:40,131547,0.040911,-0.79156,-1.51,-2.56,-21.4375,0.0625,21.8125,-0.019391,0,0,47.13929,0,0,1000,-50,21.1842
08.08.2026,02:31:40,131653,0.034775,0.460411,-1.56,-2.37,-21.625,1.1875,22.5625,-0.061289,0,0,47.13316,0,0,1000,-50,21.53474
08.08.2026,02:31:40,131759,0.037843,-0.369464,-0.26,1.91,-21.8125,1.25,21.6875,-0.003893,0,0,47.13277,0,0,1000,-50,21.75689
08.08.2026,02:31:40,131865,0.039889,0.700031,-0.39,3.44,-21.75,4,20.9375,0.015697,0,0,47.13433,0,0,1000,-50,22.46885
08.08.2026,02:31:40,131971,0.03682,-0.461597,-1.94,-0.03,-21.75,3.6875,19.8125,0.050654,0,0,47.1394,0,0,1000,-50,21.36028
08.08.2026,02:31:40,132077,0.039889,-0.482701,-1.9,-1.72,-22.8125,1.375,17.3125,0.034325,0,0,47.14283,0,0,1000,-50,25.44609
08.08.2026,02:31:40,132183,0.045003,-0.502346,-1.69,-2.74,-23.625,0.5,14.5625,-0.011054,0,0,47.14173,0,0,1000,-50,27.2364
08.08.2026,02:31:40,132289,0.038866,0.949239,-1.29,-0.28,-24,2.3125,12.5,-0.049272,0,0,47.1368,0,0,1000,-50,27.70912
08.08.2026,02:31:40,132395,0.045003,0.27866,-0.27,3.62,-23.6875,1.625,12.5625,0.017992,0,0,47.1386,0,0,1000,-50,27.53871
08.08.2026,02:31:40,132501,0.038866,-0.033813,-0.19,1.8,-23.375,3.125,13.0625,0.086972,0,0,47.15499,0,0,1000,-50,25.92957
08.08.2026,02:31:40,132607,0.040911,-0.67661,-0.71,-0.64,-23.125,2.375,13.5625,0.028679,0,0,47.15786,0,0,1000,-50,25.22848
08.08.2026,02:31:40,132713,0.052162,-0.577532,-1.35,-2.55,-22.8125,0.75,14.0625,-0.00175,0,0,47.15768,0,0,1000,-50,25.42627
08.08.2026,02:31:40,132819,0.042957,0.703686,-1.36,-1.82,-21.9375,1.1875,14.875,-0.036123,0,0,47.15407,0,0,1000,-50,22.35177
08.08.2026,02:31:40,132925,0.046025,-0.247,-0.19,1.21,-21.625,1.875,14.5625,0.021345,0,0,47.1562,0,0,1000,-50,21.47111
08.08.2026,02:31:40,133031,0.041934,0.862513,0.25,3.43,-21.5625,4.4375,14,0.015129,0,0,47.15772,0,0,1000,-50,21.47281
08.08.2026,02:31:40,133137,0.041934,-0.229786,-1.23,0.53,-21.375,5.3125,13.625,0.071504,0,0,47.16487,0,0,1000,-50,19.36197
08.08.2026,02:31:40,133243,0.047048,-0.431126,-1.42,-1.14,-21.25,3.875,12.5,0.041654,0,0,47.16903,0,0,1000,-50,19.33582
08.08.2026,02:31:40,133349,0.038866,-0.291365,-1.56,-3.03,-21.75,3.9375,11.5,0.007445,0,0,47.16978,0,0,1000,-50,20.42334
08.08.2026,02:31:40,133455,0.038866,0.84895,-1.33,-1.04,-22.5625,5.0625,12.1875,-0.009784,0,0,47.1688,0,0,1000,-50,24.35857
08.08.2026,02:31:40,133561,0.042957,0.056934,-0.72,2.03,-23.25,4.125,13.3125,0.062667,0,0,47.17507,0,0,1000,-50,26.44892
08.08.2026,02:31:40,133667,0.052162,-0.646229,0.23,3.45,-23.875,4.9375,14.125,0.098376,0,0,47.18491,0,0,1000,-50,27.79381
08.08.2026,02:31:40,133773,0.041934,0.652236,-0.59,-0.74,-23.3125,8.5,15,0.047728,0,0,47.18968,0,0,1000,-50,26.94892
08.08.2026,02:31:40,133879,0.040911,-0.620527,-1.12,-2.02,-22.375,4.1875,15.4375,0.085927,0,0,47.19827,0,0,1000,-50,24.7433
08.08.2026,02:31:40,133985,0.045003,-0.603241,-1.8,-3.2,-22.1875,3.6875,15.8125,0.08441,0,0,47.20671,0,0,1000,-50,23.00802
08.08.2026,02:31:40,134091,0.046025,0.576372,-0.87,-1.01,-22.125,4.6875,15.5625,0.012017,0,0,47.20792,0,0,1000,-50,22.44892
08.08.2026,02:31:40,134197,0.038866,0.645313,0.24,3.05,-21.625,4.1875,14.75,0.032941,0,0,47.21121,0,0,1000,-50,19.55684
08.08.2026,02:31:40,134303,0.041934,-0.048373,-1.26,0.54,-20.75,5.125,14.5625,0.071289,0,0,47.2298,0,0,1000,-50,18.50293
08.08.2026,02:31:40,134409,0.030684,-0.300665,-1.62,-1.06,-21.6875,4.8125,14.0625,0.06349,0,0,47.23615,0,0,1000,-50,21.80344
08.08.2026,02:31:40,134515,0.037843,-0.172707,-0.99,-2.43,-23.375,1.625,12,0.043325,0,0,47.24049,0,0,1000,-50,27.10857
08.08.2026,02:31:40,134621,0.035797,0.1359,-1.17,-2.85,-23.5625,0.375,10.4375,0.026885,0,0,47.24318,0,0,1000,-50,26.75576
08.08.2026,02:31:40,134727,0.039889,0.715035,-1.03,0.5,-22.375,-1,10.25,0.062593,0,0,47.24944,0,0,1000,-50,23.56712
08.08.2026,02:31:40,134833,0.042957,0.930381,-0.81,3.47,-21.6875,1.3125,11.1875,0.082151,0,0,47.25765,0,0,1000,-50,21.44666
08.08.2026,02:31:40,134939,0.046025,-0.764488,-0.27,0.88,-22.125,0.75,11.8125,0.151395,0,0,47.27279,0,0,1000,-50,22.37736
08.08.2026,02:31:40,135045,0.052162,-0.596992,-0.76,-1.08,-21.9375,-1.375,12.625,0.077867,0,0,47.28058,0,0,1000,-50,21.80117
08.08.2026,02:31:40,135151,0.042957,0.052581,-1.38,-2.95,-21.3125,-1.25,13.5,0.013286,0,0,47.28191,0,0,1000,-50,18.68071
08.08.2026,02:31:40,135257,0.046025,0.201964,-1.35,-0.89,-20.375,-1.125,14.0625,0.019187,0,0,47.28382,0,0,1000,-50,16.85631
08.08.2026,02:31:40,135363,0.040911,-0.258933,-0.73,2.01,-20.6875,0.75,14.0625,0.027889,0,0,47.28661,0,0,1000,-50,17.92051
08.08.2026,02:31:40,135469,0.04398,0.249926,-0.62,2.71,-21.0625,3.375,13.375,0.035498,0,0,47.29016,0,0,1000,-50,18.57959
08.08.2026,02:31:40,135575,0.040911,-0.39154,-1.55,-0.58,-21.8125,3.5625,11.4375,0.045587,0,0,47.29472,0,0,1000,-50,22.41824
08.08.2026,02:31:40,135681,0.047048,-0.40276,-1.6,-1.83,-23.25,0.9375,8.1875,0.03792,0,0,47.29852,0,0,1000,-50,26.61367
08.08.2026,02:31:40,135787,0.041934,-0.062995,-1.48,-2.17,-24.1875,0.3125,5.5,0.007314,0,0,47.29925,0,0,1000,-50,28.14379
08.08.2026,02:31:40,135893,0.041934,0.637943,-1.07,-0.05,-24,1.75,4.75,-0.02918,0,0,47.29633,0,0,1000,-50,29.00463
08.08.2026,02:31:40,135999,0.037843,1.008019,-0.6,3.05,-23.5,2.1875,3.9375,-0.002362,0,0,47.29609,0,0,1000,-50,26.66937
08.08.2026,02:31:40,136105,0.033752,-0.023268,0.02,2.33,-23.75,4,2.8125,0.096405,0,0,47.30974,0,0,1000,-50,27.5592
08.08.2026,02:31:40,136211,0.039889,-0.376368,-0.52,-0.49,-23.8125,5.9375,2.5625,0.045053,0,0,47.31424,0,0,1000,-50,27.35517
08.08.2026,02:31:40,136317,0.041934,-0.299157,-1.27,-2.25,-23.3125,6.75,4.1875,0.041677,0,0,47.31841,0,0,1000,-50,26.44779
08.08.2026,02:31:40,136423,0.040911,-0.009725,-1.61,-2.51,-22.8125,8.1875,5.9375,0.017668,0,0,47.32018,0,0,1000,-50,25.16598
08.08.2026,02:31:40,136529,0.042957,0.659296,-0.71,-0.94,-22.75,10.3125,7.375,0.030442,0,0,47.32322,0,0,1000,-50,24.66144
08.08.2026,02:31:40,136635,0.03682,1.565512,-0.03,3.37,-22.8125,9.875,8.5625,0.11767,0,0,47.33499,0,0,1000,-50,24.85177
08.08.2026,02:31:40,136741,0.041934,-0.460523,-1.76,-0.31,-24.125,7.5,9.125,0.187654,0,0,47.35376,0,0,1000,-50,28.25746
08.08.2026,02:31:40,136847,0.040911,-0.31496,-1.94,-1.22,-25.6875,4.375,8.125,0.137976,0,0,47.36755,0,0,1000,-50,32.26029
08.08.2026,02:31:40,136953,0.039889,-0.478108,-1.6,-1.84,-26.3125,1.9375,6.4375,0.097901,0,0,47.37734,0,0,1000,-50,35.44949
08.08.2026,02:31:40,137059,0.037843,0.370384,-1.56,-1.3,-26.6875,2.5625,5.1875,0.046899,0,0,47.38203,0,0,1000,-50,36.13926
08.08.2026,02:31:40,137165,0.033752,0.648257,-0.7,1.51,-26.4375,1.375,4.3125,0.066143,0,0,47.38865,0,0,1000,-50,35.31939
08.08.2026,02:31:40,137271,0.045003,-0.005266,0.32,2,-25.75,0.8125,3.375,0.109568,0,0,47.3996,0,0,1000,-50,34.53757
08.08.2026,02:31:40,137377,0.034775,-0.578636,-0.47,-0.68,-25.0625,0.375,3.6875,0.104805,0,0,47.41008,0,0,1000,-50,31.36707
08.08.2026,02:31:40,137483,0.03682,-0.060789,-0.83,-1.02,-24.6875,-1,4.75,0.066945,0,0,47.41677,0,0,1000,-50,30.90351
08.08.2026,02:31:40,137589,0.046025,-0.312114,-1.43,-2.4,-25.125,-1.25,6.25,0.041201,0,0,47.42089,0,0,1000,-50,30.82506
08.08.2026,02:31:40,137695,0.045003,0.96791,-0.77,-1.79,-25.25,0.9375,7.5,-0.000757,0,0,47.42082,0,0,1000,-50,31.57845
08.08.2026,02:31:40,137801,0.039889,0.556402,0.18,2.61,-24.3125,0.625,8.125,0.099489,0,0,47.43546,0,0,1000,-50,28.92278
08.08.2026,02:31:40,137907,0.045003,-0.706797,-0.54,0.41,-23.3125,0.5,8.5,0.127384,0,0,47.4482,0,0,1000,-50,26.38586
08.08.2026,02:31:40,138013,0.034775,0.369106,-1.51,-0.73,-22.9375,0.9375,8.875,0.073061,0,0,47.4555,0,0,1000,-50,24.91711
08.08.2026,02:31:40,138119,0.042957,-0.373243,-1.21,-1.63,-23.125,-1.25,9.375,0.100737,0,0,47.46558,0,0,1000,-50,26.3751
08.08.2026,02:31:40,138225,0.045003,0.003517,-1.35,-2.48,-24.1875,-0.8125,10.9375,0.046661,0,0,47.47024,0,0,1000,-50,30.19043
08.08.2026,02:31:40,138331,0.039889,0.379898,-0.13,2.21,-25.1875,-0.5,14,0.065898,0,0,47.47683,0,0,1000,-50,30.61707
08.08.2026,02:31:40,138437,0.032729,0.227383,0.46,3.2,-25.625,0.5,15.6875,0.078214,0,0,47.48465,0,0,1000,-50,33.65125
08.08.2026,02:31:40,138543,0.040911,-0.71522,0.34,0,-25.125,1.8125,16.8125,0.080938,0,0,47.49274,0,0,1000,-50,33.30693
08.08.2026,02:31:40,138649,0.041934,-0.076046,-0.63,-2.45,-23.375,2.1875,17.9375,0.025687,0,0,47.49531,0,0,1000,-50,24.41598
08.08.2026,02:31:40,138755,0.042957,-0.36629,-1.38,-2.71,-21.875,0.8125,19.875,0.007584,0,0,47.49607,0,0,1000,-50,23.09668
08.08.2026,02:31:40,138861,0.039889,0.584659,-0.59,-0.71,-21.5625,1.1875,21.75,-0.029519,0,0,47.49312,0,0,1000,-50,20.91881
08.08.2026,02:31:40,138967,0.037843,-0.465904,0.48,2.6,-21.0625,0.75,22.9375,0.017505,0,0,47.49487,0,0,1000,-50,18.57505
08.08.2026,02:31:40,139073,0.035797,0.20372,-0.47,2.41,-20.125,4.25,23.875,0.01171,0,0,47.49604,0,0,1000,-50,16.01086
08.08.2026,02:31:40,139179,0.037843,-0.067109,-1.71,-0.83,-19.8125,6,24.0625,0.025764,0,0,47.49862,0,0,1000,-50,15.69552
08.08.2026,02:31:40,139285,0.040911,-0.347584,-1.55,-2.27,-20.625,3.0625,22.625,0.014781,0,0,47.50009,0,0,1000,-50,18.16144
08.08.2026,02:31:40,139391,0.039889,-0.148214,-1.45,-2.87,-21.9375,3.125,22.4375,0.019587,0,0,47.50205,0,0,1000,-50,22.39719
08.08.2026,02:31:40,139497,0.03682,0.63239,-1.11,-0.23,-22.8125,3.5625,23.1875,-0.018776,0,0,47.50017,0,0,1000,-50,25.07505
08.08.2026,02:31:40,139603,0.039889,0.682651,-0.03,4.78,-23.25,3,23.5625,0.080541,0,0,47.50741,0,0,1000,-50,26.37906
08.08.2026,02:31:40,139709,0.041934,-0.569939,-0.11,1.6,-22.8125,4.3125,23,0.029027,0,0,47.51031,0,0,1000,-50,23.88926
08.08.2026,02:31:40,139815,0.038866,0.598156,-0.89,-0.69,-21.5,4.6875,22.5,0.03021,0,0,47.51334,0,0,1000,-50,21.47734
08.08.2026,02:31:40,139921,0.040911,-0.96351,-1.34,-2.23,-21.4375,0.375,22.4375,0.051815,0,0,47.51852,0,0,1000,-50,20.28418
08.08.2026,02:31:40,140027,0.04398,-0.522356,-1.65,-2.61,-22,1.25,22.625,-0.035883,0,0,47.51493,0,0,1000,-50,21.94439
08.08.2026,02:31:40,140133,0.040911,0.879061,-0.28,-0.19,-22.25,3.625,21.5625,-0.044071,0,0,47.51052,0,0,1000,-50,22.82676
08.08.2026,02:31:40,140239,0.038866,-0.051856,0.53,3.72,-21.3125,4.25,18.625,0.028524,0,0,47.51337,0,0,1000,-50,20.53587
08.08.2026,02:31:40,140345,0.03682,0.356847,-1.62,0.21,-21,5.625,16.875,0.04032,0,0,47.51741,0,0,1000,-50,18.42107
08.08.2026,02:31:40,140451,0.039889,-0.644832,-1.88,-1.25,-21.875,2.1875,15.25,0.052208,0,0,47.52263,0,0,1000,-50,22.88189
08.08.2026,02:31:40,140557,0.035797,-0.814575,-1.53,-2.9,-22.75,0.5,13.875,-0.007967,0,0,47.52183,0,0,1000,-50,25.16371
08.08.2026,02:31:40,140663,0.03682,0.527733,-1.1,-1.63,-23.5625,1.375,13.625,-0.071803,0,0,47.51465,0,0,1000,-50,28.12283
08.08.2026,02:31:40,140769,0.035797,0.678879,-0.57,1.06,-23.625,1.5625,14.8125,-0.035629,0,0,47.51109,0,0,1000,-50,26.82619
08.08.2026,02:31:40,140875,0.030684,0.30803,-0.12,3.52,-23.4375,2.6875,16.125,0.026409,0,0,47.51373,0,0,1000,-50,26.35914
08.08.2026,02:31:40,140981,0.038866,-0.8246,-0.5,-0.33,-23.4375,3.625,17.4375,0.081795,0,0,47.52191,0,0,1000,-50,26.96941
08.08.2026,02:31:40,141087,0.041934,0.145512,-0.8,-0.57,-23.125,3.0625,18.9375,-0.003504,0,0,47.52156,0,0,1000,-50,24.77105
08.08.2026,02:31:40,141193,0.039889,-0.804154,-1.67,-3.15,-22.625,1.8125,20.25,-0.010377,0,0,47.52052,0,0,1000,-50,23.75632
08.08.2026,02:31:40,141299,0.040911,0.837682,-1.05,-1.02,-21.4375,4.875,20.75,-0.057105,0,0,47.51481,0,0,1000,-50,20.54211
08.08.2026,02:31:40,141405,0.039889,0.618482,-0.3,2.13,-21,4,19.8125,0.045942,0,0,47.51691,0,0,1000,-50,19.10234
08.08.2026,02:31:40,141511,0.040911,-0.092996,-0.82,2.61,-21.625,4.0625,19,0.078952,0,0,47.52481,0,0,1000,-50,21.97281
08.08.2026,02:31:40,141617,0.042957,-0.635534,-1.93,-0.84,-22.5,2.8125,18.3125,0.051876,0,0,47.53,0,0,1000,-50,24.94382
08.08.2026,02:31:40,141723,0.038866,-0.307203,-1.49,-1.99,-23.5,0,15.9375,-0.008816,0,0,47.52912,0,0,1000,-50,27.63416
08.08.2026,02:31:40,141829,0.042957,0.044508,-1.48,-2.53,-23.75,-0.25,12.8125,-0.044369,0,0,47.52468,0,0,1000,-50,28.43476
08.08.2026,02:31:40,141935,0.034775,0.76543,-0.92,1.24,-23.1875,-0.3125,11.875,-0.028683,0,0,47.52181,0,0,1000,-50,26.07619
08.08.2026,02:31:40,142041,0.037843,-0.245553,-0.53,3.22,-22.6875,-1.4375,11.625,0.03057,0,0,47.52487,0,0,1000,-50,24.60348
08.08.2026,02:31:40,142147,0.046025,-0.375656,0.1,1.41,-22.8125,0.625,11,0.003215,0,0,47.52519,0,0,1000,-50,24.84214
08.08.2026,02:31:40,142253,0.040911,-0.214308,-0.93,-0.36,-21.875,0.4375,11.6875,-0.041933,0,0,47.521,0,0,1000,-50,22.11481
08.08.2026,02:31:40,142359,0.040911,-0.422012,-1.74,-2.57,-21.8125,-0.4375,13.6875,-0.071399,0,0,47.51385,0,0,1000,-50,20.82959
08.08.2026,02:31:40,142465,0.039889,0.230831,-1.64,-2.33,-22.25,0.375,14.8125,-0.088417,0,0,47.50501,0,0,1000,-50,23.0558
08.08.2026,02:31:40,142571,0.041934,0.373225,-0.32,0.43,-22.5625,1.8125,14.25,-0.074438,0,0,47.49757,0,0,1000,-50,23.91484
08.08.2026,02:31:40,142677,0.042957,1.674591,0.44,3.03,-22.125,4.8125,13.3125,-0.04248,0,0,47.49332,0,0,1000,-50,21.30513
08.08.2026,02:31:40,142783,0.042957,-0.647705,-1.63,-0.64,-21.6875,3,12.4375,0.07139,0,0,47.50046,0,0,1000,-50,20.179
08.08.2026,02:31:40,142889,0.045003,0.099585,-1.44,-1.58,-23.0625,1.6875,11.5,0.084275,0,0,47.50888,0,0,1000,-50,26.08186
08.08.2026,02:31:40,142995,0.031706,-0.191728,-1.22,-2.73,-24.625,-1.125,10.6875,0.040829,0,0,47.51297,0,0,1000,-50,30.21422
08.08.2026,02:31:40,143101,0.040911,-0.352653,-0.96,-1.71,-25.6875,-0.8125,10.625,0.003188,0,0,47.51616,0,0,1000,-50,34.99159
08.08.2026,02:31:40,143207,0.04398,0.767245,0.11,2.3,-25.125,1.5,11.375,0.031584,0,0,47.51932,0,0,1000,-50,31.93986
08.08.2026,02:31:40,143313,0.040911,0.004518,-0.11,2.15,-22.4375,3.875,12.625,0.0532,0,0,47.52464,0,0,1000,-50,25.60234
08.08.2026,02:31:40,143419,0.04398,-0.156805,-0.58,-0.76,-21.5625,4.9375,13.6875,0.041155,0,0,47.52876,0,0,1000,-50,21.94099
08.08.2026,02:31:40,143525,0.04398,-0.067725,-1.14,-1.85,-21.75,3.125,16,0.028594,0,0,47.53162,0,0,1000,-50,20.54324
08.08.2026,02:31:40,143631,0.039889,-0.127852,-1.86,-2.86,-22.625,1.9375,18.5,0.003972,0,0,47.53202,0,0,1000,-50,24.45119
08.08.2026,02:31:40,143737,0.03682,0.112033,-0.85,-1.05,-23.125,2.6875,19,0.003576,0,0,47.53238,0,0,1000,-50,25.63869
08.08.2026,02:31:40,143843,0.033752,1.76136,0,3.4,-22.3125,5.3125,17.5,0.020903,0,0,47.53447,0,0,1000,-50,23.10291
08.08.2026,02:31:40,143949,0.041934,-0.422784,-1.32,1.46,-21.6875,4.25,16.1875,0.128887,0,0,47.54736,0,0,1000,-50,21.44836
08.08.2026,02:31:40,144055,0.034775,-0.736035,-1.75,-1.06,-22.375,2.25,15.1875,0.101076,0,0,47.55746,0,0,1000,-50,24.38473
08.08.2026,02:31:40,144161,0.041934,-0.726536,-1.46,-2.6,-24,0.375,13.8125,0.015602,0,0,47.55902,0,0,1000,-50,29.04494
08.08.2026,02:31:40,144267,0.03682,0.944742,-1.32,-1.35,-25.1875,2.4375,12.5625,-0.039743,0,0,47.55505,0,0,1000,-50,31.94779
08.08.2026,02:31:40,144373,0.03682,0.364892,-0.56,2.05,-25.4375,1.125,12.3125,-0.004659,0,0,47.55458,0,0,1000,-50,31.61254
08.08.2026,02:31:40,144479,0.041934,-0.268273,0.13,3.44,-25.1875,0.6875,12.8125,0.09841,0,0,47.56443,0,0,1000,-50,32.32166
08.08.2026,02:31:40,144585,0.035797,-0.849754,-0.24,-0.11,-23.75,2.3125,13.3125,0.046062,0,0,47.56903,0,0,1000,-50,28.73867
08.08.2026,02:31:40,144691,0.032729,-0.149265,-1.06,-1.48,-22.125,2.6875,13.875,-0.015204,0,0,47.56751,0,0,1000,-50,22.90918
08.08.2026,02:31:40,144797,0.038866,-0.157761,-1.82,-2.78,-22.0625,3.1875,14.625,-0.046778,0,0,47.56283,0,0,1000,-50,22.80693
08.08.2026,02:31:40,144903,0.037843,1.214817,-0.51,-0.65,-22.5,5.4375,14.5,-0.04251,0,0,47.55057,0,0,1000,-50,23.29437
08.08.2026,02:31:40,145009,0.032729,0.456184,-0.06,1.69,-21.5625,5.375,13.5,0.088014,0,0,47.55937,0,0,1000,-50,19.17957
08.08.2026,02:31:40,145115,0.038866,0.403353,-0.4,2.1,-20.875,5.625,12.75,0.091138,0,0,47.56848,0,0,1000,-50,18.38642
08.08.2026,02:31:40,145221,0.03682,-0.019577,-1.61,-0.7,-21.25,5.0625,11.8125,0.099628,0,0,47.57845,0,0,1000,-50,20.51312
08.08.2026,02:31:40,145327,0.029661,-0.415216,-1.26,-2.24,-22.6875,0.875,9.75,0.07571,0,0,47.58602,0,0,1000,-50,23.53984
08.08.2026,02:31:40,145433,0.03682,-0.486273,-1.34,-2.28,-23.75,-0.4375,9.25,0.032893,0,0,47.58931,0,0,1000,-50,29.19043
08.08.2026,02:31:40,145539,0.034775,0.633759,-1.15,0.35,-24.875,0.875,10.5,-0.000994,0,0,47.58921,0,0,1000,-50,32.52908
08.08.2026,02:31:40,145645,0.03682,0.642036,0.05,3.27,-25.375,2.1875,11.875,0.053563,0,0,47.59456,0,0,1000,-50,32.9967
08.08.2026,02:31:40,145751,0.040911,0.138729,0,-0.26,-24.1875,5,12.6875,0.102848,0,0,47.60485,0,0,1000,-50,30.06826
08.08.2026,02:31:40,145857,0.026592,-0.325182,-0.71,-1.54,-23.3125,3.4375,12.75,0.121634,0,0,47.61701,0,0,1000,-50,26.91144
08.08.2026,02:31:40,145963,0.040911,-0.117183,-1.4,-2.84,-23.1875,2.4375,13.0625,0.062208,0,0,47.62323,0,0,1000,-50,26.74443
08.08.2026,02:31:40,146069,0.039889,0.741617,-1.09,-1.79,-22.5625,2.0625,13.3125,0.037312,0,0,47.62696,0,0,1000,-50,24.97168
08.08.2026,02:31:40,146175,0.039889,0.649371,-0.26,0.03,-21.625,2.0625,12.8125,0.069864,0,0,47.63395,0,0,1000,-50,20.34895
08.08.2026,02:31:40,146281,0.031706,0.195554,0.1,3.48,-20.75,0.5,11.8125,0.118691,0,0,47.64582,0,0,1000,-50,18.38699
08.08.2026,02:31:40,146387,0.042957,-0.729852,-1.36,-0.4,-20.5,0.625,11.625,0.168104,0,0,47.66263,0,0,1000,-50,17.59554
08.08.2026,02:31:40,146493,0.037843,0.107524,-1.04,-0.7,-21.25,-0.25,10.25,0.081614,0,0,47.67079,0,0,1000,-50,20.08072
08.08.2026,02:31:40,146599,0.031706,-0.343702,-1.09,-2.91,-21.625,-0.1875,9.25,0.038126,0,0,47.6746,0,0,1000,-50,20.86254
08.08.2026,02:31:40,146705,0.037843,0.626009,-1.01,-1.76,-22.25,1.25,9.6875,0.025606,0,0,47.67805,0,0,1000,-50,23.81429
08.08.2026,02:31:40,146811,0.032729,0.732054,-0.25,2.07,-23.625,2,11.375,0.097397,0,0,47.68779,0,0,1000,-50,25.05004
08.08.2026,02:31:40,146917,0.039889,-0.311902,-0.01,1.51,-24.8125,3.375,12.5625,0.123011,0,0,47.7001,0,0,1000,-50,29.70006
08.08.2026,02:31:40,147023,0.03682,0.405333,-0.27,-0.27,-24.75,4.5,13.75,0.085996,0,0,47.70869,0,0,1000,-50,30.61028
08.08.2026,02:31:40,147129,0.042957,0.191832,-0.96,-1.48,-23.875,1.6875,15,0.108849,0,0,47.71958,0,0,1000,-50,27.35007
08.08.2026,02:31:40,147235,0.039889,0.249252,-1.57,-2.62,-22.875,0.0625,16.75,0.080227,0,0,47.7276,0,0,1000,-50,24.57506
08.08.2026,02:31:40,147341,0.037843,1.066929,-0.48,0.03,-22.3125,0.0625,16.8125,0.072255,0,0,47.73483,0,0,1000,-50,23.04664
08.08.2026,02:31:40,147447,0.034775,0.192816,0.34,3.48,-21.9375,-1.125,16.5,0.127913,0,0,47.74762,0,0,1000,-50,21.67164
08.08.2026,02:31:40,147553,0.035797,-0.180933,-1.29,1.36,-22.375,-0.4375,16.9375,0.116562,0,0,47.75927,0,0,1000,-50,23.91314
08.08.2026,02:31:40,147659,0.040911,-0.563206,-1.65,-0.66,-23.3125,-1.375,16.5625,0.070706,0,0,47.76635,0,0,1000,-50,27.99783
08.08.2026,02:31:40,147765,0.031706,0.016563,-1.11,-2.16,-24.25,-2.8125,14.25,0.007175,0,0,47.76706,0,0,1000,-50,28.86254
08.08.2026,02:31:40,147871,0.037843,0.506415,-1.38,-2.06,-24.1875,-2.25,12.875,0.004615,0,0,47.76752,0,0,1000,-50,28.76255
08.08.2026,02:31:40,147977,0.031706,1.005686,-1.33,0.88,-23.875,-1.5625,12.875,0.022662,0,0,47.76979,0,0,1000,-50,28.41144
08.08.2026,02:31:40,148083,0.042957,0.853474,-0.62,3.25,-24.25,-0.3125,13.75,0.068784,0,0,47.77667,0,0,1000,-50,29.02851
08.08.2026,02:31:40,148189,0.035797,0.699524,-0.13,1.45,-24.75,1.4375,14.375,0.122842,0,0,47.78895,0,0,1000,-50,29.83865
08.08.2026,02:31:40,148295,0.03682,-0.085612,-0.78,-0.96,-24.375,-1.1875,14.875,0.159725,0,0,47.80492,0,0,1000,-50,29.66937
08.08.2026,02:31:40,148401,0.037843,-0.299507,-1.52,-2.66,-23.75,-3.625,14.9375,0.080553,0,0,47.82509,0,0,1000,-50,28.84101
08.08.2026,02:31:40,148507,0.03682,1.097903,-1.13,-1.6,-22.5625,-3.25,14.6875,0.074179,0,0,47.83251,0,0,1000,-50,25.14209
08.08.2026,02:31:40,148613,0.039889,0.185517,-0.52,1.05,-21.0625,-4,14.125,0.132175,0,0,47.84573,0,0,1000,-50,17.27502
08.08.2026,02:31:40,148719,0.04398,-0.871673,-0.4,2.94,-20.375,-4.1875,13.5625,0.091438,0,0,47.85487,0,0,1000,-50,17.53021
08.08.2026,02:31:40,148825,0.033752,0.148622,-1.41,-0.56,-20.75,-0.9375,14,-0.009185,0,0,47.85395,0,0,1000,-50,17.15059
08.08.2026,02:31:40,148931,0.033752,0.468859,-0.92,-0.97,-21.5625,-2,13.9375,-0.007379,0,0,47.85322,0,0,1000,-50,21.38359
08.08.2026,02:31:40,149037,0.039889,0.078543,-1.21,-2.89,-22,-2.9375,14,0.009838,0,0,47.8542,0,0,1000,-50,22.69326
08.08.2026,02:31:40,149143,0.042957,0.418113,-1.38,-1.63,-22.75,-1.875,14.75,0.013381,0,0,47.85554,0,0,1000,-50,25.995
08.08.2026,02:31:40,149249,0.035797,0.866526,-0.6,2.75,-23,-1.5625,16.875,0.049341,0,0,47.86047,0,0,1000,-50,24.55571
08.08.2026,02:31:40,149355,0.033752,-0.626918,0.03,2.32,-22.9375,-1.6875,18.1875,0.107095,0,0,47.87118,0,0,1000,-50,25.07052
08.08.2026,02:31:40,149461,0.046025,-0.428546,-0.81,-0.62,-22.5625,-1.3125,18.9375,0.05062,0,0,47.87624,0,0,1000,-50,24.99896
08.08.2026,02:31:40,149567,0.041934,-0.278272,-1.43,-1.36,-22.1875,-3,20.125,-0.008503,0,0,47.87539,0,0,1000,-50,22.97111
08.08.2026,02:31:40,149673,0.046025,0.193204,-1.77,-2.5,-22.0625,-3.0625,21.625,-0.045899,0,0,47.8708,0,0,1000,-50,22.65747
08.08.2026,02:31:40,149779,0.037843,0.674955,-0.44,-0.13,-21.4375,-0.8125,22.5,-0.054449,0,0,47.86536,0,0,1000,-50,19.89719
08.08.2026,02:31:40,149885,0.042957,0.625268,-0.22,2.29,-20.1875,0.4375,22.375,-0.00974,0,0,47.86439,0,0,1000,-50,16.76369
08.08.2026,02:31:40,149991,0.037843,-0.526128,-1.16,1.13,-19.0625,1,21.875,0.043413,0,0,47.86873,0,0,1000,-50,12.51086
08.08.2026,02:31:40,150097,0.034775,0.58325,-1.73,-0.58,-19.5,1.8125,21.375,0.019349,0,0,47.87066,0,0,1000,-50,15.32449
08.08.2026,02:31:40,150203,0.03682,-0.386582,-1.46,-2.23,-20.9375,-0.9375,20.4375,-0.000996,0,0,47.87004,0,0,1000,-50,20.8143
08.08.2026,02:31:40,150309,0.035797,0.544108,-1.37,-2.06,-23.5,0.3125,20.1875,-0.020487,0,0,47.86799,0,0,1000,-50,27.21941
08.08.2026,02:31:40,150415,0.041934,0.793536,-0.44,1.43,-24.3125,0.25,20.5625,0.017804,0,0,47.86977,0,0,1000,-50,28.54097