Log_Date,Log_Time,Time,Depth,Ax,Ay,Az,pitch,roll,yaw,velocityx,velocityy,velocityz,distancex,distancey,distancez,rpm,rudderangle,sternangle
08.08.2026,02:49:19,6360,0,0,0,0,0,0,0,0,0,0,0,0,0,1000,-50,-40
08.08.2026,02:49:19,6466,0,0,0,0,0,0,0,0,0,0,0,0,0,1000,-50,-40
08.08.2026,02:49:19,6572,0,0,0,0,0,0,0,0,0,0,0,0,0,1000,-50,-40
08.08.2026,02:49:19,6678,0,0,0,0,0,0,0,0,0,0,0,0,0,1000,-50,-40
08.08.2026,02:49:19,6784,0,0,0,0,0,0,0,0,0,0,0,0,0,1000,-50,-40
08.08.2026,02:49:19,6890,0,0,0,0,0,0,0,0,0,0,0,0,0,1000,-50,-40
08.08.2026,02:49:19,6996,0,0,0,0,0,0,0,0,0,0,0,0,0,1000,-50,-40
08.08.2026,02:49:19,7102,0,0,0,0,0,0,0,0,0,0,0,0,0,1000,-50,-40
08.08.2026,02:49:19,7208,0.003068,0,0,0,0,0,0,0,0,0,0,0,0,1000,-50,-40
08.08.2026,02:49:19,7314,0.005114,0,0,0,0,0,0,0,0,0,0,0,0,1000,-50,-40
08.08.2026,02:49:19,7420,0,0,0,0,-7,0,90,0,0,0,0,0,0,1000,-50,-24.30684
08.08.2026,02:49:19,7526,0.003068,-0.029411,-0.13,-0.32,-19.4375,-4.875,90.125,-0.018611,0,0,-0.001861,0,0,1000,-50,40
08.08.2026,02:49:19,7632,0.004091,-0.088855,-0.18,-0.29,-19.375,-5.3125,90.1875,-0.017557,0,0,-0.003617,0,0,1000,-50,12.97158
08.08.2026,02:49:19,7738,0.001023,0.031785,-0.2,-0.31,-19.3125,-5.1875,90.1875,-0.020209,0,0,-0.005638,0,0,1000,-50,12.87613
08.08.2026,02:49:19,7844,0.004091,0.052309,-0.07,-0.4,-19.375,-4.9375,90.25,-0.016541,0,0,-0.007292,0,0,1000,-50,13.06363
08.08.2026,02:49:19,7950,0.003068,0.012636,-0.05,-0.38,-19.5,-5.0625,90.25,-0.010335,0,0,-0.008325,0,0,1000,-50,13.80684
08.08.2026,02:49:19,8056,0.001023,0.012863,-0.11,-0.34,-19.5625,-5.1875,90.25,-0.007194,0,0,-0.009045,0,0,1000,-50,13.77955
08.08.2026,02:49:19,8162,0,0.023022,-0.13,-0.33,-19.5,-5.1875,90.25,-0.005013,0,0,-0.009546,0,0,1000,-50,13.96365
08.08.2026,02:49:19,8268,0.005114,0.033078,-0.2,-0.38,-19.5,-5.125,90.25,-0.001761,0,0,-0.009722,0,0,1000,-50,13.5
08.08.2026,02:49:19,8374,0,0.003037,-0.17,-0.34,-19.4375,-5.1875,90.25,0.001272,0,0,-0.009595,0,0,1010,-50,12.9443
08.08.2026,02:49:19,8480,0.008182,0.002969,-0.14,-0.36,-19.4375,-5.25,90.3125,0.002169,0,0,-0.009378,0,0,1040,-50,13.40455
08.08.2026,02:49:19,8586,0,0.002898,-0.11,-0.28,-19.4375,-5.25,90.375,0.002243,0,0,-0.009154,0,0,1065,-50,12.88293
08.08.2026,02:49:19,8692,0.008182,0.122869,-0.12,-0.33,-19.4375,-5.25,90.5,0.003292,0,0,-0.008824,0,0,1090,-50,14.50916
08.08.2026,02:49:19,8798,0.009205,-0.127229,-0.14,-0.27,-19.3125,-5.4375,90.625,0.006719,0,0,-0.008153,0,0,1120,-50,13.2415
08.08.2026,02:49:19,8904,0.010228,-0.177218,-0.23,-0.19,-19.3125,-5.375,90.6875,0.005464,0,0,-0.006904,0,0,1145,-50,14.04211
08.08.2026,02:49:19,9010,0.014319,-0.096872,-0.21,-0.42,-19.3125,-5.1875,270,-0.00106,0,0,-0.00701,0,0,1170,-50,13.61253
08.08.2026,02:49:19,9116,0.011251,0.073057,-0.11,-0.29,-19.1875,-5.125,270,0.003936,0,0,-0.006616,0,0,1195,0,13.08752
08.08.2026,02:49:19,9222,0.011251,-0.056784,-0.15,-0.75,-18.875,-4.625,269.9375,0.002782,0,0,-0.006338,0,0,1225,-0.25,12.5557
08.08.2026,02:49:19,9328,0.035797,0.153394,-0.13,-1.24,-17.6875,-4,269.9375,0.002542,0,0,-0.006084,0,0,1250,-0.09375,9.202984
08.08.2026,02:49:19,9434,0.049094,-0.087064,-0.14,-0.58,-15.5625,-4.8125,269.9375,0.024405,0,0,-0.003644,0,0,1275,-0.25,1.904644
08.08.2026,02:49:19,9540,0.072618,0.252929,-0.26,-0.37,-13.75,-5.5,269.875,0.034067,0,0,-0.000237,0,0,1305,-0.65625,-1.544182
08.08.2026,02:49:19,9646,0.088982,0.282742,-0.51,-0.66,-13.3125,-5.5,269.8125,0.052089,0,0,0.004972,0,0,1330,-0.75,-1.557213
08.08.2026,02:49:19,9752,0.109438,0.003217,-0.54,-0.28,-13.0625,-4.875,269.75,0.052034,0,0,0.010175,0,0,1350,-1,-1.578171
08.08.2026,02:49:19,9858,0.138076,0.113705,-0.38,-0.53,-13.25,-4.5,269.625,0.052217,0,0,0.015397,0,0,1350,-1.65625,-0.457703
08.08.2026,02:49:19,9964,0.151372,-0.156111,0.5,-0.25,-14.375,-4.6875,269.375,0.062092,0,0,0.021606,0,0,1350,-2.25,2.22073
08.08.2026,02:49:19,10070,0.173873,-0.145926,0.36,-0.06,-16.3125,-5.3125,269.25,0.07192,0,0,0.028798,0,0,1350,-3,6.862823
08.08.2026,02:49:19,10176,0.192283,0.494395,-0.12,-0.51,-18.0625,-5.125,269.125,0.077412,0,0,0.03654,0,0,1350,-3.25,13.45261
08.08.2026,02:49:19,10282,0.202511,-0.045746,-0.97,0.28,-19.5625,-6.625,268.875,0.097624,0,0,0.046302,0,0,1350,-4.65625,18.69581
08.08.2026,02:49:19,10388,0.22399,-0.104574,-0.87,-0.1,-20.875,-9,268.8125,0.110718,0,0,0.057374,0,0,1350,-4.75,24.27313
08.08.2026,02:49:19,10494,0.232172,-0.262175,-0.6,-0.05,-21.625,-11.3125,268.9375,0.118203,0,0,0.069194,0,0,1350,-4.5,26.0322
08.08.2026,02:49:19,10600,0.240354,-0.090782,-0.53,-0.12,-22.3125,-11.4375,269.25,0.13244,0,0,0.095188,0,0,1350,-3.25,28.52766
08.08.2026,02:49:19,10707,0.26081,0.081143,-0.36,0.03,-22.5625,-10.3125,269.625,0.139343,0,0,0.109123,0,0,1350,-1.1875,30.72319
08.08.2026,02:49:19,10813,0.273083,0.032494,-0.28,-0.04,-22.6875,-8.75,270,0.148268,0,0,0.12395,0,0,1350,0.3125,31.34989
08.08.2026,02:49:19,10919,0.285357,0.273418,-0.31,-0.24,-22.5,-7.1875,270.375,0.16274,0,0,0.140224,0,0,1350,1.8125,30.4442
08.08.2026,02:49:19,11025,0.307858,0.393113,-0.08,-0.27,-22,-6.6875,271,0.181657,0,0,0.158389,0,0,1350,3.5,30.3903
08.08.2026,02:49:19,11131,0.303767,0.042354,-0.19,-0.33,-21.4375,-7.5625,271.5625,0.203426,0,0,0.178732,0,0,1350,5.5,28.55844
08.08.2026,02:49:19,11237,0.330359,0.242286,-0.12,-0.11,-20.9375,-8.9375,272.0625,0.219172,0,0,0.200649,0,0,1350,8.5625,27.90172
08.08.2026,02:49:19,11343,0.347747,0.282396,-0.04,-0.21,-20.3125,-10.0625,272.625,0.233219,0,0,0.223971,0,0,1350,10.8125,25.83978
08.08.2026,02:49:19,11449,0.351838,0.462138,-0.02,-0.12,-19.5625,-10.4375,273.25,0.250517,0,0,0.249023,0,0,1350,13,24.67221
08.08.2026,02:49:19,11555,0.379453,0.020736,-0.09,-0.14,-18.5625,-9.875,274.125,0.278231,0,0,0.276846,0,0,1350,15.25,22.91654
08.08.2026,02:49:19,11661,0.372294,0.361017,-0.05,-0.1,-17.8125,-9.1875,274.75,0.290206,0,0,0.305866,0,0,1350,18,19.92673
08.08.2026,02:49:19,11767,0.386613,0.14972,-0.14,-0.25,-17,-8.625,275.4375,0.316667,0,0,0.337533,0,0,1350,22.375,17.34158
08.08.2026,02:49:19,11873,0.392749,0.207487,-0.06,0.03,-16.25,-8.4375,276.0625,0.351466,0,0,0.37268,0,0,1350,24.71875,14.38586
08.08.2026,02:49:19,11979,0.408091,-0.114142,0.05,-0.14,-15.4375,-8.75,276.75,0.380279,0,0,0.410708,0,0,1350,26.96875,14.56949
08.08.2026,02:49:19,12085,0.410137,0.364754,-0.01,0.03,-14.875,-9.25,277.25,0.403877,0,0,0.451095,0,0,1350,29.3125,12.20072
08.08.2026,02:49:19,12191,0.411159,0.082085,-0.06,-0.13,-14.4375,-9.5625,277.6875,0.441334,0,0,0.495229,0,0,1350,31.0625,9.935898
08.08.2026,02:49:19,12297,0.405023,0.132666,-0.02,-0.08,-14.0625,-9.75,278.125,0.448806,0,0,0.540109,0,0,1350,32.96875,9.762085
08.08.2026,02:49:19,12403,0.409114,0.022485,-0.07,-0.24,-13.875,-9.6875,278.5,0.491432,0,0,0.635556,0,0,1350,34,8.895584
08.08.2026,02:49:19,12509,0.407068,0.149246,0.09,-0.25,-13.6875,-9.375,279.0625,0.516189,0,0,0.687175,0,0,1350,35.75,9.351868
08.08.2026,02:49:19,12615,0.399909,0.009587,0,-0.19,-13.6875,-9.125,279.4375,0.524765,0,0,0.739651,0,0,1350,37.5,8.059765
08.08.2026,02:49:19,12721,0.391726,0.429282,0.07,-0.19,-13.75,-9,279.8125,0.53887,0,0,0.793538,0,0,1350,39.5625,8.090443
08.08.2026,02:49:19,12827,0.387635,-0.092238,0.02,-0.36,-13.8125,-9.0625,280.0625,0.563316,0,0,0.84987,0,0,1350,40.40625,8.158611
08.08.2026,02:49:19,12933,0.402977,-0.00276,0.1,-0.3,-13.9375,-9.125,280.25,0.578614,0,0,0.907731,0,0,1350,41.15625,8.78191
08.08.2026,02:49:19,13039,0.383544,0.277377,0.15,-0.4,-14.125,-9.1875,280.4375,0.587925,0,0,0.966524,0,0,1350,41.5,7.435802
08.08.2026,02:49:19,13145,0.377407,0.096563,0.13,-0.47,-14.25,-9.25,280.5,0.605271,0,0,1.027051,0,0,1350,42,9.344978
08.08.2026,02:49:19,13251,0.37843,0.41712,0.12,-0.21,-14.375,-9.25,280.5625,0.610467,0,0,1.088098,0,0,1350,42.25,8.621601
08.08.2026,02:49:19,13357,0.369225,-0.012863,-0.03,-0.28,-14.5625,-9.1875,280.5625,0.620213,0,0,1.150119,0,0,1350,42.25,9.552299
08.08.2026,02:49:19,13463,0.362066,0.09726,0.03,-0.11,-14.875,-9.125,280.5625,0.62886,0,0,1.213005,0,0,1350,42.25,10.3023
08.08.2026,02:49:19,13569,0.372294,0.116811,0.1,-0.44,-15.125,-9.125,280.5,0.642242,0,0,1.277229,0,0,1350,42,12.27681
08.08.2026,02:49:19,13675,0.363089,0.206363,0.08,0,-15.4375,-9.0625,280.5,0.655352,0,0,1.342764,0,0,1350,42,12.59724
08.08.2026,02:49:19,13781,0.354906,0.295129,0.1,-0.06,-15.75,-9.0625,280.5,0.674932,0,0,1.410258,0,0,1350,42,12.875
08.08.2026,02:49:19,13887,0.36718,0.063915,0.09,-0.27,-16.0625,-9,280.5,0.693938,0,0,1.479651,0,0,1350,42,13.52785
08.08.2026,02:49:19,13993,0.351838,0.174741,0.04,-0.21,-16.625,-8.9375,280.4375,0.695007,0,0,1.549152,0,0,1350,41.75,13.85508
08.08.2026,02:49:19,14099,0.347747,0.09345,0.09,-0.6,-17.0625,-8.9375,280.375,0.714264,0,0,1.620578,0,0,1350,41.5,16.36764
08.08.2026,02:49:19,14205,0.345701,0.122479,-0.03,-0.25,-17.625,-9,280.25,0.745746,0,0,1.768189,0,0,1350,40.84375,17.46875
08.08.2026,02:49:19,14311,0.338542,-0.068451,0.05,-0.48,-18.125,-9,280.0625,0.743789,0,0,1.842567,0,0,1350,40.09375,19.96931
08.08.2026,02:49:19,14417,0.346724,-0.137419,-0.06,-0.33,-18.6875,-8.875,279.875,0.741877,0,0,1.916755,0,0,1350,39.34375,23.00406
08.08.2026,02:49:19,14523,0.343656,-0.046489,-0.01,-0.6,-19.375,-8.8125,279.5625,0.74981,0,0,1.991736,0,0,1350,38.09375,24.20006
08.08.2026,02:49:19,14629,0.357975,-0.166006,-0.01,-0.59,-19.8125,-8.8125,279.3125,0.752486,0,0,2.066985,0,0,1350,36.9375,25.11084
08.08.2026,02:49:19,14735,0.352861,0.315006,0.07,-0.27,-20.1875,-8.875,279.1875,0.750448,0,0,2.14203,0,0,1350,36.59375,25.41758
08.08.2026,02:49:19,14841,0.355929,0.233246,0.05,-0.36,-20.5,-8.8125,279,0.772772,0,0,2.219307,0,0,1350,36,25.5238
08.08.2026,02:49:19,14947,0.358997,0.061566,0.08,-0.39,-20.625,-8.6875,278.8125,0.793902,0,0,2.298697,0,0,1350,35.25,27.55287
08.08.2026,02:49:19,15053,0.363089,0.141641,0.11,-0.59,-20.75,-8.6875,278.625,0.799048,0,0,2.378602,0,0,1350,34.75,28.54154
08.08.2026,02:49:19,15159,0.389681,0.23161,-0.02,-0.36,-20.8125,-8.9375,278.4375,0.804994,0,0,2.459101,0,0,1350,34,27.6858
08.08.2026,02:49:19,15265,0.371271,0.250433,-0.03,-0.29,-20.8125,-9,278.25,0.820978,0,0,2.541199,0,0,1350,32.84375,30.96894
08.08.2026,02:49:19,15371,0.412182,-0.010751,0.09,-0.35,-20.75,-8.9375,278.0625,0.836629,0,0,2.624862,0,0,1350,32.09375,30.90417
08.08.2026,02:49:19,15477,0.404,0.049657,-0.06,-0.14,-20.75,-8.6875,277.6875,0.837693,0,0,2.708631,0,0,1350,31.09375,27.71309
08.08.2026,02:49:19,15583,0.388658,-0.090502,0.08,-0.51,-20.6875,-8.4375,277.4375,0.84379,0,0,2.79301,0,0,1350,29.84375,27.98923
08.08.2026,02:49:19,15689,0.420364,-0.181343,0.08,-0.38,-20.625,-8.25,277.0625,0.85584,0,0,2.878594,0,0,1350,27.9375,28.86943
08.08.2026,02:49:19,15795,0.424456,-0.110816,-0.01,-0.26,-20.625,-8.125,276.6875,0.855293,0,0,2.964123,0,0,1350,26.4375,32.06335
08.08.2026,02:49:19,15901,0.435706,0.000627,-0.05,-0.23,-20.5625,-8.125,276.3125,0.850223,0,0,3.133795,0,0,1350,24.9375,28.13246
08.08.2026,02:49:19,16007,0.434683,-0.138186,0,-0.51,-20.5625,-8.25,275.875,0.844544,0,0,3.21825,0,0,1350,24,29.1757
08.08.2026,02:49:19,16113,0.445934,-0.187834,0.02,-0.46,-20.6875,-8.3125,275.4375,0.845844,0,0,3.302834,0,0,1350,22.25,30.28371
08.08.2026,02:49:19,16219,0.478663,0.213434,0.03,-0.26,-20.8125,-8.4375,275,0.838791,0,0,3.386714,0,0,1350,20.75,33.57364
08.08.2026,02:49:19,16325,0.487868,0.002465,0.02,-0.43,-21,-8.5,274.6875,0.852251,0,0,3.471939,0,0,1350,18.4375,30.57685
08.08.2026,02:49:19,16431,0.492982,-0.036842,-0.03,-0.47,-21.0625,-8.4375,274.3125,0.850224,0,0,3.556961,0,0,1350,16.9375,31.71894
08.08.2026,02:49:19,16537,0.498096,0.262297,0.04,-0.24,-21.0625,-8.25,273.875,0.862423,0,0,3.643203,0,0,1350,16,32.51671
08.08.2026,02:49:19,16643,0.525711,0.211588,0,-0.32,-20.875,-8.0625,273.625,0.872902,0,0,3.730494,0,0,1350,14.34375,34.32024
08.08.2026,02:49:19,16749,0.518552,-0.009216,-0.03,-0.22,-20.6875,-8.0625,273.375,0.883976,0,0,3.818891,0,0,1350,13.34375,31.45647
08.08.2026,02:49:19,16855,0.541053,0.310517,0.04,-0.15,-20.375,-8.25,273.0625,0.889834,0,0,3.907874,0,0,1350,11.9375,32.74981
08.08.2026,02:49:19,16961,0.570714,0.238759,0.11,-0.27,-19.9375,-8.4375,272.8125,0.909191,0,0,3.998794,0,0,1350,11.09375,32.48735
08.08.2026,02:49:19,17067,0.58401,-0.232227,-0.02,-0.31,-19.5625,-8.375,272.5,0.920929,0,0,4.090887,0,0,1350,9.6875,32.47035
08.08.2026,02:49:19,17173,0.556395,-0.121262,-0.02,-0.25,-19.25,-8.1875,272.25,0.914424,0,0,4.182329,0,0,1350,8.6875,30.29532
08.08.2026,02:49:19,17279,0.586056,0.24969,0.04,-0.3,-18.8125,-7.9375,271.9375,0.908219,0,0,4.273151,0,0,1350,7.4375,30.24084
08.08.2026,02:49:19,17385,0.606511,0.439019,0.05,-0.25,-18.4375,-7.75,271.625,0.917112,0,0,4.364862,0,0,1350,6.5,28.59422
08.08.2026,02:49:19,17491,0.60242,-0.031146,-0.05,-0.27,-18,-7.75,271.1875,0.921091,0,0,4.456971,0,0,1350,5.25,27.60102
08.08.2026,02:49:19,17597,0.605488,-0.009134,0.04,-0.2,-17.6875,-7.9375,271,0.904915,0,0,4.547462,0,0,1350,4.25,26.8783
08.08.2026,02:49:19,17703,0.615716,0.120229,0.01,-0.26,-17.375,-8.375,270.875,0.916941,0,0,4.730516,0,0,1350,3.75,25.66465
08.08.2026,02:49:19,17809,0.637195,-0.069854,0.02,-0.18,-17,-8.75,270.9375,0.921082,0,0,4.822625,0,0,1350,3.90625,26.15342
08.08.2026,02:49:19,17915,0.629012,0.389965,-0.02,-0.23,-16.6875,-8.75,271,0.911486,0,0,4.913773,0,0,1350,4.15625,20.40144
08.08.2026,02:49:19,18021,0.653559,0.288428,-0.01,-0.03,-16.25,-8.5625,271.125,0.940243,0,0,5.007797,0,0,1350,4.65625,24.70459
08.08.2026,02:49:19,18127,0.667878,0.09669,0.02,-0.1,-15.875,-8.3125,271.3125,0.958076,0,0,5.103605,0,0,1350,5.40625,21.79655
08.08.2026,02:49:19,18233,0.643331,-0.014811,-0.01,-0.24,-15.625,-8.1875,271.5,0.973183,0,0,5.200923,0,0,1350,6.15625,19.54588
08.08.2026,02:49:19,18339,0.648445,0.303758,-0.06,-0.07,-15.375,-8.1875,271.6875,0.987177,0,0,5.299641,0,0,1350,6.90625,20.821
08.08.2026,02:49:19,18445,0.667878,0.391981,0.1,-0.18,-15.125,-8.5,271.875,1.003944,0,0,5.400035,0,0,1350,7.25,20.31987
08.08.2026,02:49:19,18551,0.649468,-0.020279,-0.03,-0.22,-15.0625,-8.625,272,1.024652,0,0,5.5025,0,0,1350,7.75,18.56694
08.08.2026,02:49:19,18657,0.6464,0.169174,-0.03,-0.17,-15.0625,-8.625,272.125,1.02886,0,0,5.605386,0,0,1350,8.25,20.1318
08.08.2026,02:49:19,18763,0.669924,-0.021347,0,-0.36,-15.0625,-8.4375,272.1875,1.032695,0,0,5.708656,0,0,1350,8.75,20.03975
08.08.2026,02:49:19,18869,0.663787,0.298289,0,-0.14,-15.0625,-8.3125,272.3125,1.03495,0,0,5.812151,0,0,1350,9.40625,19.88633
08.08.2026,02:49:19,18975,0.655605,-0.131506,-0.05,-0.35,-14.9375,-8.1875,272.4375,1.031868,0,0,5.915338,0,0,1350,9.5,22.1842
08.08.2026,02:49:19,19081,0.66481,0.098546,0.04,-0.23,-14.6875,-8.25,272.5625,1.030306,0,0,6.018368,0,0,1350,10.40625,19.07156
08.08.2026,02:49:19,19187,0.663787,0.026786,-0.04,-0.27,-14.4375,-8.4375,272.6875,1.045548,0,0,6.122923,0,0,1350,10.90625,18.6318
08.08.2026,02:49:19,19293,0.666856,-0.093532,0,-0.26,-14.125,-8.5625,272.875,1.046961,0,0,6.227619,0,0,1350,11.8125,18.14209
08.08.2026,02:49:19,19399,0.650491,0.205709,-0.05,-0.07,-13.8125,-8.625,272.9375,1.052402,0,0,6.33286,0,0,1350,11.90625,17.20742
08.08.2026,02:49:19,19505,0.666856,0.374164,0.01,-0.13,-13.375,-8.6875,273.0625,1.06319,0,0,6.544344,0,0,1350,12.25,14.76643
08.08.2026,02:49:19,19611,0.658673,0.02226,0.1,-0.21,-13.125,-8.625,273.1875,1.07868,0,0,6.652212,0,0,1350,12.75,14.50679
08.08.2026,02:49:19,19717,0.653559,0.471589,0.12,-0.25,-12.9375,-8.5,273.3125,1.082235,0,0,6.760436,0,0,1350,13,14.55797
08.08.2026,02:49:19,19823,0.634126,0.181589,-0.01,-0.23,-12.75,-8.375,273.375,1.100965,0,0,6.870532,0,0,1350,13.65625,10.95157
08.08.2026,02:49:19,19929,0.636172,0.079265,0.18,-0.36,-12.625,-8.3125,273.4375,1.1092,0,0,6.981452,0,0,1350,13.75,13.15682
08.08.2026,02:49:19,20035,0.633104,-0.083899,-0.11,-0.2,-12.5,-8.3125,273.5625,1.123098,0,0,7.093762,0,0,1350,14.25,11.4965
08.08.2026,02:49:19,20141,0.638218,-0.02347,-0.11,-0.11,-12.4375,-8.4375,273.6875,1.114936,0,0,7.205256,0,0,1350,14.5,11.12151
08.08.2026,02:49:19,20247,0.606511,-0.043972,-0.03,-0.27,-12.375,-8.5625,273.8125,1.115669,0,0,7.316823,0,0,1350,15.40625,10.99537
08.08.2026,02:49:19,20353,0.625944,0.176182,-0.02,0,-12.4375,-8.6875,273.8125,1.110308,0,0,7.427853,0,0,1350,15.25,11.70449
08.08.2026,02:49:19,20459,0.622876,-0.004025,0.08,-0.38,-12.4375,-8.625,273.9375,1.108478,0,0,7.538701,0,0,1350,15.90625,10.07827
08.08.2026,02:49:19,20565,0.592192,-0.142811,-0.11,-0.39,-12.625,-8.375,274.0625,1.093567,0,0,7.648058,0,0,1350,16.25,10.05721
08.08.2026,02:49:19,20671,0.590147,0.235762,-0.08,-0.11,-12.8125,-8.1875,274.25,1.103605,0,0,7.758419,0,0,1350,17.15625,11.48225
08.08.2026,02:49:19,20777,0.589124,0.093378,-0.07,-0.18,-13,-8.125,274.375,1.122145,0,0,7.870633,0,0,1350,17.65625,12.19817
08.08.2026,02:49:19,20883,0.581964,0.152072,-0.09,-0.1,-13.25,-8.1875,274.5,1.130057,0,0,7.983639,0,0,1350,18,13.56467
08.08.2026,02:49:19,20989,0.570714,-0.0294,-0.07,-0.44,-13.5625,-8.375,274.75,1.139225,0,0,8.097561,0,0,1350,18.75,11.91853
08.08.2026,02:49:19,21095,0.55844,0.029467,0,-0.43,-13.8125,-8.625,274.9375,1.144923,0,0,8.212053,0,0,1350,19.5,14.72149
08.08.2026,02:49:19,21201,0.549235,0.377619,-0.03,-0.19,-14.0625,-8.8125,275.125,1.153919,0,0,8.443149,0,0,1350,20.65625,14.12141
08.08.2026,02:49:19,21307,0.563554,0.027369,-0.12,-0.24,-14.3125,-8.875,275.375,1.15564,0,0,8.558713,0,0,1350,21.65625,13.67136
08.08.2026,02:49:19,21413,0.548213,0.006608,-0.06,-0.15,-14.5625,-8.875,275.625,1.157236,0,0,8.674437,0,0,1350,22.8125,15.44638
08.08.2026,02:49:19,21519,0.561509,-0.024306,0.1,-0.36,-14.8125,-8.8125,275.9375,1.153288,0,0,8.789765,0,0,1350,23.8125,17.96979
08.08.2026,02:49:19,21625,0.539007,0.235859,-0.08,-0.07,-15,-8.75,276.125,1.146476,0,0,8.904413,0,0,1350,24.65625,16.0776
08.08.2026,02:49:19,21731,0.527757,0.334863,-0.04,-0.16,-15.1875,-8.625,276.3125,1.150648,0,0,9.019478,0,0,1350,25.40625,16.33667
08.08.2026,02:49:19,21837,0.526734,-0.217152,-0.1,-0.24,-15.375,-8.5625,276.375,1.164086,0,0,9.135886,0,0,1350,25.5,17.0219
08.08.2026,02:49:19,21943,0.541053,0.00238,0.11,-0.24,-15.5,-8.5625,276.4375,1.162729,0,0,9.252159,0,0,1350,25.75,18.34809
08.08.2026,02:49:19,22049,0.52878,0.171676,0.03,-0.55,-15.6875,-8.5625,276.4375,1.163608,0,0,9.36852,0,0,1350,25.75,16.63379
08.08.2026,02:49:19,22155,0.524688,0.399994,0.04,-0.27,-15.875,-8.5,276.4375,1.173497,0,0,9.485869,0,0,1350,26,16.09167
08.08.2026,02:49:19,22261,0.522643,-0.042202,-0.06,-0.54,-16.0625,-8.5625,276.4375,1.187768,0,0,9.604647,0,0,1350,25.75,19.36055
08.08.2026,02:49:19,22367,0.523666,0.067426,0.02,-0.42,-16.25,-8.6875,276.4375,1.184643,0,0,9.723111,0,0,1350,25.75,18.04853
08.08.2026,02:49:19,22473,0.512415,0.24636,0.09,-0.28,-16.5,-8.75,276.5625,1.188047,0,0,9.841916,0,0,1350,26.25,19.00991
08.08.2026,02:49:19,22579,0.511392,0.016255,-0.04,-0.46,-16.75,-8.75,276.6875,1.182444,0,0,9.96016,0,0,1350,26.75,21.14067
08.08.2026,02:49:19,22685,0.516506,-0.054475,-0.12,-0.49,-16.9375,-8.6875,276.8125,1.182822,0,0,10.07844,0,0,1350,27.25,23.36008
08.08.2026,02:49:19,22791,0.515483,-0.044441,-0.08,-0.46,-17.125,-8.625,276.9375,1.176126,0,0,10.19606,0,0,1350,27.75,20.00132
08.08.2026,02:49:19,22897,0.512415,0.295681,-0.12,-0.23,-17.3125,-8.6875,277.0625,1.168867,0,0,10.31294,0,0,1350,28.40625,22.19005
08.08.2026,02:49:19,23003,0.531848,0.063958,-0.05,-0.17,-17.5,-8.8125,277.0625,1.1855,0,0,10.54939,0,0,1350,28.25,22.56505
08.08.2026,02:49:19,23109,0.497073,-0.027426,-0.1,-0.1,-17.625,-8.75,277.0625,1.178208,0,0,10.66721,0,0,1350,28.25,21.09904
08.08.2026,02:49:19,23215,0.535939,0.062662,-0.15,-0.07,-17.6875,-8.5625,277.0625,1.171641,0,0,10.78437,0,0,1350,28.25,23.58837
08.08.2026,02:49:19,23321,0.509347,0.2327,-0.12,-0.11,-17.8125,-8.5,277,1.175039,0,0,10.90188,0,0,1350,28,23.3497
08.08.2026,02:49:19,23427,0.534916,0.211688,-0.11,-0.1,-18,-8.4375,277,1.175027,0,0,11.01938,0,0,1350,28,24.8969
08.08.2026,02:49:19,23533,0.512415,-0.078435,-0.1,-0.41,-18.125,-8.5625,276.9375,1.163999,0,0,11.13578,0,0,1350,27.75,26.43505
08.08.2026,02:49:19,23639,0.54003,0.001734,-0.11,-0.36,-18.375,-8.625,276.9375,1.156753,0,0,11.25145,0,0,1350,27.75,24.38944
08.08.2026,02:49:19,23745,0.529802,-0.028246,-0.06,-0.29,-18.5625,-8.6875,276.9375,1.15115,0,0,11.36657,0,0,1350,27.75,28.81807
08.08.2026,02:49:19,23851,0.542076,-0.067916,-0.03,-0.27,-18.8125,-8.8125,276.9375,1.142892,0,0,11.48086,0,0,1350,27.75,27.55202
08.08.2026,02:49:19,23957,0.543099,0.36322,0.02,-0.17,-19,-8.8125,276.9375,1.127475,0,0,11.59361,0,0,1350,27.75,28.81118
08.08.2026,02:49:19,24063,0.55844,0.260973,-0.04,-0.15,-19.0625,-8.8125,277,1.143901,0,0,11.708,0,0,1350,28.15625,27.0997
08.08.2026,02:49:19,24169,0.556395,0.28052,-0.07,-0.16,-19.0625,-8.8125,277.125,1.143139,0,0,11.82231,0,0,1350,28.5,29.83054
08.08.2026,02:49:19,24275,0.549235,0.357799,0.09,-0.13,-19,-8.875,277.25,1.163389,0,0,11.93865,0,0,1350,29,27.89124
08.08.2026,02:49:19,24381,0.572759,0.136722,-0.12,-0.24,-18.875,-8.8125,277.375,1.167688,0,0,12.05542,0,0,1350,29.5,26.99462
08.08.2026,02:49:19,24487,0.58401,0.13664,-0.15,-0.27,-18.6875,-8.9375,277.5625,1.162631,0,0,12.17168,0,0,1350,30,27.23273
08.08.2026,02:49:19,24593,0.577873,-0.334227,-0.14,-0.43,-18.5,-9.125,277.625,1.165015,0,0,12.28818,0,0,1350,30.25,25.72243
08.08.2026,02:49:19,24699,0.581964,-0.154511,-0.07,-0.44,-18.375,-9.25,277.6875,1.161919,0,0,12.40437,0,0,1350,30.75,27.55325
08.08.2026,02:49:19,24805,0.591169,0.155447,-0.14,-0.12,-18.1875,-9.25,277.75,1.145495,0,0,12.63459,0,0,1350,31,27.66919
08.08.2026,02:49:19,24911,0.601397,-0.023926,0,-0.25,-18.0625,-9.125,277.75,1.150242,0,0,12.74962,0,0,1350,31,28.08855
08.08.2026,02:49:19,25017,0.589124,-0.065148,-0.16,-0.36,-17.8125,-8.6875,277.75,1.146613,0,0,12.86428,0,0,1350,31,25.40606
08.08.2026,02:49:19,25123,0.616739,0.005118,-0.07,-0.39,-17.6875,-8.375,277.75,1.139108,0,0,12.97819,0,0,1350,31,27.66928
08.08.2026,02:49:19,25229,0.598329,0.284533,-0.16,-0.3,-17.5625,-8.3125,277.6875,1.139743,0,0,13.09216,0,0,1350,30.75,26.89539
08.08.2026,02:49:19,25335,0.613671,0.382717,0.03,-0.14,-17.375,-8.4375,277.6875,1.151745,0,0,13.20734,0,0,1350,30.75,27.3733
08.08.2026,02:49:19,25441,0.626967,-0.039231,-0.04,-0.19,-17.25,-8.875,277.5,1.164532,0,0,13.32379,0,0,1350,30.25,25.62378
08.08.2026,02:49:19,25547,0.622876,-0.048844,-0.11,-0.09,-17.125,-9.0625,277.375,1.155253,0,0,13.43932,0,0,1350,29.5,25.67551
08.08.2026,02:49:19,25653,0.626967,-0.109011,-0.07,-0.37,-17.0625,-9,277.1875,1.15143,0,0,13.55446,0,0,1350,28.59375,24.41352
08.08.2026,02:49:19,25759,0.606511,0.331531,-0.06,-0.01,-16.9375,-8.75,277.0625,1.141197,0,0,13.66858,0,0,1350,28.09375,23.54475
08.08.2026,02:49:19,25865,0.618785,-0.109234,-0.07,-0.38,-16.875,-8.4375,276.875,1.143426,0,0,13.78292,0,0,1350,27.5,25.66135
08.08.2026,02:49:19,25971,0.617762,-0.077259,-0.05,-0.33,-16.75,-8.25,276.625,1.120232,0,0,13.89495,0,0,1350,26.75,23.29192
08.08.2026,02:49:19,26077,0.638218,0.122605,-0.06,-0.12,-16.625,-8.375,276.5,1.117393,0,0,14.00669,0,0,1350,26,25.24887
08.08.2026,02:49:19,26183,0.634126,-0.108149,-0.1,-0.16,-16.5,-8.6875,276.3125,1.120373,0,0,14.11872,0,0,1350,25.5,22.36122
08.08.2026,02:49:19,26289,0.632081,0.122162,-0.14,-0.04,-16.4375,-8.9375,276.25,1.113394,0,0,14.23006,0,0,1350,25,21.77143
08.08.2026,02:49:19,26395,0.629012,0.043134,-0.09,0,-16.375,-9.1875,276.125,1.100553,0,0,14.34012,0,0,1350,24.34375,21.43051
08.08.2026,02:49:19,26501,0.619807,-0.206665,-0.14,-0.28,-16.3125,-9.125,276.0625,1.11224,0,0,14.56087,0,0,1350,24.25,22.43967
08.08.2026,02:49:19,26607,0.622876,0.191154,0.03,-0.08,-16.3125,-8.8125,276,1.100543,0,0,14.67092,0,0,1350,24,21.2737
08.08.2026,02:49:19,26713,0.62799,0.172006,-0.08,-0.19,-16.25,-8.5,275.875,1.098594,0,0,14.78078,0,0,1350,23.34375,22.83516
08.08.2026,02:49:19,26819,0.662764,0.261849,-0.08,-0.1,-16.1875,-8.4375,275.75,1.096581,0,0,14.89044,0,0,1350,22.84375,22.21809
08.08.2026,02:49:19,26925,0.638218,-0.068294,-0.11,-0.36,-16.1875,-8.5625,275.5625,1.102839,0,0,15.00073,0,0,1350,22.25,23.19996
08.08.2026,02:49:19,27031,0.640263,-0.238625,-0.07,-0.46,-16.125,-8.6875,275.3125,1.092896,0,0,15.11001,0,0,1350,21.5,23.01246
08.08.2026,02:49:19,27137,0.645377,0.172906,-0.16,-0.15,-16.0625,-8.75,275.125,1.075595,0,0,15.21757,0,0,1350,20.75,23.3159
08.08.2026,02:49:19,27243,0.629012,0.082155,-0.09,-0.19,-16.0625,-8.75,274.9375,1.079998,0,0,15.32557,0,0,1350,19.59375,21.72036
08.08.2026,02:49:19,27349,0.623899,-0.087748,-0.01,-0.22,-16,-8.75,274.8125,1.076413,0,0,15.43322,0,0,1350,19.25,19.66116
08.08.2026,02:49:19,27455,0.611625,-0.177909,0.06,-0.32,-16,-8.8125,274.625,1.075326,0,0,15.54075,0,0,1350,18.34375,22.26926
08.08.2026,02:49:19,27561,0.62799,0.492513,0.03,-0.26,-15.9375,-8.875,274.5,1.068891,0,0,15.64764,0,0,1350,18,19.5964
08.08.2026,02:49:19,27667,0.63924,0.240572,-0.14,-0.14,-15.9375,-8.875,274.3125,1.08453,0,0,15.75609,0,0,1350,17.09375,21.56013
08.08.2026,02:49:19,27773,0.611625,-0.239027,-0.11,-0.24,-15.875,-8.6875,274.1875,1.07797,0,0,15.86389,0,0,1350,16.59375,22.90682
08.08.2026,02:49:19,27879,0.621853,0.051558,-0.08,-0.33,-15.875,-8.5,274,1.069939,0,0,15.97088,0,0,1350,15.84375,21.80221
08.08.2026,02:49:19,27985,0.622876,-0.148212,-0.07,-0.44,-15.875,-8.25,273.625,1.065462,0,0,16.07743,0,0,1350,14.75,21.52888
08.08.2026,02:49:19,28091,0.625944,-0.079019,-0.06,-0.44,-15.875,-8.1875,273.3125,1.07073,0,0,16.1845,0,0,1350,13.75,22.13973
08.08.2026,02:49:19,28197,0.60958,-0.088684,-0.01,-0.37,-15.8125,-8.25,273,1.06525,0,0,16.29102,0,0,1350,12.25,20.60215
08.08.2026,02:49:19,28303,0.633104,-0.116337,-0.09,-0.18,-15.8125,-8.4375,272.6875,1.03964,0,0,16.49912,0,0,1350,10.59375,20.72489
08.08.2026,02:49:19,28409,0.638218,0.183698,0.03,-0.38,-15.8125,-8.625,272.375,1.033334,0,0,16.60246,0,0,1350,9.5,22.99547
08.08.2026,02:49:19,28515,0.619807,-0.205904,-0.05,-0.29,-15.75,-8.6875,272.125,1.033493,0,0,16.7058,0,0,1350,8.75,19.92372
08.08.2026,02:49:19,28621,0.622876,0.244752,-0.05,-0.03,-15.75,-8.75,272,1.02629,0,0,16.80843,0,0,1350,8.25,20.19986
08.08.2026,02:49:19,28727,0.624921,0.243301,-0.05,0.02,-15.75,-8.6875,271.9375,1.038806,0,0,16.91231,0,0,1350,7.75,21.12038
08.08.2026,02:49:19,28833,0.612648,0.141563,-0.1,-0.08,-15.75,-8.625,271.875,1.053575,0,0,17.01767,0,0,1350,7.5,21.33516
08.08.2026,02:49:19,28939,0.626967,0.051193,-0.05,-0.15,-15.6875,-8.5625,271.75,1.055202,0,0,17.12319,0,0,1350,6.84375,20.65389
08.08.2026,02:49:19,29045,0.626967,0.310808,-0.01,-0.16,-15.6875,-8.625,271.6875,1.056904,0,0,17.22888,0,0,1350,6.75,20.59536
08.08.2026,02:49:19,29151,0.62083,0.289756,-0.01,-0.2,-15.625,-8.625,271.5625,1.064721,0,0,17.33535,0,0,1350,6.25,20.1317
08.08.2026,02:49:19,29257,0.612648,-0.031024,-0.02,-0.37,-15.625,-8.625,271.5,1.069769,0,0,17.44233,0,0,1350,6,22.24887
08.08.2026,02:49:19,29363,0.610602,0.269733,-0.08,-0.11,-15.625,-8.625,271.4375,1.060422,0,0,17.54837,0,0,1350,5.75,20.99084
08.08.2026,02:49:19,29469,0.616739,-0.05075,0.05,-0.22,-15.625,-8.625,271.4375,1.062855,0,0,17.65466,0,0,1350,5.75,22.67844
08.08.2026,02:49:19,29575,0.635149,-0.350462,-0.1,-0.29,-15.625,-8.625,271.4375,1.058088,0,0,17.76047,0,0,1350,5.75,20.68401
08.08.2026,02:49:19,29681,0.611625,-0.249688,-0.06,-0.43,-15.625,-8.8125,271.4375,1.048979,0,0,17.86537,0,0,1350,5.75,21.11358
08.08.2026,02:49:19,29787,0.629012,-0.108733,0.01,-0.49,-15.625,-9.0625,271.4375,1.038497,0,0,17.96922,0,0,1350,5.75,21.75793
08.08.2026,02:49:19,29893,0.617762,0.219468,-0.11,-0.07,-15.625,-9.125,271.5,1.05384,0,0,18.0746,0,0,1350,6.15625,21.11358
08.08.2026,02:49:19,29999,0.604466,0.188961,-0.12,-0.23,-15.625,-9,271.625,1.056717,0,0,18.18027,0,0,1350,6.65625,21.78861
08.08.2026,02:49:19,30105,0.624921,0.258132,0.03,-0.25,-15.625,-8.8125,271.75,1.060653,0,0,18.39259,0,0,1350,7.15625,22.12613
08.08.2026,02:49:19,30211,0.611625,-0.141897,-0.03,-0.43,-15.625,-8.6875,271.8125,1.060441,0,0,18.49863,0,0,1350,7.25,20.40785
08.08.2026,02:49:19,30317,0.608557,-0.022094,0.09,-0.52,-15.625,-8.75,271.9375,1.073354,0,0,18.60597,0,0,1350,7.90625,19.88624
08.08.2026,02:49:19,30423,0.604466,0.38629,-0.04,-0.23,-15.6875,-8.875,272.0625,1.064987,0,0,18.71247,0,0,1350,8.40625,19.67485
08.08.2026,02:49:19,30529,0.617762,0.026414,-0.14,-0.22,-15.75,-9.0625,272.25,1.067562,0,0,18.81922,0,0,1350,8.75,21.58062
08.08.2026,02:49:19,30635,0.608557,0.137253,-0.14,-0.08,-15.75,-9.0625,272.375,1.057532,0,0,18.92497,0,0,1350,9.25,21.12037
08.08.2026,02:49:19,30741,0.599352,0.017625,0.03,-0.4,-15.8125,-9,272.5625,1.052163,0,0,19.03019,0,0,1350,10,21.89086
08.08.2026,02:49:19,30847,0.604466,0.578322,0.11,-0.26,-15.8125,-8.9375,272.6875,1.043964,0,0,19.13459,0,0,1350,10.75,19.49755
08.08.2026,02:49:19,30953,0.619807,0.206738,0,-0.1,-15.875,-8.875,272.875,1.057128,0,0,19.2403,0,0,1350,11.25,21.03512
08.08.2026,02:49:19,31059,0.605488,0.245308,-0.06,-0.15,-15.875,-8.75,273,1.068436,0,0,19.34715,0,0,1350,11.75,20.85102
08.08.2026,02:49:19,31165,0.631058,-0.075142,-0.08,-0.34,-15.875,-8.6875,273.125,1.070306,0,0,19.45418,0,0,1350,12.65625,22.9375
08.08.2026,02:49:19,31271,0.616739,-0.18492,-0.02,-0.32,-15.8125,-8.75,273.25,1.065888,0,0,19.56076,0,0,1350,13.15625,21.21299
08.08.2026,02:49:19,31377,0.630035,0.24435,-0.09,-0.01,-15.75,-8.8125,273.25,1.070425,0,0,19.66781,0,0,1350,13,22.28352
08.08.2026,02:49:19,31483,0.629012,0.372347,0.01,-0.09,-15.6875,-8.9375,273.3125,1.086586,0,0,19.77646,0,0,1350,13.25,19.5186
08.08.2026,02:49:19,31589,0.597306,0.032052,-0.14,-0.12,-15.6875,-8.9375,273.3125,1.086397,0,0,19.8851,0,0,1350,13.25,18.53955
08.08.2026,02:49:19,31695,0.612648,-0.118352,-0.09,-0.31,-15.625,-8.875,273.4375,1.087219,0,0,19.99383,0,0,1350,13.90625,21.17495
08.08.2026,02:49:19,31801,0.617762,-0.058836,-0.05,-0.32,-15.5625,-8.8125,273.5,1.088568,0,0,20.21156,0,0,1350,14,21.01813
08.08.2026,02:49:19,31907,0.637195,0.17086,-0.12,-0.11,-15.4375,-8.9375,273.625,1.073793,0,0,20.31894,0,0,1350,14.5,21.62217
08.08.2026,02:49:19,32013,0.614694,-0.126911,-0.09,-0.35,-15.3125,-9.125,273.8125,1.06249,0,0,20.42519,0,0,1350,15.25,19.99198
08.08.2026,02:49:19,32119,0.632081,0.012946,-0.04,-0.27,-15.125,-9.125,274,1.061712,0,0,20.53136,0,0,1350,15.75,19.34082
08.08.2026,02:49:19,32225,0.617762,-0.11782,-0.1,-0.16,-14.9375,-9.0625,274.1875,1.066728,0,0,20.63803,0,0,1350,16.90625,18.01124
08.08.2026,02:49:19,32331,0.621853,0.092574,-0.16,-0.2,-14.875,-8.9375,274.3125,1.060839,0,0,20.74411,0,0,1350,17.40625,18.52605
08.08.2026,02:49:19,32437,0.611625,0.443155,-0.01,-0.25,-14.75,-8.875,274.5625,1.053423,0,0,20.84946,0,0,1350,18.15625,17.50387
08.08.2026,02:49:19,32543,0.62083,-0.119071,0.02,-0.4,-14.75,-8.8125,274.6875,1.07222,0,0,20.95668,0,0,1350,18.65625,17.87491
08.08.2026,02:49:19,32649,0.605488,-0.168991,-0.18,-0.39,-14.75,-8.875,274.8125,1.069047,0,0,21.06358,0,0,1350,19.40625,16.4021
08.08.2026,02:49:19,32755,0.598329,0.171376,-0.04,-0.17,-14.6875,-8.875,274.875,1.063339,0,0,21.16992,0,0,1350,19.5,17.59535
08.08.2026,02:49:19,32861,0.601397,0.161342,-0.07,-0.34,-14.6875,-8.8125,274.9375,1.061521,0,0,21.27607,0,0,1350,19.75,18.20902
08.08.2026,02:49:19,32967,0.603443,0.260495,-0.12,-0.06,-14.6875,-8.75,275.0625,1.067296,0,0,21.3828,0,0,1350,20,17.96355
08.08.2026,02:49:19,33073,0.607534,-0.068878,0,-0.4,-14.6875,-8.75,275.0625,1.059228,0,0,21.48872,0,0,1350,20.25,17.22715
08.08.2026,02:49:19,33179,0.590147,0.492872,0.03,-0.23,-14.6875,-8.6875,275.125,1.041063,0,0,21.59283,0,0,1350,20.25,15.72366
08.08.2026,02:49:19,33285,0.592192,0.201886,-0.02,-0.14,-14.75,-8.6875,275.125,1.048798,0,0,21.69771,0,0,1350,20.5,16.12595
08.08.2026,02:49:19,33391,0.581964,-0.106931,-0.01,-0.35,-14.875,-8.6875,275.0625,1.036217,0,0,21.80133,0,0,1350,20.25,17.63907
08.08.2026,02:49:19,33497,0.597306,0.023227,-0.02,-0.06,-15,-8.8125,275.0625,1.033525,0,0,21.90468,0,0,1350,20.25,17.89133
08.08.2026,02:49:19,33603,0.594238,-0.106704,-0.04,-0.22,-15,-8.8125,275.125,1.03194,0,0,22.11105,0,0,1350,20.65625,15.52587
08.08.2026,02:49:19,33709,0.580942,0.34316,-0.03,-0.05,-15.0625,-8.75,275.1875,1.031954,0,0,22.21425,0,0,1350,20.75,16.17363
08.08.2026,02:49:19,33815,0.577873,-0.056959,-0.06,-0.33,-15.0625,-8.8125,275.375,1.03342,0,0,22.31759,0,0,1350,21.65625,17.40096
08.08.2026,02:49:19,33921,0.580942,-0.137235,-0.08,-0.29,-15.0625,-8.9375,275.5625,1.026559,0,0,22.42024,0,0,1350,22.25,18.53625
08.08.2026,02:49:19,34027,0.569691,0.124191,-0.05,-0.01,-15.0625,-9,275.875,1.018199,0,0,22.52206,0,0,1350,23,16.84866
08.08.2026,02:49:19,34133,0.586056,0.102806,-0.12,-0.13,-15,-9.0625,276.125,1.030365,0,0,22.6251,0,0,1350,24.65625,17.64303
08.08.2026,02:49:19,34239,0.568668,0.252319,-0.12,-0.01,-14.9375,-9.1875,276.4375,1.033836,0,0,22.72849,0,0,1350,25.90625,14.62982
08.08.2026,02:49:19,34345,0.577873,-0.147774,-0.03,-0.23,-14.9375,-9.3125,276.75,1.033556,0,0,22.83184,0,0,1350,27,16.68845
08.08.2026,02:49:19,34451,0.568668,0.252135,-0.15,0.03,-14.875,-9.375,277.0625,1.033258,0,0,22.93517,0,0,1350,28.25,15.58044
08.08.2026,02:49:19,34557,0.55844,0.291327,0.04,-0.05,-14.75,-9.3125,277.375,1.039601,0,0,23.03913,0,0,1350,29.25,17.1419
08.08.2026,02:49:19,34663,0.568668,0.139954,-0.08,-0.27,-14.6875,-9.25,277.5625,1.050965,0,0,23.14422,0,0,1350,30,15.35886
08.08.2026,02:49:19,34769,0.567645,0.149969,-0.02,-0.17,-14.5625,-9.125,277.6875,1.049122,0,0,23.24913,0,0,1350,30.90625,16.17429
08.08.2026,02:49:19,34875,0.537985,0.099271,-0.04,-0.26,-14.5,-9.0625,277.8125,1.053926,0,0,23.35453,0,0,1350,31.40625,12.36896
08.08.2026,02:49:19,34981,0.541053,-0.03015,-0.05,-0.44,-14.4375,-8.875,277.875,1.046762,0,0,23.4592,0,0,1350,31.65625,14.72819
08.08.2026,02:49:19,35087,0.537985,0.280315,-0.13,-0.08,-14.4375,-8.625,277.875,1.040881,0,0,23.56329,0,0,1350,31.5,15.15776
08.08.2026,02:49:19,35193,0.525711,-0.28865,-0.13,-0.44,-14.4375,-8.5625,277.875,1.029936,0,0,23.66628,0,0,1350,31.5,13.89973
08.08.2026,02:49:19,35299,0.537985,-0.018029,-0.15,-0.03,-14.5625,-8.625,277.875,1.023176,0,0,23.7686,0,0,1350,31.5,14.33894
08.08.2026,02:49:19,35405,0.539007,0.111328,-0.05,-0.16,-14.6875,-8.8125,277.875,1.027078,0,0,23.97414,0,0,1350,31.5,14.71393
08.08.2026,02:49:19,35511,0.511392,0.042103,-0.01,-0.25,-14.8125,-9,277.8125,1.019266,0,0,24.07607,0,0,1350,31.25,15.69638
08.08.2026,02:49:19,35617,0.519575,0.08228,-0.1,-0.2,-14.875,-8.875,277.6875,1.016958,0,0,24.17776,0,0,1350,31,14.10763
08.08.2026,02:49:19,35723,0.501164,-0.378084,-0.15,-0.48,-15,-8.6875,277.5625,1.019727,0,0,24.27974,0,0,1350,30.09375,14.3565
08.08.2026,02:49:19,35829,0.499119,0.373248,0.06,-0.17,-15.125,-8.4375,277.4375,1.00672,0,0,24.38041,0,0,1350,29.59375,15.71337
08.08.2026,02:49:19,35935,0.47764,-0.226961,-0.14,-0.44,-15.3125,-8.125,277.25,1.008389,0,0,24.48125,0,0,1350,28.84375,18.64473
08.08.2026,02:49:19,36041,0.485823,0.044082,-0.13,-0.18,-15.5,-8.0625,276.9375,0.998423,0,0,24.58109,0,0,1350,27.59375,18.92768
08.08.2026,02:49:19,36147,0.497073,-0.055125,-0.1,-0.5,-15.6875,-8.1875,276.6875,0.991077,0,0,24.6802,0,0,1350,26.59375,18.38274
08.08.2026,02:49:19,36253,0.498096,-0.154557,-0.15,-0.55,-15.875,-8.3125,276.375,0.986057,0,0,24.7788,0,0,1350,25.1875,17.2332
08.08.2026,02:49:19,36359,0.492982,0.337736,0.08,-0.21,-16.0625,-8.4375,276.125,0.965231,0,0,24.87533,0,0,1350,24.34375,17.91843
08.08.2026,02:49:19,36465,0.495028,0.03765,-0.09,-0.15,-16.3125,-8.4375,275.75,0.967054,0,0,24.97203,0,0,1350,23.25,18.69571
08.08.2026,02:49:19,36571,0.498096,0.06788,-0.15,-0.1,-16.4375,-8.5,275.5625,0.965908,0,0,25.06862,0,0,1350,22.5,19.19402
08.08.2026,02:49:19,36677,0.4848,-0.142485,-0.13,-0.35,-16.5625,-8.5,275.375,0.970288,0,0,25.16565,0,0,1350,21.75,18.43372
08.08.2026,02:49:19,36783,0.490937,0.208591,-0.09,-0.02,-16.625,-8.625,275.25,0.961214,0,0,25.26177,0,0,1350,21,19.9713
08.08.2026,02:49:19,36889,0.494005,0.17735,-0.13,-0.05,-16.6875,-8.625,275.125,0.973841,0,0,25.35916,0,0,1350,20.5,20.61905
08.08.2026,02:49:19,36995,0.499119,-0.092712,-0.12,-0.22,-16.75,-8.6875,274.9375,0.97518,0,0,25.45667,0,0,1350,20,20.7145
08.08.2026,02:49:19,37101,0.504233,0.127795,-0.03,-0.22,-16.8125,-8.75,274.8125,0.971283,0,0,25.65092,0,0,1350,19.5,20.31902
08.08.2026,02:49:19,37207,0.492982,-0.072121,-0.11,-0.35,-16.875,-8.75,274.6875,0.971918,0,0,25.74812,0,0,1350,18.59375,20.38661
08.08.2026,02:49:19,37313,0.47764,-0.152099,-0.09,-0.37,-16.8125,-8.6875,274.5625,0.961027,0,0,25.84422,0,0,1350,18.09375,21.94524
08.08.2026,02:49:19,37419,0.498096,0.059168,-0.09,-0.49,-16.875,-8.625,274.375,0.943416,0,0,25.93856,0,0,1350,17.34375,20.56788
08.08.2026,02:49:19,37525,0.490937,-0.148961,-0.14,-0.46,-17,-8.5,274.125,0.946567,0,0,26.03321,0,0,1350,16.75,20.17239
08.08.2026,02:49:19,37631,0.516506,0.032025,0.08,-0.41,-17.0625,-8.375,274,0.939047,0,0,26.12712,0,0,1350,15.84375,22.60319
08.08.2026,02:49:19,37737,0.514461,-0.207897,-0.07,-0.44,-17.125,-8.375,273.8125,0.940144,0,0,26.22113,0,0,1345,15.09375,21.50198
08.08.2026,02:49:19,37843,0.502187,-0.056938,0.44,-0.29,-17.1875,-8.375,273.6875,0.904988,0,0,26.31163,0,0,1000,14.75,21.44402
08.08.2026,02:49:19,37949,0.522643,0.033755,0.42,-0.37,-17.5625,-6.4375,273.625,0.865319,0,0,26.39816,0,0,1000,14.5,24.34753
08.08.2026,02:49:19,38055,0.511392,0.14417,0.29,-0.36,-17.625,-4.125,273.5625,0.830917,0,0,26.48126,0,0,1000,14.25,22.54512
08.08.2026,02:49:19,38161,0.537985,0.234237,0.24,-0.45,-17.6875,-2.0625,273.4375,0.805874,0,0,26.56184,0,0,1000,13.59375,24.87368
08.08.2026,02:49:19,38267,0.533894,-0.096039,0.11,-0.37,-17.75,-1.25,273.1875,0.782784,0,0,26.64012,0,0,1000,12.59375,23.10083
08.08.2026,02:49:19,38373,0.54719,-0.016392,0.11,-0.34,-17.625,-1.9375,272.75,0.742963,0,0,26.71442,0,0,1000,10.6875,24.74812
08.08.2026,02:49:19,38479,0.541053,-0.136809,0.03,-0.28,-17.4375,-4.125,272.0625,0.706296,0,0,26.78505,0,0,1000,8.375,24.37311
08.08.2026,02:49:19,38585,0.55844,-0.197013,0.04,-0.18,-17.25,-5.625,271.5625,0.655626,0,0,26.85061,0,0,1000,5.78125,24.92145
08.08.2026,02:49:19,38691,0.556395,-0.226786,0.02,-0.16,-17.125,-6.125,271,0.596613,0,0,26.91027,0,0,1000,3.53125,23.15606
08.08.2026,02:49:19,38797,0.548213,-0.165962,0,-0.22,-17,-5.625,270.5625,0.533733,0,0,26.96365,0,0,1000,1.9375,22.81175
08.08.2026,02:49:19,38903,0.549235,-0.094428,0.01,-0.29,-16.9375,-4.25,270.1875,0.415926,0,0,27.05227,0,0,1000,0.4375,22.81117
08.08.2026,02:49:19,39009,0.544121,-0.079435,-0.03,-0.34,-16.875,-2.5625,269.6875,0.366915,0,0,27.08896,0,0,1000,-0.75,21.82931
08.08.2026,02:49:19,39115,0.549235,-0.065984,-0.03,-0.35,-16.875,-2.0625,269.3125,0.321536,0,0,27.12111,0,0,1000,-2.25,21.73386
08.08.2026,02:49:19,39221,0.552304,-0.091823,-0.05,-0.34,-16.8125,-2.4375,268.8125,0.276382,0,0,27.14875,0,0,1000,-4,22.19072
08.08.2026,02:49:19,39327,0.544121,-0.186836,-0.05,-0.24,-16.75,-3.5,268.3125,0.22922,0,0,27.17167,0,0,1000,-7.21875,22.36858
08.08.2026,02:49:19,39433,0.529802,-0.200844,-0.05,-0.2,-16.75,-4.875,267.625,0.177357,0,0,27.18941,0,0,1000,-8.75,20.65313
08.08.2026,02:49:19,39539,0.52878,-0.203801,-0.07,-0.2,-16.6875,-5.3125,267.125,0.126942,0,0,27.2021,0,0,1000,-10.75,21.41682
08.08.2026,02:49:19,39645,0.531848,-0.175681,-0.07,-0.22,-16.6875,-5,266.8125,0.078413,0,0,27.20994,0,0,1000,-13.0625,21.93845
08.08.2026,02:49:19,39751,0.531848,-0.126572,-0.08,-0.25,-16.625,-4.3125,266.5625,0.03618,0,0,27.21356,0,0,1000,-13.90625,20.73838
08.08.2026,02:49:19,39857,0.52162,-0.096611,-0.09,-0.31,-16.625,-3.5625,266.3125,0.001568,0,0,27.21372,0,0,1000,-14.90625,20.76907
08.08.2026,02:49:19,39963,0.508324,-0.065912,-0.08,-0.31,-16.625,-3.0625,266,-0.027059,0,0,27.21101,0,0,1000,-15.75,20.7077
08.08.2026,02:49:19,40069,0.501164,-0.034569,-0.07,-0.33,-16.6875,-3.3125,265.8125,-0.050812,0,0,27.20593,0,0,1000,-16.5,20.4071
08.08.2026,02:49:19,40175,0.500142,-0.082627,-0.07,-0.26,-16.75,-3.9375,265.625,-0.072053,0,0,27.19872,0,0,1000,-17.65625,20.1622
08.08.2026,02:49:19,40281,0.489914,-0.080099,-0.09,-0.27,-16.875,-4.4375,265.4375,-0.09206,0,0,27.18952,0,0,1000,-18.25,20.41729
08.08.2026,02:49:19,40387,0.497073,-0.09697,-0.12,-0.26,-17,-4.75,265.25,-0.112012,0,0,27.17831,0,0,1000,-19,21.22187
08.08.2026,02:49:19,40493,0.481732,-0.073298,-0.11,-0.3,-17.25,-4.75,265.0625,-0.129355,0,0,27.16538,0,0,1000,-19.5,20.06325
08.08.2026,02:49:19,40599,0.475595,-0.04912,-0.1,-0.31,-17.4375,-4.375,265,-0.145066,0,0,27.15087,0,0,1000,-20,21.3008
08.08.2026,02:49:19,40705,0.469458,-0.014628,-0.1,-0.29,-17.625,-4.0625,264.875,-0.15858,0,0,27.11962,0,0,1000,-20.65625,21.21894
08.08.2026,02:49:19,40811,0.460253,0.000057,-0.11,-0.31,-17.8125,-3.9375,264.875,-0.160419,0,0,27.10358,0,0,1000,-20.5,22.33997
08.08.2026,02:49:19,40917,0.45923,-0.015152,-0.13,-0.28,-17.9375,-4.0625,264.875,-0.16133,0,0,27.08745,0,0,1000,-20.5,22.83771
08.08.2026,02:49:19,41023,0.44798,-0.005359,-0.11,-0.3,-18.125,-4.4375,264.9375,-0.161899,0,0,27.07126,0,0,1000,-20.5,21.95186
08.08.2026,02:49:19,41129,0.434683,-0.020407,-0.13,-0.28,-18.25,-4.6875,264.9375,-0.161406,0,0,27.05512,0,0,1000,-20.25,22.51435
08.08.2026,02:49:19,41235,0.431615,-0.015421,-0.11,-0.25,-18.375,-4.75,264.9375,-0.161403,0,0,27.03898,0,0,1000,-20.25,23.4138
08.08.2026,02:49:19,41341,0.421387,-0.020433,-0.13,-0.28,-18.4375,-4.6875,264.9375,-0.160423,0,0,27.02293,0,0,1000,-20.25,23.353
08.08.2026,02:49:19,41447,0.417296,0.044478,-0.13,-0.3,-18.5625,-4.5,264.875,-0.157082,0,0,27.00723,0,0,1000,-20.5,23.60527
08.08.2026,02:49:19,41553,0.413205,0.029201,-0.14,-0.29,-18.6875,-4.3125,264.875,-0.150351,0,0,26.99219,0,0,1000,-20.5,23.67003
08.08.2026,02:49:19,41659,0.402977,0.043728,-0.14,-0.29,-18.75,-4.25,264.875,-0.143518,0,0,26.97784,0,0,1000,-20.5,22.53814
08.08.2026,02:49:19,41765,0.395818,0.048042,-0.15,-0.29,-18.75,-4.4375,264.875,-0.136305,0,0,26.96421,0,0,1000,-20.5,23.24726
08.08.2026,02:49:19,41871,0.384567,0.032138,-0.13,-0.27,-18.8125,-4.625,264.8125,-0.129,0,0,26.95131,0,0,1000,-20.75,22.23811
08.08.2026,02:49:19,41977,0.379453,0.04603,-0.15,-0.26,-18.9375,-4.8125,264.75,-0.122298,0,0,26.93908,0,0,1000,-21,22.4932
08.08.2026,02:49:19,42083,0.364111,0.039698,-0.14,-0.26,-19,-4.875,264.75,-0.115007,0,0,26.92758,0,0,1000,-21,23.29154
08.08.2026,02:49:19,42189,0.366157,0.073176,-0.14,-0.27,-19.125,-4.75,264.75,-0.108882,0,0,26.91669,0,0,1000,-21,24.21545
08.08.2026,02:49:19,42295,0.353883,0.096421,-0.14,-0.28,-19.125,-4.625,264.75,-0.10146,0,0,26.90654,0,0,1000,-21,23.39039
08.08.2026,02:49:19,42401,0.347747,0.129387,-0.13,-0.27,-19.125,-4.5,264.8125,-0.082816,0,0,26.88899,0,0,1000,-20.75,22.2551
08.08.2026,02:49:19,42507,0.330359,0.10438,-0.15,-0.28,-19.0625,-4.3125,264.875,-0.073088,0,0,26.88168,0,0,1000,-20.5,21.54315
08.08.2026,02:49:19,42613,0.330359,0.106492,-0.15,-0.29,-18.9375,-4.3125,265,-0.065934,0,0,26.87509,0,0,1000,-20,21.60395
08.08.2026,02:49:19,42719,0.318086,0.068396,-0.14,-0.26,-18.8125,-4.4375,265.1875,-0.059425,0,0,26.86915,0,0,1000,-19.5,21.16758
08.08.2026,02:49:19,42825,0.302744,0.070182,-0.15,-0.26,-18.625,-4.625,265.3125,-0.055807,0,0,26.86357,0,0,1000,-18.59375,19.22432
08.08.2026,02:49:19,42931,0.298653,0.050182,-0.12,-0.25,-18.4375,-4.6875,265.5,-0.052733,0,0,26.85829,0,0,1000,-18,19.24141
08.08.2026,02:49:19,43037,0.285357,0.043497,-0.13,-0.24,-18.25,-4.625,265.6875,-0.050905,0,0,26.8532,0,0,1000,-17.5,17.88113
08.08.2026,02:49:19,43143,0.27922,0.065062,-0.12,-0.26,-18.0625,-4.5,265.875,-0.048998,0,0,26.8483,0,0,1000,-16.75,17.47545
08.08.2026,02:49:19,43249,0.26797,0.086527,-0.14,-0.26,-17.9375,-4.375,266.0625,-0.045884,0,0,26.84371,0,0,1000,-15.59375,16.66466
08.08.2026,02:49:19,43355,0.262856,0.077881,-0.13,-0.28,-17.8125,-4.25,266.1875,-0.042449,0,0,26.83947,0,0,1000,-15.25,16.38454
08.08.2026,02:49:19,43461,0.251605,0.089141,-0.11,-0.27,-17.5625,-4.1875,266.4375,-0.039543,0,0,26.83551,0,0,1000,-14.34375,14.86802
08.08.2026,02:49:19,43567,0.234218,0.0503,-0.11,-0.28,-17.4375,-4.3125,266.625,-0.036419,0,0,26.83187,0,0,1000,-13.34375,14.3362
08.08.2026,02:49:19,43673,0.225013,0.031425,-0.14,-0.25,-17.3125,-4.5,266.75,-0.035399,0,0,26.82833,0,0,1000,-12.84375,13.10206
08.08.2026,02:49:19,43779,0.213762,0.032553,-0.14,-0.24,-17.25,-4.75,266.9375,-0.035525,0,0,26.82478,0,0,1000,-12.09375,12.8867
08.08.2026,02:49:19,43885,0.196375,0.063685,-0.13,-0.25,-17.1875,-4.8125,267.1875,-0.035695,0,0,26.82121,0,0,1000,-11.25,11.71733
08.08.2026,02:49:19,43991,0.190238,0.07479,-0.14,-0.23,-17.0625,-4.75,267.5625,-0.034854,0,0,26.81772,0,0,1000,-10,11.43778
08.08.2026,02:49:19,44097,0.174896,0.115811,-0.14,-0.26,-17,-4.6875,267.875,-0.03226,0,0,26.8145,0,0,1000,-9,10.57525
08.08.2026,02:49:19,44203,0.1616,0.116718,-0.16,-0.24,-17,-4.625,268.1875,-0.023284,0,0,26.8093,0,0,1000,-6.9375,11.15484
08.08.2026,02:49:19,44309,0.157509,0.107453,-0.13,-0.28,-16.875,-4.5625,268.5,-0.018521,0,0,26.80745,0,0,1000,-5.84375,10.6605
08.08.2026,02:49:19,44415,0.138076,0.078038,-0.14,-0.26,-16.8125,-4.5625,268.875,-0.01609,0,0,26.80584,0,0,1000,-4.1875,8.96611
08.08.2026,02:49:19,44521,0.125803,0.078982,-0.14,-0.25,-16.6875,-4.5625,269.375,-0.013876,0,0,26.80445,0,0,1000,-2.1875,8.410404
08.08.2026,02:49:19,44627,0.11762,0.089375,-0.14,-0.29,-16.625,-4.625,269.6875,-0.012476,0,0,26.80321,0,0,1000,-1.09375,8.10017
08.08.2026,02:49:19,44733,0.086937,0.059738,-0.13,-0.27,-16.625,-4.6875,270.0625,-0.011533,0,0,26.80205,0,0,1000,0.5625,6.961479
08.08.2026,02:49:19,44839,0.079777,0.080111,-0.14,-0.31,-16.625,-4.625,270.375,-0.011868,0,0,26.80087,0,0,1000,1.8125,6.838749
08.08.2026,02:49:19,44945,0.058299,0.08048,-0.13,-0.3,-16.5625,-4.5,270.6875,-0.011746,0,0,26.79969,0,0,1000,2.5,6.102345
08.08.2026,02:49:19,45051,0.052162,0.070862,-0.16,-0.3,-16.5625,-4.4375,270.9375,-0.012185,0,0,26.79847,0,0,1000,3.5,6.34441
08.08.2026,02:49:19,45157,0.04398,0.071255,-0.15,-0.39,-16.5,-4.375,271.125,-0.012502,0,0,26.79722,0,0,1000,4.25,4.96365
08.08.2026,02:49:19,45263,0.022501,0.091648,-0.18,-0.53,-16.3125,-4.3125,271.25,-0.012536,0,0,26.79597,0,0,1000,4.75,5.171638
08.08.2026,02:49:19,45369,0.021478,0.042037,-0.22,-0.76,-15.875,-4.3125,271.3125,-0.012406,0,0,26.79473,0,0,1000,5.25,2.616505
08.08.2026,02:49:19,45475,0.024547,0.052502,-0.3,-0.89,-14.9375,-4.25,271.5,-0.014843,0,0,26.79325,0,0,1000,5.75,1.483006
08.08.2026,02:49:19,45581,0.032729,0.053042,-0.28,-0.66,-14.375,-4.25,271.625,-0.01724,0,0,26.79152,0,0,1000,6.25,0.283043
08.08.2026,02:49:19,45687,0.041934,0.083593,-0.2,-0.39,-14.25,-4.1875,271.75,-0.017579,0,0,26.78976,0,0,1000,7,-0.991974
08.08.2026,02:49:19,45793,0.039889,0.054106,-0.13,-0.11,-14.375,-4.125,271.875,-0.016383,0,0,26.78812,0,0,1000,7.5,0.091583
08.08.2026,02:49:19,45899,0.054208,0.054625,-0.12,-0.04,-14.5625,-4.125,272,-0.016558,0,0,26.78647,0,0,1000,8.15625,1.237061
08.08.2026,02:49:19,46005,0.063413,0.065665,-0.13,-0.1,-14.5,-4.1875,272,-0.016584,0,0,26.78315,0,0,1000,8,0.129623
08.08.2026,02:49:19,46111,0.058299,0.076205,-0.15,-0.16,-14.375,-4.3125,272.0625,-0.017248,0,0,26.78143,0,0,1000,8,-0.432877
08.08.2026,02:49:19,46217,0.067504,0.066205,-0.17,-0.22,-14.125,-4.4375,272.0625,-0.017209,0,0,26.77971,0,0,1000,8.25,-0.357254
08.08.2026,02:49:19,46323,0.07364,0.066744,-0.15,-0.21,-13.9375,-4.5,272.0625,-0.017007,0,0,26.778,0,0,1000,8.25,-0.247543
08.08.2026,02:49:19,46429,0.076709,0.077801,-0.15,-0.13,-13.6875,-4.5,272.125,-0.016738,0,0,26.77633,0,0,1000,8.5,-2.586861
08.08.2026,02:49:19,46535,0.070572,0.068288,-0.14,-0.15,-13.4375,-4.4375,272.1875,-0.015534,0,0,26.77478,0,0,1000,8.75,-2.226021
08.08.2026,02:49:19,46641,0.083868,0.098751,-0.14,-0.17,-13.1875,-4.375,272.1875,-0.014746,0,0,26.7733,0,0,1000,8.75,-2.304382
08.08.2026,02:49:19,46747,0.075686,0.099115,-0.13,-0.15,-12.8125,-4.375,272.25,-0.011619,0,0,26.77214,0,0,1000,9.15625,-3.48735
08.08.2026,02:49:19,46853,0.069549,0.089373,-0.12,-0.18,-12.4375,-4.375,272.25,-0.008212,0,0,26.77132,0,0,1000,9,-5.913521
08.08.2026,02:49:19,46959,0.070572,0.089574,-0.1,-0.16,-12.0625,-4.5,272.25,-0.006412,0,0,26.77068,0,0,1000,9,-7.127167
08.08.2026,02:49:19,47065,0.069549,0.109741,-0.13,-0.19,-11.8125,-4.625,272.25,-0.005328,0,0,26.77015,0,0,1000,9,-7.478287
08.08.2026,02:49:19,47171,0.05523,0.069831,-0.14,-0.23,-11.75,-4.6875,272.25,-0.002868,0,0,26.76986,0,0,1000,9,-7.847618
08.08.2026,02:49:19,47277,0.053185,0.109903,-0.15,-0.27,-11.875,-4.6875,272.25,-0.002273,0,0,26.76963,0,0,1000,9,-7.745941
08.08.2026,02:49:19,47383,0.051139,0.119903,-0.16,-0.35,-12.25,-4.625,272.3125,0.000004960047,0,0,26.76963,0,0,1000,9.40625,-7.231781
08.08.2026,02:49:19,47489,0.041934,0.119818,-0.17,-0.41,-13.25,-4.5,272.3125,0.002693,0,0,26.7699,0,0,1000,9.25,-4.929474
08.08.2026,02:49:19,47595,0.037843,0.129627,-0.17,-0.44,-14.25,-4.375,272.375,0.006074,0,0,26.77051,0,0,1000,9.5,-1.008972
08.08.2026,02:49:19,47701,0.03682,0.109341,-0.15,-0.45,-15.25,-4.4375,272.4375,0.010435,0,0,26.77246,0,0,1000,9.75,1.319393
08.08.2026,02:49:19,47807,0.027615,0.089012,-0.12,-0.4,-15.9375,-4.5,272.5625,0.011386,0,0,26.7736,0,0,1000,10.40625,3.833553
08.08.2026,02:49:19,47913,0.033752,0.068653,-0.11,-0.34,-16.125,-4.5625,272.625,0.010582,0,0,26.77466,0,0,1000,10.5,4.14209
08.08.2026,02:49:19,48019,0.035797,0.088007,-0.1,-0.2,-15.6875,-4.5625,272.625,0.009908,0,0,26.77565,0,0,1000,10.5,3.171638
08.08.2026,02:49:19,48125,0.039889,0.057745,-0.09,-0.18,-15.1875,-4.5625,272.6875,0.008306,0,0,26.77648,0,0,1000,10.75,2.221107
08.08.2026,02:49:19,48231,0.04398,0.097561,-0.06,-0.18,-14.625,-4.5,272.6875,0.005812,0,0,26.77706,0,0,1000,10.75,0.5541
08.08.2026,02:49:19,48337,0.048071,0.077408,-0.1,-0.19,-14.0625,-4.375,272.6875,0.004825,0,0,26.77754,0,0,1000,10.75,-1.777756
08.08.2026,02:49:19,48443,0.051139,0.077279,-0.12,-0.21,-13.5625,-4.3125,272.75,0.00411,0,0,26.77795,0,0,1000,11,-3.523224
08.08.2026,02:49:19,48549,0.056253,0.077188,-0.1,-0.24,-13.0625,-4.25,272.75,0.002851,0,0,26.77823,0,0,1000,11,-4.829498
08.08.2026,02:49:19,48655,0.051139,0.077144,-0.09,-0.24,-12.8125,-4.3125,272.75,0.001387,0,0,26.77837,0,0,1000,11,-5.463562
08.08.2026,02:49:19,48761,0.052162,0.057125,-0.1,-0.3,-12.8125,-4.375,272.75,0.000625,0,0,26.77844,0,0,1000,11,-5.488579
08.08.2026,02:49:19,48867,0.046025,0.077167,-0.11,-0.33,-12.9375,-4.4375,272.75,-0.001352,0,0,26.7783,0,0,1000,11,-5.386894
08.08.2026,02:49:19,48973,0.04398,0.087234,-0.13,-0.31,-13.375,-4.4375,272.75,-0.002111,0,0,26.77809,0,0,1000,11,-3.930611
08.08.2026,02:49:19,49079,0.038866,0.097308,-0.11,-0.32,-13.9375,-4.4375,272.75,-0.002325,0,0,26.77786,0,0,1000,11,-2.890862
08.08.2026,02:49:19,49185,0.03682,0.107374,-0.12,-0.3,-14.4375,-4.4375,272.6875,-0.002063,0,0,26.77765,0,0,1000,10.59375,-1.145393
08.08.2026,02:49:19,49291,0.039889,0.087382,-0.08,-0.28,-14.8125,-4.4375,272.6875,-0.000252,0,0,26.77763,0,0,1000,10.75,1.038712
08.08.2026,02:49:19,49397,0.039889,0.087362,-0.07,-0.25,-14.9375,-4.4375,272.6875,0.000632,0,0,26.77769,0,0,1000,10.75,1.009155
08.08.2026,02:49:19,49503,0.042957,0.087348,-0.07,-0.23,-14.875,-4.4375,272.6875,0.001317,0,0,26.77786,0,0,1000,10.75,0.548904
08.08.2026,02:49:19,49609,0.032729,0.067306,-0.09,-0.22,-14.6875,-4.5,272.6875,0.001815,0,0,26.77805,0,0,1000,10.75,-0.050507
08.08.2026,02:49:19,49715,0.040911,0.077248,-0.08,-0.25,-14.375,-4.5,272.75,0.001453,0,0,26.77819,0,0,1000,11.15625,-0.803909
08.08.2026,02:49:19,49821,0.048071,0.087202,-0.11,-0.23,-14,-4.5,272.75,0.000868,0,0,26.77828,0,0,1000,11,-1.747643
08.08.2026,02:49:19,49927,0.034775,0.077174,-0.12,-0.26,-13.625,-4.5,272.75,0.000439,0,0,26.77832,0,0,1000,11,-3.695435
08.08.2026,02:49:19,50033,0.040911,0.097136,-0.14,-0.27,-13.3125,-4.5,272.75,0.00076,0,0,26.7784,0,0,1000,11,-4.414742
08.08.2026,02:49:19,50139,0.046025,0.107083,-0.14,-0.31,-13.1875,-4.5,272.75,0.001647,0,0,26.77856,0,0,1000,11,-3.964691
08.08.2026,02:49:19,50245,0.041934,0.106951,-0.13,-0.31,-13.25,-4.5,272.75,0.004157,0,0,26.77898,0,0,1000,11,-3.872635
08.08.2026,02:49:19,50351,0.04398,0.106793,-0.13,-0.28,-13.5,-4.5,272.75,0.004929,0,0,26.77947,0,0,1000,11,-2.840256
08.08.2026,02:49:19,50457,0.042957,0.116599,-0.13,-0.23,-13.9375,-4.5625,272.75,0.006099,0,0,26.78008,0,0,1000,11,-1.718658
08.08.2026,02:49:19,50563,0.040911,0.116389,-0.09,-0.24,-14.25,-4.625,272.75,0.006562,0,0,26.78074,0,0,1000,11,-1.664749
08.08.2026,02:49:19,50669,0.047048,0.106115,-0.08,-0.24,-14.5,-4.625,272.75,0.008588,0,0,26.7816,0,0,1000,11,-0.76416
08.08.2026,02:49:19,50775,0.033752,0.105791,-0.09,-0.24,-14.5625,-4.625,272.75,0.010133,0,0,26.78261,0,0,1000,11,0.589874
08.08.2026,02:49:19,50881,0.037843,0.10542,-0.11,-0.24,-14.5,-4.625,272.75,0.011597,0,0,26.78377,0,0,1000,11,-0.275497
08.08.2026,02:49:19,50987,0.041934,0.08503,-0.1,-0.27,-14.25,-4.5625,272.75,0.012199,0,0,26.78499,0,0,1000,11,-0.715256
08.08.2026,02:49:19,51093,0.033752,0.104661,-0.12,-0.25,-14,-4.5,272.75,0.011523,0,0,26.78614,0,0,1000,11,-1.554474
08.08.2026,02:49:19,51199,0.040911,0.094347,-0.1,-0.27,-13.75,-4.4375,272.75,0.009821,0,0,26.78712,0,0,1000,11,-1.721489
08.08.2026,02:49:19,51305,0.037843,0.074048,-0.12,-0.29,-13.5625,-4.375,272.75,0.00806,0,0,26.78886,0,0,1000,11,-3.726112
08.08.2026,02:49:19,51411,0.037843,0.05379,-0.13,-0.32,-13.5,-4.3125,272.75,0.004816,0,0,26.78934,0,0,1000,11,-3.395393
08.08.2026,02:49:19,51517,0.038866,0.053565,-0.1,-0.3,-13.5,-4.3125,272.75,0.002221,0,0,26.78957,0,0,1000,11,-3.272659
08.08.2026,02:49:19,51623,0.04398,0.043597,-0.11,-0.29,-13.625,-4.3125,272.75,-0.001016,0,0,26.78946,0,0,1000,11,-3.085159
08.08.2026,02:49:19,51729,0.038866,0.043745,-0.08,-0.28,-13.8125,-4.25,272.75,-0.004618,0,0,26.789,0,0,1000,11,-2.547112
08.08.2026,02:49:19,51835,0.03682,0.023993,-0.09,-0.27,-13.9375,-4.25,272.75,-0.007735,0,0,26.78823,0,0,1000,11,-1.988007
08.08.2026,02:49:19,51941,0.046025,0.054372,-0.08,-0.23,-14,-4.25,272.75,-0.011804,0,0,26.78705,0,0,1000,11,-1.895393
08.08.2026,02:49:19,52047,0.035797,0.064803,-0.07,-0.26,-14,-4.25,272.75,-0.013456,0,0,26.7857,0,0,1000,11,-1.895393
08.08.2026,02:49:19,52153,0.031706,0.055248,-0.09,-0.24,-13.9375,-4.25,272.75,-0.013862,0,0,26.78432,0,0,1000,11,-1.625473
08.08.2026,02:49:19,52259,0.045003,0.065735,-0.09,-0.24,-13.875,-4.25,272.75,-0.015185,0,0,26.7828,0,0,1000,11,-1.871506
08.08.2026,02:49:19,52365,0.045003,0.056248,-0.09,-0.25,-13.75,-4.3125,272.75,-0.015992,0,0,26.7812,0,0,1000,11,-2.280022
08.08.2026,02:49:19,52471,0.041934,0.056795,-0.09,-0.29,-13.625,-4.3125,272.75,-0.017042,0,0,26.7795,0,0,1000,11,-1.78965
08.08.2026,02:49:19,52577,0.037843,0.047377,-0.12,-0.3,-13.625,-4.3125,272.75,-0.018123,0,0,26.77769,0,0,1000,11,-3.020393
08.08.2026,02:49:19,52683,0.042957,0.087972,-0.13,-0.3,-13.625,-4.3125,272.75,-0.018529,0,0,26.77583,0,0,1000,11,-2.437408
08.08.2026,02:49:19,52789,0.041934,0.058535,-0.1,-0.3,-13.6875,-4.3125,272.75,-0.017558,0,0,26.77408,0,0,1000,11,-2.986313
08.08.2026,02:49:19,52895,0.034775,0.059111,-0.12,-0.32,-13.8125,-4.3125,272.75,-0.017935,0,0,26.77228,0,0,1000,11,-2.608475
08.08.2026,02:49:19,53001,0.04398,0.059627,-0.11,-0.27,-13.9375,-4.3125,272.75,-0.014437,0,0,26.76923,0,0,1000,11,-1.343658
08.08.2026,02:49:19,53107,0.033752,0.070091,-0.1,-0.26,-14,-4.375,272.75,-0.012669,0,0,26.76797,0,0,1000,11,-2.444862
08.08.2026,02:49:19,53213,0.045003,0.050498,-0.07,-0.24,-14,-4.375,272.75,-0.011578,0,0,26.76681,0,0,1000,11,-1.864716
08.08.2026,02:49:19,53319,0.047048,0.06087,-0.1,-0.25,-14,-4.375,272.75,-0.012217,0,0,26.76558,0,0,1000,11,-1.46582
08.08.2026,02:49:19,53425,0.038866,0.071612,-0.11,-0.21,-13.875,-4.375,272.75,-0.010876,0,0,26.7645,0,0,1000,11,-1.469223
08.08.2026,02:49:19,53531,0.04398,0.091916,-0.12,-0.25,-13.8125,-4.375,272.75,-0.00947,0,0,26.76355,0,0,1000,11,-1.936272
08.08.2026,02:49:19,53637,0.038866,0.062159,-0.11,-0.26,-13.6875,-4.375,272.75,-0.00758,0,0,26.76279,0,0,1000,11,-2.802208
08.08.2026,02:49:19,53743,0.037843,0.082388,-0.11,-0.28,-13.5625,-4.375,272.8125,-0.007109,0,0,26.76208,0,0,1000,11.25,-2.866974
08.08.2026,02:49:19,53849,0.037843,0.072591,-0.1,-0.28,-13.5625,-4.375,272.8125,-0.006309,0,0,26.76145,0,0,1000,11.25,-2.993111
08.08.2026,02:49:19,53955,0.040911,0.07279,-0.12,-0.29,-13.625,-4.375,272.8125,-0.006186,0,0,26.76083,0,0,1000,11.25,-2.989716
08.08.2026,02:49:19,54061,0.04398,0.092984,-0.12,-0.28,-13.75,-4.375,272.75,-0.006043,0,0,26.76023,0,0,1000,11,-2.802208
08.08.2026,02:49:19,54167,0.040911,0.113122,-0.11,-0.29,-13.875,-4.375,272.75,-0.004314,0,0,26.7598,0,0,1000,11,-1.561836
08.08.2026,02:49:19,54273,0.03682,0.113175,-0.11,-0.3,-14,-4.375,272.75,-0.00165,0,0,26.75963,0,0,1000,11,-1.834023
08.08.2026,02:49:19,54379,0.034775,0.083134,-0.1,-0.27,-14.0625,-4.5,272.75,0.001294,0,0,26.75976,0,0,1000,11,-1.370377
08.08.2026,02:49:19,54485,0.04398,0.083021,-0.11,-0.26,-14.0625,-4.625,272.75,0.003505,0,0,26.76011,0,0,1000,11,-2.137459
08.08.2026,02:49:19,54591,0.042957,0.082881,-0.13,-0.24,-14,-4.625,272.8125,0.004368,0,0,26.76055,0,0,1000,11.25,-1.649925
08.08.2026,02:49:19,54697,0.038866,0.102734,-0.11,-0.23,-13.875,-4.625,272.8125,0.004574,0,0,26.76101,0,0,1000,11.25,-2.702797
08.08.2026,02:49:19,54803,0.03682,0.122554,-0.14,-0.27,-13.8125,-4.625,272.8125,0.00742,0,0,26.76231,0,0,1000,11.25,-2.856781
08.08.2026,02:49:19,54909,0.042957,0.132315,-0.1,-0.29,-13.6875,-4.5625,272.8125,0.010013,0,0,26.76331,0,0,1000,11.25,-2.528893
08.08.2026,02:49:19,55015,0.033752,0.111612,-0.11,-0.28,-13.625,-4.5,272.8125,0.011867,0,0,26.7645,0,0,1000,11.25,-3.419281
08.08.2026,02:49:19,55121,0.042957,0.111206,-0.1,-0.28,-13.625,-4.4375,272.8125,0.012632,0,0,26.76576,0,0,1000,11.25,-2.283989
08.08.2026,02:49:19,55227,0.038866,0.0808,-0.09,-0.26,-13.625,-4.375,272.8125,0.012618,0,0,26.76702,0,0,1000,11.25,-3.020393
08.08.2026,02:49:19,55333,0.038866,0.090433,-0.08,-0.27,-13.625,-4.375,272.8125,0.011402,0,0,26.76817,0,0,1000,11.25,-2.959023
08.08.2026,02:49:19,55439,0.03682,0.080108,-0.08,-0.27,-13.6875,-4.375,272.8125,0.010104,0,0,26.76918,0,0,1000,11.25,-2.372635
08.08.2026,02:49:19,55545,0.035797,0.049875,-0.06,-0.28,-13.6875,-4.375,272.8125,0.007259,0,0,26.7699,0,0,1000,11.25,-2.372643
08.08.2026,02:49:19,55651,0.047048,0.049748,-0.05,-0.27,-13.6875,-4.3125,272.8125,0.003954,0,0,26.7703,0,0,1000,11.25,-2.863571
08.08.2026,02:49:19,55757,0.041934,0.049748,-0.05,-0.29,-13.6875,-4.1875,272.8125,0.000004671932,0,0,26.7703,0,0,1000,11.25,-3.354515
08.08.2026,02:49:19,55863,0.035797,0.04985,-0.04,-0.27,-13.625,-4.125,272.8125,-0.003178,0,0,26.76998,0,0,1000,11.25,-3.051079
08.08.2026,02:49:19,55969,0.038866,0.060015,-0.07,-0.27,-13.5,-4.125,272.8125,-0.00515,0,0,26.76946,0,0,1000,11.25,-3.518127
08.08.2026,02:49:19,56075,0.041934,0.040252,-0.04,-0.3,-13.375,-4.1875,272.8125,-0.007368,0,0,26.76873,0,0,1000,11.25,-3.889725
08.08.2026,02:49:19,56181,0.040911,0.020589,-0.07,-0.28,-13.3125,-4.1875,272.8125,-0.010482,0,0,26.76768,0,0,1000,11.25,-3.985176
08.08.2026,02:49:19,56287,0.038866,0.041029,-0.04,-0.3,-13.3125,-4.1875,272.8125,-0.013664,0,0,26.76631,0,0,1000,11.25,-4.387459
08.08.2026,02:49:19,56393,0.033752,0.041558,-0.05,-0.29,-13.3125,-4.1875,272.8125,-0.016452,0,0,26.76467,0,0,1000,11.25,-3.896523
08.08.2026,02:49:19,56499,0.038866,0.042143,-0.05,-0.29,-13.3125,-4.1875,272.8125,-0.018182,0,0,26.76285,0,0,1000,11.25,-3.405586
08.08.2026,02:49:19,56605,0.038866,0.05275,-0.02,-0.28,-13.3125,-4.1875,272.8125,-0.019746,0,0,26.75899,0,0,1000,11.25,-3.988579
08.08.2026,02:49:19,56711,0.040911,0.043385,-0.01,-0.28,-13.3125,-4.1875,272.8125,-0.02021,0,0,26.75697,0,0,1000,11.25,-3.896523
08.08.2026,02:49:19,56817,0.037843,0.054035,0.03,-0.29,-13.3125,-4.1875,272.8125,-0.019804,0,0,26.75499,0,0,1000,11.25,-3.927216
08.08.2026,02:49:19,56923,0.041934,0.084672,0,-0.28,-13.3125,-4.1875,272.8125,-0.018816,0,0,26.7531,0,0,1000,11.25,-3.252174
08.08.2026,02:49:19,57029,0.038866,0.035817,0,-0.3,-13.25,-4.1875,272.8125,-0.016803,0,0,26.75142,0,0,1000,11.25,-3.743111
08.08.2026,02:49:19,57135,0.035797,0.056351,0,-0.26,-13.1875,-4.3125,272.8125,-0.016608,0,0,26.74976,0,0,1000,11.25,-4.547676
08.08.2026,02:49:19,57241,0.03682,0.056866,0.02,-0.28,-13.0625,-4.375,272.8125,-0.015997,0,0,26.74816,0,0,1000,11.25,-4.799942
08.08.2026,02:49:19,57347,0.041934,0.067368,0.04,-0.3,-12.9375,-4.375,272.875,-0.015635,0,0,26.7466,0,0,1000,11.5,-4.987442
08.08.2026,02:49:19,57453,0.038866,0.067839,0.03,-0.29,-12.8125,-4.3125,272.875,-0.014622,0,0,26.74513,0,0,1000,11.5,-5.209023
08.08.2026,02:49:19,57559,0.047048,0.078269,0.02,-0.3,-12.8125,-4.3125,272.875,-0.01339,0,0,26.7438,0,0,1000,11.5,-5.304474
08.08.2026,02:49:19,57665,0.041934,0.108638,0.04,-0.28,-12.8125,-4.3125,272.875,-0.011457,0,0,26.74265,0,0,1000,11.5,-5.979515
08.08.2026,02:49:19,57771,0.04398,0.098894,0.02,-0.3,-12.8125,-4.3125,272.875,-0.007963,0,0,26.74185,0,0,1000,11.5,-5.120377
08.08.2026,02:49:19,57877,0.038866,0.089045,0.04,-0.28,-12.8125,-4.375,272.875,-0.004697,0,0,26.74138,0,0,1000,11.5,-5.672676
08.08.2026,02:49:19,57983,0.03682,0.0891,0.06,-0.31,-12.8125,-4.5,272.875,-0.001735,0,0,26.74121,0,0,1000,11.5,-5.94883
08.08.2026,02:49:19,58089,0.030684,0.089081,0.06,-0.29,-12.8125,-4.5625,272.8125,0.000596,0,0,26.74127,0,0,1000,11.25,-4.997643
08.08.2026,02:49:19,58195,0.034775,0.069022,0.08,-0.31,-12.75,-4.5625,272.875,0.001841,0,0,26.74146,0,0,1000,11.5,-5.001038
08.08.2026,02:49:19,58301,0.042957,0.088923,0.08,-0.25,-12.625,-4.5,272.8125,0.003989,0,0,26.74216,0,0,1000,11.25,-6.330063
08.08.2026,02:49:19,58407,0.039889,0.088794,0.1,-0.29,-12.5,-4.4375,272.875,0.005273,0,0,26.74269,0,0,1000,11.5,-6.303345
08.08.2026,02:49:19,58513,0.037843,0.118359,0.12,-0.33,-12.375,-4.4375,272.8125,0.00828,0,0,26.74352,0,0,1000,11.5,-6.582893
08.08.2026,02:49:19,58619,0.03682,0.128007,0.11,-0.3,-12.3125,-4.4375,272.8125,0.010942,0,0,26.74461,0,0,1000,11.25,-7.199959
08.08.2026,02:49:19,58725,0.039889,0.107568,0.12,-0.29,-12.3125,-4.5,272.75,0.013637,0,0,26.74598,0,0,1000,11,-7.203362
08.08.2026,02:49:19,58831,0.03682,0.117071,0.15,-0.27,-12.3125,-4.5625,272.6875,0.015474,0,0,26.74752,0,0,1000,10.75,-6.804474
08.08.2026,02:49:19,58937,0.034775,0.096524,0.14,-0.29,-12.3125,-4.625,272.625,0.01699,0,0,26.74922,0,0,1000,10.5,-7.234047
08.08.2026,02:49:19,59043,0.038866,0.095969,0.15,-0.28,-12.3125,-4.625,272.5625,0.017257,0,0,26.75095,0,0,1000,10.25,-6.344215
08.08.2026,02:49:19,59149,0.032729,0.095407,0.13,-0.29,-12.4375,-4.5,272.5625,0.01748,0,0,26.7527,0,0,1000,10.25,-6.340828
08.08.2026,02:49:19,59255,0.037843,0.104848,0.11,-0.31,-12.5,-4.4375,272.5,0.017403,0,0,26.75443,0,0,1000,10,-6.361877
08.08.2026,02:49:19,59361,0.046025,0.094293,0.12,-0.28,-12.5,-4.375,272.4375,0.017252,0,0,26.75616,0,0,1000,9.75,-6.364716
08.08.2026,02:49:19,59467,0.037843,0.063748,0.12,-0.29,-12.5,-4.25,272.3125,0.016937,0,0,26.75785,0,0,1000,9.5,-7.039742
08.08.2026,02:49:19,59573,0.034775,0.053269,0.1,-0.28,-12.4375,-4.3125,272.25,0.014911,0,0,26.75935,0,0,1000,9.25,-6.828362
08.08.2026,02:49:19,59679,0.042957,0.042874,0.1,-0.31,-12.4375,-4.3125,272.1875,0.012275,0,0,26.76057,0,0,1000,8.75,-6.276054
08.08.2026,02:49:19,59785,0.035797,0.052626,0.1,-0.28,-12.4375,-4.25,272.125,0.007727,0,0,26.76135,0,0,1000,8.5,-6.674942
08.08.2026,02:49:19,59891,0.030684,0.032501,0.1,-0.29,-12.4375,-4.25,272.0625,0.003887,0,0,26.76174,0,0,1000,8.25,-6.15332
08.08.2026,02:49:19,59997,0.033752,0.04249,0.1,-0.29,-12.5,-4.1875,271.9375,0.00034,0,0,26.76177,0,0,1000,7.75,-5.56694
08.08.2026,02:49:19,60103,0.038866,0.052595,0.07,-0.3,-12.5625,-4.125,271.875,-0.005807,0,0,26.76086,0,0,1000,7.5,-6.023788
08.08.2026,02:49:19,60209,0.027615,0.062782,0.09,-0.3,-12.5625,-4.125,271.8125,-0.006585,0,0,26.7602,0,0,1000,7.25,-6.852249
08.08.2026,02:49:19,60315,0.032729,0.022994,0.07,-0.3,-12.5625,-4.1875,271.6875,-0.007576,0,0,26.75945,0,0,1000,6.59375,-5.93174
08.08.2026,02:49:19,60421,0.034775,0.043237,0.1,-0.3,-12.5625,-4.25,271.625,-0.00927,0,0,26.75852,0,0,1000,6.5,-6.637459
08.08.2026,02:49:19,60527,0.042957,0.033893,0.1,-0.28,-12.5,-4.25,271.5,-0.011131,0,0,26.75741,0,0,1000,6.25,-6.73291
08.08.2026,02:49:19,60633,0.038866,0.04429,0.11,-0.27,-12.5,-4.25,271.4375,-0.012344,0,0,26.75617,0,0,1000,5.75,-5.843086
08.08.2026,02:49:19,60739,0.031706,0.044705,0.1,-0.3,-12.4375,-4.3125,271.3125,-0.012897,0,0,26.75488,0,0,1000,5.09375,-6.705627
08.08.2026,02:49:19,60845,0.039889,0.065133,0.12,-0.32,-12.375,-4.3125,271.25,-0.013304,0,0,26.75355,0,0,1000,5,-6.678345
08.08.2026,02:49:19,60951,0.04398,0.08555,0.13,-0.31,-12.25,-4.3125,271.1875,-0.012974,0,0,26.75225,0,0,1000,4.75,-7.326096
08.08.2026,02:49:19,61057,0.032729,0.085897,0.12,-0.29,-12.25,-4.3125,271.1875,-0.010783,0,0,26.75118,0,0,1000,4.75,-7.114716
08.08.2026,02:49:19,61163,0.027615,0.086186,0.12,-0.3,-12.25,-4.375,271.125,-0.008986,0,0,26.75028,0,0,1000,4.34375,-7.268127
08.08.2026,02:49:19,61269,0.033752,0.086389,0.14,-0.29,-12.25,-4.4375,271.125,-0.006323,0,0,26.74965,0,0,1000,4.5,-6.408989
08.08.2026,02:49:19,61375,0.035797,0.086531,0.14,-0.29,-12.25,-4.5,271.0625,-0.004401,0,0,26.7492,0,0,1000,4.09375,-7.053337
08.08.2026,02:49:19,61481,0.032729,0.066623,0.15,-0.3,-12.375,-4.4375,271.0625,-0.002874,0,0,26.74892,0,0,1000,4.25,-7.141998
08.08.2026,02:49:19,61587,0.032729,0.086709,0.1,-0.3,-12.4375,-4.375,271.125,-0.002659,0,0,26.74865,0,0,1000,4.5,-6.273224
08.08.2026,02:49:19,61693,0.033752,0.086782,0.12,-0.3,-12.5,-4.3125,271.125,-0.002283,0,0,26.74842,0,0,1000,4.5,-6.978378
08.08.2026,02:49:19,61799,0.032729,0.07685,0.11,-0.27,-12.5625,-4.25,271.125,-0.002116,0,0,26.74821,0,0,1000,4.5,-6.207893
08.08.2026,02:49:19,61905,0.033752,0.066916,0.07,-0.3,-12.5,-4.1875,271.125,-0.003105,0,0,26.7477,0,0,1000,4.5,-6.334023
08.08.2026,02:49:19,62011,0.033752,0.037159,0.08,-0.29,-12.5,-4.1875,271.125,-0.004448,0,0,26.74725,0,0,1000,4.5,-6.487442
08.08.2026,02:49:19,62117,0.030684,0.047389,0.1,-0.29,-12.5,-4.125,271.125,-0.007162,0,0,26.74654,0,0,1000,4.5,-6.487442
08.08.2026,02:49:19,62223,0.03682,0.007705,0.08,-0.29,-12.5,-4.125,271.125,-0.009837,0,0,26.74555,0,0,1000,4.5,-6.272659
08.08.2026,02:49:19,62329,0.028638,0.028131,0.09,-0.3,-12.5625,-4.125,271.125,-0.013247,0,0,26.74423,0,0,1000,4.5,-6.606781
08.08.2026,02:49:19,62435,0.039889,0.018636,0.1,-0.3,-12.5625,-4.0625,271.125,-0.01571,0,0,26.74265,0,0,1000,4.5,-6.299942
08.08.2026,02:49:19,62541,0.040911,0.03918,0.11,-0.32,-12.5625,-4.0625,271.125,-0.016897,0,0,26.74096,0,0,1000,4.5,-6.760193
08.08.2026,02:49:19,62647,0.040911,0.049759,0.1,-0.3,-12.5625,-4.0625,271.125,-0.018012,0,0,26.73916,0,0,1000,4.5,-6.085159
08.08.2026,02:49:19,62753,0.031706,0.040369,0.1,-0.28,-12.5625,-4.0625,271.125,-0.01897,0,0,26.73727,0,0,1000,4.5,-6.085159
08.08.2026,02:49:19,62859,0.031706,0.030986,0.1,-0.31,-12.5625,-4.0625,271.125,-0.019193,0,0,26.73535,0,0,1000,4.5,-6.361313
08.08.2026,02:49:19,62965,0.035797,0.031628,0.1,-0.3,-12.5,-4.0625,271.125,-0.019976,0,0,26.73335,0,0,1000,4.5,-6.272659
08.08.2026,02:49:19,63071,0.028638,0.022311,0.1,-0.28,-12.375,-4.0625,271.125,-0.02124,0,0,26.73123,0,0,1000,4.5,-6.797676
08.08.2026,02:49:19,63177,0.029661,0.023046,0.1,-0.3,-12.375,-4.0625,271.125,-0.022833,0,0,26.72894,0,0,1000,4.5,-6.923813
08.08.2026,02:49:19,63283,0.028638,0.023826,0.11,-0.29,-12.375,-4.0625,271.125,-0.024269,0,0,26.72652,0,0,1000,4.5,-6.555611
08.08.2026,02:49:19,63389,0.033752,0.044626,0.12,-0.28,-12.375,-4.0625,271.125,-0.024863,0,0,26.72403,0,0,1000,4.5,-6.831757
08.08.2026,02:49:19,63495,0.033752,0.045398,0.11,-0.29,-12.375,-4.0625,271.125,-0.024022,0,0,26.72163,0,0,1000,4.5,-6.218086
08.08.2026,02:49:19,63601,0.03682,0.026185,0.13,-0.29,-12.375,-4.0625,271.125,-0.024096,0,0,26.71677,0,0,1000,4.5,-6.678337
08.08.2026,02:49:19,63707,0.030684,0.036959,0.11,-0.28,-12.375,-4.0625,271.125,-0.022772,0,0,26.7145,0,0,1000,4.5,-7.230644
08.08.2026,02:49:19,63813,0.037843,0.047692,0.14,-0.29,-12.375,-4.0625,271.125,-0.02114,0,0,26.71238,0,0,1000,4.5,-6.616974
08.08.2026,02:49:19,63919,0.038866,0.048371,0.14,-0.29,-12.375,-4.125,271.125,-0.019336,0,0,26.71045,0,0,1000,4.5,-6.279449
08.08.2026,02:49:19,64025,0.040911,0.039597,0.15,-0.29,-12.25,-4.1875,271.1875,-0.018788,0,0,26.70857,0,0,1000,4.90625,-6.712418
08.08.2026,02:49:19,64131,0.030684,0.030199,0.14,-0.33,-12.25,-4.125,271.1875,-0.018721,0,0,26.7067,0,0,1000,4.75,-6.807877
08.08.2026,02:49:19,64237,0.031706,0.030805,0.15,-0.31,-12.25,-4.0625,271.1875,-0.01882,0,0,26.70481,0,0,1000,4.75,-7.053345
08.08.2026,02:49:19,64343,0.031706,0.051381,0.12,-0.3,-12.3125,-4,271.1875,-0.017929,0,0,26.70302,0,0,1000,4.75,-7.50737
08.08.2026,02:49:19,64449,0.029661,0.041899,0.1,-0.3,-12.375,-4,271.1875,-0.016092,0,0,26.70141,0,0,1000,4.75,-6.647659
08.08.2026,02:49:19,64555,0.031706,0.052381,0.09,-0.3,-12.4375,-3.9375,271.1875,-0.015011,0,0,26.69991,0,0,1000,4.75,-6.616974
08.08.2026,02:49:19,64661,0.031706,0.032834,0.11,-0.3,-12.4375,-4,271.1875,-0.014071,0,0,26.6985,0,0,1000,4.75,-6.736313
08.08.2026,02:49:19,64767,0.035797,0.043294,0.1,-0.32,-12.5,-4.0625,271.1875,-0.014305,0,0,26.69707,0,0,1000,4.75,-5.935143
08.08.2026,02:49:19,64873,0.038866,0.023758,0.09,-0.3,-12.5625,-4.0625,271.1875,-0.014429,0,0,26.69563,0,0,1000,4.75,-5.928909
08.08.2026,02:49:19,64979,0.034775,0.034273,0.09,-0.28,-12.5625,-4,271.1875,-0.016025,0,0,26.69403,0,0,1000,4.75,-6.882935
08.08.2026,02:49:19,65085,0.029661,0.024813,0.09,-0.31,-12.625,-4,271.1875,-0.016804,0,0,26.69235,0,0,1000,4.75,-5.805611
08.08.2026,02:49:19,65191,0.033752,0.045364,0.08,-0.28,-12.625,-4,271.1875,-0.017123,0,0,26.69064,0,0,1000,4.75,-5.682877
08.08.2026,02:49:19,65297,0.032729,0.055898,0.1,-0.3,-12.625,-4,271.1875,-0.016608,0,0,26.68897,0,0,1000,4.75,-6.388596
08.08.2026,02:49:19,65403,0.034775,0.026373,0.07,-0.29,-12.625,-4,271.1875,-0.013936,0,0,26.6861,0,0,1000,4.75,-5.866974
08.08.2026,02:49:19,65509,0.035797,0.067252,0.09,-0.32,-12.625,-4,271.1875,-0.013401,0,0,26.68476,0,0,1000,4.75,-6.542015
08.08.2026,02:49:19,65615,0.031706,0.027629,0.07,-0.3,-12.625,-4,271.1875,-0.011727,0,0,26.68359,0,0,1000,4.75,-6.971581
08.08.2026,02:49:19,65721,0.031706,0.018002,0.08,-0.3,-12.625,-4,271.1875,-0.011596,0,0,26.68243,0,0,1000,4.75,-6.664749
08.08.2026,02:49:19,65827,0.027615,0.028402,0.07,-0.28,-12.625,-4,271.1875,-0.012463,0,0,26.68118,0,0,1000,4.75,-6.542015
08.08.2026,02:49:19,65933,0.027615,0.038817,0.07,-0.28,-12.625,-4,271.1875,-0.012887,0,0,26.6799,0,0,1000,4.75,-6.542015
08.08.2026,02:49:19,66039,0.026592,0.049213,0.08,-0.28,-12.625,-4,271.1875,-0.012313,0,0,26.67866,0,0,1000,4.75,-6.112442
08.08.2026,02:49:19,66145,0.037843,0.049574,0.07,-0.29,-12.625,-4,271.1875,-0.011231,0,0,26.67754,0,0,1000,4.75,-6.143127
08.08.2026,02:49:19,66251,0.030684,0.0399,0.08,-0.3,-12.625,-4,271.1875,-0.010137,0,0,26.67653,0,0,1000,4.75,-6.72612
08.08.2026,02:49:19,66357,0.027615,0.030221,0.08,-0.29,-12.625,-4,271.1875,-0.009994,0,0,26.67553,0,0,1000,4.75,-6.112442
08.08.2026,02:49:19,66463,0.029661,0.010556,0.08,-0.27,-12.625,-4,271.1875,-0.010423,0,0,26.67449,0,0,1000,4.75,-6.634064
08.08.2026,02:49:19,66569,0.035797,0.020941,0.08,-0.28,-12.625,-4,271.1875,-0.011959,0,0,26.67329,0,0,1000,4.75,-5.959023
08.08.2026,02:49:19,66675,0.026592,0.041347,0.09,-0.29,-12.625,-4,271.1875,-0.012622,0,0,26.67203,0,0,1000,4.75,-6.235176
08.08.2026,02:49:19,66781,0.035797,0.03173,0.08,-0.3,-12.625,-3.9375,271.1875,-0.01191,0,0,26.67084,0,0,1000,4.75,-5.682877
08.08.2026,02:49:19,66887,0.027615,0.04211,0.07,-0.28,-12.625,-3.9375,271.1875,-0.011832,0,0,26.66965,0,0,1000,4.75,-5.161255
08.08.2026,02:49:19,66993,0.034775,0.04245,0.04,-0.31,-12.625,-3.9375,271.1875,-0.010564,0,0,26.6686,0,0,1000,4.75,-5.19194
08.08.2026,02:49:19,67099,0.023524,0.042803,0.08,-0.29,-12.625,-3.9375,271.1875,-0.010968,0,0,26.6675,0,0,1000,4.75,-6.634064
08.08.2026,02:49:19,67205,0.028638,0.00314,0.06,-0.31,-12.625,-3.9375,271.1875,-0.011118,0,0,26.66534,0,0,1000,4.75,-5.59082
08.08.2026,02:49:19,67311,0.026592,0.023497,0.09,-0.3,-12.625,-3.9375,271.1875,-0.01327,0,0,26.66401,0,0,1000,4.75,-6.634064
08.08.2026,02:49:19,67417,0.032729,0.024369,0.08,-0.29,-12.625,-3.875,271.1875,-0.013852,0,0,26.66263,0,0,1000,4.75,-5.897659
08.08.2026,02:49:19,67523,0.03682,0.014826,0.08,-0.31,-12.625,-3.875,271.1875,-0.014195,0,0,26.66121,0,0,1000,4.75,-5.989708
08.08.2026,02:49:19,67629,0.04398,0.025317,0.08,-0.31,-12.625,-3.875,271.1875,-0.015286,0,0,26.65968,0,0,1000,4.75,-5.376038
08.08.2026,02:49:19,67735,0.029661,0.045784,0.09,-0.3,-12.625,-3.875,271.1875,-0.014496,0,0,26.65823,0,0,1000,4.75,-7.309105
08.08.2026,02:49:19,67841,0.031706,0.026197,0.08,-0.3,-12.625,-3.875,271.1875,-0.012855,0,0,26.65695,0,0,1000,4.75,-5.866974
08.08.2026,02:49:19,67947,0.028638,0.046593,0.07,-0.31,-12.625,-3.9375,271.1875,-0.012309,0,0,26.65572,0,0,1000,4.75,-6.081757
08.08.2026,02:49:19,68053,0.034775,0.036957,0.08,-0.29,-12.625,-4.0625,271.1875,-0.011329,0,0,26.65458,0,0,1000,4.75,-5.713554
08.08.2026,02:49:19,68159,0.026592,0.007272,0.06,-0.31,-12.625,-4.125,271.1875,-0.009801,0,0,26.6536,0,0,1000,4.75,-6.634064
08.08.2026,02:49:19,68265,0.034775,0.047588,0.06,-0.31,-12.625,-4.125,271.1875,-0.009807,0,0,26.65262,0,0,1000,4.75,-6.388596
08.08.2026,02:49:19,68371,0.030684,0.057837,0.06,-0.33,-12.625,-4.0625,271.1875,-0.007753,0,0,26.65185,0,0,1000,4.75,-5.989708
08.08.2026,02:49:19,68477,0.030684,0.078002,0.07,-0.3,-12.625,-4.0625,271.1875,-0.005132,0,0,26.65134,0,0,1000,4.75,-6.173813
08.08.2026,02:49:19,68583,0.031706,0.108087,0.06,-0.3,-12.625,-4.0625,271.125,-0.002644,0,0,26.65107,0,0,1000,4.75,-6.020393
08.08.2026,02:49:19,68689,0.032729,0.088023,0.08,-0.29,-12.625,-4.125,271.0625,0.001981,0,0,26.65127,0,0,1000,4.09375,-5.59082
08.08.2026,02:49:19,68795,0.034775,0.117811,0.07,-0.29,-12.625,-4.25,271,0.006612,0,0,26.65193,0,0,1000,4,-6.143127
08.08.2026,02:49:19,68901,0.034775,0.127455,0.06,-0.28,-12.625,-4.4375,270.875,0.015899,0,0,26.65463,0,0,1000,3.5,-6.664749
08.08.2026,02:49:19,69007,0.028638,0.086331,0.08,-0.26,-12.5625,-4.625,270.75,0.019081,0,0,26.65653,0,0,1000,3,-6.882927
08.08.2026,02:49:19,69113,0.032729,0.085656,0.09,-0.26,-12.5625,-4.5625,270.625,0.020964,0,0,26.65863,0,0,1000,2.5,-6.146523
08.08.2026,02:49:19,69219,0.034775,0.084978,0.09,-0.26,-12.5625,-4.4375,270.5,0.021093,0,0,26.66074,0,0,1000,2.25,-6.453362
08.08.2026,02:49:19,69325,0.032729,0.104978,0.08,-0.26,-12.5625,-4.1875,270.4375,0.021698,0,0,26.66291,0,0,1000,1.75,-7.220444
08.08.2026,02:49:19,69431,0.033752,0.073541,0.05,-0.27,-12.6875,-3.9375,270.375,0.022993,0,0,26.66521,0,0,1000,1.5,-5.863579
08.08.2026,02:49:19,69537,0.024547,0.072817,0.04,-0.25,-12.8125,-3.9375,270.3125,0.022513,0,0,26.66746,0,0,1000,1.25,-6.013596
08.08.2026,02:49:19,69643,0.024547,0.04213,0.02,-0.26,-12.875,-3.9375,270.3125,0.021352,0,0,26.6696,0,0,1000,1.25,-4.165779
08.08.2026,02:49:19,69749,0.030684,0.011573,0.07,-0.29,-12.875,-4.0625,270.3125,0.017343,0,0,26.67133,0,0,1000,1.25,-4.810143
08.08.2026,02:49:19,69855,0.031706,0.03117,0.03,-0.29,-12.875,-4.0625,270.3125,0.012528,0,0,26.67258,0,0,1000,1.25,-5.362442
08.08.2026,02:49:19,69961,0.028638,0.040924,0.03,-0.34,-12.75,-4.0625,270.3125,0.007647,0,0,26.67335,0,0,1000,1.25,-6.16362
08.08.2026,02:49:19,70067,0.028638,0.070732,0.04,-0.34,-12.625,-4,270.3125,0.00596,0,0,26.67394,0,0,1000,1.25,-5.528885
08.08.2026,02:49:19,70173,0.031706,0.12053,0.04,-0.41,-12.5625,-4,270.3125,0.006286,0,0,26.67457,0,0,1000,1.25,-6.821564
08.08.2026,02:49:19,70279,0.030684,0.150205,0.07,-0.42,-12.4375,-4.0625,270.3125,0.010109,0,0,26.67558,0,0,1000,1.25,-6.800507
08.08.2026,02:49:19,70385,0.027615,0.17966,0.09,-0.41,-12.375,-4.3125,270.1875,0.01696,0,0,26.67728,0,0,1000,0.75,-6.619804
08.08.2026,02:49:19,70491,0.037843,0.148838,0.1,-0.33,-12.4375,-4.8125,269.875,0.025544,0,0,26.67983,0,0,1000,0,-6.586288
08.08.2026,02:49:19,70597,0.031706,0.127772,0.1,-0.29,-12.5,-5.0625,269.625,0.033151,0,0,26.68315,0,0,1000,-1,-7.840919
08.08.2026,02:49:19,70703,0.031706,0.116592,0.12,-0.2,-12.5625,-5.25,269.3125,0.038137,0,0,26.69063,0,0,1000,-2.25,-6.640862
08.08.2026,02:49:19,70809,0.032729,0.045365,0.1,-0.14,-12.6875,-5.0625,269.0625,0.035154,0,0,26.69415,0,0,1000,-3.90625,-5.553909
08.08.2026,02:49:19,70915,0.031706,0.014235,0.06,-0.14,-12.875,-4.5625,268.9375,0.029043,0,0,26.69705,0,0,1000,-4.25,-4.899361
08.08.2026,02:49:19,71021,0.033752,-0.017342,0.02,-0.14,-13.1875,-3.625,268.875,0.019978,0,0,26.69905,0,0,1000,-4.5,-4.361313
08.08.2026,02:49:19,71127,0.029661,-0.037676,0,-0.18,-13.375,-3,269.0625,0.010391,0,0,26.70009,0,0,1000,-3.59375,-3.583458
08.08.2026,02:49:19,71233,0.032729,-0.057676,-0.03,-0.25,-13.375,-2.625,269.3125,0.00006,0,0,26.70009,0,0,1000,-2.4375,-3.616974
08.08.2026,02:49:19,71339,0.030684,-0.057338,-0.05,-0.34,-13.25,-2.625,269.5,-0.010525,0,0,26.69904,0,0,1000,-1.84375,-5.283516
08.08.2026,02:49:19,71445,0.022501,-0.016735,-0.03,-0.41,-12.75,-3,269.75,-0.018737,0,0,26.69717,0,0,1000,-1,-6.135193
08.08.2026,02:49:19,71551,0.030684,0.073999,0.02,-0.45,-12.25,-3.625,269.8125,-0.022832,0,0,26.69489,0,0,1000,-0.75,-6.552208
08.08.2026,02:49:19,71657,0.027615,0.134636,0.06,-0.5,-11.8125,-4.4375,269.625,-0.019825,0,0,26.6929,0,0,1000,-1.25,-8.819298
08.08.2026,02:49:19,71763,0.031706,0.165006,0.13,-0.39,-11.625,-5.125,269.1875,-0.011508,0,0,26.69175,0,0,1000,-3.25,-9.848846
08.08.2026,02:49:19,71869,0.034775,0.145007,0.15,-0.25,-11.8125,-5.5625,268.625,-0.000009981173,0,0,26.69175,0,0,1000,-5.5,-9.219315
08.08.2026,02:49:19,71975,0.028638,0.084721,0.15,-0.16,-12.5625,-5.625,267.9375,0.008882,0,0,26.69264,0,0,1000,-7.5,-7.789749
08.08.2026,02:49:19,72081,0.024547,-0.035675,0.12,-0.1,-13.375,-5.125,267.625,0.012315,0,0,26.69387,0,0,1000,-9.8125,-5.509064
08.08.2026,02:49:19,72187,0.022501,-0.10589,0.04,-0.1,-14,-4.1875,267.625,0.006697,0,0,26.69454,0,0,1000,-9.5,-2.887466
08.08.2026,02:49:19,72293,0.030684,-0.155686,-0.01,-0.12,-14.5,-2.875,267.9375,-0.006344,0,0,26.69391,0,0,1000,-7.9375,0.131889
08.08.2026,02:49:19,72399,0.02557,-0.154922,-0.06,-0.24,-14.5625,-1.625,268.5,-0.023779,0,0,26.69153,0,0,1000,-5.53125,-0.364143
08.08.2026,02:49:19,72505,0.028638,-0.052076,-0.11,-0.43,-14,-0.9375,269.1875,-0.049475,0,0,26.68268,0,0,1000,-3.75,-1.494804
08.08.2026,02:49:19,72611,0.032729,0.047924,-0.07,-0.5,-13.125,-1.5,269.5,-0.050207,0,0,26.67766,0,0,1000,-1.84375,-4.378304
08.08.2026,02:49:19,72717,0.030684,0.119539,0.01,-0.53,-12.125,-2.9375,269.3125,-0.042326,0,0,26.67343,0,0,1000,-3.0625,-8.703362
08.08.2026,02:49:19,72823,0.035797,0.1509,0.09,-0.42,-11.375,-4.625,268.8125,-0.029633,0,0,26.67046,0,0,1000,-5.21875,-10.36188
08.08.2026,02:49:19,72929,0.031706,0.122351,0.15,-0.19,-11,-6.9375,267.6875,-0.015506,0,0,26.66891,0,0,1000,-8,-11.32496
08.08.2026,02:49:19,73035,0.03682,0.002619,0.14,-0.04,-11.375,-7.5625,267.0625,-0.008324,0,0,26.66808,0,0,1000,-11,-10.11811
08.08.2026,02:49:19,73141,0.027615,-0.087078,0.07,-0.03,-12.25,-7,266.75,-0.00942,0,0,26.66714,0,0,1000,-12.75,-7.377174
08.08.2026,02:49:19,73247,0.027615,-0.166404,-0.01,-0.13,-13.3125,-5,267,-0.020956,0,0,26.66504,0,0,1000,-11.6875,-3.268692
08.08.2026,02:49:19,73353,0.021478,-0.065228,-0.08,-0.26,-14.125,-2.1875,267.6875,-0.036568,0,0,26.66138,0,0,1000,-8.46875,-1.171547
08.08.2026,02:49:19,73459,0.029661,0.076143,-0.08,-0.45,-14.375,0.375,268.625,-0.042662,0,0,26.65712,0,0,1000,-5.46875,0.033615
08.08.2026,02:49:19,73565,0.027615,0.177283,-0.07,-0.49,-14,0.3125,269,-0.03545,0,0,26.65357,0,0,1000,-3.6875,-1.952225
08.08.2026,02:49:19,73671,0.032729,0.147937,-0.03,-0.45,-13.4375,-1.375,268.8125,-0.020331,0,0,26.65154,0,0,1000,-5.0625,-3.560707
08.08.2026,02:49:19,73777,0.032729,0.08811,0.03,-0.29,-12.875,-4.5,268.1875,-0.005372,0,0,26.651,0,0,1000,-7.71875,-6.322128
08.08.2026,02:49:19,73883,0.028638,-0.011978,0.09,-0.16,-12.625,-7.4375,267.3125,0.002741,0,0,26.65128,0,0,1000,-10.75,-6.66758
08.08.2026,02:49:19,73989,0.031706,-0.061946,0.08,-0.04,-12.625,-8.8125,266.5625,-0.001005,0,0,26.65117,0,0,1000,-13.5,-6.109612
08.08.2026,02:49:19,74095,0.028638,-0.111652,0.04,-0.13,-12.875,-7.375,266.625,-0.009147,0,0,26.65026,0,0,1000,-14,-6.531815
08.08.2026,02:49:19,74201,0.027615,-0.071041,0,-0.3,-13,-4.25,267.1875,-0.029725,0,0,26.64539,0,0,1000,-10.46875,-5.604515
08.08.2026,02:49:19,74307,0.032729,0.059915,-0.06,-0.46,-13,-1.125,267.8125,-0.030557,0,0,26.64233,0,0,1000,-8.125,-5.355652
08.08.2026,02:49:19,74413,0.026592,0.151595,-0.04,-0.55,-12.75,1.5,268.375,-0.0217,0,0,26.64016,0,0,1000,-6.4375,-5.273224
08.08.2026,02:49:19,74519,0.023524,0.191875,-0.01,-0.52,-12.5625,0.625,268.25,-0.008711,0,0,26.63929,0,0,1000,-6.90625,-6.943726
08.08.2026,02:49:19,74625,0.028638,0.0917,0.02,-0.37,-12.5,-2.375,267.625,0.005455,0,0,26.63984,0,0,1000,-10.125,-6.211288
08.08.2026,02:49:19,74731,0.026592,-0.058538,0.04,-0.21,-12.5625,-6.375,266.8125,0.007407,0,0,26.64058,0,0,1000,-13.375,-5.836861
08.08.2026,02:49:19,74837,0.032729,-0.13844,0.07,-0.04,-12.8125,-9.25,266.25,-0.003047,0,0,26.64027,0,0,1000,-15.3125,-4.991974
08.08.2026,02:49:19,74943,0.032729,-0.177854,0.03,-0.04,-13.375,-8.875,266.25,-0.018247,0,0,26.63845,0,0,1000,-15.5,-4.996033
08.08.2026,02:49:19,75049,0.028638,-0.04678,-0.01,-0.23,-13.75,-5.625,266.75,-0.033401,0,0,26.63511,0,0,1000,-12.375,-3.099983
08.08.2026,02:49:19,75155,0.026592,0.094467,-0.02,-0.4,-13.8125,-1.875,267.4375,-0.038756,0,0,26.63123,0,0,1000,-9.625,-2.611313
08.08.2026,02:49:19,75261,0.021478,0.175467,-0.03,-0.52,-13.5625,1.125,268.125,-0.031093,0,0,26.62812,0,0,1000,-7.03125,-3.827232
08.08.2026,02:49:19,75367,0.02557,0.19598,-0.03,-0.53,-13.125,1.8125,268.3125,-0.015958,0,0,26.62653,0,0,1000,-6.75,-4.85791
08.08.2026,02:49:19,75473,0.030684,0.125979,0,-0.44,-12.5,-1.3125,267.875,0.000031,0,0,26.62653,0,0,1000,-7.75,-6.143127
08.08.2026,02:49:19,75579,0.022501,-0.034428,0.05,-0.24,-12.25,-5.4375,267.0625,0.012661,0,0,26.6278,0,0,1000,-10.75,-7.080627
08.08.2026,02:49:19,75685,0.028638,-0.084769,0.09,-0.1,-12.3125,-8.875,266.375,0.010615,0,0,26.62886,0,0,1000,-14.96875,-7.022659
08.08.2026,02:49:19,75791,0.022501,-0.174788,0.09,-0.06,-12.5625,-9.8125,266.125,0.00058,0,0,26.62892,0,0,1000,-15.5,-5.926079
08.08.2026,02:49:19,75897,0.031706,-0.164292,0.05,-0.15,-12.875,-8.1875,266.375,-0.015407,0,0,26.62737,0,0,1000,-14.1875,-5.111313
08.08.2026,02:49:19,76003,0.024547,0.076736,0.02,-0.35,-13.1875,-2.875,267.1875,-0.036664,0,0,26.62051,0,0,1000,-10.625,-4.977814
08.08.2026,02:49:19,76109,0.027615,0.167915,0,-0.49,-13.25,0.875,267.75,-0.025289,0,0,26.61798,0,0,1000,-8.6875,-4.513596
08.08.2026,02:49:19,76215,0.030684,0.208728,-0.01,-0.56,-13.25,2.375,267.9375,-0.007555,0,0,26.61723,0,0,1000,-8.25,-4.053345
08.08.2026,02:49:19,76321,0.024547,0.158971,-0.02,-0.53,-13.125,0.75,267.75,0.006478,0,0,26.61788,0,0,1000,-9,-5.256798
08.08.2026,02:49:19,76427,0.029661,-0.001237,0,-0.39,-13,-3.1875,267.25,0.013105,0,0,26.61919,0,0,1000,-11,-5.110176
08.08.2026,02:49:19,76533,0.027615,-0.171737,0,-0.16,-12.875,-8.4375,266.625,0.002428,0,0,26.61943,0,0,1000,-13,-5.301071
08.08.2026,02:49:19,76639,0.022501,-0.201307,0,-0.06,-12.875,-9.9375,266.625,-0.01335,0,0,26.61809,0,0,1000,-13.5,-6.282951
08.08.2026,02:49:19,76745,0.017387,-0.170292,-0.02,-0.14,-13,-8.625,266.9375,-0.031571,0,0,26.61494,0,0,1000,-11.9375,-4.868111
08.08.2026,02:49:19,76851,0.026592,-0.028864,-0.03,-0.29,-13.0625,-4.9375,267.5625,-0.044414,0,0,26.61049,0,0,1000,-9.28125,-4.002167
08.08.2026,02:49:19,76957,0.016365,0.172491,0,-0.43,-13.125,0.25,268.25,-0.042122,0,0,26.60628,0,0,1000,-7.03125,-5.379532
08.08.2026,02:49:19,77063,0.027615,0.183448,0.04,-0.45,-13.0625,2.0625,268.5625,-0.029777,0,0,26.60331,0,0,1000,-5.84375,-4.925514
08.08.2026,02:49:19,77169,0.02557,0.123877,0.03,-0.42,-12.9375,1,268.625,-0.013348,0,0,26.60197,0,0,1000,-5.5,-5.3312
08.08.2026,02:49:19,77275,0.030684,-0.076025,0.03,-0.27,-12.8125,-2.3125,268.4375,-0.003034,0,0,26.60167,0,0,1000,-6.40625,-6.319862
08.08.2026,02:49:19,77381,0.027615,-0.185783,0.04,-0.19,-12.8125,-6.0625,268.125,-0.007531,0,0,26.60091,0,0,1000,-7.8125,-5.856781
08.08.2026,02:49:19,77487,0.028638,-0.214959,0.03,-0.14,-13.125,-8.5,267.875,-0.025617,0,0,26.59835,0,0,1000,-8.5,-4.711288
08.08.2026,02:49:19,77593,0.02557,-0.083515,0,-0.19,-13.4375,-7.6875,268.0625,-0.044908,0,0,26.59386,0,0,1000,-8.25,-4.080627
08.08.2026,02:49:19,77699,0.029661,0.088308,-0.01,-0.29,-13.75,-4.9375,268.5625,-0.056685,0,0,26.58819,0,0,1000,-6.5,-2.894257
08.08.2026,02:49:19,77805,0.015342,-0.070015,-0.28,0.05,-13.9375,-1.875,269.3125,-0.037833,0,0,26.57919,0,0,1000,-2.125,-3.405685
08.08.2026,02:49:19,77911,0.010228,0.171202,-0.36,-0.28,-14,1.0625,270.1875,-0.035399,0,0,26.57565,0,0,1000,0.75,-2.570435
08.08.2026,02:49:19,78017,0.011251,0.382224,-0.13,-0.86,-14.125,3.1875,271.125,0.003613,0,0,26.57601,0,0,1000,3.75,-2.134064
08.08.2026,02:49:19,78123,0.013296,0.081261,0.06,-0.75,-13.875,0.6875,271.3125,0.029947,0,0,26.57901,0,0,1000,5.40625,-2.478378
08.08.2026,02:49:19,78229,0,-0.429381,0.49,-0.41,-13.8125,-3.125,271.0625,0.019966,0,0,26.58101,0,0,1000,3.9375,4.967522
08.08.2026,02:49:19,78335,0.021478,-0.028778,0.33,-0.44,-14.1875,-4.1875,271,-0.018741,0,0,26.57913,0,0,1000,4,-1.692596
08.08.2026,02:49:19,78441,0.02557,0.01169,0.39,-0.22,-14.375,-3.25,270.9375,-0.014558,0,0,26.57767,0,0,1000,3.59375,-0.402191
08.08.2026,02:49:19,78547,0.021478,-0.007993,0.36,-0.22,-14.4375,-2.1875,270.9375,-0.00987,0,0,26.57669,0,0,1000,3.75,-0.92041
08.08.2026,02:49:19,78653,0.031706,-0.117682,0.23,-0.15,-14.375,-1,270.9375,-0.009649,0,0,26.57572,0,0,1000,3.90625,-0.586288
08.08.2026,02:49:19,78759,0.028638,0.072945,0.17,-0.38,-13.875,0.5,271,-0.019513,0,0,26.57377,0,0,1000,4,-1.972061
08.08.2026,02:49:19,78865,0.045003,0.093414,0.03,-0.48,-13.125,1.25,270.9375,-0.014582,0,0,26.57232,0,0,1000,3.75,-4.874908
08.08.2026,02:49:19,78971,0.052162,0.12361,0.04,-0.56,-11.875,-0.0625,270.625,-0.006104,0,0,26.5717,0,0,1000,3,-6.501038
08.08.2026,02:49:19,79077,0.058299,-0.076519,-0.05,-0.38,-11,-3.5,270.3125,0.004023,0,0,26.57211,0,0,1000,1.75,-9.28286
08.08.2026,02:49:19,79183,0.065458,-0.216579,-0.13,-0.07,-10.25,-7.0625,270.0625,0.001848,0,0,26.57229,0,0,1000,0.5,-11.22942
08.08.2026,02:49:19,79289,0.067504,-0.286187,-0.11,0.05,-9.625,-9.375,270.0625,-0.012171,0,0,26.57108,0,0,1000,0.40625,-14.90616
08.08.2026,02:49:19,79395,0.066481,-0.175054,-0.13,0.14,-9.1875,-8.8125,270.5,-0.035232,0,0,26.56755,0,0,1000,2.46875,-16.46129
08.08.2026,02:49:19,79501,0.072618,0.126607,-0.03,-0.06,-8.9375,-4.5625,271.625,-0.044355,0,0,26.55795,0,0,1000,6.4375,-15.97772
08.08.2026,02:49:19,79607,0.071595,0.258033,0.04,-0.2,-8.875,-1.4375,272.5625,-0.030409,0,0,26.55491,0,0,1000,10.875,-15.85895
08.08.2026,02:49:19,79713,0.081823,0.029011,0,-0.17,-8.75,-0.75,273.375,-0.013018,0,0,26.55361,0,0,1000,14.125,-15.71516
08.08.2026,02:49:19,79819,0.066481,-0.11057,0.04,-0.09,-8.875,-1.5,274,-0.016162,0,0,26.55199,0,0,1000,16.46875,-15.60782
08.08.2026,02:49:19,79925,0.057276,-0.089199,0,-0.15,-9.875,-1,275.0625,-0.026485,0,0,26.54934,0,0,1000,19,-14.70903
08.08.2026,02:49:19,80031,0.040911,0.171753,0.01,-0.47,-11.125,0.875,275.75,-0.02959,0,0,26.54638,0,0,1000,22,-12.26247
08.08.2026,02:49:19,80137,0.040911,0.312226,0.05,-0.6,-12.625,3.25,276.25,-0.014701,0,0,26.54491,0,0,1000,24.75,-7.302208
08.08.2026,02:49:19,80243,0.024547,0.371726,0.13,-0.61,-14.0625,4.625,276.125,0.01554,0,0,26.54647,0,0,1000,24.1875,-3.634064
08.08.2026,02:49:19,80349,0.014319,0.270246,0.03,-0.6,-15.3125,3.875,275.3125,0.046018,0,0,26.55107,0,0,1000,21.25,1.810802
08.08.2026,02:49:19,80455,0.015342,0.108281,0.16,-0.64,-16.25,0.8125,273.5,0.061093,0,0,26.55718,0,0,1000,15.75,3.617069
08.08.2026,02:49:19,80561,0.005114,0.066244,0.27,-0.69,-16.5625,-2,272.0625,0.063352,0,0,26.56351,0,0,1000,6.84375,4.131798
08.08.2026,02:49:19,80667,0.009205,-0.155755,0.29,-0.52,-16.25,-3.875,271.0625,0.062179,0,0,26.56973,0,0,1000,3.46875,4.554573
08.08.2026,02:49:19,80773,0.010228,-0.267133,0.23,-0.24,-16,-4.3125,270.4375,0.042852,0,0,26.57402,0,0,1000,1.4375,2.536915
08.08.2026,02:49:19,80879,0.016365,-0.377631,0.12,-0.07,-15.8125,-3.5,270.3125,0.015473,0,0,26.57557,0,0,1000,1.25,2.713654
08.08.2026,02:49:19,80985,0.021478,-0.166943,-0.08,-0.17,-15.875,1,270.4375,-0.021391,0,0,26.57343,0,0,1000,1.5,4.12849
08.08.2026,02:49:19,81091,0.020456,0.104464,-0.28,-0.47,-15.9375,5.5,270.625,-0.043746,0,0,26.56905,0,0,1000,2.25,2.720451
08.08.2026,02:49:19,81197,0.013296,0.29589,-0.33,-0.59,-15.875,7.3125,271.0625,-0.044346,0,0,26.56462,0,0,1000,4.71875,3.450623
08.08.2026,02:49:19,81303,0.017387,0.056518,-0.27,-0.47,-15.625,4,271.8125,-0.001245,0,0,26.56254,0,0,1000,8.03125,1.473282
08.08.2026,02:49:19,81409,0.022501,-0.213172,-0.28,-0.18,-15.5625,-5.375,273.125,-0.008397,0,0,26.5617,0,0,1000,10.5,2.117069
08.08.2026,02:49:19,81515,0.026592,-0.452118,-0.3,0.01,-15.75,-10.9375,274.3125,-0.0328,0,0,26.55842,0,0,1000,15.5,2.860271
08.08.2026,02:49:19,81621,0.024547,-0.449855,-0.38,0.01,-15.8125,-13.125,275.9375,-0.070365,0,0,26.55138,0,0,1000,21.75,3.115936
08.08.2026,02:49:19,81727,0.021478,-0.266686,-0.35,-0.15,-15.4375,-10.5,277.625,-0.098536,0,0,26.54153,0,0,1000,31.75,1.616501
08.08.2026,02:49:19,81833,0.029661,-0.193211,-0.32,-0.22,-15.125,-4.1875,279.25,-0.108077,0,0,26.53072,0,0,1000,38.25,1.228474
08.08.2026,02:49:19,81939,0.023524,0.35012,-0.28,-0.44,-14.125,3.5,281.3125,-0.103588,0,0,26.52036,0,0,1000,45.21875,-2.318726
08.08.2026,02:49:19,82045,0.023524,0.072287,-0.17,-0.43,-13.375,4.0625,282.5,-0.067369,0,0,26.51363,0,0,1000,50,-4.108482
08.08.2026,02:49:19,82151,0.022501,-0.216064,-0.1,-0.26,-13,0.8125,283.375,-0.051276,0,0,26.5085,0,0,1000,50,-5.054474
08.08.2026,02:49:19,82257,0.028638,-0.254167,-0.13,-0.2,-12.9375,-1.5625,284.125,-0.059009,0,0,26.5026,0,0,1000,50,-5.512466
08.08.2026,02:49:19,82363,0.026592,0.038178,-0.29,-0.3,-13.1875,-1.875,285.125,-0.072916,0,0,26.49531,0,0,1000,50,-4.265862
08.08.2026,02:49:19,82469,0.021478,0.550174,-0.43,-0.44,-13.8125,-0.0625,286.8125,-0.062058,0,0,26.4891,0,0,1000,50,-3.318733
08.08.2026,02:49:19,82575,0.017387,0.270594,-0.3,-0.51,-14.0625,0.8125,288.3125,-0.013076,0,0,26.48779,0,0,1000,50,-2.911346
08.08.2026,02:49:19,82681,0.012273,-0.120158,-0.09,-0.59,-14.75,0.6875,289.8125,0.02338,0,0,26.49013,0,0,1000,50,-0.729515
08.08.2026,02:49:19,82787,0.02557,-0.160849,-0.14,-0.46,-15.5,0.5625,291.1875,0.021502,0,0,26.49228,0,0,1000,50,2.04211
08.08.2026,02:49:19,82893,0.024547,-0.051047,-0.14,-0.36,-16.125,-0.75,292.3125,0.006147,0,0,26.4929,0,0,1000,50,4.398888
08.08.2026,02:49:19,82999,0.033752,0.008949,-0.13,-0.28,-17,-4.0625,292.9375,0.000125,0,0,26.49291,0,0,1000,50,6.639256
08.08.2026,02:49:19,83105,0.035797,-0.001096,-0.2,-0.29,-17.625,-6.5,293.0625,0.001124,0,0,26.49316,0,0,1000,50,8.425606
08.08.2026,02:49:19,83211,0.026592,0.578868,-0.46,-0.46,-18.1875,-9.1875,293.0625,0.011155,0,0,26.49428,0,0,1000,50,10.52219
08.08.2026,02:49:19,83317,0.03682,-0.141491,-0.21,-0.31,-18.6875,-13.3125,293.1875,0.026205,0,0,26.4969,0,0,1000,50,12.05287
08.08.2026,02:49:19,83423,0.04398,-0.192334,-0.14,-0.13,-19,-15.0625,293.75,0.004762,0,0,26.49738,0,0,1000,50,14.02795
08.08.2026,02:49:19,83529,0.049094,0.1775,0.11,-0.15,-19.25,-13.25,295.4375,0.000409,0,0,26.49742,0,0,1000,50,14.34214
08.08.2026,02:49:19,83635,0.064435,0.426847,0.04,-0.15,-19.375,-11.9375,297.125,0.020315,0,0,26.49945,0,0,1000,50,15.52115
08.08.2026,02:49:19,83741,0.071595,0.345008,-0.04,-0.14,-19.375,-12.0625,299.0625,0.057172,0,0,26.50516,0,0,1000,50,14.41371
08.08.2026,02:49:19,83847,0.082846,0.12246,-0.1,-0.19,-19.25,-13.25,300.8125,0.079234,0,0,26.51309,0,0,1000,50,15.75699
08.08.2026,02:49:19,83953,0.081823,-0.210067,-0.44,-0.1,-18.875,-13.125,303.6875,0.078594,0,0,26.52095,0,0,1000,50,13.66031
08.08.2026,02:49:19,84059,0.094096,0.108144,-0.41,-0.34,-18.625,-9.5625,305.75,0.055632,0,0,26.52651,0,0,1000,50,14.34224
08.08.2026,02:49:19,84165,0.108415,0.166636,-0.14,-0.35,-18.4375,-5,308.125,0.046887,0,0,26.5312,0,0,1000,50,13.04673
08.08.2026,02:49:19,84271,0.116597,0.214844,-0.04,-0.42,-18.0625,-2.3125,310.25,0.055731,0,0,26.53677,0,0,1000,50,12.80249
08.08.2026,02:49:19,84377,0.126825,0.152724,-0.09,-0.43,-17.5,-2.25,312,0.065921,0,0,26.54336,0,0,1000,50,11.44968
08.08.2026,02:49:19,84483,0.141144,0.030549,0.01,-0.29,-16.25,-5.6875,313.8125,0.067639,0,0,26.55013,0,0,1000,50,8.570717
08.08.2026,02:49:19,84589,0.162623,-0.141654,-0.07,0.09,-14.75,-10.4375,314.9375,0.068498,0,0,26.55698,0,0,1000,50,5.097435
08.08.2026,02:49:19,84695,0.151372,-0.313249,-0.09,0.33,-13.1875,-13.5625,315.9375,0.049601,0,0,26.56194,0,0,1000,50,-2.913422
08.08.2026,02:49:19,84801,0.165691,-0.063929,-0.04,0.23,-11.3125,-13.1875,317.3125,0.003125,0,0,26.56437,0,0,1000,50,-7.283226
08.08.2026,02:49:19,84907,0.165691,0.15597,-0.05,-0.13,-9.5625,-9.9375,318.9375,0.000976,0,0,26.56446,0,0,1000,50,-12.31561
08.08.2026,02:49:19,85013,0.175919,0.025699,0.15,-0.43,-7.3125,-6.75,320.875,0.007464,0,0,26.56521,0,0,1000,50,-16.28493
08.08.2026,02:49:19,85119,0.182056,-0.014458,-0.04,-0.36,-5.625,-6.125,322,0.004886,0,0,26.5657,0,0,1000,50,-20.82242
08.08.2026,02:49:19,85225,0.184101,0.045371,-0.08,-0.44,-3.875,-6.75,322.875,0.005313,0,0,26.56623,0,0,1000,50,-26.72017
08.08.2026,02:49:19,85331,0.193306,0.04524,-0.14,-0.4,-2.125,-8.6875,323.375,0.004087,0,0,26.56664,0,0,1000,50,-34.36046
08.08.2026,02:49:19,85437,0.202511,-0.194913,-0.19,-0.25,-0.125,-11.9375,323.625,0.004738,0,0,26.56711,0,0,1000,50,-38.14624
08.08.2026,02:49:19,85543,0.202511,-0.08455,-0.19,-0.2,1,-13.375,323.8125,-0.011281,0,0,26.56598,0,0,1000,50,-40
08.08.2026,02:49:19,85649,0.217853,-0.164026,-0.12,-0.27,1.5,-13.8125,323.875,-0.016293,0,0,26.56436,0,0,1000,50,-40
08.08.2026,02:49:19,85755,0.227058,-0.103353,-0.14,0.1,1.1875,-12.75,323.75,-0.020921,0,0,26.56226,0,0,1000,50,-40
08.08.2026,02:49:19,85861,0.228081,0.157362,-0.12,-0.09,0.5,-10.125,323.8125,-0.02224,0,0,26.56004,0,0,1000,50,-38.69505
08.08.2026,02:49:19,85967,0.232172,0.657482,-0.1,-0.48,-0.5,-6.875,323.875,-0.003745,0,0,26.55967,0,0,1000,50,-36.66777
08.08.2026,02:49:19,86073,0.244446,0.225822,-0.06,-0.46,-1.1875,-7.75,323.1875,0.051637,0,0,26.56483,0,0,1000,50,-34.20638
08.08.2026,02:49:19,86179,0.254673,0.033267,0.05,-0.32,-2.1875,-10.6875,322.375,0.079443,0,0,26.57277,0,0,1000,50,-31.49612
08.08.2026,02:49:19,86285,0.264901,-0.099218,-0.04,-0.08,-3.1875,-12.625,322,0.077284,0,0,26.5805,0,0,1000,50,-26.8598
08.08.2026,02:49:19,86391,0.270015,-0.121164,-0.08,0.04,-4.6875,-12.9375,322.0625,0.060499,0,0,26.58655,0,0,1000,50,-22.71431
08.08.2026,02:49:19,86497,0.276152,-0.102487,-0.03,0.01,-6.9375,-10.75,322.75,0.041159,0,0,26.59067,0,0,1000,50,-16.66994
08.08.2026,02:49:19,86603,0.288425,0.126731,-0.07,-0.02,-8.625,-7.8125,323.5,0.022126,0,0,26.59531,0,0,1000,50,-10.86764
08.08.2026,02:49:19,86709,0.29763,0.126019,-0.03,-0.03,-10.3125,-5.875,324.125,0.028196,0,0,26.59813,0,0,1000,50,-6.909744
08.08.2026,02:49:19,86815,0.292516,0.025113,0.03,0,-11.8125,-5.125,324.6875,0.028801,0,0,26.60101,0,0,1000,50,0.30674
08.08.2026,02:49:19,86921,0.293539,-0.145813,0.14,0.37,-13,-4.4375,325.375,0.016443,0,0,26.60266,0,0,1000,50,3.685143
08.08.2026,02:49:19,87027,0.293539,0.103414,0.2,-0.13,-13.625,-1,326.875,0.007574,0,0,26.60341,0,0,1000,50,4.622074
08.08.2026,02:49:19,87133,0.299676,0.052939,0.2,-0.26,-13.375,-1.125,327.625,0.014783,0,0,26.60489,0,0,1000,50,3.493111
08.08.2026,02:49:19,87239,0.294562,-0.367428,0.1,-0.09,-12.375,-4.9375,327.5,0.0114,0,0,26.60603,0,0,1000,50,-0.315994
08.08.2026,02:49:19,87345,0.287402,-0.506565,0.11,0.04,-10.875,-8.8125,326.9375,-0.026825,0,0,26.60335,0,0,1000,50,-5.092148
08.08.2026,02:49:19,87451,0.27922,-0.07456,-0.12,-0.04,-8.6875,-8.5,326.625,-0.062364,0,0,26.59711,0,0,1000,50,-9.030212
08.08.2026,02:49:19,87557,0.270015,0.227649,-0.18,-0.14,-7.25,-6.0625,326.625,-0.068693,0,0,26.59024,0,0,1000,50,-13.19269
08.08.2026,02:49:19,87663,0.26797,0.579115,-0.32,-0.12,-6.0625,-4.4375,326.5,-0.045588,0,0,26.58569,0,0,1000,50,-17.8632
08.08.2026,02:49:19,87769,0.250582,0.419039,-0.43,-0.13,-4.375,-4.625,325.9375,0.002358,0,0,26.58592,0,0,1000,50,-26.50585
08.08.2026,02:49:19,87875,0.230127,0.34776,-0.4,-0.05,-2.8125,-5.875,325.125,0.039802,0,0,26.5899,0,0,1000,50,-31.0371
08.08.2026,02:49:19,87981,0.215808,-0.184241,0,-0.09,-1.6875,-7.125,324.0625,0.062211,0,0,26.59612,0,0,1000,50,-32.5405
08.08.2026,02:49:19,88087,0.188192,-0.265827,0.21,-0.2,-1.25,-5.875,323.6875,0.049332,0,0,26.60106,0,0,1000,50,-35.794
08.08.2026,02:49:19,88193,0.175919,-0.196491,0.27,-0.35,-1.1875,-3.3125,323.5625,0.020641,0,0,26.60312,0,0,1000,50,-36.06788
08.08.2026,02:49:19,88299,0.171828,-0.186459,0.34,-0.46,-1.25,-0.0625,323.4375,-0.001003,0,0,26.60302,0,0,1000,50,-36.43269
08.08.2026,02:49:19,88405,0.150349,0.23425,0.39,-0.59,-1.3125,2.6875,323.1875,-0.009764,0,0,26.59984,0,0,1000,50,-36.73612
08.08.2026,02:49:19,88511,0.148304,0.094823,0.25,-0.38,-1.625,0.875,321.625,-0.008066,0,0,26.59903,0,0,1000,50,-36.17023
08.08.2026,02:49:19,88617,0.135008,-0.514672,0.11,-0.12,-1.625,-2.3125,320.25,-0.015691,0,0,26.59746,0,0,1000,50,-36.93391
08.08.2026,02:49:19,88723,0.123757,-0.20295,0.21,-0.22,-1.75,-3.0625,319.375,-0.05354,0,0,26.59211,0,0,1000,50,-36.44297
08.08.2026,02:49:19,88829,0.118643,0.158929,-0.02,-0.38,-2.0625,-2.6875,318.6875,-0.058436,0,0,26.58626,0,0,1000,50,-35.93504
08.08.2026,02:49:19,88935,0.109438,0.120136,0,-0.4,-2.8125,-3.5,317.375,-0.037537,0,0,26.58251,0,0,1000,50,-33.49924
08.08.2026,02:49:19,89041,0.094096,0.47086,-0.1,-0.54,-3.75,-5.875,316.125,-0.022505,0,0,26.58026,0,0,1000,50,-31.08337
08.08.2026,02:49:19,89147,0.090005,-0.159316,-0.11,-0.52,-4.9375,-10.375,314.5,0.005456,0,0,26.5808,0,0,1000,50,-28.39757
08.08.2026,02:49:19,89253,0.075686,0.050844,0.13,-0.47,-6.6875,-14.25,312.9375,-0.004968,0,0,26.58031,0,0,1000,50,-21.47545
08.08.2026,02:49:19,89359,0.067504,0.040715,0.08,-0.3,-8.375,-19.5625,311,0.004004,0,0,26.58071,0,0,1000,50,-15.67371
08.08.2026,02:49:19,89465,0.066481,-0.399356,0.01,-0.01,-10.375,-27.5,308.8125,0.002223,0,0,26.58093,0,0,1000,50,-11.78399
08.08.2026,02:49:19,89571,0.059322,-0.338167,-0.05,-0.01,-12.0625,-28.375,308.25,-0.036994,0,0,26.57723,0,0,1000,50,-6.203926
08.08.2026,02:49:19,89677,0.059322,-0.546122,0.15,-0.16,-13.5625,-24.625,308.625,-0.063591,0,0,26.57087,0,0,1000,50,-1.620377
08.08.2026,02:49:19,89783,0.054208,0.197129,-0.1,-0.61,-14.9375,-15.3125,309.6875,-0.10108,0,0,26.56076,0,0,1000,50,1.51709
08.08.2026,02:49:19,89889,0.081823,-0.059686,0.14,-0.62,-15.9375,-7.75,310.5625,-0.099054,0,0,26.55086,0,0,1000,50,5.236496
08.08.2026,02:49:19,89995,0.092051,-0.037066,0.35,-0.59,-16.5625,-2.25,311.375,-0.081479,0,0,26.54271,0,0,1000,50,7.138786
08.08.2026,02:49:19,90101,0.108415,-0.004337,0.24,-0.66,-16.4375,-1,311.8125,-0.077929,0,0,26.52643,0,0,1000,50,7.813824
08.08.2026,02:49:19,90207,0.126825,-0.211831,0.18,-0.52,-15.8125,-3.3125,312,-0.072226,0,0,26.51921,0,0,1000,50,6.626984
08.08.2026,02:49:19,90313,0.135008,-0.419509,0.06,-0.3,-14.5625,-7.5,312.0625,-0.089332,0,0,26.51027,0,0,1000,50,1.761051
08.08.2026,02:49:19,90419,0.15444,-0.53256,0.16,-0.11,-12.5625,-10.3125,312.6875,-0.126739,0,0,26.4976,0,0,1000,50,-1.563354
08.08.2026,02:49:19,90525,0.172851,-0.287537,0.14,-0.17,-11.25,-9.25,313.6875,-0.156211,0,0,26.48198,0,0,1000,50,-6.060516
08.08.2026,02:49:19,90631,0.18717,0.227346,-0.03,-0.31,-9.625,-6.3125,315.125,-0.151841,0,0,26.46679,0,0,1000,50,-10.90077
08.08.2026,02:49:19,90737,0.211716,0.230938,0.08,-0.28,-8.1875,-5.625,316.4375,-0.111707,0,0,26.45562,0,0,1000,50,-14.77805
08.08.2026,02:49:19,90843,0.234218,0.12341,0,-0.24,-6.8125,-7.125,317.4375,-0.076863,0,0,26.44794,0,0,1000,50,-18.0439
08.08.2026,02:49:19,90949,0.241377,0.075112,-0.01,-0.15,-5.0625,-10.6875,318.5,-0.05293,0,0,26.44264,0,0,1000,50,-23.09167
08.08.2026,02:49:19,91055,0.255696,0.006214,0.01,0.01,-3.75,-13.6875,319.1875,-0.034289,0,0,26.43921,0,0,1000,50,-24.36773
08.08.2026,02:49:19,91161,0.26797,0.007079,0.01,0.09,-2.625,-14.9375,320.125,-0.026903,0,0,26.43652,0,0,1000,50,-27.77341
08.08.2026,02:49:19,91267,0.280243,0.207828,-0.23,0.09,-1.875,-14.375,321.3125,-0.023275,0,0,26.4342,0,0,1000,50,-30.37112
08.08.2026,02:49:19,91373,0.294562,0.207952,-0.42,0.05,-1.1875,-12.75,322.9375,-0.003856,0,0,26.43381,0,0,1000,50,-32.36368
08.08.2026,02:49:19,91479,0.292516,0.297337,-0.36,-0.06,-0.75,-9.4375,325.375,0.019115,0,0,26.43572,0,0,1000,50,-33.97734
08.08.2026,02:49:19,91585,0.300699,0.385891,-0.14,-0.28,-0.6875,-7.375,327.1875,0.044962,0,0,26.44022,0,0,1000,50,-34.53021
08.08.2026,02:49:19,91691,0.301721,0.303807,-0.15,-0.37,-0.8125,-7.8125,328.3125,0.064805,0,0,26.4467,0,0,1000,50,-33.66145
08.08.2026,02:49:19,91797,0.29763,0.271061,-0.18,-0.3,-1.0625,-11.1875,328.5625,0.085401,0,0,26.45524,0,0,1000,50,-31.804
08.08.2026,02:49:19,91903,0.308881,-0.232208,0.15,-0.07,-1.75,-15.625,328.3125,0.088158,0,0,26.47422,0,0,1000,50,-30.19327
08.08.2026,02:49:19,92009,0.305813,-0.096847,0.23,-0.13,-3.4375,-15.875,328.625,0.056108,0,0,26.47983,0,0,1000,50,-27.75632
08.08.2026,02:49:19,92115,0.319109,0.15159,0.1,-0.21,-4.9375,-12.625,329.25,0.048595,0,0,26.48469,0,0,1000,50,-21.6233
08.08.2026,02:49:19,92221,0.3232,0.249709,0,-0.25,-6.4375,-8.875,329.8125,0.058507,0,0,26.49054,0,0,1000,50,-17.1199
08.08.2026,02:49:19,92327,0.336496,0.387311,-0.11,-0.33,-7.8125,-6.5,330.0625,0.074577,0,0,26.498,0,0,1000,50,-10.34319
08.08.2026,02:49:19,92433,0.344678,-0.085777,-0.03,-0.19,-9.5,-7.25,329.875,0.096013,0,0,26.5076,0,0,1000,50,-6.793716
08.08.2026,02:49:19,92539,0.34877,-0.158436,0.01,-0.08,-10.625,-9.5,329.375,0.082694,0,0,26.51587,0,0,1000,50,-2.709595
08.08.2026,02:49:19,92645,0.355929,-0.140432,0.07,-0.04,-11.625,-11.3125,328.9375,0.062066,0,0,26.52208,0,0,1000,50,-0.234612
08.08.2026,02:49:19,92751,0.361043,0.238247,0,-0.11,-12.5,-11.625,328.625,0.041085,0,0,26.52619,0,0,1000,50,3.775021
08.08.2026,02:49:19,92857,0.361043,0.146532,0.12,-0.07,-13.0625,-12.5,328.25,0.053316,0,0,26.53152,0,0,1000,50,5.57959
08.08.2026,02:49:19,92963,0.374339,-0.025328,0.11,0.01,-13.75,-14.25,327.625,0.057849,0,0,26.5373,0,0,1000,50,7.11084
08.08.2026,02:49:19,93069,0.377407,0.063093,0.11,-0.02,-14.1875,-13.9375,327.3125,0.049103,0,0,26.54221,0,0,1000,50,8.883591
08.08.2026,02:49:19,93175,0.372294,0.121676,0.11,-0.08,-14.5,-12.625,327.1875,0.044073,0,0,26.54662,0,0,1000,50,9.917107
08.08.2026,02:49:19,93281,0.37843,0.060013,0.13,-0.13,-14.6875,-11.375,327.125,0.051728,0,0,26.55179,0,0,1000,50,11.09328
08.08.2026,02:49:19,93387,0.37843,0.118379,0.12,-0.17,-14.75,-10,327.25,0.050794,0,0,26.55687,0,0,1000,50,10.51086
08.08.2026,02:49:19,93493,0.374339,0.206669,-0.04,-0.2,-14.5625,-9.25,327.5,0.053182,0,0,26.56219,0,0,1000,50,10.32336
08.08.2026,02:49:19,93599,0.376385,0.014778,0.02,-0.07,-14.125,-10.5625,327.4375,0.058801,0,0,26.56807,0,0,1000,50,9.535873
08.08.2026,02:49:19,93705,0.370248,-0.017223,0.05,-0.05,-13.625,-12.3125,327.3125,0.052238,0,0,26.57952,0,0,1000,50,8.097244
08.08.2026,02:49:19,93811,0.361043,-0.038903,-0.02,-0.01,-13.0625,-13.625,327.125,0.041042,0,0,26.58362,0,0,1000,50,4.642086
08.08.2026,02:49:19,93917,0.36002,0.028695,0,-0.07,-12.3125,-13.5625,327,0.033663,0,0,26.58699,0,0,1000,50,2.619904
08.08.2026,02:49:19,94023,0.351838,0.147573,0,-0.13,-11.8125,-12.625,327.0625,0.034883,0,0,26.59048,0,0,1000,50,1.365372
08.08.2026,02:49:19,94129,0.344678,-0.023605,0.03,-0.12,-11.375,-11.6875,327.125,0.036622,0,0,26.59414,0,0,1000,50,-1.184662
08.08.2026,02:49:19,94235,0.339564,-0.024502,0.1,-0.21,-11,-9.6875,327.375,0.027911,0,0,26.59693,0,0,1000,50,-1.788048
08.08.2026,02:49:19,94341,0.324223,0.254788,0.19,-0.37,-10.6875,-7.25,327.75,0.022076,0,0,26.59914,0,0,1000,50,-3.09375
08.08.2026,02:49:19,94447,0.312972,0.133576,-0.11,-0.21,-10.125,-5.6875,328.1875,0.037692,0,0,26.60291,0,0,1000,50,-5.07222
08.08.2026,02:49:19,94553,0.318086,-0.017925,-0.21,-0.25,-9.4375,-6.4375,328.125,0.046656,0,0,26.60757,0,0,1000,50,-6.180138
08.08.2026,02:49:19,94659,0.305813,-0.049133,-0.17,-0.19,-8.625,-7.625,327.625,0.037565,0,0,26.61133,0,0,1000,50,-9.848373
08.08.2026,02:49:19,94765,0.290471,-0.060009,-0.14,-0.15,-7.875,-8.5,326.875,0.027247,0,0,26.61405,0,0,1000,50,-12.09498
08.08.2026,02:49:19,94871,0.28638,0.039438,-0.05,-0.24,-7.3125,-8.9375,326.0625,0.017217,0,0,26.61577,0,0,1000,50,-14.71658
08.08.2026,02:49:19,94977,0.27922,0.278944,-0.07,-0.33,-6.625,-9.75,324.8125,0.015348,0,0,26.61731,0,0,1000,50,-17.07912
08.08.2026,02:49:19,95083,0.271038,0.298024,0.02,-0.37,-6.0625,-11.625,323.625,0.028623,0,0,26.62017,0,0,1000,50,-18.60979
08.08.2026,02:49:19,95189,0.268992,0.006481,0.04,-0.2,-5.6875,-14.25,322.5,0.047968,0,0,26.62497,0,0,1000,50,-20.07571
08.08.2026,02:49:19,95295,0.254673,0.084921,0.22,-0.35,-5.5,-15.25,321.6875,0.048528,0,0,26.62982,0,0,1000,50,-21.53484
08.08.2026,02:49:19,95401,0.258764,0.083451,0.21,-0.44,-5.6875,-14.375,321.3125,0.046278,0,0,26.63902,0,0,1000,50,-20.353
08.08.2026,02:49:19,95507,0.257742,0.140433,0.13,-0.42,-6.1875,-12.0625,321.25,0.047574,0,0,26.64378,0,0,1000,50,-19.10527
08.08.2026,02:49:19,95613,0.255696,0.138848,-0.01,-0.29,-6.5625,-10.8125,321.125,0.049309,0,0,26.64871,0,0,1000,50,-18.13935
08.08.2026,02:49:19,95719,0.263878,0.008848,-0.05,-0.1,-6.875,-10.6875,320.8125,0.048541,0,0,26.65356,0,0,1000,50,-16.4865
08.08.2026,02:49:19,95825,0.272061,0.017287,0.08,-0.07,-7.125,-10.8125,320.5,0.04058,0,0,26.65762,0,0,1000,50,-15.05863
08.08.2026,02:49:19,95931,0.27922,0.154955,0.1,-0.12,-7.3125,-9.6875,320.1875,0.031924,0,0,26.66081,0,0,1000,50,-14.99612
08.08.2026,02:49:19,96037,0.284334,0.383634,0.16,-0.19,-7.125,-8.5,320.1875,0.04109,0,0,26.66492,0,0,1000,50,-15.24159
08.08.2026,02:49:19,96143,0.280243,0.151628,0.06,-0.13,-6.8125,-8.4375,320.25,0.062366,0,0,26.67116,0,0,1000,50,-15.8109
08.08.2026,02:49:19,96249,0.293539,0.229631,0.2,-0.21,-6.1875,-7.9375,320.4375,0.0621,0,0,26.67737,0,0,1000,50,-17.67051
08.08.2026,02:49:19,96355,0.292516,0.387207,0.15,-0.39,-5.75,-7.9375,320.75,0.075377,0,0,26.68491,0,0,1000,50,-18.51992
08.08.2026,02:49:19,96461,0.309904,0.374313,0.19,-0.23,-5.5625,-9.9375,322,0.090024,0,0,26.69391,0,0,1000,50,-19.60461
08.08.2026,02:49:19,96567,0.310926,-0.368744,-0.09,-0.01,-5.5625,-12.375,323.875,0.095063,0,0,26.70341,0,0,1000,50,-18.64719
08.08.2026,02:49:19,96673,0.313995,-0.360819,0.04,-0.01,-5.6875,-12.625,326.4375,0.064501,0,0,26.70987,0,0,1000,50,-18.17731
08.08.2026,02:49:19,96779,0.329337,0.158671,0.18,-0.29,-5.6875,-10.9375,329,0.015861,0,0,26.71145,0,0,1000,50,-18.95006
08.08.2026,02:49:19,96885,0.330359,0.078214,-0.31,-0.26,-4.875,-10.5625,331.25,0.014216,0,0,26.71287,0,0,1000,50,-21.1841
08.08.2026,02:49:19,96991,0.347747,-0.452236,-0.18,-0.13,-3.5625,-12.375,332.875,0.014008,0,0,26.71427,0,0,1000,50,-23.22215
08.08.2026,02:49:19,97097,0.357975,-0.381835,-0.27,-0.07,-2.8125,-12.75,333.75,-0.012489,0,0,26.71302,0,0,1000,50,-24.92325
08.08.2026,02:49:19,97203,0.368202,-0.170048,-0.24,-0.1,-2.375,-11.4375,334.5625,-0.073838,0,0,26.70008,0,0,1000,50,-26.58006
08.08.2026,02:49:19,97309,0.377407,-0.327673,-0.24,-0.01,-2.375,-9.9375,335.1875,-0.089962,0,0,26.69109,0,0,1000,50,-26.37207
08.08.2026,02:49:19,97415,0.38559,0.00522,-0.16,-0.14,-3,-7.5,335.875,-0.101166,0,0,26.68097,0,0,1000,50,-23.74028
08.08.2026,02:49:19,97521,0.380476,0.181207,-0.05,-0.16,-4.3125,-5.1875,336.3125,-0.085009,0,0,26.67247,0,0,1000,50,-21.60904
08.08.2026,02:49:19,97627,0.392749,0.153203,-0.08,-0.15,-5.375,-5.375,336.125,-0.062074,0,0,26.66626,0,0,1000,50,-17.00387
08.08.2026,02:49:19,97733,0.383544,0.304589,0.04,-0.19,-6.625,-6.9375,335.625,-0.043119,0,0,26.66195,0,0,1000,50,-12.46639
08.08.2026,02:49:19,97839,0.387635,0.225114,0.01,-0.13,-8.0625,-10.9375,334.75,-0.016323,0,0,26.66032,0,0,1000,50,-7.411819
08.08.2026,02:49:19,97945,0.380476,0.02533,0.03,-0.01,-10.0625,-17.375,333.3125,-0.00672,0,0,26.65965,0,0,1000,50,-2.945335
08.08.2026,02:49:19,98051,0.366157,0.065629,0.11,-0.01,-11.9375,-18.875,332.5625,-0.009289,0,0,26.65872,0,0,1000,50,-0.108475
08.08.2026,02:49:19,98157,0.357975,0.12592,-0.03,-0.16,-13.875,-16.9375,332,-0.009035,0,0,26.65781,0,0,1000,50,9.576756
08.08.2026,02:49:19,98263,0.355929,0.40592,-0.16,-0.25,-15.625,-14.4375,331.25,-0.000052,0,0,26.65781,0,0,1000,50,14.45289
08.08.2026,02:49:19,98369,0.354906,0.245036,-0.11,-0.25,-16.9375,-13.75,330.25,0.027482,0,0,26.66055,0,0,1000,50,15.47781
08.08.2026,02:49:19,98475,0.354906,-0.206382,-0.01,-0.16,-18.5625,-14.8125,328.5,0.044099,0,0,26.66496,0,0,1000,50,20.39719
08.08.2026,02:49:19,98581,0.350815,-0.197221,0.23,-0.34,-19.4375,-13.5,327.3125,0.026092,0,0,26.66757,0,0,1000,50,22.87217
08.08.2026,02:49:19,98687,0.356952,0.252643,0.08,-0.55,-19.875,-10.3125,326.375,0.004232,0,0,26.668,0,0,1000,50,25.85801
08.08.2026,02:49:19,98793,0.357975,-0.037471,0.05,-0.37,-19.9375,-8.4375,325.5625,0.00354,0,0,26.66835,0,0,1000,50,25.85857
08.08.2026,02:49:19,98899,0.364111,-0.207657,0.26,-0.34,-20.125,-7,324.8125,0.005794,0,0,26.66893,0,0,1000,50,27.16314
08.08.2026,02:49:19,99005,0.372294,0.092823,0.26,-0.37,-20.1875,-4.0625,324.4375,-0.026137,0,0,26.66483,0,0,1000,50,27.77795
08.08.2026,02:49:19,99111,0.381499,0.283664,0.09,-0.4,-20.1875,-3.125,324.375,-0.015547,0,0,26.66327,0,0,1000,50,27.43703
08.08.2026,02:49:19,99217,0.381499,0.034164,-0.17,-0.34,-19.9375,-4.8125,324.375,0.007295,0,0,26.664,0,0,1000,50,25.08582
08.08.2026,02:49:19,99323,0.392749,-0.086071,-0.27,-0.29,-19.625,-8.6875,324.25,0.003302,0,0,26.66433,0,0,1000,50,26.02002
08.08.2026,02:49:19,99429,0.392749,-0.005941,-0.3,-0.28,-18.625,-11.3125,323.875,-0.007348,0,0,26.6636,0,0,1000,50,22.65691
08.08.2026,02:49:19,99535,0.393772,0.024343,-0.32,-0.23,-17.3125,-12.0625,323.1875,-0.00884,0,0,26.66271,0,0,1000,50,19.75632
08.08.2026,02:49:19,99641,0.39684,-0.12529,-0.15,0,-15.9375,-12.25,322.3125,-0.0114,0,0,26.66157,0,0,1000,50,16.39502
08.08.2026,02:49:19,99747,0.409114,-0.184467,0.08,0.05,-14.875,-11.5625,321.5,-0.025597,0,0,26.65901,0,0,1000,50,13.75982
08.08.2026,02:49:19,99853,0.410137,-0.003163,0.19,-0.07,-14.1875,-10.625,320.875,-0.04054,0,0,26.65496,0,0,1000,50,9.275116
08.08.2026,02:49:19,99959,0.409114,0.258048,0.19,-0.12,-13.5,-10.875,320.0625,-0.037661,0,0,26.65119,0,0,1000,50,8.207516
08.08.2026,02:49:19,100065,0.414228,-0.201398,0.07,0.03,-13.0625,-13.8125,319.5,-0.017247,0,0,26.64947,0,0,1000,50,6.89502
08.08.2026,02:49:19,100171,0.406045,-0.310788,0.02,0.11,-12.625,-16.6875,319.0625,-0.01895,0,0,26.64757,0,0,1000,50,4.437031
08.08.2026,02:49:19,100277,0.395818,-0.299333,-0.04,0.1,-12.1875,-16.75,319.0625,-0.045256,0,0,26.64305,0,0,1000,50,3.155212
08.08.2026,02:49:19,100383,0.380476,-0.407148,-0.13,0.02,-11.875,-13.5,319.375,-0.067939,0,0,26.63625,0,0,1000,50,1.757454
08.08.2026,02:49:19,100489,0.37843,0.19598,-0.01,-0.38,-11.5625,-4.0625,320.3125,-0.097277,0,0,26.62652,0,0,1000,50,1.105171
08.08.2026,02:49:19,100595,0.370248,0.439019,0.06,-0.53,-11.5,1.4375,320.875,-0.094514,0,0,26.61707,0,0,1000,50,0.085823
08.08.2026,02:49:19,100701,0.34877,0.030846,0.05,-0.49,-11.625,1.8125,320.875,-0.02882,0,0,26.60851,0,0,1000,50,0.242638
08.08.2026,02:49:19,100807,0.347747,-0.078227,0.17,-0.37,-12.0625,-1.375,320.5,-0.031449,0,0,26.60537,0,0,1000,50,2.088654
08.08.2026,02:49:19,100913,0.325245,-0.375596,0.02,-0.18,-12.75,-6.25,320.375,-0.050387,0,0,26.60033,0,0,1000,50,1.77549
08.08.2026,02:49:19,101019,0.313995,-0.273137,-0.05,-0.16,-13.125,-7.625,320.6875,-0.076469,0,0,26.59268,0,0,1000,50,3.668713
08.08.2026,02:49:19,101125,0.298653,0.009631,-0.14,-0.34,-13.25,-7,321.125,-0.086062,0,0,26.58407,0,0,1000,50,2.789085
08.08.2026,02:49:19,101231,0.288425,0.111962,-0.09,-0.23,-13,-6.1875,321.625,-0.072506,0,0,26.57682,0,0,1000,50,2.861877
08.08.2026,02:49:19,101337,0.273083,0.063743,0.11,-0.11,-12.6875,-7,321.9375,-0.055376,0,0,26.57129,0,0,1000,50,0.114044
08.08.2026,02:49:19,101443,0.257742,-0.114714,0.37,-0.05,-12.75,-9.3125,322.5,-0.047975,0,0,26.56649,0,0,1000,50,-0.313255
08.08.2026,02:49:19,101549,0.243423,0.346912,0.26,-0.18,-13.1875,-8.5,323.75,-0.050579,0,0,26.56143,0,0,1000,50,1.744148
08.08.2026,02:49:19,101655,0.222967,0.517666,-0.23,-0.26,-13.5625,-6.25,325.8125,-0.023456,0,0,26.55909,0,0,1000,50,2.84243
08.08.2026,02:49:19,101761,0.209671,0.057096,-0.32,-0.22,-13.5625,-5.625,327.5,0.017753,0,0,26.56086,0,0,1000,50,1.453171
08.08.2026,02:49:19,101867,0.192283,-0.003694,-0.23,-0.26,-13.25,-4.8125,328.875,0.024559,0,0,26.56332,0,0,1000,50,-0.192879
08.08.2026,02:49:19,101973,0.176942,0.035501,-0.29,-0.32,-12.5,-4.5625,330,0.025038,0,0,26.56582,0,0,1000,50,-2.365654
08.08.2026,02:49:19,102079,0.159554,0.11481,-0.08,-0.29,-11.625,-4.8125,330.25,0.02148,0,0,26.56797,0,0,1000,50,-4.711105
08.08.2026,02:49:19,102185,0.14319,0.044001,0.09,-0.17,-10.875,-5.875,330.125,0.025144,0,0,26.57048,0,0,1000,50,-7.728188
08.08.2026,02:49:19,102291,0.139099,-0.176953,0.21,-0.13,-10.1875,-7.125,329.625,0.029678,0,0,26.57345,0,0,1000,50,-10.42645
08.08.2026,02:49:19,102397,0.118643,0.282562,0.15,-0.5,-9.0625,-5.25,329.0625,0.015076,0,0,26.57496,0,0,1000,50,-14.13104
08.08.2026,02:49:19,102503,0.104324,0.022352,0,-0.33,-8.1875,-3.625,328.4375,0.031045,0,0,26.57872,0,0,1000,50,-17.48962
08.08.2026,02:49:19,102609,0.097165,-0.188646,-0.08,-0.36,-7.625,-2.75,327.6875,0.016948,0,0,26.58041,0,0,1000,50,-19.39983
08.08.2026,02:49:19,102715,0.082846,-0.129191,0,-0.41,-7.25,-1.4375,327.0625,-0.002156,0,0,26.5802,0,0,1000,50,-21.35045
08.08.2026,02:49:19,102821,0.060344,0.420878,-0.24,-0.54,-7.1875,-1.0625,326.25,-0.003297,0,0,26.57987,0,0,1000,50,-22.24084
08.08.2026,02:49:19,102927,0.064435,-0.069705,0.18,-0.3,-7.125,-3.8125,324.625,0.021437,0,0,26.58201,0,0,1000,50,-21.44647
08.08.2026,02:49:19,103033,0.052162,0.039969,-0.02,-0.37,-7.3125,-3.875,323.5,0.010125,0,0,26.58302,0,0,1000,50,-21.68854
08.08.2026,02:49:19,103139,0.040911,0.309545,-0.12,-0.55,-8.0625,-2.1875,322.875,0.013185,0,0,26.58434,0,0,1000,50,-21.19769
08.08.2026,02:49:19,103245,0.030684,0.268385,0.16,-0.54,-9.5,-1.1875,322.4375,0.036088,0,0,26.58795,0,0,1000,50,-17.69316
08.08.2026,02:49:19,103351,0.017387,0.236944,0.18,-0.55,-11.375,-0.6875,322.125,0.044798,0,0,26.59243,0,0,1000,50,-8.824394
08.08.2026,02:49:19,103457,0.014319,0.38506,0.37,-0.53,-13.5625,-1.0625,321.4375,0.058595,0,0,26.59829,0,0,1000,50,-4.366974
08.08.2026,02:49:19,103563,0.017387,0.152219,0.3,-0.38,-14,-5.0625,320.375,0.088327,0,0,26.60712,0,0,1000,50,-3.214783
08.08.2026,02:49:19,103669,0.013296,-0.320573,0.01,-0.05,-13.5,-9.8125,319.5,0.086831,0,0,26.61581,0,0,1000,50,-3.132927
08.08.2026,02:49:19,103775,0.014319,-0.22231,-0.04,-0.17,-12.6875,-11.5,319.625,0.054012,0,0,26.62121,0,0,1000,50,-6.826096
08.08.2026,02:49:19,103881,0.015342,0.196928,-0.14,-0.44,-12,-9.4375,320.8125,0.023693,0,0,26.62358,0,0,1000,50,-8.974976
08.08.2026,02:49:19,103987,0.030684,0.236102,-0.09,-0.6,-11.875,-5.75,323.1875,0.025706,0,0,26.62615,0,0,1000,50,-9.037476
08.08.2026,02:49:19,104093,0.033752,-0.295449,-0.06,-0.4,-12.125,-4.8125,324.9375,0.048234,0,0,26.63097,0,0,1000,50,-8.171547
08.08.2026,02:49:19,104199,0.048071,-0.376589,-0.05,-0.29,-12.6875,-3.5625,326.75,0.035451,0,0,26.63452,0,0,1000,50,-5.720352
08.08.2026,02:49:19,104305,0.05523,-0.046372,-0.12,-0.31,-13.3125,-1.3125,328.3125,-0.026956,0,0,26.63115,0,0,1000,50,-3.243675
08.08.2026,02:49:19,104411,0.070572,0.075267,-0.1,-0.5,-14,0.3125,329.875,-0.024032,0,0,26.62874,0,0,1000,50,-0.521431
08.08.2026,02:49:19,104517,0.085914,0.015847,-0.11,-0.58,-14.1875,0.8125,330.875,-0.018036,0,0,26.62694,0,0,1000,50,0.381981
08.08.2026,02:49:19,104623,0.092051,0.066287,-0.23,-0.53,-14.1875,0.625,331.8125,-0.01366,0,0,26.62557,0,0,1000,50,1.060421
08.08.2026,02:49:19,104729,0.107392,0.146528,-0.16,-0.48,-14.25,-0.8125,332.75,-0.007501,0,0,26.62482,0,0,1000,50,2.048527
08.08.2026,02:49:19,104835,0.129894,0.066463,0,-0.3,-14.5,-3.6875,333.5,0.002006,0,0,26.62502,0,0,1000,50,2.985462
08.08.2026,02:49:19,104941,0.144213,0.126365,0.21,-0.12,-14.75,-6.3125,334.3125,0.00305,0,0,26.62533,0,0,1000,50,3.483765
08.08.2026,02:49:19,105047,0.157509,0.596045,0.15,-0.26,-14.8125,-6.875,334.625,0.009957,0,0,26.62633,0,0,1000,50,4.040028
08.08.2026,02:49:19,105153,0.167737,0.204381,0.13,-0.06,-14.75,-10.625,334.4375,0.051743,0,0,26.6315,0,0,1000,50,4.831573
08.08.2026,02:49:19,105259,0.168759,-0.547753,0.15,0.03,-14.3125,-16.4375,334.125,0.066357,0,0,26.63814,0,0,1000,50,2.777
08.08.2026,02:49:19,105365,0.18717,-0.418376,0.03,0.18,-13.875,-18.375,333.875,0.019373,0,0,26.64007,0,0,1000,50,2.756042
08.08.2026,02:49:19,105471,0.200466,0.00233,-0.13,0,-13.625,-14.0625,334.375,-0.02196,0,0,26.63788,0,0,1000,50,1.861691
08.08.2026,02:49:19,105577,0.210694,0.263197,-0.2,-0.15,-13.5,-9.0625,335.1875,-0.026932,0,0,26.63519,0,0,1000,50,2.621975
08.08.2026,02:49:19,105683,0.227058,-0.036413,-0.18,-0.14,-13.375,-5.125,336.1875,-0.012138,0,0,26.63397,0,0,1000,50,1.38784
08.08.2026,02:49:19,105789,0.233195,0.113762,-0.14,-0.28,-13.1875,-1.9375,337.4375,-0.005435,0,0,26.63343,0,0,1000,50,1.929947
08.08.2026,02:49:19,105895,0.241377,0.213952,-0.13,-0.32,-13.0625,0.3125,338.75,-0.005916,0,0,26.63284,0,0,1000,50,0.842995
08.08.2026,02:49:19,106001,0.246491,0.103687,-0.09,-0.28,-12.875,0.3125,340.25,0.01586,0,0,26.63525,0,0,1000,50,0.89756
08.08.2026,02:49:19,106107,0.248537,-0.046823,0,0.03,-12.8125,-1.5625,341.25,0.017353,0,0,26.63699,0,0,1000,50,0.860085
08.08.2026,02:49:19,106213,0.2424,-0.447381,-0.35,0.64,-12.875,-3.4375,342.1875,0.00749,0,0,26.63774,0,0,1000,50,0.807777
08.08.2026,02:49:19,106319,0.231149,-0.177622,-0.06,0,-13,-1.125,343.625,-0.038285,0,0,26.63391,0,0,1000,50,0.753212
08.08.2026,02:49:19,106425,0.220921,-0.204536,0.02,-0.07,-13.25,1.6875,345.4375,-0.057697,0,0,26.62814,0,0,1000,50,1.039558
08.08.2026,02:49:19,106531,0.215808,-0.2322,-0.33,-0.29,-13.1875,1.0625,346.375,-0.072653,0,0,26.62087,0,0,1000,50,1.565147
08.08.2026,02:49:19,106637,0.195352,-0.049457,-0.32,-0.48,-12.8125,-1.5625,346.5,-0.085293,0,0,26.61234,0,0,1000,50,-0.545128
08.08.2026,02:49:19,106743,0.181033,-0.186795,-0.29,-0.19,-12.5625,-5.25,346.125,-0.082769,0,0,26.60407,0,0,1000,50,-3.357155
08.08.2026,02:49:19,106849,0.1616,-0.113884,-0.19,-0.01,-12.25,-7.5,345.6875,-0.090538,0,0,26.59501,0,0,1000,50,-3.217896
08.08.2026,02:49:19,106955,0.144213,0.439106,-0.03,-0.25,-11.625,-6.0625,345.1875,-0.092971,0,0,26.58572,0,0,1000,50,-5.174759
08.08.2026,02:49:19,107061,0.140121,0.600903,-0.01,-0.44,-11.1875,-4.0625,345.125,-0.055875,0,0,26.58013,0,0,1000,50,-6.644073
08.08.2026,02:49:19,107167,0.125803,0.400918,0.09,-0.46,-10.8125,-2.625,345.0625,-0.000463,0,0,26.58008,0,0,1000,50,-9.619713
08.08.2026,02:49:19,107273,0.118643,0.249692,0.06,0.22,-10.625,-2.8125,344.875,0.038105,0,0,26.58389,0,0,1000,50,-10.70383
08.08.2026,02:49:19,107379,0.14319,0.327927,0,-0.07,-11.375,-0.5,344.1875,0.05488,0,0,26.58938,0,0,1000,50,-4.168999
08.08.2026,02:49:19,107485,0.064435,0.385772,-0.1,-0.75,-12.875,5.375,342.75,0.067023,0,0,26.59608,0,0,1000,50,-9.655304
08.08.2026,02:49:19,107591,0.039889,0.343042,-0.21,-0.99,-13.5,6.875,341.1875,0.084908,0,0,26.60458,0,0,1000,50,-1.637932
08.08.2026,02:49:19,107697,0.040911,0.29971,-0.1,-0.79,-13.875,3.75,339,0.103602,0,0,26.61494,0,0,1000,50,-2.694298
08.08.2026,02:49:19,107803,0.027615,0.076086,-0.11,-0.42,-13.8125,-2.4375,336.6875,0.11129,0,0,26.63734,0,0,1000,50,-3.780121
08.08.2026,02:49:19,107909,0.010228,0.089373,0,-0.08,-13.125,-11.8125,333.4375,0.097464,0,0,26.64708,0,0,1000,50,-5.163048
08.08.2026,02:49:19,108015,0.004091,-0.103364,0.06,-0.18,-12.75,-15.8125,331.6875,0.085124,0,0,26.6556,0,0,1000,50,-6.5625
08.08.2026,02:49:19,108121,0,-0.355048,0,-0.42,-12.875,-14.6875,330.625,0.052362,0,0,26.66083,0,0,1000,50,-6.995468
08.08.2026,02:49:19,108227,0.003068,-0.255395,-0.04,-0.58,-13.25,-8.5,330.1875,0.010781,0,0,26.66191,0,0,1000,50,-5.870468
08.08.2026,02:49:19,108333,0,-0.004862,-0.02,-0.78,-13.625,0.0625,329.8125,-0.016555,0,0,26.66025,0,0,1000,50,-3.904549
08.08.2026,02:49:19,108439,0.007159,0.465436,0.05,-0.82,-13.9375,7.625,329.0625,-0.009267,0,0,26.65933,0,0,1000,50,-2.482346
08.08.2026,02:49:19,108545,0.006137,0.614595,0.12,-0.66,-14.25,7,328.125,0.026162,0,0,26.66194,0,0,1000,50,-2.441467
08.08.2026,02:49:19,108651,0.013296,-0.557317,0.48,0.06,-14.875,-1,327.25,0.05943,0,0,26.66789,0,0,1000,50,0.277855
08.08.2026,02:49:19,108757,0.007159,-0.387916,0.14,0,-14.75,-8.625,326.4375,0.018639,0,0,26.66975,0,0,1000,50,-0.543709
08.08.2026,02:49:19,108863,0.006137,-0.547167,0.41,0.15,-13.75,-11.625,325.9375,-0.023304,0,0,26.66742,0,0,1000,50,-4.380661
08.08.2026,02:49:19,108969,0.009205,-0.244979,0.4,-0.08,-12.125,-9.625,325.875,-0.06804,0,0,26.66062,0,0,1000,50,-6.852249
08.08.2026,02:49:19,109075,0.011251,0.34799,0.15,-0.55,-10.75,-3.6875,326.3125,-0.092318,0,0,26.65138,0,0,1000,50,-11.8091
08.08.2026,02:49:19,109181,0.002046,0.570658,0.27,-0.83,-10.3125,-0.5625,326.875,-0.08298,0,0,26.64309,0,0,1000,50,-14.55344
08.08.2026,02:49:19,109287,0,0.151682,0.06,-0.62,-10.875,-2.5625,327.125,-0.031836,0,0,26.6399,0,0,1000,50,-12.24094
08.08.2026,02:49:19,109393,0,0.112613,-0.11,-0.39,-12.625,-2.125,328.1875,-0.028962,0,0,26.63701,0,0,1000,50,-7.6875
08.08.2026,02:49:19,109499,0,0.084157,-0.06,-0.3,-13.0625,-0.0625,328.625,-0.047994,0,0,26.63221,0,0,1000,50,-5.34375
08.08.2026,02:49:19,109605,0.059322,0.1249,0.37,-0.63,-12.5,1.0625,329.125,-0.018343,0,0,26.62806,0,0,1000,50,-5.457893
08.08.2026,02:49:19,109711,0,-0.10451,-0.17,0.59,-11.75,-0.0625,330.5,-0.028816,0,0,26.62518,0,0,1000,50,-10.21875
08.08.2026,02:49:19,109817,0,0.996416,-0.23,0.16,-11.9375,1,332,-0.003714,0,0,26.62481,0,0,1000,50,-8.5625
08.08.2026,02:49:19,109923,0,0.214428,-0.15,0.13,-13.3125,0.0625,332.8125,0.065532,0,0,26.63136,0,0,1000,50,-5.28125
08.08.2026,02:49:19,110029,0,0.252061,-0.4,-0.37,-14.4375,-0.3125,334.25,0.07363,0,0,26.63873,0,0,1000,50,-1.53125
08.08.2026,02:49:19,110135,0,0.679567,0.17,-0.41,-14.8125,0.1875,335.75,0.077559,0,0,26.64648,0,0,1000,50,-0.25
08.08.2026,02:49:19,110241,0,0.115979,0.19,-0.23,-15.1875,-1.6875,336.9375,0.111579,0,0,26.65764,0,0,1000,50,0.875
08.08.2026,02:49:19,110347,0,0.012886,0.03,0.64,-15.5,-3.8125,337.625,0.096173,0,0,26.66726,0,0,1000,50,1.8125
08.08.2026,02:49:19,110453,0,-0.479073,0.31,0.52,-16.5625,-6.25,337.9375,0.060932,0,0,26.67335,0,0,1000,50,3.5625
08.08.2026,02:49:19,110559,0,0.121228,0,-0.38,-18.125,-8.0625,340.0625,-0.009364,0,0,26.67241,0,0,1000,50,8.0625
08.08.2026,02:49:19,110665,0,0.201688,-0.03,-0.64,-18.75,-10.75,342.25,-0.014315,0,0,26.67098,0,0,1000,50,11.25
08.08.2026,02:49:19,110771,0,-0.078503,0.03,-0.85,-17.8125,-12.25,342.875,0.005939,0,0,26.67158,0,0,1000,50,7.1875
08.08.2026,02:49:19,110877,0,-0.567986,-0.45,-1.09,-16.5,-11.0625,342.1875,-0.016087,0,0,26.66997,0,0,1000,50,3.40625
08.08.2026,02:49:19,110983,0,1.034629,-0.23,-1.7,-15.375,-6.1875,340.0625,-0.081312,0,0,26.66184,0,0,1000,50,0.71875
08.08.2026,02:49:19,111089,0,1.146337,0.34,-1.07,-15.1875,-6.4375,339,-0.053111,0,0,26.65652,0,0,1000,50,0.40625
08.08.2026,02:49:19,111195,0,0.275938,0.39,-0.98,-14.3125,-8.5,337.375,0.01241,0,0,26.65777,0,0,1000,50,-3.3125
08.08.2026,02:49:19,111301,0,-0.906422,0.01,-0.16,-12.3125,-10.4375,336.3125,-0.029349,0,0,26.66217,0,0,1000,50,-9.3125
08.08.2026,02:49:19,111407,0,-0.475478,-0.41,-0.18,-12.3125,-9.0625,336.3125,-0.103588,0,0,26.65181,0,0,1000,50,-8.0625
08.08.2026,02:49:19,111513,0,-0.497911,-0.16,0.33,-16.875,-10.4375,336.125,-0.131736,0,0,26.63864,0,0,1000,50,0.1875
08.08.2026,02:49:19,111619,0,-0.402248,0.1,0.03,-20.25,-10.75,337,-0.176107,0,0,26.62103,0,0,1000,50,12.5625
08.08.2026,02:49:19,111725,0,-1.076359,0.09,0.42,-20.6875,-11.125,337.6875,-0.183125,0,0,26.60271,0,0,1000,50,17.625
08.08.2026,02:49:19,111831,0,-0.00876,0.21,-0.77,-19.1875,-10.5625,337.9375,-0.236327,0,0,26.57908,0,0,1000,50,11.3125
08.08.2026,02:49:19,111937,0,0.797086,-0.11,-0.61,-18.375,-12.1875,338.5,-0.181767,0,0,26.56091,0,0,1000,50,9.59375
08.08.2026,02:49:19,112043,0,-0.739439,0.62,0.41,-20,-16.4375,338.1875,-0.10808,0,0,26.5501,0,0,1000,50,14.71875
08.08.2026,02:49:19,112149,0,-0.795467,0.27,0.39,-21.3125,-18.8125,339.1875,-0.123502,0,0,26.53775,0,0,1000,50,18.375
08.08.2026,02:49:19,112255,0,0.159654,0.34,1.01,-20.6875,-19.5,340.4375,-0.15928,0,0,26.52182,0,0,1000,50,16.125
08.08.2026,02:49:19,112361,0,0.844308,0.56,1.36,-19.75,-18,340.625,-0.144726,0,0,26.50735,0,0,1000,50,13.625
08.08.2026,02:49:19,112467,0,-0.963842,0.3,1.59,-19.4375,-17.5625,339.625,-0.057526,0,0,26.50159,0,0,1000,50,13.3125
08.08.2026,02:49:19,112573,0,-0.750673,0.34,1,-19.125,-15.875,338.625,-0.098529,0,0,26.49174,0,0,1000,50,12.75
08.08.2026,02:49:19,112679,0,-1.286924,0.41,1.39,-18.0625,-14,337.5625,-0.116578,0,0,26.48008,0,0,1000,50,10.5
08.08.2026,02:49:19,112785,0,-0.429961,0.76,1.85,-16.375,-10.9375,336.375,-0.21656,0,0,26.45843,0,0,1000,50,5.8125
08.08.2026,02:49:19,112891,0,-0.083785,0.19,1.75,-14.5625,-10.3125,334.625,-0.192057,0,0,26.43922,0,0,1000,50,-1.3125
08.08.2026,02:49:19,112997,0,1.001798,-0.61,-1.69,-12.4375,-11.3125,331.625,-0.173613,0,0,26.42186,0,0,1000,50,-6.375
08.08.2026,02:49:19,113103,0,1.365145,-0.57,-3.46,-11.5625,-16.1875,328.625,-0.021312,0,0,26.40932,0,0,1000,50,-9.75
08.08.2026,02:49:19,113209,0,0.79583,-0.35,-2.62,-12,-19,327.4375,0.079253,0,0,26.41725,0,0,1000,50,-8.21875
08.08.2026,02:49:19,113315,0,0.263282,-0.9,-2.37,-14.375,-16.875,327.625,0.120611,0,0,26.42931,0,0,1000,50,0.3125
08.08.2026,02:49:19,113421,0,2.034948,-0.59,-2.74,-17,-14.3125,324,0.138551,0,0,26.44316,0,0,1000,50,6.28125
08.08.2026,02:49:19,113527,0,0.675584,0.07,-1.06,-17.4375,-17.3125,319.875,0.291212,0,0,26.47228,0,0,1000,50,7.15625
08.08.2026,02:49:19,113633,0,0.785849,0.09,-0.9,-14.8125,-21.5625,316.0625,0.302705,0,0,26.50255,0,0,1000,50,-3.375
08.08.2026,02:49:19,113739,0,0.416033,-0.33,0.08,-10.25,-23.125,311.3125,0.305279,0,0,26.53308,0,0,1000,50,-17.53125
08.08.2026,02:49:19,113845,0,-0.742947,-0.44,0.28,-8.5625,-23.875,305.5,0.279231,0,0,26.561,0,0,1000,50,-19.625
08.08.2026,02:49:19,113951,0,-0.43955,0.5,-0.72,-11.25,-22.0625,295.6875,0.205357,0,0,26.58154,0,0,1000,50,-14.0625
08.08.2026,02:49:19,114057,0,-0.99337,0.99,-0.53,-12.875,-19.9375,288.3125,0.118774,0,0,26.59342,0,0,1000,50,-7.5
08.08.2026,02:49:19,114163,0,0.225574,0.66,-0.63,-13.25,-16.4375,280.4375,0.032838,0,0,26.5967,0,0,1000,35.96875,-5.0625
08.08.2026,02:49:19,114269,0,0.05444,0.5,0.3,-12.5,-16.5,272.75,0.035275,0,0,26.60023,0,0,1000,5.0625,-6.5625
08.08.2026,02:49:19,114375,0,-0.447011,0.82,-0.26,-12.0625,-17.75,264.6875,0.045134,0,0,26.60474,0,0,1000,-27.34375,-8.8125
08.08.2026,02:49:19,114481,0,-0.626926,0.84,-0.55,-13.625,-18.3125,254.0625,-0.002662,0,0,26.60447,0,0,1000,-50,-4.25
08.08.2026,02:49:19,114587,0,-0.495066,0.32,-0.55,-14.75,-17.75,246.5625,-0.057826,0,0,26.59869,0,0,1000,-50,-1.8125
08.08.2026,02:49:19,114693,0,-0.611993,-1.01,0.29,-16.125,-16.8125,241,-0.095572,0,0,26.58913,0,0,1000,-50,4.9375
08.08.2026,02:49:19,114799,0,-0.657125,-1.47,0.22,-17.75,-15.3125,236.5,-0.151391,0,0,26.57399,0,0,1000,-50,9.65625
08.08.2026,02:49:19,114905,0,-0.264539,-1.18,-0.94,-19.0625,-12.5,230.1875,-0.222778,0,0,26.53485,0,0,1000,-50,12.59375
08.08.2026,02:49:19,115011,0,-0.307172,-1.01,-0.87,-18.75,-10.625,226.375,-0.229095,0,0,26.51195,0,0,1000,-50,11.8125
08.08.2026,02:49:19,115117,0,-0.909574,-0.83,-0.69,-17.125,-10.875,223.25,-0.236281,0,0,26.48832,0,0,1000,-50,7.5
08.08.2026,02:49:19,115223,0,-1.519902,-0.9,0.29,-16.875,-11.5,221.0625,-0.300749,0,0,26.45824,0,0,1000,-50,5.4375
08.08.2026,02:49:19,115329,0,-0.689902,-0.95,0.41,-18.0625,-11.5,219.25,-0.379934,0,0,26.42025,0,0,1000,-50,9.1875
08.08.2026,02:49:19,115435,0,0.086762,-1,-0.42,-19.5,-12.875,218.5,-0.449251,0,0,26.37532,0,0,1000,-50,12.75
08.08.2026,02:49:19,115541,0,-0.109416,-0.89,-0.57,-19.25,-11.6875,218.5,-0.429831,0,0,26.33234,0,0,1000,-50,13.3125
08.08.2026,02:49:19,115647,0,-0.407789,-1.22,-1.09,-18.8125,-11.0625,219.8125,-0.361579,0,0,26.29618,0,0,1000,-50,11.125
08.08.2026,02:49:19,115753,0,-0.827254,-1.14,-0.77,-18.125,-11.375,222.0625,-0.32762,0,0,26.26342,0,0,1000,-50,9.0625
08.08.2026,02:49:19,115859,0,-0.436567,-0.87,-0.16,-18.4375,-11.75,224.875,-0.332317,0,0,26.23019,0,0,1000,-50,10.625
08.08.2026,02:49:19,115965,0,-1.106956,-0.01,2.13,-17.75,-14.625,229.875,-0.2989,0,0,26.2003,0,0,1000,-50,8.21875
08.08.2026,02:49:19,116071,0,-0.3781,-1.08,0.83,-16.875,-16.1875,234.3125,-0.275394,0,0,26.17276,0,0,1000,-50,5.15625
08.08.2026,02:49:19,116177,0,-0.449586,-1.21,-0.83,-16.9375,-15.6875,238.3125,-0.264761,0,0,26.14628,0,0,1000,-50,6.125
08.08.2026,02:49:19,116283,0,0.188764,-1.17,-2.27,-17.1875,-14.1875,241.3125,-0.259665,0,0,26.12032,0,0,1000,-50,6.71875
08.08.2026,02:49:19,116389,0,-0.605121,-0.87,-0.46,-17.125,-13.75,244.4375,-0.190141,0,0,26.1013,0,0,1000,-50,6.15625
08.08.2026,02:49:19,116495,0,0.170219,-0.63,1.48,-17.5,-13.1875,245.5,-0.166074,0,0,26.08469,0,0,1000,-50,6.9375
08.08.2026,02:49:19,116601,0,-0.30315,-0.08,1.62,-18.0625,-14.75,245.6875,-0.166581,0,0,26.04741,0,0,1000,-50,8.625
08.08.2026,02:49:19,116707,0,0.352206,0.04,-0.6,-18,-14.4375,245.125,-0.131431,0,0,26.03427,0,0,1000,-50,9.375
08.08.2026,02:49:19,116813,0,0.226433,-0.74,-2.11,-17.8125,-13.9375,244.625,-0.119465,0,0,26.02233,0,0,1000,-50,8.125
08.08.2026,02:49:19,116919,0,-0.037716,-0.71,-1.65,-16.875,-13.5625,245,-0.062479,0,0,26.01608,0,0,1000,-50,5.09375
08.08.2026,02:49:19,117025,0,-0.165927,-0.13,0.98,-16,-13.75,245.5625,-0.05566,0,0,26.01051,0,0,1000,-50,3.6875
08.08.2026,02:49:19,117131,0,-0.54429,-0.41,2.29,-15.5625,-15.4375,246.375,-0.050882,0,0,26.00542,0,0,1000,-50,1.53125
08.08.2026,02:49:19,117237,0,0.758526,-1.15,-0.22,-16.1875,-15.4375,247.5,-0.087568,0,0,25.99667,0,0,1000,-50,4.34375
08.08.2026,02:49:19,117343,0,0.47963,-1.18,-1.22,-16.6875,-13.6875,248.6875,-0.034356,0,0,25.99323,0,0,1000,-50,5.0625
08.08.2026,02:49:19,117449,0,-0.281161,-1.08,-1.3,-16.5625,-13.25,251.1875,0.02462,0,0,25.99569,0,0,1000,-50,4.6875
08.08.2026,02:49:19,117555,0,0.127031,-0.93,0.12,-15.9375,-12.5625,252.625,0.056218,0,0,26.00131,0,0,1000,-50,3.5625
08.08.2026,02:49:19,117661,0,-1.096379,0.15,2.58,-15.25,-14.4375,253.25,0.106034,0,0,26.01192,0,0,1000,-50,1.875
08.08.2026,02:49:19,117767,0,0.691228,0.02,0.44,-14.375,-15.125,252.75,0.074424,0,0,26.01936,0,0,1000,-50,-2.8125
08.08.2026,02:49:19,117873,0,0.898493,0.08,-0.61,-13.75,-13.6875,251.5625,0.085058,0,0,26.02787,0,0,1000,-50,-3.90625
08.08.2026,02:49:19,117979,0,0.483392,-0.56,-2.34,-14.75,-13.9375,250,0.158609,0,0,26.04373,0,0,1000,-50,-0.71875
08.08.2026,02:49:19,118085,0,-0.293753,-0.2,-0.03,-15.0625,-15.125,250,0.222193,0,0,26.06595,0,0,1000,-50,0.34375
08.08.2026,02:49:19,118191,0,0.499128,0.02,1.65,-14.4375,-15.75,250.625,0.221387,0,0,26.08809,0,0,1000,-50,-2.3125
08.08.2026,02:49:19,118297,0,-0.448882,-0.21,2.64,-13.9375,-19.75,251.5,0.249076,0,0,26.11299,0,0,1000,-50,-3.34375
08.08.2026,02:49:19,118403,0,0.194779,-0.91,0.14,-14.6875,-19.9375,253.375,0.185422,0,0,26.15125,0,0,1000,-50,0.15625
08.08.2026,02:49:19,118509,0,1.720528,-1.17,-3.07,-16.375,-19,255.5,0.257758,0,0,26.17702,0,0,1000,-50,3.53125
08.08.2026,02:49:19,118615,0,-0.579472,-0.76,-1,-17.4375,-21.125,256.1875,0.348139,0,0,26.21184,0,0,1000,-50,8.09375
08.08.2026,02:49:19,118721,0,-0.440667,-0.41,0.7,-17.625,-20.1875,256.0625,0.242688,0,0,26.23611,0,0,1000,-50,7.71875
08.08.2026,02:49:19,118827,0,-0.398471,0.13,2.4,-16.875,-19.125,255,0.23088,0,0,26.2592,0,0,1000,-50,4.84375
08.08.2026,02:49:19,118933,0,1.119721,0.2,-0.6,-16.375,-17.25,253.5,0.136309,0,0,26.27283,0,0,1000,-50,4.6875
08.08.2026,02:49:19,119039,0,1.203591,-0.26,-1.77,-16.4375,-15.5625,252.875,0.190634,0,0,26.29189,0,0,1000,-50,3.9375
08.08.2026,02:49:19,119145,0,-0.195041,-0.71,-2.16,-16.375,-16.125,253.0625,0.268437,0,0,26.31874,0,0,1000,-50,4.5
08.08.2026,02:49:19,119251,0,-0.052258,-0.26,-0.65,-15.625,-15.5,253.6875,0.224415,0,0,26.34118,0,0,1000,-50,0.78125
08.08.2026,02:49:19,119357,0,0.141499,-0.01,1.47,-14.4375,-16.1875,253.9375,0.194165,0,0,26.36059,0,0,1000,-50,-2.625
08.08.2026,02:49:19,119463,0,0.057005,-0.43,1.12,-13.75,-18.625,253.5,0.139755,0,0,26.37457,0,0,1000,-50,-4.09375
08.08.2026,02:49:19,119569,0,0.474911,-0.5,-0.31,-14.625,-17.5,253.9375,0.065097,0,0,26.38108,0,0,1000,-50,-0.34375
08.08.2026,02:49:19,119675,0,0.491236,-0.6,-2.3,-15.4375,-17.25,254.5625,0.114298,0,0,26.39251,0,0,1000,-50,1.9375
08.08.2026,02:49:19,119781,0,0.086713,-0.76,-2.09,-15.9375,-17.3125,255.1875,0.14063,0,0,26.40657,0,0,1000,-50,3.125
08.08.2026,02:49:19,119887,0,-0.388172,-0.46,0.23,-16,-17.5,255.1875,0.151919,0,0,26.42176,0,0,1000,-50,3
08.08.2026,02:49:19,119993,0,-1.381833,0.45,2.99,-16.3125,-17.6875,254.4375,0.113853,0,0,26.43315,0,0,1000,-50,3.75
08.08.2026,02:49:19,120099,0,0.866926,0.57,0.26,-16.1875,-16.8125,253.4375,0.038606,0,0,26.43701,0,0,1000,-50,4.3125
08.08.2026,02:49:19,120205,0,0.636204,-0.02,-1.64,-16.125,-16.5625,252.5625,0.102564,0,0,26.44951,0,0,1000,-50,3.1875
08.08.2026,02:49:19,120311,0,-0.057094,-0.61,-2.37,-16.25,-17.375,252.375,0.142596,0,0,26.46377,0,0,1000,-50,3.59375
08.08.2026,02:49:19,120417,0,0.604676,0.03,-0.23,-15.5,-17.0625,252.75,0.113347,0,0,26.4751,0,0,1000,-50,1.9375
08.08.2026,02:49:19,120523,0,-1.33942,0.23,3.13,-14.8125,-18.4375,252.5,0.127383,0,0,26.48784,0,0,1000,-50,-0.65625
08.08.2026,02:49:19,120629,0,0.540418,-0.37,1.36,-15.125,-17.0625,252.5625,0.005038,0,0,26.48835,0,0,1000,-50,-0.1875
08.08.2026,02:49:19,120735,0,0.288892,-0.53,-0.39,-15.8125,-17.125,253.6875,0.047434,0,0,26.49309,0,0,1000,-50,2.90625
08.08.2026,02:49:19,120841,0,0.735789,-0.8,-2.92,-15.8125,-17.25,254.9375,0.096519,0,0,26.50274,0,0,1000,-50,2.28125
08.08.2026,02:49:19,120947,0,-0.568694,-0.67,-0.55,-16,-17.5625,255.375,0.139395,0,0,26.51668,0,0,1000,-50,2.59375
08.08.2026,02:49:19,121053,0,0.468435,-0.42,1.15,-16.5,-17.5625,255.1875,0.089287,0,0,26.52561,0,0,1000,-50,3.9375
08.08.2026,02:49:19,121159,0,-0.874229,0.16,2.33,-16.5,-19.5,254.625,0.082826,0,0,26.53389,0,0,1000,-50,4.6875
08.08.2026,02:49:19,121265,0,0.775813,0.05,-0.18,-16.125,-18.75,253.875,-0.001302,0,0,26.53376,0,0,1000,-50,4.125
08.08.2026,02:49:19,121371,0,0.734623,-0.48,-1.59,-16.0625,-17.5,253.4375,0.037007,0,0,26.53746,0,0,1000,-50,3.5
08.08.2026,02:49:19,121477,0,-0.298427,-0.74,-1.54,-16.4375,-17.875,254.1875,0.094863,0,0,26.54695,0,0,1000,-50,4.3125
08.08.2026,02:49:19,121583,0,-0.832539,-0.02,0.69,-15.75,-18.625,254.625,0.127864,0,0,26.55973,0,0,1000,-50,3.375
08.08.2026,02:49:19,121689,0,-1.104736,-0.05,2.82,-15.0625,-18.5625,254.5625,0.068328,0,0,26.56657,0,0,1000,-50,-0.125
08.08.2026,02:49:19,121795,0,0.59562,-0.53,1.23,-15,-17.5625,254.3125,-0.011067,0,0,26.56546,0,0,1000,-50,0
08.08.2026,02:49:19,121901,0,0.315222,-0.68,-0.83,-15.8125,-17.625,255.4375,0.046059,0,0,26.5667,0,0,1000,-50,2.53125
08.08.2026,02:49:19,122007,0,0.902079,-0.86,-2.75,-16.25,-17.8125,256.5625,0.097717,0,0,26.57647,0,0,1000,-50,3.375
08.08.2026,02:49:19,122113,0,-0.067921,-0.76,-1.08,-16.5625,-18.875,256.75,0.128959,0,0,26.58937,0,0,1000,-50,4.84375
08.08.2026,02:49:19,122219,0,0.157932,-0.47,0.81,-17.1875,-19.6875,256.4375,0.106427,0,0,26.60001,0,0,1000,-50,7.03125
08.08.2026,02:49:19,122325,0,-1.14549,0.13,2.52,-17.6875,-20.3125,255.8125,0.041369,0,0,26.60415,0,0,1000,-50,8.6875
08.08.2026,02:49:19,122431,0,1.452483,0.19,-0.39,-17.625,-18.25,255.0625,0.021666,0,0,26.60631,0,0,1000,-50,8.4375
08.08.2026,02:49:19,122537,0,0.998495,-0.73,-2.21,-17.1875,-18.6875,255,0.124008,0,0,26.61871,0,0,1000,-50,7.125
08.08.2026,02:49:19,122643,0,-0.037408,-0.59,-1.68,-16.375,-20.3125,255.5,0.183572,0,0,26.63707,0,0,1000,-50,4.875
08.08.2026,02:49:19,122749,0,-1.382668,-0.06,0.66,-15.375,-22.3125,256.1875,0.163563,0,0,26.65343,0,0,1000,-50,2.0625
08.08.2026,02:49:19,122855,0,-0.564792,-0.18,2.61,-14.5,-21.8125,255.8125,0.066053,0,0,26.66003,0,0,1000,-50,-2.125
08.08.2026,02:49:19,122961,0,0.154758,-0.26,0.99,-14.6875,-22.0625,254.4375,0.013996,0,0,26.66143,0,0,1000,-50,-1.375
08.08.2026,02:49:19,123067,0,0.125631,-0.41,-0.66,-16,-20.9375,254.6875,-0.02714,0,0,26.65872,0,0,1000,-50,2.59375
08.08.2026,02:49:19,123173,0,1.395792,-0.76,-2.93,-16.875,-19.6875,255.375,-0.005002,0,0,26.65822,0,0,1000,-50,6.25
08.08.2026,02:49:19,123279,0,-0.767049,-0.66,-0.75,-17.125,-21,255.625,0.088333,0,0,26.66705,0,0,1000,-50,6.375
08.08.2026,02:49:19,123385,0,-0.289344,-0.54,1.13,-17.0625,-20.6875,255.5625,0.071388,0,0,26.67419,0,0,1000,-50,6.1875
08.08.2026,02:49:19,123491,0,-1.120019,0.01,3,-16.875,-22.8125,254.4375,0.020994,0,0,26.67629,0,0,1000,-50,5.8125
08.08.2026,02:49:19,123597,0,0.570407,0.16,-0.22,-16.6875,-22,253.0625,-0.013244,0,0,26.67496,0,0,1000,-50,5.4375
08.08.2026,02:49:19,123703,0,1.32165,-0.61,-2.54,-16.9375,-20.5625,252.375,0.040643,0,0,26.67516,0,0,1000,-50,5.4375
08.08.2026,02:49:19,123809,0,0.580343,-0.78,-2.56,-17,-20.6875,253,0.130331,0,0,26.68819,0,0,1000,-50,5.6875
08.08.2026,02:49:19,123915,0,-0.686528,-0.13,0.82,-16.0625,-20.4375,254.5,0.08336,0,0,26.69653,0,0,1000,-50,3.6875
08.08.2026,02:49:19,124021,0,-1.037658,-0.1,3.35,-15.625,-21.5,254.9375,0.03513,0,0,26.70004,0,0,1000,-50,1.75
08.08.2026,02:49:19,124127,0,1.422574,-0.46,1.17,-16.375,-21.3125,255.4375,-0.007215,0,0,26.69932,0,0,1000,-50,5.0625
08.08.2026,02:49:19,124233,0,0.110581,-0.88,-0.01,-17.4375,-22.0625,256.8125,0.061963,0,0,26.70552,0,0,1000,-50,7.625
08.08.2026,02:49:19,124339,0,0.748137,-1.02,-2.41,-17.375,-21.1875,258.25,0.076016,0,0,26.71312,0,0,1000,-45.90625,6.96875
08.08.2026,02:49:19,124445,0,-0.285826,-0.77,-0.32,-17,-20.125,259.0625,0.123231,0,0,26.72544,0,0,1000,-43.5,6.0625
08.08.2026,02:49:19,124551,0,0.28034,-0.32,1.97,-16.875,-20,257.9375,0.119234,0,0,26.73737,0,0,1000,-49.8125,5.625
08.08.2026,02:49:19,124657,0,-0.713394,0.29,1.77,-16.8125,-21.5625,255.75,0.116126,0,0,26.74898,0,0,1000,-50,5.59375
08.08.2026,02:49:19,124763,0,0.875757,0.09,-0.42,-16.875,-19.5625,253.6875,0.026395,0,0,26.75162,0,0,1000,-50,5.625
08.08.2026,02:49:19,124869,0,0.882709,-0.49,-2.07,-17.5,-18.25,252.125,0.094786,0,0,26.7611,0,0,1000,-50,8.125
08.08.2026,02:49:19,124975,0,-0.161833,-0.57,-1.18,-17.5625,-18.9375,251.6875,0.141242,0,0,26.77522,0,0,1000,-50,8.25
08.08.2026,02:49:19,125081,0,-0.35643,-0.08,1.02,-16.625,-18.625,251.9375,0.142954,0,0,26.78952,0,0,1000,-50,5.8125
08.08.2026,02:49:19,125187,0,-1.038855,-0.15,3.26,-16.5,-19.5,252.4375,0.075401,0,0,26.79706,0,0,1000,-50,4.125
08.08.2026,02:49:19,125293,0,0.991253,-0.68,0.35,-16.625,-19.375,253.75,-0.003351,0,0,26.79672,0,0,1000,-50,4.875
08.08.2026,02:49:19,125399,0,0.670396,-1.19,-2.12,-16.875,-18.5625,255.5,0.026668,0,0,26.79939,0,0,1000,-50,5.59375
08.08.2026,02:49:19,125505,0,0.399049,-1.22,-2.1,-17.25,-19.5,256.125,0.101054,0,0,26.81368,0,0,1000,-50,6.5
08.08.2026,02:49:19,125611,0,-1.114201,-0.96,0.32,-17.875,-20.0625,255.8125,0.079234,0,0,26.8216,0,0,1000,-50,9.09375
08.08.2026,02:49:19,125717,0,0.183251,-0.09,2.06,-18.4375,-18.4375,253.9375,0.02803,0,0,26.82441,0,0,1000,-50,10.3125
08.08.2026,02:49:19,125823,0,1.17235,0.76,0.94,-17.6875,-18.6875,252.4375,-0.029609,0,0,26.82145,0,0,1000,-50,7.75
08.08.2026,02:49:19,125929,0,0.530678,-0.5,-0.61,-16.3125,-18.875,251.4375,0.081597,0,0,26.82961,0,0,1000,-50,4.875
08.08.2026,02:49:19,126035,0,0.36681,-1.05,-2.05,-16.125,-19.5625,249.875,0.120285,0,0,26.84163,0,0,1000,-50,3.1875
08.08.2026,02:49:19,126141,0,-0.447309,-0.88,-1.32,-16.125,-20.3125,249.0625,0.128086,0,0,26.85444,0,0,1000,-50,3.75
08.08.2026,02:49:19,126247,0,-0.899734,-0.13,0.91,-16.0625,-20.25,248.5,0.075431,0,0,26.86199,0,0,1000,-50,2.875
08.08.2026,02:49:19,126353,0,-0.629453,-0.05,2.49,-15.5,-19.625,248.625,-0.008753,0,0,26.86111,0,0,1000,-50,1.1875
08.08.2026,02:49:19,126459,0,0.671698,-0.84,0.49,-15.875,-19.875,250.6875,-0.035779,0,0,26.85753,0,0,1000,-50,2.90625
08.08.2026,02:49:19,126565,0,0.061299,-1.1,-0.83,-15.1875,-20.5625,253,0.012399,0,0,26.85877,0,0,1000,-50,1.5
08.08.2026,02:49:19,126671,0,1.12174,-1.43,-2.79,-15.0625,-20,255.125,-0.013713,0,0,26.8574,0,0,1000,-50,0.5
08.08.2026,02:49:19,126777,0,-0.369926,-1.16,-0.1,-16.0625,-20.0625,256.5,0.051793,0,0,26.86258,0,0,1000,-50,4.59375
08.08.2026,02:49:19,126883,0,-0.741283,0.11,3.15,-17.5625,-19.625,257.1875,0.04222,0,0,26.8668,0,0,1000,-50,8.96875
08.08.2026,02:49:19,126989,0,1.42997,0.41,-0.05,-16.1875,-18.75,256.5625,-0.038967,0,0,26.86291,0,0,1000,-50,4
08.08.2026,02:49:19,127095,0,0.680564,-0.07,-1.19,-15.4375,-19.125,256,-0.018475,0,0,26.86106,0,0,1000,-50,1.125
08.08.2026,02:49:19,127201,0,0.958918,-0.92,-2.64,-16.5,-20.3125,256.375,0.115829,0,0,26.87776,0,0,1000,-50,3.5625
08.08.2026,02:49:19,127307,0,-0.114807,-0.46,-0.94,-16.375,-21.4375,256.875,0.125715,0,0,26.89033,0,0,1000,-50,4.6875
08.08.2026,02:49:19,127413,0,-0.222496,0.07,2.36,-15.125,-21.8125,257.8125,0.113412,0,0,26.90167,0,0,1000,-49.5,0.9375
08.08.2026,02:49:19,127519,0,-0.134267,-0.34,2.25,-15.3125,-24,258.375,0.05507,0,0,26.90718,0,0,1000,-47.5,0.1875
08.08.2026,02:49:19,127625,0,0.264956,-0.79,0.08,-16.5625,-24.5,259.1875,0.024172,0,0,26.90959,0,0,1000,-42.3125,3
08.08.2026,02:49:19,127731,0,1.323233,-1.04,-2.92,-17.5625,-23.6875,260.125,0.053575,0,0,26.91495,0,0,1000,-38.71875,8.46875
08.08.2026,02:49:19,127837,0,0.518963,-1.04,-2.19,-18.5,-23.75,260.9375,0.132772,0,0,26.92823,0,0,1000,-35.78125,11.125
08.08.2026,02:49:19,127943,0,-0.214992,-0.02,2.34,-19.3125,-23.75,260.4375,0.122982,0,0,26.94053,0,0,1000,-37.96875,12.84375
08.08.2026,02:49:19,128049,0,-0.536752,0.27,2.64,-19.8125,-24.75,260.4375,0.054754,0,0,26.946,0,0,1000,-37.9375,14.59375
08.08.2026,02:49:19,128155,0,0.403286,-0.34,0.06,-18.625,-25.75,260.4375,-0.001201,0,0,26.94588,0,0,1000,-38.5625,9.46875
08.08.2026,02:49:19,128261,0,0.642727,-0.76,-1.46,-17.9375,-24.3125,259.6875,0.017392,0,0,26.94762,0,0,1000,-41.875,8.96875
08.08.2026,02:49:19,128367,0,1.000716,-1.01,-2.4,-18.4375,-24,259.375,0.062528,0,0,26.95387,0,0,1000,-42.5,10.3125
08.08.2026,02:49:19,128473,0,-0.533661,-0.28,0.78,-18.6875,-24.875,259.75,0.13613,0,0,26.96749,0,0,1000,-41.5,11.0625
08.08.2026,02:49:19,128579,0,-1.316784,-0.13,2.99,-18.3125,-24.3125,259.875,0.097127,0,0,26.9772,0,0,1000,-40.25,10.125
08.08.2026,02:49:19,128685,0,0.682745,-0.75,1.09,-18.75,-23.875,260.5625,0.014643,0,0,26.97866,0,0,1000,-36.8125,10.5
08.08.2026,02:49:19,128791,0,0.245555,-1.04,0.52,-19.625,-23.8125,261.875,-0.087407,0,0,26.96992,0,0,1000,-31.5625,14.03125
08.08.2026,02:49:19,128897,0,0.805376,-1.34,-2.11,-19.3125,-23.75,263.25,0.00557,0,0,26.97048,0,0,1000,-25.59375,12.46875
08.08.2026,02:49:19,129003,0,0.173054,-1.32,-0.87,-19.125,-24.0625,263.625,0.061369,0,0,26.98384,0,0,1000,-25.96875,12.21875
08.08.2026,02:49:19,129109,0,1.141081,-0.89,0.56,-18.9375,-23.6875,262.0625,0.092336,0,0,26.99307,0,0,1000,-33.46875,12.03125
08.08.2026,02:49:19,129215,0,-1.111888,-0.27,2.87,-18.1875,-25.0625,260.125,0.017298,0,0,26.9948,0,0,1000,-41.0625,8.9375
08.08.2026,02:49:19,129321,0,1.287555,-0.44,0.12,-17.9375,-24.1875,258.375,0.002202,0,0,26.99502,0,0,1000,-46.5,8.5
08.08.2026,02:49:19,129427,0,0.175144,-0.85,-1.25,-18.375,-24.3125,256.875,0.072775,0,0,27.0023,0,0,1000,-50,9.84375
08.08.2026,02:49:19,129533,0,0.522659,-0.94,-2.38,-18.875,-23.625,256.6875,0.077285,0,0,27.01003,0,0,1000,-50,11.25
08.08.2026,02:49:19,129639,0,-0.850272,-0.36,0.76,-18.5,-24.0625,257.4375,0.091157,0,0,27.01914,0,0,1000,-50,11.0625
08.08.2026,02:49:19,129745,0,0.479647,-0.18,1.68,-17,-23.0625,257.375,0.002519,0,0,27.01939,0,0,1000,-50,7.5
08.08.2026,02:49:19,129851,0,-0.140702,-0.27,1.83,-16.625,-23.25,257.3125,0.010852,0,0,27.02048,0,0,1000,-50,4.875
08.08.2026,02:49:19,129957,0,0.598885,-1.16,-0.8,-17.5,-21.8125,260,0.012828,0,0,27.02176,0,0,1000,-43.25,7.125
08.08.2026,02:49:19,130063,0,0.697226,-1.42,-1.93,-17.75,-21.3125,261.3125,0.051607,0,0,27.02692,0,0,1000,-36,7.875
08.08.2026,02:49:19,130169,0,0.023597,-1.14,-0.44,-18.5,-21.125,261.4375,0.112854,0,0,27.03821,0,0,1000,-34.40625,11.125
08.08.2026,02:49:19,130275,0,0.540426,-0.37,1.27,-19.4375,-21.625,261.0625,0.098613,0,0,27.04807,0,0,1000,-35.90625,14.09375
08.08.2026,02:49:19,130381,0,-1.833643,0.29,3.59,-19.5,-24.5,260.8125,0.126516,0,0,27.06072,0,0,1000,-36.90625,13.34375
08.08.2026,02:49:19,130487,0,1.157028,-0.17,-0.47,-18.375,-23.125,260.25,-0.020857,0,0,27.05864,0,0,1000,-38.25,11.0625
08.08.2026,02:49:19,130593,0,0.936946,-0.94,-2,-18.375,-23.375,259.6875,0.002558,0,0,27.05889,0,0,1000,-41.71875,10.4375
08.08.2026,02:49:19,130699,0,0.524399,-1.07,-2.21,-18.375,-23.75,259.625,0.07918,0,0,27.06681,0,0,1000,-41.34375,10.125
08.08.2026,02:49:19,130805,0,-0.54918,-0.57,0.17,-17.375,-24.0625,259.8125,0.074729,0,0,27.08541,0,0,1000,-40.75,6.5
08.08.2026,02:49:19,130911,0,-0.152144,-0.34,2.45,-17.3125,-23.0625,259.875,0.017463,0,0,27.08716,0,0,1000,-40.5,6.375
08.08.2026,02:49:19,131017,0,1.117507,-0.42,1.02,-18,-22.375,259.8125,0.010842,0,0,27.08824,0,0,1000,-41.25,8.25
08.08.2026,02:49:19,131123,0,-0.244641,-0.77,-0.11,-18.625,-22.1875,260.9375,0.066802,0,0,27.09492,0,0,1000,-35.3125,10.875
08.08.2026,02:49:19,131229,0,1.193792,-1.13,-2.35,-18.4375,-20.6875,262.3125,0.048716,0,0,27.09979,0,0,1000,-29.34375,10.3125
08.08.2026,02:49:19,131335,0,0.869653,-1.36,-1.02,-18.5,-21.0625,263.0625,0.12872,0,0,27.11267,0,0,1000,-27.28125,10.8125
08.08.2026,02:49:19,131441,0,-1.044666,-0.48,2.44,-19.8125,-24.1875,262.1875,0.134299,0,0,27.1261,0,0,1000,-32.34375,14.28125
08.08.2026,02:49:19,131547,0,0.275017,0.33,1.31,-19.9375,-24.875,261.25,0.009857,0,0,27.12708,0,0,1000,-35.625,15.15625
08.08.2026,02:49:19,131653,0,0.20591,0.2,0.32,-18.625,-24.9375,260.5625,-0.027747,0,0,27.12431,0,0,1000,-38.21875,9.78125
08.08.2026,02:49:19,131759,0,0.856144,-0.91,-1.66,-18.375,-24,260.4375,-0.007299,0,0,27.12358,0,0,1000,-38.25,10.28125
08.08.2026,02:49:19,131865,0,0.674759,-1.07,-2.26,-18.4375,-24.3125,260.625,0.043079,0,0,27.12789,0,0,1000,-37.5,10.3125
08.08.2026,02:49:19,131971,0,-0.197847,-0.18,1.26,-17.6875,-25.1875,261.25,0.081043,0,0,27.13599,0,0,1000,-35.25,8.8125
08.08.2026,02:49:19,132077,0,-0.228544,-0.39,2.24,-16.8125,-25,260.875,0.021682,0,0,27.13816,0,0,1000,-35.25,6.375
08.08.2026,02:49:19,132183,0,0.842369,-0.68,0.7,-16.75,-24.25,260.4375,-0.028412,0,0,27.13532,0,0,1000,-38.5,4.875
08.08.2026,02:49:19,132289,0,-0.066463,-1.18,-0.61,-17.3125,-23.75,261.5,-0.036322,0,0,27.13169,0,0,1000,-33.0625,7.25
08.08.2026,02:49:19,132395,0,0.934271,-1.46,-2.25,-18.125,-22,262.6875,-0.022801,0,0,27.12941,0,0,1000,-29.375,9.28125
08.08.2026,02:49:19,132501,0,0.181927,-0.99,0.06,-18.9375,-23.1875,262.375,0.079089,0,0,27.14461,0,0,1000,-29.65625,11.6875
08.08.2026,02:49:19,132607,0,-0.080617,-0.06,2.59,-19.5,-23,262,0.042917,0,0,27.1489,0,0,1000,-32.15625,13.5
08.08.2026,02:49:19,132713,0,-0.021997,-0.19,1.82,-18.5625,-24.6875,262.0625,-0.01032,0,0,27.14787,0,0,1000,-31.75,9.4375
08.08.2026,02:49:19,132819,0,0.078335,-0.45,-0.1,-17.8125,-24.4375,262.1875,0.006918,0,0,27.14856,0,0,1000,-30.9375,8.4375
08.08.2026,02:49:19,132925,0,1.37713,-1.13,-2.6,-19.125,-23.6875,262.6875,0.030545,0,0,27.15161,0,0,1000,-29.75,12.375
08.08.2026,02:49:19,133031,0,0.583125,-0.45,-0.76,-19.3125,-24.8125,263.3125,0.124546,0,0,27.16407,0,0,1000,-27.75,12.75
08.08.2026,02:49:19,133137,0,-1.551395,-0.24,2.94,-18.8125,-26.625,264.0625,0.140574,0,0,27.17812,0,0,1000,-24.5,12.375
08.08.2026,02:49:19,133243,0,-0.591525,-0.87,2.37,-18.625,-25.75,265,0.004036,0,0,27.17853,0,0,1000,-19.0625,10.6875
08.08.2026,02:49:19,133349,0,1.319693,-1.24,0.15,-19.6875,-23.6875,266.6875,-0.037882,0,0,27.17474,0,0,1000,-13.25,14.84375
08.08.2026,02:49:19,133455,0,0.51856,-1.18,-1.59,-20.1875,-22,268.875,0.035239,0,0,27.17826,0,0,1000,-6.5,15.1875
08.08.2026,02:49:19,133561,0,0.596921,-1.43,-1.64,-20.5625,-21.125,269.875,0.050963,0,0,27.18336,0,0,1000,0.125,16.5
08.08.2026,02:49:19,133667,0,0.064214,-0.98,0.69,-21.5,-21.625,269.875,0.084175,0,0,27.19178,0,0,1000,-0.65625,18.375
08.08.2026,02:49:19,133773,0,-0.698055,-0.19,2.47,-22,-22.125,269.5625,0.070571,0,0,27.19884,0,0,1000,-1.90625,21.15625
08.08.2026,02:49:19,133879,0,1.611625,-0.39,0.58,-21.5625,-22.5,269.5625,0.009941,0,0,27.19983,0,0,1000,-1.75,18.90625
08.08.2026,02:49:19,133985,0,-0.890748,-0.89,0.31,-20.6875,-22.75,268.5625,0.073797,0,0,27.20721,0,0,1000,-6.21875,16.375
08.08.2026,02:49:19,134091,0,1.198375,-1.43,-2.57,-20.875,-21.5625,268,0.027275,0,0,27.20994,0,0,1000,-8.3125,17.625
08.08.2026,02:49:19,134197,0,-0.002947,-0.89,-0.7,-20.625,-23.375,268.25,0.041109,0,0,27.21405,0,0,1000,-6.6875,16.40625
08.08.2026,02:49:19,134303,0,-1.005383,-0.39,2.13,-18.9375,-24.375,267.875,-0.023488,0,0,27.21928,0,0,1000,-9.28125,9.625
08.08.2026,02:49:19,134409,0,0.498402,-0.56,1.42,-17.5625,-22.9375,267.5,-0.094234,0,0,27.20985,0,0,1000,-10.75,7.6875
08.08.2026,02:49:19,134515,0,1.23947,-1.29,-0.45,-18.375,-21.4375,268.8125,-0.033192,0,0,27.20653,0,0,1000,-6.75,9.1875
08.08.2026,02:49:19,134621,0,1.008828,-1.42,-2.18,-18.8125,-21.25,270,0.019951,0,0,27.20853,0,0,1000,-1.25,10.875
08.08.2026,02:49:19,134727,0,0.086784,-1.43,-1.18,-19.8125,-22.3125,270.5,0.063556,0,0,27.21488,0,0,1000,2,15.375
08.08.2026,02:49:19,134833,0,0.485359,-1.05,0.15,-21,-22.5,269.875,0.044304,0,0,27.21931,0,0,1000,-1.125,18.9375
08.08.2026,02:49:19,134939,0,-1.165414,0.17,2.92,-21.5,-23.1875,268.6875,0.024047,0,0,27.22172,0,0,1000,-5.1875,19.6875
08.08.2026,02:49:19,135045,0,0.876417,-0.06,0.31,-20.625,-22.3125,268.6875,-0.056937,0,0,27.21603,0,0,1000,-5.09375,17.75
08.08.2026,02:49:19,135151,0,0.796517,-1.22,-1.53,-20.125,-20.875,269.1875,-0.003113,0,0,27.21572,0,0,1000,-2.78125,15.375
08.08.2026,02:49:19,135257,0,0.905161,-1.28,-2.36,-20.3125,-21.0625,269.8125,0.042174,0,0,27.21993,0,0,1000,-0.28125,16.09375
08.08.2026,02:49:19,135363,0,-0.747813,-0.76,-0.01,-20,-22.25,270.375,0.092489,0,0,27.22918,0,0,1000,1.5,14.53125
08.08.2026,02:49:19,135469,0,-0.488089,-0.28,2.68,-17.6875,-21,269.375,0.008581,0,0,27.23004,0,0,1000,-1.25,8.15625
08.08.2026,02:49:19,135575,0,0.782408,-0.73,1.41,-17.25,-20.4375,268.75,-0.015449,0,0,27.22849,0,0,1000,-5,6.5625
08.08.2026,02:49:19,135681,0,-0.307554,-0.95,0.62,-17.8125,-20,269.5,-0.001205,0,0,27.22837,0,0,1000,-1.0625,7.6875
08.08.2026,02:49:19,135787,0,1.262052,-1.35,-2.33,-18.5625,-18.5625,270.4375,0.012274,0,0,27.2296,0,0,1000,1.75,11.46875
08.08.2026,02:49:19,135893,0,0.06018,-1.01,-0.23,-20.125,-20.25,271.0625,0.058217,0,0,27.23542,0,0,1000,4.25,14.4375
08.08.2026,02:49:19,135999,0,-0.142853,-0.81,2.04,-20.9375,-21.8125,270.6875,0.09431,0,0,27.24486,0,0,1000,3.5,17.0625
08.08.2026,02:49:19,136105,0,0.21501,-0.34,1.55,-21.3125,-23.1875,269.25,0.010463,0,0,27.25255,0,0,1000,-4.09375,18.375
08.08.2026,02:49:19,136211,0,-0.115326,-0.05,0.25,-21.3125,-23,268,0.008113,0,0,27.25336,0,0,1000,-8.9375,18.46875
08.08.2026,02:49:19,136317,0,0.954413,-0.77,-1.91,-21.0625,-20.5,267.3125,-0.000093,0,0,27.25335,0,0,1000,-11.0625,18.34375
08.08.2026,02:49:19,136423,0,0.392192,-0.62,-1.51,-21.25,-20.4375,268.625,0.069106,0,0,27.26026,0,0,1000,-6,18.9375
08.08.2026,02:49:19,136529,0,-0.429916,-0.2,0.89,-20.125,-21.3125,269.6875,0.06555,0,0,27.26681,0,0,1000,-0.78125,13.8125
08.08.2026,02:49:19,136635,0,-1.330219,-0.32,3.1,-19.0625,-22.1875,269.8125,0.009421,0,0,27.26776,0,0,1000,-0.59375,11.71875
08.08.2026,02:49:19,136741,0,0.772649,-1.14,1.03,-19.5,-20.875,270.8125,-0.089175,0,0,27.25884,0,0,1000,4.34375,14.28125
08.08.2026,02:49:19,136847,0,-0.146684,-1.1,0.47,-19.8125,-19.3125,271.9375,-0.020745,0,0,27.25676,0,0,1000,7.75,14.4375
08.08.2026,02:49:19,136953,0,1.033153,-1.36,-2.26,-19.6875,-18.0625,272.9375,0.005059,0,0,27.25727,0,0,1000,11,13.875
08.08.2026,02:49:19,137059,0,-0.109027,-1.2,-0.13,-20.1875,-19.5625,272.9375,0.067801,0,0,27.26405,0,0,1000,12.25,14.625
08.08.2026,02:49:19,137165,0,-0.060214,-1.13,1.72,-21.0625,-21.0625,272.25,0.036901,0,0,27.26774,0,0,1000,7.90625,17.4375
08.08.2026,02:49:19,137271,0,-0.091007,-0.43,1.69,-21.5,-22.9375,271,0.024649,0,0,27.2702,0,0,1000,3.0625,19.8125
08.08.2026,02:49:19,137377,0,0.120177,-0.7,-0.63,-20.6875,-20.8125,269.4375,-0.036811,0,0,27.26652,0,0,1000,-1.4375,17.21875
08.08.2026,02:49:19,137483,0,1.431309,-1.4,-2.52,-21.0625,-18.375,269.3125,-0.03521,0,0,27.263,0,0,1000,-2.59375,17.9375
08.08.2026,02:49:19,137589,0,0.181068,-0.9,-1.18,-21.1875,-18.8125,270.1875,0.00752,0,0,27.26375,0,0,1000,1.6875,18.75
08.08.2026,02:49:19,137695,0,0.548785,-0.52,1.43,-19.8125,-20.75,271.1875,0.070976,0,0,27.27085,0,0,1000,5.375,12.875
08.08.2026,02:49:19,137801,0,-1.151707,-0.91,3.22,-18.5625,-22.25,271.25,-0.058251,0,0,27.26656,0,0,1000,5,10.21875
08.08.2026,02:49:19,137907,0,0.75193,-1.41,-0.08,-19.6875,-19.9375,271.3125,-0.054852,0,0,27.26107,0,0,1000,5,14.53125
08.08.2026,02:49:19,138013,0,1.262221,-1.36,-1.95,-20.1875,-18.5625,272.25,-0.00905,0,0,27.26017,0,0,1000,7.25,15.1875
08.08.2026,02:49:19,138119,0,0.26978,-1.31,-0.85,-20.5,-20.1875,273.125,0.075905,0,0,27.26776,0,0,1000,11.75,16.125
08.08.2026,02:49:19,138225,0,1.117059,-1.2,0.31,-20.75,-21.75,273.3125,0.084615,0,0,27.27622,0,0,1000,13.09375,16.875
08.08.2026,02:49:19,138331,0,-1.476103,0.08,3.1,-20.625,-24.625,272.3125,0.098359,0,0,27.28605,0,0,1000,8.3125,16.71875
08.08.2026,02:49:19,138437,0,0.283738,-0.09,0.21,-19.25,-23.8125,271.375,0.004942,0,0,27.28655,0,0,1000,6.125,13.375
08.08.2026,02:49:19,138543,0,1.922951,-1.08,-2.09,-18.75,-20.875,271,0.024483,0,0,27.289,0,0,1000,4,11.0625
08.08.2026,02:49:19,138649,0,0.508388,-1.09,-1.54,-19.25,-21.625,271.125,0.141893,0,0,27.30319,0,0,1000,4.65625,13.21875
08.08.2026,02:49:19,138755,0,-0.076634,-0.37,0.56,-19.4375,-22.9375,271.125,0.156142,0,0,27.3188,0,0,1000,4.34375,13.3125
08.08.2026,02:49:19,138861,0,-0.279786,0.02,2.78,-19.9375,-23.375,271.0625,0.09802,0,0,27.3286,0,0,1000,4.40625,15.4375
08.08.2026,02:49:19,138967,0,0.969254,-0.86,0.93,-20.625,-24.4375,271.375,0.029857,0,0,27.33159,0,0,1000,4.5,16.5
08.08.2026,02:49:19,139073,0,0.207583,-1.19,0.16,-20.75,-24.1875,272.5,0.051977,0,0,27.33678,0,0,1000,8.75,17.625
08.08.2026,02:49:19,139179,0,1.265802,-1.36,-2.13,-20.25,-23.4375,273.125,0.055382,0,0,27.34232,0,0,1000,12.25,15.9375
08.08.2026,02:49:19,139285,0,0.301965,-1.23,-0.73,-20.875,-24.3125,272.25,0.119312,0,0,27.35425,0,0,1000,9,18.5625
08.08.2026,02:49:19,139391,0,0.097699,-0.67,1.55,-23.3125,-26.5625,269.9375,0.132668,0,0,27.36752,0,0,1000,2,23.625
08.08.2026,02:49:19,139497,0,0.033769,0.17,1.53,-23.5625,-27.8125,268,0.122223,0,0,27.37974,0,0,1000,-4.75,26.0625
08.08.2026,02:49:19,139603,0,0.522668,0.13,0.58,-22.1875,-26.125,266.0625,0.053352,0,0,27.3885,0,0,1000,-17.46875,23.0625
08.08.2026,02:49:19,139709,0,1.370952,-0.74,-1.46,-21.3125,-23.75,263.625,0.093338,0,0,27.39784,0,0,1000,-27.6875,19.3125
08.08.2026,02:49:19,139815,0,1.67795,-0.94,-1.79,-20.625,-22.625,260.75,0.203498,0,0,27.41819,0,0,1000,-39.03125,16.25
08.08.2026,02:49:19,139921,0,-0.584975,-0.51,0.83,-19.75,-25.375,257.1875,0.198462,0,0,27.43803,0,0,1000,-50,14.34375
08.08.2026,02:49:19,140027,0,-0.408565,-0.05,1.76,-19.0625,-25.5,253.1875,0.111641,0,0,27.4492,0,0,1000,-50,11.78125
08.08.2026,02:49:19,140133,0,0.890089,0.04,0.87,-18.1875,-25,248.6875,0.041835,0,0,27.45338,0,0,1000,-50,8.46875
08.08.2026,02:49:19,140239,0,0.597792,-0.18,0.67,-17.3125,-22.6875,245.5625,0.07145,0,0,27.46053,0,0,1000,-50,6.15625
08.08.2026,02:49:19,140345,0,1.014581,-0.92,-1.15,-17,-21.25,242.9375,0.09984,0,0,27.47051,0,0,1000,-50,6
08.08.2026,02:49:19,140451,0,0.730105,-1.14,-0.76,-16.625,-22.375,238,0.139205,0,0,27.48443,0,0,1000,-50,6.375
08.08.2026,02:49:19,140557,0,0.255404,-0.75,0.22,-15.9375,-23.9375,233.6875,0.146173,0,0,27.49905,0,0,1000,-50,3.375
08.08.2026,02:49:19,140663,0,-0.778232,-0.15,1.33,-14.8125,-24,228.875,0.113083,0,0,27.51035,0,0,1000,-50,0.375
08.08.2026,02:49:19,140769,0,0.090983,0.4,0.7,-14.25,-22.375,225.125,0.024411,0,0,27.5128,0,0,1000,-50,-2.5625
08.08.2026,02:49:19,140875,0,0.121089,0.33,0.05,-14.8125,-20.4375,223.25,-0.003298,0,0,27.51247,0,0,1000,-50,0.53125
08.08.2026,02:49:19,140981,0,0.641825,-0.5,-1.67,-15.625,-19.3125,222.6875,-0.022906,0,0,27.51018,0,0,1000,-50,2.15625
08.08.2026,02:49:19,141087,0,-0.179157,-0.46,-0.68,-15.25,-20.875,223.875,0.03055,0,0,27.51323,0,0,1000,-50,0.125
08.08.2026,02:49:19,141193,0,-0.699772,-0.1,1.17,-13.9375,-21.1875,226,0.019112,0,0,27.51514,0,0,1000,-50,-4.125
08.08.2026,02:49:19,141299,0,0.16248,-0.31,1.58,-13,-19.8125,228.5,-0.070018,0,0,27.50814,0,0,1000,-50,-6.625
08.08.2026,02:49:19,141405,0,0.399462,-0.84,0.67,-13.625,-18.8125,234.375,-0.059588,0,0,27.48643,0,0,1000,-50,-4.40625
08.08.2026,02:49:19,141511,0,1.281007,-1.48,-1.35,-14.375,-18.5,239.5,-0.048036,0,0,27.48163,0,0,1000,-50,-2.8125
08.08.2026,02:49:19,141617,0,0.879951,-1.67,-1.14,-15.1875,-18.625,244,0.032814,0,0,27.48491,0,0,1000,-50,0.75
08.08.2026,02:49:19,141723,0,-0.070049,-0.66,0.3,-15.3125,-19.125,247.4375,0.073049,0,0,27.49221,0,0,1000,-50,1.71875
08.08.2026,02:49:19,141829,0,-0.842398,0.06,2.11,-16,-20.4375,250.9375,0.01923,0,0,27.49413,0,0,1000,-50,3.3125
08.08.2026,02:49:19,141935,0,1.008667,0.46,0.05,-15.6875,-21.1875,256.625,-0.052336,0,0,27.4889,0,0,1000,-50,2.625
08.08.2026,02:49:19,142041,0,-0.261421,0.13,0.38,-15.375,-20.875,261.375,0.002728,0,0,27.48917,0,0,1000,-31.0625,1.125
08.08.2026,02:49:19,142147,0,1.078799,-0.83,-1.9,-15.6875,-20.0625,265.875,-0.006844,0,0,27.48849,0,0,1000,-13.21875,1.6875
08.08.2026,02:49:19,142253,0,-0.012742,-0.91,-1.23,-16,-21.6875,270.3125,0.047942,0,0,27.49328,0,0,1000,4.53125,3.3125
08.08.2026,02:49:19,142359,0,-0.25331,-0.69,0.44,-16.375,-22.0625,274.6875,0.01764,0,0,27.49505,0,0,1000,22.8125,4.4375
08.08.2026,02:49:19,142465,0,-1.732477,-0.16,3.49,-16.6875,-22.5,278.9375,-0.02589,0,0,27.49246,0,0,1000,38.5625,5
08.08.2026,02:49:19,142571,0,0.902274,-0.61,0.3,-17.5625,-22.0625,282,-0.147737,0,0,27.47769,0,0,1000,50,8.9375
08.08.2026,02:49:19,142677,0,0.577316,-1.13,-0.66,-19.0625,-21,286.8125,-0.156815,0,0,27.462,0,0,1000,50,12.65625
08.08.2026,02:49:19,142783,0,0.849539,-1.33,-1.91,-19.3125,-20.375,291.0625,-0.069117,0,0,27.45509,0,0,1000,50,13.25
08.08.2026,02:49:19,142889,0,-0.449786,-1.48,-0.3,-20,-21.375,294.4375,-0.020983,0,0,27.45299,0,0,1000,50,15
08.08.2026,02:49:19,142995,0,0.251687,-0.84,1.16,-21.3125,-20.25,295.3125,-0.04581,0,0,27.44841,0,0,1000,50,18
08.08.2026,02:49:19,143101,0,0.064624,0.17,1.92,-22.25,-21.4375,294.875,-0.135367,0,0,27.42574,0,0,1000,50,21.1875
08.08.2026,02:49:19,143207,0,0.988977,0.05,-0.1,-21.75,-20.125,294.5,-0.106157,0,0,27.41512,0,0,1000,50,19.46875
08.08.2026,02:49:19,143313,0,0.712391,-0.74,-1.33,-21.625,-18.875,294.4375,-0.055908,0,0,27.40953,0,0,1000,50,20.03125
08.08.2026,02:49:19,143419,0,0.334483,-1.01,-1.88,-21.0625,-19.25,295.1875,-0.009157,0,0,27.40862,0,0,1000,50,18.28125
08.08.2026,02:49:19,143525,0,-0.205207,-0.4,0.75,-20,-20.75,295.875,-0.009644,0,0,27.40765,0,0,1000,50,15.53125
08.08.2026,02:49:19,143631,0,-0.142586,-0.46,1.83,-18.4375,-21.8125,295.1875,-0.081483,0,0,27.3995,0,0,1000,50,9.53125
08.08.2026,02:49:19,143737,0,0.262376,-0.22,1.37,-18.375,-23.5,293.5,-0.154312,0,0,27.38407,0,0,1000,50,10.59375
08.08.2026,02:49:19,143843,0,0.536435,-0.64,0.05,-19.25,-22.6875,293.3125,-0.126232,0,0,27.37145,0,0,1000,50,13.53125
08.08.2026,02:49:19,143949,0,1.230127,-1.25,-1.99,-19.125,-20.9375,293.875,-0.114807,0,0,27.35997,0,0,1000,50,12.25
08.08.2026,02:49:19,144055,0,0.491777,-1.23,-1.39,-19.4375,-21.3125,293.125,-0.051296,0,0,27.35484,0,0,1000,50,12.5625
08.08.2026,02:49:19,144161,0,-1.118022,-0.78,0.87,-20.25,-23.125,291.1875,-0.006252,0,0,27.35422,0,0,1000,50,14.8125
08.08.2026,02:49:19,144267,0,-1.496252,-0.05,3.2,-20.9375,-23.9375,288.625,-0.055048,0,0,27.34871,0,0,1000,50,17.8125
08.08.2026,02:49:19,144373,0,0.808429,0.33,1.11,-20.625,-23.1875,286.625,-0.145564,0,0,27.33415,0,0,1000,50,16.71875
08.08.2026,02:49:19,144479,0,0.331594,-0.19,-0.01,-19.125,-22.25,285.4375,-0.09842,0,0,27.32431,0,0,1000,50,13.125
08.08.2026,02:49:19,144585,0,1.101967,-0.95,-2.12,-19.0625,-22.8125,285.0625,-0.01162,0,0,27.32315,0,0,1000,50,12.1875
08.08.2026,02:49:19,144691,0,0.740822,-0.78,-2.03,-18.375,-23.8125,285.1875,0.03562,0,0,27.32671,0,0,1000,50,9.1875
08.08.2026,02:49:19,144797,0,-1.412082,0.04,1.69,-17.125,-25,285.0625,0.090289,0,0,27.33574,0,0,1000,50,5.28125
08.08.2026,02:49:19,144903,0,-0.169713,-0.27,1.93,-15.5625,-23.875,284,-0.071747,0,0,27.32838,0,0,1000,50,1.28125
08.08.2026,02:49:19,145009,0,1.122552,-0.87,0.37,-15.75,-22.25,284.125,-0.070432,0,0,27.32133,0,0,1000,50,1.5
08.08.2026,02:49:19,145115,0,0.213243,-0.95,0.14,-16.25,-20.5,285.0625,-0.021479,0,0,27.31919,0,0,1000,50,3.5625
08.08.2026,02:49:19,145221,0,0.993243,-1.15,-1.96,-17,-19.25,285.6875,0.023586,0,0,27.32154,0,0,1000,50,6.9375
08.08.2026,02:49:19,145327,0,0.192484,-1.18,-1.31,-18.3125,-20.125,285.3125,0.05797,0,0,27.32734,0,0,1000,50,9.9375
08.08.2026,02:49:19,145433,0,-0.970427,-0.3,1.39,-20,-22.125,284.1875,0.032569,0,0,27.3306,0,0,1000,50,13.3125
08.08.2026,02:49:19,145539,0,-0.877488,0.34,2.43,-20.375,-21.375,284.0625,-0.091413,0,0,27.32146,0,0,1000,50,15.9375
08.08.2026,02:49:19,145645,0,3.017551,-0.01,-1.19,-19.1875,-17.0625,284.25,-0.156705,0,0,27.30579,0,0,1000,50,14.25
08.08.2026,02:49:19,145751,0,0.376648,-0.09,-0.13,-18.375,-17.4375,284.3125,0.028112,0,0,27.3086,0,0,1000,50,9.96875
08.08.2026,02:49:19,145857,0,0.485113,-0.81,-1.23,-18.6875,-18.375,284.75,0.047734,0,0,27.31337,0,0,1000,50,11.21875
08.08.2026,02:49:19,145963,0,0.76296,-0.37,-1.22,-17.875,-21.1875,285.8125,0.066937,0,0,27.32006,0,0,1000,50,8.78125
08.08.2026,02:49:19,146069,0,-1.090159,-0.02,2.09,-16.6875,-22.875,286.625,0.096999,0,0,27.32977,0,0,1000,50,5.25
08.08.2026,02:49:19,146175,0,-0.460399,-0.62,2.36,-16.5625,-22.875,287.8125,0.007461,0,0,27.33051,0,0,1000,50,4.84375
08.08.2026,02:49:19,146281,0,1.393472,-1.46,-0.2,-17.1875,-21.875,289.5625,-0.120372,0,0,27.31847,0,0,1000,50,7.1875
08.08.2026,02:49:19,146387,0,0.213522,-1.17,-1.35,-17.5,-22.25,291.5,-0.001563,0,0,27.31832,0,0,1000,50,7.46875
08.08.2026,02:49:19,146493,0,0.333299,-1.38,-1.62,-18.0625,-22.3125,291.6875,0.00692,0,0,27.31901,0,0,1000,50,9
08.08.2026,02:49:19,146599,0,-0.117426,-1.07,-0.22,-19,-23.3125,290.375,0.022559,0,0,27.32127,0,0,1000,50,10.3125
08.08.2026,02:49:19,146705,0,-1.287384,-0.1,2.31,-20.5,-24.75,288.8125,-0.057605,0,0,27.31537,0,0,1000,50,15.5625
08.08.2026,02:49:19,146811,0,0.534469,-0.16,0.79,-20.75,-25.4375,288.25,-0.176532,0,0,27.29772,0,0,1000,50,17.40625
08.08.2026,02:49:19,146917,0,0.432845,-0.18,-0.1,-19.8125,-23.5,287.875,-0.083945,0,0,27.28933,0,0,1000,50,14.03125
08.08.2026,02:49:19,147023,0,1.404603,-0.94,-2.18,-20.0625,-22.375,288.375,-0.054673,0,0,27.28386,0,0,1000,50,15.125
08.08.2026,02:49:19,147129,0,0.443748,-0.79,-1.62,-20.0625,-23.0625,289.375,0.026593,0,0,27.28652,0,0,1000,50,15.03125
08.08.2026,02:49:19,147235,0,-1.826119,-0.11,1.39,-19.5625,-24,290.25,-0.004131,0,0,27.28611,0,0,1000,50,13.21875
08.08.2026,02:49:19,147341,0,0.038106,-0.36,2.24,-18.8125,-21.75,291.125,-0.131394,0,0,27.27297,0,0,1000,50,11.125
08.08.2026,02:49:19,147447,0,1.482603,-0.74,0.43,-19.8125,-19.8125,292.4375,-0.139847,0,0,27.25898,0,0,1000,50,12.75
08.08.2026,02:49:19,147553,0,-0.056408,-1.07,-0.22,-21.125,-20,294,-0.030741,0,0,27.25591,0,0,1000,50,17.4375
08.08.2026,02:49:19,147659,0,0.883988,-1.16,-1.99,-21.5625,-20.375,295.125,-0.012317,0,0,27.25467,0,0,1000,50,20.15625
08.08.2026,02:49:19,147765,0,-0.077063,-1.42,-0.91,-22.0625,-21.75,295.1875,0.032663,0,0,27.25794,0,0,1000,50,21.65625
08.08.2026,02:49:19,147871,0,-1.177692,-0.22,1.33,-22.0625,-23.5,293.875,0.019576,0,0,27.2599,0,0,1000,50,21.1875
08.08.2026,02:49:19,147977,0,0.174885,0.18,1.86,-22.1875,-23.75,292.6875,-0.080145,0,0,27.25188,0,0,1000,50,21.75
08.08.2026,02:49:19,148083,0,1.358097,0.34,-0.57,-20.5,-22.625,291.25,-0.099875,0,0,27.2419,0,0,1000,50,18.375
08.08.2026,02:49:19,148189,0,0.668186,-0.42,-1.47,-19.8125,-21,290.125,-0.002778,0,0,27.24162,0,0,1000,50,14.625
08.08.2026,02:49:19,148295,0,0.997932,-0.94,-2.28,-19.5625,-19.375,289.5625,0.007895,0,0,27.24241,0,0,1000,50,13.21875
08.08.2026,02:49:19,148401,0,-1.344562,-0.25,0.31,-18,-20.5,288.5,0.059934,0,0,27.25616,0,0,1000,50,9.9375
08.08.2026,02:49:19,148507,0,0.183511,0.32,0.77,-16.125,-18.9375,286.75,-0.08174,0,0,27.24798,0,0,1000,50,3.34375
08.08.2026,02:49:19,148613,0,0.536139,-0.14,1.47,-15.5625,-17.5625,285.5,-0.14818,0,0,27.23316,0,0,1000,50,1.53125
08.08.2026,02:49:19,148719,0,1.690904,-0.73,0,-15.8125,-15.125,285.875,-0.0186,0,0,27.2313,0,0,1000,50,2.4375
08.08.2026,02:49:19,148825,0,0.401503,-0.62,-0.4,-15.6875,-14.25,286.4375,0.011925,0,0,27.23249,0,0,1000,50,2.0625
08.08.2026,02:49:19,148931,0,1.319582,-0.57,-1.63,-16.375,-14.375,286.375,0.047814,0,0,27.23728,0,0,1000,50,3.375
08.08.2026,02:49:19,149037,0,0.185608,-0.36,-0.01,-17.5,-18.125,285.0625,0.123566,0,0,27.24963,0,0,1000,50,6
08.08.2026,02:49:19,149143,0,-1.8581,0.1,2.55,-18.5,-21.9375,283.375,0.115312,0,0,27.26116,0,0,1000,50,9.75
08.08.2026,02:49:19,149249,0,0.653489,0.02,0.38,-18.625,-23.5625,281.875,-0.049414,0,0,27.25622,0,0,1000,46.5625,10.25
08.08.2026,02:49:19,149355,0,0.264769,0.32,-0.28,-16.75,-22.3125,279.9375,-0.039799,0,0,27.25224,0,0,1000,38.1875,4
08.08.2026,02:49:19,149461,0,0.76522,-0.78,-1.75,-16.25,-20,278.125,-0.014017,0,0,27.25084,0,0,1000,33.0625,3.75
08.08.2026,02:49:19,149567,0,0.053252,-0.61,-1.31,-16.625,-20.6875,277.0625,0.061195,0,0,27.25696,0,0,1000,27.625,5.34375
08.08.2026,02:49:19,149673,0,-0.558421,-0.19,0.2,-16.5625,-21.5,275.875,0.052035,0,0,27.26216,0,0,1000,22.09375,4.21875
08.08.2026,02:49:19,149779,0,-1.287902,0.42,2.55,-15.8125,-20.4375,274.4375,-0.016137,0,0,27.26055,0,0,1000,16.34375,1.65625
08.08.2026,02:49:19,149885,0,1.246756,-0.54,0.39,-14.75,-17.25,275.5625,-0.144877,0,0,27.24606,0,0,1000,19.25,-0.09375
08.08.2026,02:49:19,149991,0,-0.213226,-0.77,0.08,-13.8125,-17.125,276.875,-0.000539,0,0,27.24601,0,0,1000,25.75,-2.8125
08.08.2026,02:49:19,150097,0,0.407799,-1.12,-0.84,-14.125,-16.125,277.6875,-0.031886,0,0,27.24282,0,0,1000,30.5,-3.375
08.08.2026,02:49:19,150203,0,0.1784,-0.48,0.01,-15.375,-15.9375,276.5,-0.021113,0,0,27.23884,0,0,1000,24.90625,-1.125
08.08.2026,02:49:19,150309,0,0.619079,-0.22,0.29,-17.625,-17.25,274.9375,0.030234,0,0,27.24186,0,0,1000,18.8125,6.1875
08.08.2026,02:49:19,150415,0,0.669402,0.2,-0.06,-18.625,-20.625,274.125,-0.040288,0,0,27.23783,0,0,1000,16.5,10.6875
08.08.2026,02:49:19,150521,0,0.029462,0.2,-0.08,-17.5625,-18.875,273.6875,-0.001859,0,0,27.23765,0,0,1000,14.28125,9
08.08.2026,02:49:19,150627,0,1.229237,-0.54,-2.02,-17.375,-16.4375,273.5625,0.007,0,0,27.23835,0,0,1000,14.09375,7.125
08.08.2026,02:49:19,150733,0,-0.113178,-0.58,-0.94,-17.6875,-17.1875,274.0625,0.075084,0,0,27.24586,0,0,1000,16.875,8.21875
08.08.2026,02:49:19,150839,0,-0.164744,-0.05,0.1,-17.8125,-18.875,275.4375,0.048717,0,0,27.25073,0,0,1000,23,8.4375
08.08.2026,02:49:19,150945,0,-1.965335,-0.12,3.47,-18,-21.3125,278.25,0.018376,0,0,27.25256,0,0,1000,30,8.75
08.08.2026,02:49:19,151051,0,1.388025,-1.16,0.15,-19.375,-20.125,281.5,-0.104486,0,0,27.24212,0,0,1000,41.75,12
08.08.2026,02:49:19,151157,0,0.108566,-1.16,-0.27,-19.8125,-20.625,285.1875,-0.016834,0,0,27.24043,0,0,1000,50,14.59375
08.08.2026,02:49:19,151263,0,0.108413,-1.24,-1.19,-20.0625,-21.375,288.3125,0.004771,0,0,27.24091,0,0,1000,50,15.5
08.08.2026,02:49:19,151369,0,0.91856,-1.04,-0.71,-19.875,-21.0625,291.25,-0.004572,0,0,27.24045,0,0,1000,50,14.25
08.08.2026,02:49:19,151475,0,-1.242517,-0.32,2.17,-19.8125,-22.5,291.375,0.033502,0,0,27.2438,0,0,1000,50,14.625
08.08.2026,02:49:19,151581,0,0.407062,-0.43,0.84,-19.6875,-23.625,291.8125,0.013081,0,0,27.24511,0,0,1000,50,14.4375
08.08.2026,02:49:19,151687,0,0.509259,-0.26,0.03,-18.3125,-22,293.0625,-0.068332,0,0,27.23827,0,0,1000,50,8.84375
08.08.2026,02:49:19,151793,0,0.870263,-1.23,-1.21,-18.3125,-20.5,295.875,-0.031203,0,0,27.23515,0,0,1000,50,10.25
08.08.2026,02:49:19,151899,0,0.710183,-1.23,0,-18.25,-21.25,300.75,0.002474,0,0,27.2354,0,0,1000,50,10.0625
08.08.2026,02:49:19,152005,0,0.589244,-0.79,0.66,-18.9375,-22.875,305.0625,0.050459,0,0,27.24337,0,0,1000,50,11.65625
08.08.2026,02:49:19,152111,0,-0.752379,-0.59,2.65,-19.3125,-24.0625,309.75,0.038652,0,0,27.24723,0,0,1000,50,13.40625
08.08.2026,02:49:19,152217,0,1.556378,-1.47,-0.04,-20.5625,-24.4375,316.5625,0.04224,0,0,27.25146,0,0,1000,50,17.9375
08.08.2026,02:49:19,152323,0,0.06502,-1.86,-0.3,-21.375,-26.6875,324.1875,0.080606,0,0,27.25952,0,0,1000,50,19.28125
08.08.2026,02:49:19,152429,0,0.270753,-2.21,-1.16,-21.25,-27.3125,333.125,0.052092,0,0,27.26473,0,0,1000,50,21.0625
08.08.2026,02:49:19,152535,0,0.619282,-1.33,-0.14,-20.1875,-26.6875,337.125,0.04575,0,0,27.2693,0,0,1000,50,14.4375
08.08.2026,02:49:19,152641,0,-1.463102,-0.22,2.55,-21.375,-28.25,339.9375,0.074126,0,0,27.27671,0,0,1000,50,17.8125
08.08.2026,02:49:19,152747,0,0.599043,-0.19,1.04,-22.375,-29.125,343.125,-0.066694,0,0,27.27004,0,0,1000,50,21.375
08.08.2026,02:49:19,152853,0,1.170123,-0.37,-0.18,-21.875,-28.75,346.75,-0.033598,0,0,27.26669,0,0,1000,50,20.3125
08.08.2026,02:49:19,152959,0,0.338806,-1.19,-0.84,-22.25,-29.125,352.9375,0.040958,0,0,27.27078,0,0,1000,50,22.03125
08.08.2026,02:49:19,153065,0,-0.172407,-0.79,-0.55,-21.75,-29.5625,358,0.037702,0,0,27.27455,0,0,1000,50,21
08.08.2026,02:49:19,153171,0,-0.122971,-0.51,-0.23,-21.8125,-29.3125,2.9375,0.017558,0,0,27.27631,0,0,1000,-50,20.28125
08.08.2026,02:49:19,153277,0,-0.112984,-0.08,0.85,-21.625,-28.375,7.0625,0.000414,0,0,27.27635,0,0,1000,-50,19.875
08.08.2026,02:49:19,153383,0,-0.791872,-0.74,1.8,-22.375,-30.75,11.8125,-0.034586,0,0,27.27289,0,0,1000,-50,22.375
08.08.2026,02:49:19,153489,0,0.791028,-1.43,-0.43,-22.3125,-28.625,15.625,-0.090191,0,0,27.26387,0,0,1000,-50,22.3125
08.08.2026,02:49:19,153595,0,0.044561,-1.46,-0.35,-21.5,-25.8125,18.125,-0.109853,0,0,27.25289,0,0,1000,-50,20.625
08.08.2026,02:49:19,153701,0,1.298426,-1.56,-1.43,-20.6875,-21.875,19.75,-0.069106,0,0,27.23396,0,0,1000,-50,17.4375
08.08.2026,02:49:19,153807,0,0.480648,-1.19,0.3,-20.6875,-21.125,19.875,-0.00577,0,0,27.23338,0,0,1000,-50,17.0625
08.08.2026,02:49:19,153913,0,-0.299707,-0.53,2.04,-21,-22.25,18.0625,0.016815,0,0,27.23506,0,0,1000,-50,18
08.08.2026,02:49:19,154019,0,0.101235,-0.07,1.07,-20,-24.125,17.3125,-0.029298,0,0,27.23213,0,0,1000,-50,16.875
08.08.2026,02:49:19,154125,0,0.041842,0.1,0.11,-17.9375,-23.625,16.4375,-0.018887,0,0,27.23024,0,0,1000,-50,10.6875
08.08.2026,02:49:19,154231,0,1.452911,-0.53,-1.54,-17.8125,-21.1875,16.0625,-0.033227,0,0,27.22692,0,0,1000,-50,8.59375
08.08.2026,02:49:19,154337,0,1.030544,-0.56,-1.5,-17.6875,-20.75,16.1875,0.073598,0,0,27.23428,0,0,1000,-50,7.59375
08.08.2026,02:49:19,154443,0,0.03711,-0.23,0.66,-16.375,-22,17.5625,0.106792,0,0,27.24496,0,0,1000,-50,4.6875
08.08.2026,02:49:19,154549,0,-0.235243,0.02,1.37,-14.5,-22.4375,17.75,0.073165,0,0,27.25228,0,0,1000,-50,-1.0625
08.08.2026,02:49:19,154655,0,0.393963,-0.14,0.61,-13.375,-22.9375,18.125,0.0247,0,0,27.25475,0,0,1000,-50,-5.03125
08.08.2026,02:49:19,154761,0,-0.076982,-1.19,0.62,-13.3125,-22.1875,19.8125,0.029372,0,0,27.25768,0,0,1000,-50,-5.53125
08.08.2026,02:49:19,154867,0,1.112307,-1.36,-0.77,-12.25,-18.75,20.9375,0.022125,0,0,27.2599,0,0,1000,-50,-9.34375
08.08.2026,02:49:19,154973,0,1.160244,-1.14,-1.04,-10.9375,-16.5625,19.8125,0.06414,0,0,27.26631,0,0,1000,-50,-11.8125
08.08.2026,02:49:19,155079,0,-0.234386,-0.86,-0.01,-11.25,-15.5625,17.6875,0.14399,0,0,27.28071,0,0,1000,-50,-12.1875
08.08.2026,02:49:19,155185,0,0.171613,-0.48,0.17,-12.3125,-13.25,16.5,0.124422,0,0,27.29315,0,0,1000,-50,-9
08.08.2026,02:49:19,155291,0,1.969774,-0.5,-0.86,-11.875,-10.25,16.375,0.057178,0,0,27.29887,0,0,1000,-50,-10.46875
08.08.2026,02:49:19,155397,0,0.344046,0.27,0.28,-9.6875,-6.125,15.75,0.178136,0,0,27.31668,0,0,1000,-50,-16.375
08.08.2026,02:49:19,155503,0,2.138494,-0.14,-0.99,-9.1875,-3,16.9375,0.242148,0,0,27.35817,0,0,1000,-50,-17.71875
08.08.2026,02:49:19,155609,0,0.340707,-0.3,-0.05,-9.375,-2.5625,18.625,0.361019,0,0,27.39427,0,0,1000,-50,-16.71875
08.08.2026,02:49:19,155715,0,-0.170902,0.08,0.43,-9.125,0.0625,19.6875,0.287688,0,0,27.42304,0,0,1000,-50,-18.09375
08.08.2026,02:49:19,155821,0,2.029846,-0.58,-0.07,-9.8125,4.125,20.6875,0.316231,0,0,27.45466,0,0,1000,-50,-14.625
08.08.2026,02:49:19,155927,0,-0.431631,-0.57,0.09,-11.25,3.75,19.8125,0.351648,0,0,27.48982,0,0,1000,-50,-12.375
08.08.2026,02:49:19,156033,0,0.700044,-0.62,-0.38,-12.25,5.25,18.5625,0.258905,0,0,27.51571,0,0,1000,-50,-8.8125
08.08.2026,02:49:19,156139,0,-0.238072,-1.02,-0.48,-12.875,5.6875,18.5,0.25237,0,0,27.54095,0,0,1000,-50,-6.9375
08.08.2026,02:49:19,156245,0,0.346264,-0.52,-0.43,-12.75,6.875,18.6875,0.176141,0,0,27.55857,0,0,1000,-50,-7.0625
08.08.2026,02:49:19,156351,0,0.351763,-0.08,-0.54,-12.5625,7.9375,18.625,0.139978,0,0,27.57256,0,0,1000,-50,-7.3125
08.08.2026,02:49:19,156457,0,0.088438,-0.32,-0.59,-12.375,8.625,18.125,0.103384,0,0,27.5829,0,0,1000,-50,-7.6875
08.08.2026,02:49:19,156563,0,0.116304,-0.37,-0.46,-12.1875,9,17.3125,0.066359,0,0,27.58954,0,0,1000,-50,-8.25
08.08.2026,02:49:19,156669,0,0.165397,-0.34,-0.65,-11.8125,9.0625,16.125,0.028206,0,0,27.59236,0,0,1000,-50,-9.1875
08.08.2026,02:49:19,156775,0,-0.424423,-0.39,-0.47,-11.9375,7.5625,14.25,-0.005575,0,0,27.5918,0,0,1000,-50,-9.03125
08.08.2026,02:49:19,156881,0,0.147468,-0.23,-0.3,-12.125,6.9375,11.9375,-0.058798,0,0,27.58592,0,0,1000,-50,-8.46875
08.08.2026,02:49:19,156987,0,-0.209737,-0.34,-0.61,-11.9375,6.4375,8.1875,-0.086931,0,0,27.57723,0,0,1000,-50,-9.15625
08.08.2026,02:49:19,157093,0,-0.145667,-0.02,-0.8,-12.0625,5.8125,4.75,-0.12658,0,0,27.56457,0,0,1000,-50,-8.5
08.08.2026,02:49:19,157199,0,-0.18086,0.06,-0.59,-12.125,4.4375,1.25,-0.149467,0,0,27.54962,0,0,1000,-50,-8.625
08.08.2026,02:49:19,157305,0,-0.465307,-0.21,0.03,-11.5625,2.5625,356.625,-0.210134,0,0,27.51134,0,0,1000,50,-10.78125
08.08.2026,02:49:19,157411,0,-0.66024,-0.49,0.29,-10.5625,0.625,351.5,-0.258426,0,0,27.4855,0,0,1000,50,-12.375
08.08.2026,02:49:19,157517,0,-0.590376,-0.27,0.06,-10.625,0.5625,348.5625,-0.30675,0,0,27.45482,0,0,1000,50,-13.6875
08.08.2026,02:49:19,157623,0,-0.779055,-0.44,-0.25,-11.4375,1.25,345.5625,-0.352042,0,0,27.41962,0,0,1000,50,-11.4375
08.08.2026,02:49:19,157729,0,-0.806161,-0.48,-0.41,-12.125,2,342.8125,-0.400973,0,0,27.37952,0,0,1000,50,-8.15625
08.08.2026,02:49:19,157835,0,-0.092138,-0.07,0.08,-12.5,2.6875,340.3125,-0.436069,0,0,27.33591,0,0,1000,50,-7.1875
08.08.2026,02:49:19,157941,0,0.220677,1.12,-0.44,-12.0625,2.5,334.375,-0.398507,0,0,27.29606,0,0,1000,50,-8.71875
08.08.2026,02:49:19,158047,0,0.63175,1.25,-0.28,-11.6875,3.75,328.6875,-0.344351,0,0,27.26163,0,0,1000,50,-10.25
08.08.2026,02:49:19,158153,0,0.020268,1.44,-0.23,-11.5,4.5625,321.25,-0.264876,0,0,27.23514,0,0,1000,50,-10.65625
08.08.2026,02:49:19,158259,0,-0.161935,1.03,-0.58,-13.6875,6.9375,313.75,-0.242473,0,0,27.21089,0,0,1000,50,-2.21875
08.08.2026,02:49:19,158365,0,-0.154279,0.84,-0.71,-16.25,8.5625,306.4375,-0.238085,0,0,27.18708,0,0,1000,50,6.25
08.08.2026,02:49:19,158471,0,-0.196677,0.9,-1.03,-19.8125,8.6875,298.0625,-0.236407,0,0,27.16344,0,0,1000,50,13.125
08.08.2026,02:49:19,158577,0,0.220617,0.76,-0.31,-19.9375,7.75,293.375,-0.226819,0,0,27.14076,0,0,1000,50,15.5625
08.08.2026,02:49:19,158683,0,-0.042525,0.3,-0.89,-18.75,6.875,290,-0.213282,0,0,27.11943,0,0,1000,50,12.375
08.08.2026,02:49:19,158789,0,-0.295496,0.49,-0.74,-18.3125,5.875,287.6875,-0.21858,0,0,27.09757,0,0,1000,50,10.5
08.08.2026,02:49:19,158895,0,-1.028568,0.27,0.24,-17.5625,3.125,285.0625,-0.215439,0,0,27.07603,0,0,1000,50,7.9375
08.08.2026,02:49:19,159001,0,-0.741652,-0.01,-0.03,-16.25,1.625,284.4375,-0.287093,0,0,27.02581,0,0,1000,50,3.96875
08.08.2026,02:49:19,159107,0,-0.81242,-0.18,-0.13,-14.875,1.0625,284.0625,-0.335945,0,0,26.99222,0,0,1000,50,0.75
08.08.2026,02:49:19,159213,0,-0.681617,-0.24,-0.4,-13.75,0.625,283.25,-0.366744,0,0,26.95555,0,0,1000,50,-4.53125
08.08.2026,02:49:19,159319,0,-0.749824,-0.1,-0.25,-12.875,0,282.5,-0.391993,0,0,26.91635,0,0,1000,49.375,-7.3125
08.08.2026,02:49:19,159425,0,-0.564141,-0.28,-0.06,-11.125,-0.4375,281.25,-0.40668,0,0,26.87568,0,0,1000,46.5,-10.84375
08.08.2026,02:49:19,159531,0,-0.870696,-0.64,-0.25,-9.875,-0.125,280.25,-0.418086,0,0,26.83387,0,0,1000,40.0625,-16.3125
08.08.2026,02:49:19,159637,0,-0.556944,-0.11,0,-8.8125,-0.875,279.125,-0.427667,0,0,26.7911,0,0,1000,35.71875,-19.03125
08.08.2026,02:49:19,159743,0,-0.2633,0.1,-0.13,-8.625,-0.75,278.4375,-0.4243,0,0,26.74867,0,0,1000,33.4375,-18.96875
08.08.2026,02:49:19,159849,0,0.049473,-0.27,-0.43,-8.8125,0.875,279,-0.397196,0,0,26.70895,0,0,1000,36,-18.5625
08.08.2026,02:49:19,159955,0,-0.099273,-0.34,-0.35,-9.4375,0.5,281.25,-0.349979,0,0,26.67395,0,0,1000,42.25,-17.25
08.08.2026,02:49:19,160061,0,-0.089448,-0.42,0,-10.6875,-1,284.0625,-0.305531,0,0,26.6434,0,0,1000,50,-13.875
08.08.2026,02:49:19,160167,0,0.069546,-0.4,0.43,-11.375,-2.125,287.875,-0.279697,0,0,26.61543,0,0,1000,50,-10.09375
08.08.2026,02:49:19,160273,0,-0.002593,0.19,-0.28,-12,-3.1875,292.1875,-0.244443,0,0,26.59098,0,0,1000,50,-8.53125
08.08.2026,02:49:19,160379,0,0.384439,0.4,-0.62,-12.75,-2.4375,297.9375,-0.21869,0,0,26.56911,0,0,1000,50,-6.46875
08.08.2026,02:49:19,160485,0,-0.019411,0.7,-0.27,-13.1875,-3.4375,301.9375,-0.191256,0,0,26.54999,0,0,1000,50,-5.34375
08.08.2026,02:49:19,160591,0,0.345401,0.74,-0.24,-14.1875,-4.4375,305.25,-0.149612,0,0,26.53503,0,0,1000,50,-1.34375
08.08.2026,02:49:19,160697,0,0.529172,0.75,0.09,-14.875,-4.25,307.375,-0.117294,0,0,26.5233,0,0,1000,50,-0.375
08.08.2026,02:49:19,160803,0,0.371067,0.28,-0.62,-15.4375,-3.625,308.4375,0.001987,0,0,26.5176,0,0,1000,50,1.78125
08.08.2026,02:49:19,160909,0,0.010914,0.4,0.22,-15.8125,-3.3125,308.3125,0.002779,0,0,26.51788,0,0,1000,50,2.59375
08.08.2026,02:49:19,161015,0,0.490318,-0.42,-0.25,-15.375,-3.8125,307.5,0.018531,0,0,26.51974,0,0,1000,50,1.6875
08.08.2026,02:49:19,161121,0,-0.350459,-0.02,-0.42,-15.1875,-3.4375,307.625,0.024143,0,0,26.52215,0,0,1000,50,0.75
08.08.2026,02:49:19,161227,0,-0.160525,-0.36,-0.34,-14.8125,-3,307.375,0.002056,0,0,26.52236,0,0,1000,50,0
08.08.2026,02:49:19,161333,0,0.429236,-0.48,-0.17,-14.125,-2.9375,306.8125,0.007453,0,0,26.5231,0,0,1000,50,-3.09375
08.08.2026,02:49:19,161439,0,0.078585,-0.27,0.1,-13.8125,-3.375,307.1875,0.020222,0,0,26.52513,0,0,1000,50,-3.71875
08.08.2026,02:49:19,161545,0,0.217861,-0.35,-0.24,-13.875,-3.25,308.5625,0.022526,0,0,26.52738,0,0,1000,50,-3.375
08.08.2026,02:49:19,161651,0,0.106596,-0.57,-0.16,-13.625,-2.9375,310.75,0.039331,0,0,26.53131,0,0,1000,50,-4.4375
08.08.2026,02:49:19,161757,0,0.145147,-0.52,-0.18,-13.4375,-2.375,313.1875,0.04506,0,0,26.53582,0,0,1000,50,-4.6875
08.08.2026,02:49:19,161863,0,0.103481,-0.37,-0.09,-13.625,-2.8125,317.875,0.051812,0,0,26.541,0,0,1000,50,-3.96875
08.08.2026,02:49:19,161969,0,-0.037992,-0.1,-0.26,-13.5625,-3.5,321.25,0.045822,0,0,26.54558,0,0,1000,50,-4.3125
08.08.2026,02:49:19,162075,0,-0.069295,0.15,-0.21,-13.1875,-3.1875,324.375,0.040512,0,0,26.54963,0,0,1000,50,-5.0625
08.08.2026,02:49:19,162181,0,0.17989,0.1,-0.21,-12.75,-2.6875,327,0.025355,0,0,26.55216,0,0,1000,50,-6.375
08.08.2026,02:49:19,162287,0,0.058764,0.36,-0.37,-12.375,-2.625,329.1875,0.034999,0,0,26.55566,0,0,1000,50,-7.875
08.08.2026,02:49:19,162393,0,0.197287,0.22,0.17,-11.4375,-2.8125,331.25,0.045919,0,0,26.56026,0,0,1000,50,-9.9375
08.08.2026,02:49:19,162499,0,0.315476,0.19,0.14,-11.125,-1.875,332.75,0.05632,0,0,26.56589,0,0,1000,50,-11.625
08.08.2026,02:49:19,162605,0,0.713347,0.16,-0.39,-11.5,0.0625,333.625,0.09286,0,0,26.58179,0,0,1000,50,-11.0625
08.08.2026,02:49:19,162711,0,0.030361,-0.04,-0.34,-12.375,2.125,334.375,0.108876,0,0,26.59268,0,0,1000,50,-7.25
08.08.2026,02:49:19,162817,0,0.59686,-0.24,-0.47,-13.125,3.8125,335.4375,0.113872,0,0,26.60407,0,0,1000,50,-5.15625
08.08.2026,02:49:19,162923,0,0.14926,0.09,-0.36,-13.625,4.125,336.3125,0.122472,0,0,26.61632,0,0,1000,50,-4.34375
08.08.2026,02:49:19,163029,0,0.165517,-0.22,-0.06,-13.8125,5.0625,337.1875,0.116389,0,0,26.62795,0,0,1000,50,-3.0625
08.08.2026,02:49:19,163135,0,-0.018257,0.05,-0.3,-13.4375,5.9375,337.875,0.11737,0,0,26.63969,0,0,1000,50,-4.84375
08.08.2026,02:49:19,163241,0,0.568285,0.01,-0.73,-13,7.25,338.5,0.107545,0,0,26.65045,0,0,1000,50,-6.46875
08.08.2026,02:49:19,163347,0,0.073866,-0.09,-0.48,-12.1875,6.75,338.75,0.137419,0,0,26.66419,0,0,1000,50,-9.0625
08.08.2026,02:49:19,163453,0,0.219567,-0.17,0.46,-11.375,4.75,339.0625,0.133679,0,0,26.67756,0,0,1000,50,-10.6875
08.08.2026,02:49:19,163559,0,0.035422,0.07,-0.19,-11.5,4.375,339.1875,0.128885,0,0,26.69044,0,0,1000,50,-10.6875
08.08.2026,02:49:19,163665,0,0.581598,-0.3,-0.78,-11.875,4.5625,339.125,0.118925,0,0,26.70234,0,0,1000,50,-9.75
08.08.2026,02:49:19,163771,0,-0.072492,-0.09,-0.62,-12.6875,3.75,339,0.127179,0,0,26.71506,0,0,1000,50,-6
08.08.2026,02:49:19,163877,0,-0.086058,0.03,-0.02,-13.5,4,338.5,0.110916,0,0,26.72615,0,0,1000,50,-3.71875
08.08.2026,02:49:19,163983,0,-0.239379,-0.4,-0.3,-14.5625,3.125,336.0625,0.103258,0,0,26.73647,0,0,1000,50,-2
08.08.2026,02:49:19,164089,0,0.177803,0.2,-0.43,-15.6875,3.1875,333.3125,0.087634,0,0,26.74524,0,0,1000,50,3
08.08.2026,02:49:19,164195,0,-0.244754,-0.03,-0.17,-16.25,2.5,329.9375,0.079505,0,0,26.75319,0,0,1000,50,3.90625
08.08.2026,02:49:19,164301,0,0.093226,-0.08,-0.03,-15.6875,2,326.375,0.051324,0,0,26.7646,0,0,1000,50,1.4375
08.08.2026,02:49:19,164407,0,-0.409569,0.09,0.03,-14.6875,1.5625,321.5625,0.035608,0,0,26.76816,0,0,1000,50,0
08.08.2026,02:49:19,164513,0,0.099517,-0.33,-0.16,-14.1875,2.5,318,0.028417,0,0,26.77101,0,0,1000,50,-2.4375
08.08.2026,02:49:19,164619,0,-0.310403,0.07,-0.6,-15.0625,2.8125,314.8125,-0.002502,0,0,26.77076,0,0,1000,50,-1.3125
08.08.2026,02:49:19,164725,0,-0.179394,0.39,-0.58,-16.1875,4.0625,313.125,-0.031361,0,0,26.76762,0,0,1000,50,2.25
08.08.2026,02:49:19,164831,0,-0.187801,0.27,-0.39,-16.5625,3.75,312.125,-0.049548,0,0,26.76266,0,0,1000,50,4.6875
08.08.2026,02:49:19,164937,0,-0.145664,0.08,-0.15,-15.5625,3.125,311.75,-0.066433,0,0,26.75602,0,0,1000,50,1.65625
08.08.2026,02:49:19,165043,0,-0.423212,0.07,-0.12,-14.6875,2.8125,312,-0.07625,0,0,26.7484,0,0,1000,50,-0.375
08.08.2026,02:49:19,165149,0,0.040052,0.26,-0.4,-14.375,3.5,312.8125,-0.101528,0,0,26.73824,0,0,1000,50,-1.5
08.08.2026,02:49:19,165255,0,0.163005,-0.18,-0.34,-14.3125,3.875,313.4375,-0.091817,0,0,26.72906,0,0,1000,50,-2.0625
08.08.2026,02:49:19,165361,0,-0.164537,0.08,-0.09,-14.625,3.4375,314,-0.076439,0,0,26.72142,0,0,1000,50,-0.65625
08.08.2026,02:49:19,165467,0,0.008249,0.04,-0.52,-15.125,4,314.875,-0.08665,0,0,26.71275,0,0,1000,50,0.3125