Log_Date,Log_Time,Time,Depth,Ax,Ay,Az,pitch,roll,yaw,velocityx,velocityy,velocityz,distancex,distancey,distancez,rpm,rudderangle,sternangle
08.08.2026,02:19:30,11024,0.056253,0,0,0,0,0,0,0,0,0,0,0,0,1000,-50,-40
08.08.2026,02:19:30,11130,0.056253,0,0,0,0,0,0,0,0,0,0,0,0,1000,-50,-40
08.08.2026,02:19:30,11236,0.05523,0,0,0,0,0,0,0,0,0,0,0,0,1000,-50,-40
08.08.2026,02:19:30,11342,0.050116,0,0,0,0,0,0,0,0,0,0,0,0,1000,-50,-40
08.08.2026,02:19:30,11448,0.060344,0,0,0,0,0,0,0,0,0,0,0,0,1000,-50,-40
08.08.2026,02:19:30,11554,0.05523,0,0,0,0,0,0,0,0,0,0,0,0,1000,-50,-40
08.08.2026,02:19:30,11660,0.053185,0,0,0,0,0,0,0,0,0,0,0,0,1000,-50,-40
08.08.2026,02:19:30,11766,0.05523,0,0,0,0,0,0,0,0,0,0,0,0,1000,-50,-40
08.08.2026,02:19:30,11872,0.051139,0,0,0,0,0,0,0,0,0,0,0,0,1000,-50,-40
08.08.2026,02:19:30,11978,0.049094,0,0,0,0,0,0,0,0,0,0,0,0,1000,-50,-40
08.08.2026,02:19:30,12084,0.048071,0,0,0,-7,0,90,0,0,0,0,0,0,1000,-50,-21.69874
08.08.2026,02:19:30,12190,0.054208,0.03,-0.09,-0.35,-21.5625,-4.9375,90.0625,0,0,0,0,0,0,1000,-50,21.52851
08.08.2026,02:19:30,12296,0.051139,0.090651,-0.07,-0.4,-21.5625,-4.9375,90.0625,-0.020689,0,0,-0.002069,0,0,1000,-50,21.03757
08.08.2026,02:19:30,12402,0.056253,0.011068,-0.09,-0.38,-21.5625,-5,90.0625,-0.005018,0,0,-0.003896,0,0,1000,-50,21.58988
08.08.2026,02:19:30,12508,0.051139,0.081226,-0.09,-0.39,-21.5,-5.0625,90.0625,0.000632,0,0,-0.003832,0,0,1000,-50,20.82279
08.08.2026,02:19:30,12614,0.054208,0.081206,-0.11,-0.36,-21.5,-5.0625,90.0625,0.006262,0,0,-0.003206,0,0,1000,-50,21.24896
08.08.2026,02:19:30,12720,0.048071,0.09066,-0.14,-0.39,-21.5,-5.0625,90,0.011057,0,0,-0.002101,0,0,1000,-50,20.32846
08.08.2026,02:19:30,12826,0.052162,0.080137,-0.09,-0.38,-21.5,-5.0625,89.875,0.01658,0,0,-0.000443,0,0,1000,-50,21.06486
08.08.2026,02:19:30,12932,0.04398,0.059452,-0.07,-0.38,-21.5,-5.125,89.75,0.021661,0,0,0.001723,0,0,1000,-50,20.32845
08.08.2026,02:19:30,13038,0.053185,0.078711,-0.07,-0.4,-21.5,-5,89.6875,0.023447,0,0,0.004068,0,0,1010,-50,20.91144
08.08.2026,02:19:30,13144,0.05523,0.087834,-0.09,-0.41,-21.5625,-5,89.625,0.027757,0,0,0.006844,0,0,1035,-50,20.73074
08.08.2026,02:19:30,13250,0.048071,0.047642,-0.07,-0.31,-21.5625,-5.125,89.625,0.033857,0,0,0.01023,0,0,1065,-50,21.16031
08.08.2026,02:19:30,13356,0.051139,0.007495,-0.09,-0.26,-21.5625,-5.125,89.625,0.038615,0,0,0.014091,0,0,1090,-50,21.86604
08.08.2026,02:19:30,13462,0.050116,0.077361,-0.07,-0.32,-21.5625,-5.1875,89.625,0.043198,0,0,0.018411,0,0,1115,-50,21.12963
08.08.2026,02:19:30,13568,0.053185,-0.002771,-0.05,-0.31,-21.5625,-5.25,89.6875,0.048063,0,0,0.023217,0,0,1145,-50,20.85347
08.08.2026,02:19:30,13674,0.051139,0.256951,-0.04,-0.38,-21.5625,-5.1875,89.8125,0.058031,0,0,0.02902,0,0,1170,-50,20.82279
08.08.2026,02:19:30,13780,0.053185,0.26624,-0.01,-0.33,-21.5625,-5.3125,270.125,0.082353,0,0,0.037255,0,0,1195,0.25,20.57732
08.08.2026,02:19:30,13886,0.051139,0.046293,-0.23,-0.21,-21.5625,-5.375,270.125,0.083549,0,0,0.04561,0,0,1225,0.5,21.5592
08.08.2026,02:19:30,13992,0.052162,-0.033707,-0.15,-0.38,-21.5625,-5.375,270.1875,0.087608,0,0,0.054371,0,0,1250,0.90625,20.27049
08.08.2026,02:19:30,14098,0.059322,-0.613536,-0.06,-0.38,-21.375,-5.6875,270.1875,0.087854,0,0,0.063157,0,0,1275,0.75,20.90181
08.08.2026,02:19:30,14204,0.067504,0.527056,-0.14,-1.43,-19.875,-5.875,270.4375,0.08661,0,0,0.080524,0,0,1300,1.5,17.89105
08.08.2026,02:19:30,14310,0.082846,-0.322607,-0.35,-0.68,-17.5625,-5.4375,270.4375,0.088565,0,0,0.08938,0,0,1330,1.75,12.91041
08.08.2026,02:19:30,14416,0.095119,0.120972,-0.2,-0.61,-16.125,-5.1875,270.5625,0.096586,0,0,0.099039,0,0,1355,2,7.101303
08.08.2026,02:19:30,14522,0.120689,-0.059028,-0.37,-0.03,-16,-5,270.5,0.121352,0,0,0.111174,0,0,1380,2,7.820145
08.08.2026,02:19:30,14628,0.14319,0.169327,-0.56,-0.5,-16.6875,-4.5625,270.5625,0.139174,0,0,0.125092,0,0,1410,2.25,11.30542
08.08.2026,02:19:30,14734,0.156486,0.021842,-0.03,-0.66,-17.75,-4.125,270.5625,0.160291,0,0,0.141121,0,0,1435,2,12.80486
08.08.2026,02:19:30,14840,0.196375,0.543574,0.32,-0.53,-18.8125,-3.5,270.625,0.182605,0,0,0.159381,0,0,1460,2.5,16.90946
08.08.2026,02:19:30,14946,0.201489,-0.16611,0.36,0.04,-20.0625,-4.25,270.375,0.219372,0,0,0.181319,0,0,1490,1.1875,20.60149
08.08.2026,02:19:30,15052,0.221944,0.277864,0.23,-0.28,-21.4375,-4.5,270.1875,0.234612,0,0,0.20478,0,0,1515,0.75,28.07996
08.08.2026,02:19:30,15158,0.240354,0.461879,-0.61,-0.29,-22.8125,-4.75,270,0.254844,0,0,0.230264,0,0,1540,-0.15625,32.69024
08.08.2026,02:19:30,15264,0.266947,0.012907,-0.68,-0.15,-23.9375,-10.375,269.8125,0.306522,0,0,0.260916,0,0,1565,-0.90625,35.40729
08.08.2026,02:19:30,15370,0.266947,0.007203,-1.67,0.39,-24.75,-16.375,269.75,0.337987,0,0,0.294715,0,0,1595,-1,38.0118
08.08.2026,02:19:30,15476,0.293539,-0.1659,-1.69,0.53,-25.6875,-20.6875,269.9375,0.354906,0,0,0.330206,0,0,1620,0.0625,40
08.08.2026,02:19:30,15582,0.312972,-0.09796,-1.47,0.37,-25.75,-22.1875,270.25,0.371838,0,0,0.36739,0,0,1645,1,40
08.08.2026,02:19:30,15688,0.309904,-0.029709,-1.14,0.34,-24.8125,-20.5,270.875,0.396416,0,0,0.407031,0,0,1650,2.75,39.02096
08.08.2026,02:19:30,15794,0.321154,0.559439,-1.01,-0.04,-24.5625,-17.5,271.6875,0.412287,0,0,0.44826,0,0,1650,6,38.92211
08.08.2026,02:19:30,15900,0.319109,0.65638,-0.86,-0.16,-24.375,-14.9375,272.75,0.522806,0,0,0.545331,0,0,1650,9.75,37.30958
08.08.2026,02:19:30,16007,0.340587,0.488939,-0.73,-0.1,-23.8125,-14,273.8125,0.569993,0,0,0.60233,0,0,1650,16.1875,36.77219
08.08.2026,02:19:30,16113,0.373316,0.614453,-0.54,-0.09,-22.9375,-14.8125,274.9375,0.640691,0,0,0.666399,0,0,1650,20.84375,34.31713
08.08.2026,02:19:30,16219,0.390704,0.600586,-0.35,0.08,-21.5,-17.6875,276.3125,0.705912,0,0,0.736991,0,0,1650,24.53125,32.09271
08.08.2026,02:19:30,16325,0.399909,-0.026043,-0.28,0.45,-20.6875,-20.0625,277.3125,0.769323,0,0,0.813923,0,0,1650,30.1875,29.64841
08.08.2026,02:19:30,16431,0.415251,0.530871,-0.18,0.1,-19.875,-21,278.1875,0.800182,0,0,0.893941,0,0,1650,33.53125,26.58025
08.08.2026,02:19:30,16537,0.438775,0.565493,-0.08,0.19,-19,-20.5625,279.1875,0.850725,0,0,0.979014,0,0,1650,37.53125,26.13378
08.08.2026,02:19:30,16643,0.454116,-0.079864,-0.06,0.15,-18.25,-19,280.0625,0.899974,0,0,1.069011,0,0,1650,40.25,22.4138
08.08.2026,02:19:30,16749,0.468435,0.923898,-0.02,0.04,-17.375,-16.9375,281.125,0.955705,0,0,1.164582,0,0,1650,43.5,20.04164
08.08.2026,02:19:30,16855,0.486845,0.344522,0.13,-0.1,-16.75,-16.25,281.625,1.037055,0,0,1.268287,0,0,1650,46,19.95761
08.08.2026,02:19:30,16961,0.482754,0.927965,0.08,-0.24,-16.1875,-16.375,281.9375,1.09159,0,0,1.377446,0,0,1650,47.90625,18.18146
08.08.2026,02:19:30,17067,0.506278,0.558293,0.21,0.07,-15.75,-17.1875,282,1.171105,0,0,1.494557,0,0,1650,48,17.34064
08.08.2026,02:19:30,17173,0.510369,0.369855,0.33,0.09,-15,-18.6875,282,1.237225,0,0,1.618279,0,0,1650,48,16.11906
08.08.2026,02:19:30,17279,0.485823,0.354875,0.26,0,-14.5,-19.25,281.9375,1.271319,0,0,1.745411,0,0,1650,48,15.60093
08.08.2026,02:19:30,17385,0.494005,-0.002653,0.28,0.18,-14.1875,-19.1875,282,1.325852,0,0,1.877996,0,0,1650,48,15.91805
08.08.2026,02:19:30,17491,0.485823,0.160148,0.17,0.04,-13.9375,-18.4375,282,1.375351,0,0,2.015531,0,0,1650,48,14.69817
08.08.2026,02:19:30,17597,0.481732,0.154447,0.15,-0.31,-13.8125,-17.5625,281.9375,1.409985,0,0,2.156529,0,0,1650,47.59375,8.710911
08.08.2026,02:19:30,17703,0.509347,0.021905,0.25,-0.08,-13.8125,-16.625,281.875,1.48357,0,0,2.450934,0,0,1650,47.34375,7.415974
08.08.2026,02:19:30,17809,0.522643,0.271905,0.36,-0.44,-13.9375,-16.3125,281.6875,1.528275,0,0,2.603761,0,0,1650,46.59375,15.65502
08.08.2026,02:19:30,17915,0.486845,-0.205559,0.12,-0.15,-14.1875,-16.375,281.4375,1.56225,0,0,2.759986,0,0,1650,45.59375,9.166538
08.08.2026,02:19:30,18021,0.494005,0.537979,0.3,-0.3,-14.375,-16.5,281.125,1.586455,0,0,2.918632,0,0,1650,44.1875,12.97866
08.08.2026,02:19:30,18127,0.470481,0.442459,0.3,-0.11,-14.5,-16.6875,280.8125,1.637602,0,0,3.082392,0,0,1650,43.25,13.28946
08.08.2026,02:19:30,18233,0.481732,0.268432,0.16,0.16,-14.4375,-16.75,280.3125,1.655187,0,0,3.24791,0,0,1650,41.75,7.275494
08.08.2026,02:19:30,18339,0.453094,0.180983,0.35,-0.13,-14.375,-16.625,279.9375,1.690999,0,0,3.41701,0,0,1650,40.25,13.49745
08.08.2026,02:19:30,18445,0.475595,-0.406213,0.3,-0.04,-14.3125,-16.4375,279.5625,1.722666,0,0,3.589277,0,0,1650,37.9375,14.23046
08.08.2026,02:19:30,18551,0.509347,0.489273,0.24,-0.58,-14.25,-16.1875,279.1875,1.729338,0,0,3.762211,0,0,1650,36.28125,13.51851
08.08.2026,02:19:30,18657,0.467413,-0.201248,0.27,-0.01,-14.3125,-16.125,278.625,1.787659,0,0,3.940976,0,0,1650,35.1875,12.1133
08.08.2026,02:19:30,18763,0.500142,0.45232,0.22,-0.53,-14.375,-16.125,278.1875,1.807129,0,0,4.121689,0,0,1650,32.28125,15.18165
08.08.2026,02:19:30,18869,0.460253,-0.286943,0.39,-0.03,-14.5625,-16.1875,277.6875,1.850131,0,0,4.306703,0,0,1650,30.4375,13.8446
08.08.2026,02:19:30,18975,0.507301,-0.445045,0.24,-0.14,-14.6875,-16.0625,277.0625,1.880443,0,0,4.494747,0,0,1650,27.78125,17.26067
08.08.2026,02:19:30,19081,0.496051,0.420306,0.4,-0.34,-15,-15.9375,276.5,1.878563,0,0,4.682603,0,0,1650,26,12.46035
08.08.2026,02:19:30,19187,0.449002,-0.170199,0.3,-0.04,-15.25,-15.5,275.875,1.928276,0,0,4.875431,0,0,1650,24,15.57581
08.08.2026,02:19:30,19293,0.472526,0.352783,0.1,-0.25,-15.25,-15.5,275.4375,1.944178,0,0,5.069849,0,0,1650,22.25,17.99754
08.08.2026,02:19:30,19399,0.511392,0.062426,0.17,-0.3,-15.25,-15.5625,275.0625,1.988625,0,0,5.268712,0,0,1650,20.75,15.57014
08.08.2026,02:19:30,19505,0.488891,0.392424,0.25,-0.27,-15.25,-15.75,274.875,2.049825,0,0,5.676415,0,0,1650,19.34375,14.15871
08.08.2026,02:19:30,19611,0.515483,0.443931,0.1,-0.39,-15.1875,-15.75,274.625,2.09678,0,0,5.886093,0,0,1650,18.34375,16.82477
08.08.2026,02:19:30,19717,0.516506,0.514968,0.17,-0.3,-15.0625,-15.4375,274.125,2.106602,0,0,6.096753,0,0,1650,16.6875,15.61848
08.08.2026,02:19:30,19823,0.465367,0.722757,0.32,-0.45,-15,-15.125,273.6875,2.157315,0,0,6.312485,0,0,1650,15.25,13.5928
08.08.2026,02:19:30,19929,0.508324,-0.1989,0.32,-0.03,-14.875,-15.125,273.4375,2.199659,0,0,6.532451,0,0,1650,13.59375,14.35027
08.08.2026,02:19:30,20035,0.469458,0.46241,0.22,-0.24,-14.875,-15.4375,273.3125,2.212334,0,0,6.753684,0,0,1650,13.09375,12.26662
08.08.2026,02:19:30,20141,0.4848,0.059387,0.17,-0.14,-14.875,-15.8125,273.25,2.26327,0,0,6.980011,0,0,1650,13,18.67948
08.08.2026,02:19:30,20247,0.491959,0.178723,0.21,-0.16,-15.0625,-16.3125,273.25,2.289287,0,0,7.20894,0,0,1650,13,9.450527
08.08.2026,02:19:30,20353,0.506278,0.167089,0.33,-0.27,-15.3125,-16.4375,273.25,2.322234,0,0,7.441163,0,0,1650,13,16.33384
08.08.2026,02:19:30,20459,0.533894,0.173956,0.36,-0.34,-15.625,-16.4375,273.3125,2.366419,0,0,7.677805,0,0,1650,13.25,25.1604
08.08.2026,02:19:30,20565,0.531848,0.481779,0.06,-0.39,-15.8125,-16.625,273.5,2.398666,0,0,7.917672,0,0,1650,14,18.17815
08.08.2026,02:19:30,20671,0.491959,0.147955,0.12,-0.13,-15.875,-16.625,273.625,2.443518,0,0,8.162024,0,0,1650,14.5,15.08252
08.08.2026,02:19:30,20777,0.483777,0.476993,0.1,-0.22,-15.6875,-16.375,273.6875,2.458848,0,0,8.407908,0,0,1650,14.75,16.27237
08.08.2026,02:19:30,20883,0.559463,-0.067241,0.1,-0.27,-15.3125,-15.8125,273.5,2.502912,0,0,8.658199,0,0,1650,13.6875,14.84394
08.08.2026,02:19:30,20989,0.479686,0.490507,0.42,-0.26,-15.125,-15,273.125,2.525415,0,0,8.910741,0,0,1650,12.1875,12.00745
08.08.2026,02:19:30,21095,0.470481,0.698018,0.4,-0.31,-14.9375,-14.5625,272.875,2.548309,0,0,9.165572,0,0,1650,11.34375,15.42759
08.08.2026,02:19:30,21201,0.531848,0.632244,0.12,-0.35,-14.8125,-14.875,272.8125,2.616224,0,0,9.687146,0,0,1650,11.40625,16.1572
08.08.2026,02:19:30,21307,0.490937,0.439779,0.28,-0.03,-14.6875,-15.8125,272.875,2.677712,0,0,9.954918,0,0,1650,11.5,13.85253
08.08.2026,02:19:30,21413,0.508324,-0.167709,0.13,0.22,-14.5,-17,273,2.702288,0,0,10.22515,0,0,1650,12.15625,12.67296
08.08.2026,02:19:30,21519,0.499119,0.458262,0.2,-0.17,-14.3125,-17.4375,273.1875,2.727002,0,0,10.49785,0,0,1650,12.90625,11.68089
08.08.2026,02:19:30,21625,0.529802,0.093993,0.05,-0.04,-14.25,-17.4375,273.4375,2.761555,0,0,10.774,0,0,1650,13.75,15.05552
08.08.2026,02:19:30,21731,0.498096,0.385678,0.21,-0.13,-14.25,-17.25,273.8125,2.767165,0,0,11.05072,0,0,1650,14.75,7.169849
08.08.2026,02:19:30,21837,0.537985,0.180385,0.2,-0.04,-14.125,-17,274.125,2.795749,0,0,11.33029,0,0,1650,16,15.23622
08.08.2026,02:19:30,21943,0.518552,0.076391,0.18,0.02,-14.0625,-16.6875,274.4375,2.809865,0,0,11.61128,0,0,1650,17.25,11.39738
08.08.2026,02:19:30,22049,0.483777,0.650393,0.14,-0.26,-13.875,-16.5,274.75,2.841218,0,0,11.8954,0,0,1650,19.3125,6.13406
08.08.2026,02:19:30,22155,0.494005,0.104601,0.11,-0.08,-13.6875,-16.375,275.125,2.867887,0,0,12.18219,0,0,1650,20.8125,10.69572
08.08.2026,02:19:30,22261,0.529802,0.380397,0.07,-0.18,-13.5,-16.1875,275.4375,2.877495,0,0,12.46994,0,0,1650,21.65625,8.479702
08.08.2026,02:19:30,22367,0.464344,0.003633,0.08,-0.13,-13.375,-16,275.5625,2.909879,0,0,12.76093,0,0,1650,22.25,7.733101
08.08.2026,02:19:30,22473,0.460253,0.589161,0.11,0,-13.1875,-15.8125,275.6875,2.918129,0,0,13.05274,0,0,1650,22.75,7.017185
08.08.2026,02:19:30,22579,0.435706,0.32273,0.01,-0.19,-13.0625,-15.8125,275.875,2.943731,0,0,13.34711,0,0,1650,23.65625,7.194485
08.08.2026,02:19:30,22685,0.469458,0.495736,0.05,-0.31,-13.0625,-15.8125,276.1875,2.972161,0,0,13.64433,0,0,1650,24.5,6.829117
08.08.2026,02:19:30,22791,0.458207,0.26985,0.04,-0.23,-13.1875,-16,276.375,2.987704,0,0,13.9431,0,0,1650,25.25,7.446186
08.08.2026,02:19:30,22897,0.430592,-0.097381,0.14,-0.01,-13.3125,-16.25,276.6875,3.014208,0,0,14.24452,0,0,1650,26.25,6.931362
08.08.2026,02:19:30,23003,0.44082,0.617932,0.17,-0.3,-13.5,-16.5,277,3.031245,0,0,14.84911,0,0,1650,28.15625,10.16673
08.08.2026,02:19:30,23109,0.405023,0.041501,0.27,0.01,-13.5625,-16.75,277.375,3.043619,0,0,15.15348,0,0,1650,29.5,8.175697
08.08.2026,02:19:30,23215,0.450025,0.459331,0.17,0,-13.5625,-16.8125,277.8125,3.053608,0,0,15.45884,0,0,1650,30.75,9.740559
08.08.2026,02:19:30,23321,0.399909,-0.227957,0.21,-0.01,-13.625,-16.875,278.0625,3.074359,0,0,15.76627,0,0,1650,32.5625,5.478943
08.08.2026,02:19:30,23427,0.388658,0.209322,0.02,-0.16,-13.625,-16.8125,278.3125,3.05087,0,0,16.07136,0,0,1650,33.40625,6.859703
08.08.2026,02:19:30,23533,0.428547,0.183678,-0.05,-0.24,-13.625,-16.75,278.5625,3.05668,0,0,16.37703,0,0,1650,34.40625,6.736969
08.08.2026,02:19:30,23639,0.344678,0.108574,0.09,-0.23,-13.75,-16.625,278.8125,3.056949,0,0,16.68272,0,0,1650,35.40625,3.923721
08.08.2026,02:19:30,23745,0.369225,0.373034,0.02,-0.21,-13.9375,-16.625,278.9375,3.061215,0,0,16.98884,0,0,1650,35.5,10.52747
08.08.2026,02:19:30,23851,0.321154,-0.063836,0.07,-0.28,-14.125,-16.8125,278.875,3.077375,0,0,17.29658,0,0,1650,35.5,6.859043
08.08.2026,02:19:30,23957,0.331382,0.562178,-0.12,-0.54,-14.375,-16.875,278.875,3.065285,0,0,17.60311,0,0,1650,35.5,13.50311
08.08.2026,02:19:30,24063,0.335473,-0.005144,0.12,-0.28,-14.6875,-16.8125,278.9375,3.085234,0,0,17.91163,0,0,1650,35.90625,9.193733
08.08.2026,02:19:30,24169,0.353883,0.381446,-0.14,-0.47,-15.125,-16.75,279,3.067048,0,0,18.21834,0,0,1650,35.75,13.31666
08.08.2026,02:19:30,24275,0.308881,-0.043971,0.07,-0.4,-15.375,-16.8125,278.9375,3.069204,0,0,18.52526,0,0,1650,35.75,10.23461
08.08.2026,02:19:30,24381,0.309904,0.340792,-0.02,-0.33,-15.6875,-16.75,278.9375,3.069484,0,0,18.83221,0,0,1650,35.75,11.04938
08.08.2026,02:19:30,24487,0.288425,0.357258,0,-0.39,-15.875,-16.5625,278.875,3.053985,0,0,19.13761,0,0,1650,35.5,12.63066
08.08.2026,02:19:30,24593,0.308881,-0.179715,0.09,-0.22,-16.125,-16.3125,278.8125,3.0718,0,0,19.44479,0,0,1650,35.25,16.05013
08.08.2026,02:19:30,24699,0.309904,0.258383,0.11,-0.25,-16.4375,-16.1875,278.75,3.040986,0,0,19.74888,0,0,1650,35,17.57005
08.08.2026,02:19:30,24805,0.31604,-0.277016,0.16,-0.07,-16.625,-16.3125,278.6875,3.030988,0,0,20.35653,0,0,1650,34.59375,14.78522
08.08.2026,02:19:30,24911,0.266947,0.139595,0.13,-0.14,-16.6875,-16.3125,278.5,2.992934,0,0,20.65583,0,0,1650,33.6875,10.06392
08.08.2026,02:19:30,25017,0.325245,-0.261097,0.12,-0.14,-16.625,-16,278.25,2.992123,0,0,20.95504,0,0,1650,32.84375,15.70346
08.08.2026,02:19:30,25123,0.319109,0.004576,0.19,-0.25,-16.6875,-15.5,277.9375,2.947425,0,0,21.24978,0,0,1650,31.75,14.05278
08.08.2026,02:19:30,25229,0.29763,-0.029398,-0.04,-0.3,-17.125,-15.375,277.75,2.951597,0,0,21.54494,0,0,1650,31,13.9527
08.08.2026,02:19:30,25335,0.273083,-0.032633,0.13,-0.23,-17.625,-15.6875,277.6875,2.944592,0,0,21.8394,0,0,1650,30.75,16.14936
08.08.2026,02:19:30,25441,0.292516,0.383106,-0.03,-0.35,-18.125,-16.4375,277.6875,2.947727,0,0,22.13417,0,0,1650,30.75,20.50632
08.08.2026,02:19:30,25547,0.293539,0.238881,0.1,-0.36,-18.625,-17.375,277.75,2.950238,0,0,22.4292,0,0,1650,31,20.28805
08.08.2026,02:19:30,25653,0.333428,0.395886,-0.08,-0.35,-18.9375,-18.25,277.9375,2.941135,0,0,22.72331,0,0,1650,31.75,21.44713
08.08.2026,02:19:30,25759,0.352861,0.100074,0.06,-0.22,-19.1875,-18.4375,278.125,2.958939,0,0,23.0192,0,0,1650,32.25,23.02219
08.08.2026,02:19:30,25865,0.30479,0.50675,-0.12,-0.34,-19.25,-18.0625,278.3125,2.952071,0,0,23.31441,0,0,1650,33.40625,26.95648
08.08.2026,02:19:30,25971,0.379453,0.121799,-0.05,-0.2,-19.1875,-17.4375,278.375,2.960886,0,0,23.6105,0,0,1650,33.5,25.75359
08.08.2026,02:19:30,26077,0.327291,-0.383049,0.03,0,-19.0625,-16.75,278.375,2.967921,0,0,23.90729,0,0,1650,33.5,19.08846
08.08.2026,02:19:30,26183,0.358997,-0.27409,0,-0.1,-18.625,-16.3125,278.3125,2.939091,0,0,24.2012,0,0,1650,33.5,17.68788
08.08.2026,02:19:30,26289,0.337519,-0.377491,0,0.01,-18.1875,-16.0625,278.125,2.934787,0,0,24.49468,0,0,1650,32.75,21.90408
08.08.2026,02:19:30,26395,0.400932,0.512332,-0.1,-0.44,-17.875,-15.8125,278,2.901075,0,0,24.78479,0,0,1650,32.25,21.33138
08.08.2026,02:19:30,26501,0.392749,-0.410262,-0.04,-0.02,-17.6875,-15.75,277.875,2.882912,0,0,25.36236,0,0,1650,31.34375,20.27171
08.08.2026,02:19:30,26607,0.414228,0.277406,0.02,-0.18,-17.625,-15.8125,277.875,2.853964,0,0,25.64776,0,0,1650,31.5,20.48593
08.08.2026,02:19:30,26713,0.418319,-0.286892,-0.04,-0.07,-17.5,-16.3125,277.875,2.864152,0,0,25.93417,0,0,1650,31.5,22.25878
08.08.2026,02:19:30,26819,0.436729,0.124144,0.02,-0.02,-17.3125,-16.8125,277.8125,2.825717,0,0,26.21675,0,0,1650,31.5,21.27011
08.08.2026,02:19:30,26925,0.435706,0.271332,-0.05,-0.03,-17,-17.125,277.875,2.826324,0,0,26.49938,0,0,1650,31.65625,15.73348
08.08.2026,02:19:30,27031,0.416273,-0.300219,0,0.08,-16.75,-17.25,277.875,2.81522,0,0,26.7809,0,0,1650,31.5,16.41597
08.08.2026,02:19:30,27137,0.391726,0.349034,-0.02,-0.18,-16.4375,-17.375,277.9375,2.797671,0,0,27.06067,0,0,1650,31.75,22.65559
08.08.2026,02:19:30,27243,0.398886,-0.124613,0.11,-0.01,-16,-17.3125,278,2.808511,0,0,27.34152,0,0,1650,32,18.58497
08.08.2026,02:19:30,27349,0.409114,0.265385,-0.12,-0.09,-15.6875,-17.125,278,2.78472,0,0,27.61999,0,0,1650,32,15.99679
08.08.2026,02:19:30,27455,0.469458,-0.30685,-0.03,-0.1,-15.375,-16.875,277.9375,2.783646,0,0,27.89836,0,0,1650,31.59375,14.25472
08.08.2026,02:19:30,27561,0.419342,0.05473,0.01,-0.06,-15,-16.4375,277.875,2.747377,0,0,28.1731,0,0,1650,31.5,10.73357
08.08.2026,02:19:30,27667,0.446957,-0.145704,-0.07,-0.06,-14.5625,-16.125,277.75,2.73293,0,0,28.44639,0,0,1650,31.25,14.61622
08.08.2026,02:19:30,27773,0.436729,-0.317292,0,0.04,-14.3125,-16,277.6875,2.730396,0,0,28.71943,0,0,1650,30.75,11.31892
08.08.2026,02:19:30,27879,0.410137,0.205217,-0.08,-0.19,-14.0625,-16.0625,277.625,2.690194,0,0,28.98845,0,0,1650,30.5,8.083553
08.08.2026,02:19:30,27985,0.414228,-0.316646,0.07,0.12,-13.9375,-16.25,277.625,2.693892,0,0,29.25784,0,0,1650,30.5,10.55872
08.08.2026,02:19:30,28091,0.407068,0.22476,0.06,-0.13,-13.9375,-16.75,277.5625,2.667027,0,0,29.52454,0,0,1650,30.25,4.8209
08.08.2026,02:19:30,28197,0.402977,-0.336484,0.07,-0.05,-13.9375,-17.25,277.375,2.666968,0,0,29.79124,0,0,1650,29.75,10.67806
08.08.2026,02:19:30,28303,0.391726,-0.177907,0.09,-0.09,-14.0625,-17.3125,277.25,2.63803,0,0,30.3219,0,0,1650,29.25,6.576096
08.08.2026,02:19:30,28409,0.374339,-0.315871,-0.07,-0.34,-14.25,-17.1875,277.1875,2.632841,0,0,30.58518,0,0,1650,28.75,6.282852
08.08.2026,02:19:30,28515,0.401954,-0.436297,-0.1,-0.05,-14.4375,-16.8125,277.125,2.603915,0,0,30.84557,0,0,1650,28.5,9.66824
08.08.2026,02:19:30,28621,0.315018,0.32589,-0.12,-0.12,-14.5,-16.375,277.0625,2.588498,0,0,31.10442,0,0,1650,28.25,6.692509
08.08.2026,02:19:30,28727,0.318086,-0.121775,-0.05,0.05,-14.375,-15.875,276.9375,2.570995,0,0,31.36152,0,0,1650,27.75,10.40182
08.08.2026,02:19:30,28833,0.320132,0.120065,-0.05,-0.2,-14.1875,-15.5,276.6875,2.550381,0,0,31.61656,0,0,1650,27,11.25076
08.08.2026,02:19:30,28939,0.377407,0.181071,0.06,-0.45,-14.0625,-15.1875,276.375,2.53916,0,0,31.87047,0,0,1650,25.1875,3.045223
08.08.2026,02:19:30,29045,0.313995,0.321054,-0.01,-0.35,-14.0625,-15.3125,276.1875,2.538307,0,0,32.12431,0,0,1650,24.75,0.593369
08.08.2026,02:19:30,29151,0.272061,0.16971,-0.14,-0.38,-14.5,-16.0625,276.125,2.549782,0,0,32.37928,0,0,1650,24.5,5.427685
08.08.2026,02:19:30,29257,0.249559,0.348779,-0.04,-0.3,-14.9375,-16.625,276.1875,2.556528,0,0,32.63494,0,0,1650,24.75,9.808533
08.08.2026,02:19:30,29363,0.229104,0.498185,0.04,-0.54,-15.5625,-17.4375,276.3125,2.559596,0,0,32.8909,0,0,1650,25.40625,9.440239
08.08.2026,02:19:30,29469,0.263878,0.015809,0.07,-0.24,-16.125,-18.3125,276.4375,2.578911,0,0,33.14879,0,0,1650,25.90625,13.45969
08.08.2026,02:19:30,29575,0.244446,-0.054171,0,-0.13,-16.6875,-19,276.5625,2.574476,0,0,33.40623,0,0,1650,26.40625,8.783703
08.08.2026,02:19:30,29681,0.264901,-0.123631,0.07,-0.3,-17.375,-19.0625,276.875,2.565604,0,0,33.6628,0,0,1650,27.65625,16.20563
08.08.2026,02:19:30,29787,0.278197,0.095632,-0.08,-0.19,-17.8125,-18.375,277,2.56927,0,0,33.91972,0,0,1650,28.15625,17.94486
08.08.2026,02:19:30,29893,0.261833,-0.103473,-0.09,-0.41,-18.1875,-17.4375,277.125,2.557536,0,0,34.17548,0,0,1650,28.65625,15.2753
08.08.2026,02:19:30,29999,0.241377,-0.294601,-0.18,-0.19,-18.5625,-16.9375,277.125,2.565469,0,0,34.43202,0,0,1650,28.5,19.40729
08.08.2026,02:19:30,30105,0.254673,0.396416,-0.1,-0.4,-18.875,-16.875,277.125,2.552343,0,0,34.94255,0,0,1650,28.5,17.8259
08.08.2026,02:19:30,30211,0.30479,-0.593328,-0.12,-0.12,-19,-16.6875,276.8125,2.546342,0,0,35.19718,0,0,1650,27.75,14.6081
08.08.2026,02:19:30,30317,0.244446,0.230217,-0.16,-0.35,-18.9375,-16.4375,276.4375,2.511967,0,0,35.44838,0,0,1650,26.25,17.55372
08.08.2026,02:19:30,30423,0.265924,0.120907,0.05,-0.41,-18.875,-16.1875,276.125,2.506745,0,0,35.69905,0,0,1650,25,19.69477
08.08.2026,02:19:30,30529,0.28638,0.242221,-0.08,-0.27,-18.8125,-16.1875,275.9375,2.496175,0,0,35.94867,0,0,1650,23.59375,20.05958
08.08.2026,02:19:30,30635,0.321154,0.351576,0.07,-0.17,-18.8125,-16.375,275.8125,2.50456,0,0,36.19913,0,0,1650,23.09375,17.35942
08.08.2026,02:19:30,30741,0.333428,0.330667,0.05,-0.16,-18.9375,-17,275.875,2.51472,0,0,36.4506,0,0,1650,23.5,25.52464
08.08.2026,02:19:30,30847,0.327291,0.371654,0.01,-0.14,-19.0625,-17.4375,275.9375,2.506535,0,0,36.70126,0,0,1650,23.75,23.63529
08.08.2026,02:19:30,30953,0.372294,-0.219695,0.09,-0.11,-19.1875,-17.8125,276,2.520604,0,0,36.95332,0,0,1650,24,19.77596
08.08.2026,02:19:30,31059,0.356952,-0.178156,0.02,-0.08,-19.1875,-17.9375,276.125,2.506845,0,0,37.204,0,0,1650,24.65625,22.9949
08.08.2026,02:19:30,31165,0.34161,-0.047306,-0.02,-0.16,-19.125,-17.6875,276.125,2.500554,0,0,37.45406,0,0,1650,24.5,18.38897
08.08.2026,02:19:30,31271,0.384567,-0.236707,-0.07,0,-18.8125,-17,276.125,2.497082,0,0,37.70376,0,0,1650,24.75,24.76096
08.08.2026,02:19:30,31377,0.362066,-0.073771,-0.03,-0.12,-18.4375,-16.4375,275.9375,2.472271,0,0,37.95099,0,0,1650,24.25,22.56543
08.08.2026,02:19:30,31483,0.363089,-0.522454,-0.06,0.14,-17.9375,-15.875,275.625,2.464394,0,0,38.19743,0,0,1650,22.1875,20.32902
08.08.2026,02:19:30,31589,0.362066,0.300361,0,-0.04,-17.4375,-15.375,275.25,2.443283,0,0,38.44176,0,0,1650,20.6875,17.90512
08.08.2026,02:19:30,31695,0.404,-0.207626,0.11,0.01,-17.0625,-15.5,275.0625,2.431221,0,0,38.68488,0,0,1650,20.5,18.27738
08.08.2026,02:19:30,31801,0.330359,0.491243,0.06,-0.28,-16.9375,-16,275.125,2.434065,0,0,39.17321,0,0,1650,20.5,16.45969
08.08.2026,02:19:30,31907,0.36002,0.533537,-0.1,-0.14,-16.875,-16.5625,275.25,2.455699,0,0,39.41878,0,0,1650,21.15625,21.43042
08.08.2026,02:19:30,32013,0.372294,-0.188016,-0.09,-0.07,-16.9375,-17.3125,275.3125,2.450812,0,0,39.66386,0,0,1650,21.40625,18.42627
08.08.2026,02:19:30,32119,0.402977,0.163117,-0.06,-0.07,-16.875,-17.8125,275.3125,2.445813,0,0,39.90844,0,0,1650,21.25,17.03928
08.08.2026,02:19:30,32225,0.432638,-0.116354,-0.03,-0.08,-16.8125,-17.9375,275.3125,2.458257,0,0,40.15427,0,0,1650,21.25,14.12094
08.08.2026,02:19:30,32331,0.414228,0.545925,-0.14,-0.31,-16.75,-17.6875,275.3125,2.442576,0,0,40.39853,0,0,1650,21.25,20.10083
08.08.2026,02:19:30,32437,0.419342,-0.236394,-0.11,0.05,-16.75,-17.25,275.3125,2.470639,0,0,40.64559,0,0,1650,21.25,16.84837
08.08.2026,02:19:30,32543,0.395818,-0.294105,-0.12,0.07,-16.75,-16.8125,275.375,2.453901,0,0,40.89098,0,0,1650,21.5,17.06316
08.08.2026,02:19:30,32649,0.400932,0.296723,-0.05,-0.09,-16.6875,-16.4375,275.3125,2.451976,0,0,41.13618,0,0,1650,21.25,19.51445
08.08.2026,02:19:30,32755,0.411159,-0.282277,-0.03,0.11,-16.625,-16.4375,275.25,2.448612,0,0,41.38104,0,0,1650,21,16.59951
08.08.2026,02:19:30,32861,0.402977,0.070853,-0.12,0.05,-16.3125,-16.25,275,2.425811,0,0,41.62362,0,0,1650,20.5,14.71422
08.08.2026,02:19:30,32967,0.424456,-0.387842,0.16,0.17,-15.6875,-15.75,274.5,2.421651,0,0,41.86579,0,0,1650,17.53125,14.41664
08.08.2026,02:19:30,33073,0.353883,0.285765,-0.16,-0.21,-15.1875,-15.5625,274.1875,2.396521,0,0,42.10544,0,0,1650,16.59375,9.485744
08.08.2026,02:19:30,33179,0.375362,-0.264112,-0.01,0.09,-14.875,-15.875,273.9375,2.405535,0,0,42.34599,0,0,1650,15.59375,10.76369
08.08.2026,02:19:30,33285,0.405023,0.455485,-0.09,-0.27,-14.8125,-16.4375,274,2.41872,0,0,42.58786,0,0,1650,16.15625,10.60631
08.08.2026,02:19:30,33391,0.386613,0.427815,-0.17,-0.3,-14.9375,-17,274.1875,2.40563,0,0,42.82843,0,0,1650,16.90625,13.74566
08.08.2026,02:19:30,33497,0.36002,0.045206,-0.06,0.1,-15,-17.375,274.375,2.439208,0,0,43.07235,0,0,1650,17.65625,11.04607
08.08.2026,02:19:30,33603,0.338542,0.417114,-0.15,-0.18,-15.1875,-17.4375,274.625,2.45324,0,0,43.56051,0,0,1650,18.5,9.033989
08.08.2026,02:19:30,33709,0.364111,-0.19398,-0.12,-0.04,-15.25,-17.375,274.875,2.452054,0,0,43.80572,0,0,1650,19.25,14.03596
08.08.2026,02:19:30,33815,0.388658,0.447624,0.12,-0.23,-15.3125,-17.125,275.125,2.443094,0,0,44.05003,0,0,1650,20,14.19279
08.08.2026,02:19:30,33921,0.358997,-0.365013,0.17,0.02,-15.375,-17,275.3125,2.474062,0,0,44.29743,0,0,1650,21.40625,9.927776
08.08.2026,02:19:30,34027,0.373316,-0.002702,-0.01,-0.04,-15.3125,-16.6875,275.5,2.456844,0,0,44.54312,0,0,1650,22.15625,12.66201
08.08.2026,02:19:30,34133,0.346724,0.39656,-0.03,-0.03,-15.125,-16.3125,275.5625,2.46918,0,0,44.79004,0,0,1650,22.25,13.19505
08.08.2026,02:19:30,34239,0.370248,-0.283442,0.04,0.11,-14.8125,-15.625,275.5625,2.473794,0,0,45.03741,0,0,1650,22.25,6.099789
08.08.2026,02:19:30,34345,0.277175,0.438253,-0.02,-0.31,-14.5625,-15.0625,275.5,2.462295,0,0,45.28365,0,0,1650,22,8.141426
08.08.2026,02:19:30,34451,0.300699,0.107416,-0.12,-0.34,-14.5,-15.1875,275.4375,2.475114,0,0,45.53116,0,0,1650,21.75,12.98263
08.08.2026,02:19:30,34557,0.320132,0.596936,-0.15,-0.38,-14.5,-16,275.375,2.483631,0,0,45.77952,0,0,1650,21.5,11.84734
08.08.2026,02:19:30,34663,0.288425,-0.095037,0.34,0,-14.8125,-17,275.375,2.50529,0,0,46.03005,0,0,1355,21.5,11.86037
08.08.2026,02:19:30,34769,0.291494,-0.293407,1.17,0.02,-15.1875,-14.9375,275.625,2.484983,0,0,46.27855,0,0,1000,22,7.58223
08.08.2026,02:19:30,34875,0.322177,-0.086943,1.04,-0.5,-15.4375,-9.625,276,2.355838,0,0,46.51413,0,0,1000,23.5,10.91305
08.08.2026,02:19:30,34981,0.344678,0.11876,0.77,-0.63,-15.75,-2.6875,276.5,2.259008,0,0,46.74004,0,0,1000,25.25,10.2516
08.08.2026,02:19:30,35087,0.365134,0.213555,0.79,-0.77,-16,2.0625,276.75,2.185051,0,0,46.95854,0,0,1000,27,11.49934
08.08.2026,02:19:30,35193,0.340587,0.057486,0.46,-0.67,-17.375,3.3125,276.4375,2.114955,0,0,47.17004,0,0,1000,26.25,17.72451
08.08.2026,02:19:30,35299,0.324223,-0.329232,0.31,-0.51,-17.5625,0.25,275.8125,2.035299,0,0,47.37357,0,0,1000,24,17.44147
08.08.2026,02:19:30,35405,0.397863,-0.316082,0.32,-0.38,-17.8125,-3.9375,275.125,1.798495,0,0,47.74609,0,0,1000,19.875,21.83941
08.08.2026,02:19:30,35511,0.379453,-0.492607,0.32,-0.31,-18.125,-7.3125,274.4375,1.656598,0,0,47.91175,0,0,1000,17.28125,22.60527
08.08.2026,02:19:30,35617,0.349792,-0.598391,0.28,-0.16,-18.6875,-9,273.875,1.502004,0,0,48.06195,0,0,1000,15.1875,22.17844
08.08.2026,02:19:30,35723,0.363089,-0.50608,0.19,-0.23,-19.25,-7.3125,273.1875,1.34282,0,0,48.19623,0,0,1000,12.28125,24.37793
08.08.2026,02:19:30,35829,0.36002,-0.317587,0.12,-0.34,-19.375,-4,272.6875,1.194804,0,0,48.31571,0,0,1000,10.28125,23.95289
08.08.2026,02:19:30,35935,0.349792,-0.297585,0.09,-0.4,-19.5,-1,272.0625,1.063653,0,0,48.42208,0,0,1000,7.78125,22.70789
08.08.2026,02:19:30,36041,0.329337,-0.296051,0.05,-0.52,-19.875,0.375,271.1875,0.942629,0,0,48.51634,0,0,1000,4.75,24.60281
08.08.2026,02:19:30,36147,0.347747,-0.272772,0.03,-0.5,-20.375,-0.1875,270.25,0.821002,0,0,48.59844,0,0,1000,1,27.30231
08.08.2026,02:19:30,36253,0.355929,-0.477554,0.01,-0.42,-21.125,-3.3125,269.0625,0.699652,0,0,48.6684,0,0,1000,-2.25,29.16201
08.08.2026,02:19:30,36359,0.34877,-0.510033,0,-0.37,-21.6875,-5.75,268.25,0.570568,0,0,48.72546,0,0,1000,-5.75,29.25397
08.08.2026,02:19:30,36465,0.347747,-0.510009,0.01,-0.31,-22.1875,-7,267.6875,0.441533,0,0,48.76962,0,0,1000,-9.71875,31.37104
08.08.2026,02:19:30,36571,0.344678,-0.487408,-0.02,-0.33,-22.8125,-7,267.1875,0.317597,0,0,48.80138,0,0,1000,-11.5625,34.2466
08.08.2026,02:19:30,36677,0.330359,-0.382242,-0.03,-0.4,-23.5625,-5.3125,266.75,0.20165,0,0,48.82154,0,0,1000,-13.0625,35.81137
08.08.2026,02:19:30,36783,0.350815,-0.314746,-0.06,-0.44,-24.125,-3.5625,266.4375,0.101698,0,0,48.83171,0,0,1000,-14.3125,37.19486
08.08.2026,02:19:30,36889,0.337519,-0.245195,-0.08,-0.48,-24.5625,-2.375,266.1875,0.017759,0,0,48.83349,0,0,1000,-15.40625,40
08.08.2026,02:19:30,36995,0.340587,-0.293801,-0.09,-0.43,-24.875,-2.1875,265.875,-0.053908,0,0,48.8281,0,0,1000,-16.8125,40
08.08.2026,02:19:30,37101,0.354906,-0.340627,-0.11,-0.34,-25.0625,-3,265.5625,-0.183763,0,0,48.79771,0,0,1000,-17.90625,40
08.08.2026,02:19:30,37207,0.366157,-0.418981,-0.12,-0.29,-25.0625,-4.8125,265,-0.243687,0,0,48.77334,0,0,1000,-19.25,40
08.08.2026,02:19:30,37313,0.366157,-0.430515,-0.09,-0.22,-24.9375,-5.6875,264.6875,-0.303032,0,0,48.74303,0,0,1000,-20.75,40
08.08.2026,02:19:30,37419,0.363089,-0.400387,-0.13,-0.23,-24.6875,-5.9375,264.375,-0.356807,0,0,48.70736,0,0,1000,-22.25,39.1301
08.08.2026,02:19:30,37525,0.356952,-0.338882,-0.13,-0.22,-24.375,-5.375,264.125,-0.399492,0,0,48.66741,0,0,1000,-23.65625,38.65285
08.08.2026,02:19:30,37631,0.36718,-0.338882,-0.13,-0.27,-23.9375,-4.375,263.9375,-0.430937,0,0,48.62431,0,0,1000,-24.25,37.36764
08.08.2026,02:19:30,37737,0.371271,-0.232912,-0.12,-0.3,-23.375,-3.25,263.75,-0.453383,0,0,48.57898,0,0,1000,-24.75,36.88359
08.08.2026,02:19:30,37843,0.371271,-0.219011,-0.14,-0.3,-22.875,-3.0625,263.625,-0.465427,0,0,48.53243,0,0,1000,-25.65625,35.3563
08.08.2026,02:19:30,37949,0.373316,-0.224713,-0.12,-0.24,-22.375,-3.5,263.5,-0.474009,0,0,48.48503,0,0,1000,-26,33.73357
08.08.2026,02:19:30,38055,0.37843,-0.250105,-0.13,-0.23,-21.9375,-4.25,263.375,-0.479998,0,0,48.43703,0,0,1000,-26.5,31.69949
08.08.2026,02:19:30,38161,0.371271,-0.245263,-0.11,-0.21,-21.3125,-5.1875,263.25,-0.483815,0,0,48.38865,0,0,1000,-27,29.6165
08.08.2026,02:19:30,38267,0.373316,-0.260235,-0.11,-0.16,-20.8125,-5.375,263.1875,-0.486397,0,0,48.34001,0,0,1000,-27.25,29.28588
08.08.2026,02:19:30,38373,0.363089,-0.195133,-0.13,-0.19,-20.4375,-5.125,263.25,-0.485749,0,0,48.29143,0,0,1000,-26.84375,26.55797
08.08.2026,02:19:30,38479,0.368202,-0.170134,-0.14,-0.21,-20,-4.5625,263.3125,-0.479773,0,0,48.24345,0,0,1000,-26.75,25.8563
08.08.2026,02:19:30,38585,0.363089,-0.105314,-0.15,-0.21,-19.75,-4.0625,263.5,-0.47181,0,0,48.19627,0,0,1000,-26,24.77162
08.08.2026,02:19:30,38691,0.357975,-0.070956,-0.16,-0.22,-19.4375,-3.875,263.6875,-0.455181,0,0,48.15076,0,0,1000,-25.5,24.39265
08.08.2026,02:19:30,38797,0.346724,-0.117236,-0.16,-0.2,-19.25,-4.1875,263.8125,-0.433434,0,0,48.10741,0,0,1000,-25,23.79948
08.08.2026,02:19:30,38903,0.34161,-0.12412,-0.17,-0.2,-19.125,-4.5625,263.875,-0.395458,0,0,48.02656,0,0,1000,-24.5,23.14832
08.08.2026,02:19:30,39009,0.334451,-0.121533,-0.17,-0.12,-19.125,-5,264,-0.379167,0,0,47.98864,0,0,1000,-24,22.59262
08.08.2026,02:19:30,39115,0.324223,-0.099441,-0.19,-0.13,-19.125,-5.1875,264.125,-0.363631,0,0,47.95228,0,0,1000,-23.5,21.67211
08.08.2026,02:19:30,39221,0.307858,-0.056717,-0.21,-0.21,-19.125,-4.875,264.375,-0.347403,0,0,47.91754,0,0,1000,-22.59375,20.99708
08.08.2026,02:19:30,39327,0.300699,-0.046177,-0.22,-0.28,-19.125,-4.5,264.5,-0.3293,0,0,47.88461,0,0,1000,-22,21.88689
08.08.2026,02:19:30,39433,0.293539,-0.046203,-0.19,-0.29,-19.125,-4.0625,264.625,-0.311457,0,0,47.85346,0,0,1000,-21.5,20.69024
08.08.2026,02:19:30,39539,0.283311,-0.026773,-0.2,-0.36,-19.1875,-3.875,264.75,-0.294425,0,0,47.82402,0,0,1000,-20.84375,21.52493
08.08.2026,02:19:30,39645,0.27922,0.042081,-0.24,-0.53,-19.4375,-4,264.75,-0.276397,0,0,47.79638,0,0,1000,-21,20.88737
08.08.2026,02:19:30,39751,0.259787,0.130239,-0.28,-0.62,-19.75,-4.3125,264.8125,-0.254741,0,0,47.7709,0,0,1000,-21,21.88341
08.08.2026,02:19:30,39857,0.253651,0.297528,-0.32,-0.59,-20.3125,-4.8125,265.0625,-0.227693,0,0,47.74813,0,0,1000,-20.25,23.07657
08.08.2026,02:19:30,39963,0.243423,0.38359,-0.29,-0.43,-20.6875,-5.5,265.75,-0.189452,0,0,47.72919,0,0,1000,-16.375,24.02426
08.08.2026,02:19:30,40069,0.230127,0.24826,-0.24,0,-20.75,-6.5625,266.8125,-0.146072,0,0,47.71458,0,0,1000,-11.96875,24.74018
08.08.2026,02:19:30,40175,0.231149,-0.228004,-0.04,0.46,-19.875,-7.6875,268.25,-0.116927,0,0,47.70289,0,0,1000,-8.25,22.37085
08.08.2026,02:19:30,40281,0.214785,-0.654114,0.06,0.39,-18.9375,-6.75,269,-0.121872,0,0,47.6907,0,0,1000,-3.375,19.56515
08.08.2026,02:19:30,40387,0.19842,0.110889,0.25,0.39,-18.5,-3.6875,269,-0.156886,0,0,47.67501,0,0,1000,-4.3125,17.04239
08.08.2026,02:19:30,40493,0.190238,0.407533,-0.09,-0.98,-18.5625,-0.8125,269.125,-0.208551,0,0,47.65416,0,0,1000,-3.34375,17.32081
08.08.2026,02:19:30,40599,0.183078,0.082551,-0.28,-1.35,-19.625,-0.1875,269.5625,-0.157656,0,0,47.63839,0,0,1000,-1.4375,20.70374
08.08.2026,02:19:30,40705,0.172851,0.090061,-0.22,-0.51,-20.5625,-2.3125,270.4375,-0.113192,0,0,47.61476,0,0,1000,0.75,22.18155
08.08.2026,02:19:30,40811,0.162623,0.003291,-0.14,0,-20.1875,-5.125,271.3125,-0.101816,0,0,47.60458,0,0,1000,4,20.0218
08.08.2026,02:19:30,40917,0.169782,-0.246709,-0.14,0.3,-19.125,-7.6875,272.0625,-0.103001,0,0,47.59428,0,0,1000,8.875,15.39568
08.08.2026,02:19:30,41023,0.170805,-0.433446,-0.09,0.14,-18,-8.375,272.625,-0.126426,0,0,47.58163,0,0,1000,11.125,13.52134
08.08.2026,02:19:30,41129,0.167737,-1.179444,2.65,-1.12,-17.4375,-6.8125,272.9375,-0.156768,0,0,47.56596,0,0,1000,11.75,12.3446
08.08.2026,02:19:30,41235,0.142167,0.911995,-0.07,-1.04,-18.8125,-2.3125,269.1875,-0.205173,0,0,47.54544,0,0,1000,2,13.60933
08.08.2026,02:19:30,41341,0.142167,0.965607,0.81,-1.04,-20.0625,-1.3125,267.0625,-0.114465,0,0,47.53399,0,0,1000,-9.5,18.23546
08.08.2026,02:19:30,41447,0.139099,0.076426,0.32,-0.52,-20.875,-3.1875,265.375,-0.025981,0,0,47.53139,0,0,1000,-19.75,22.8497
08.08.2026,02:19:30,41553,0.141144,-0.182726,-0.05,-0.02,-21.8125,-6,263.5625,-0.026912,0,0,47.52871,0,0,1000,-27.15625,25.69572
08.08.2026,02:19:30,41659,0.139099,-0.311509,-0.15,-0.15,-22.5625,-7.75,262.75,-0.038666,0,0,47.52484,0,0,1000,-29.15625,27.48263
08.08.2026,02:19:30,41765,0.138076,0.300356,-0.56,-0.33,-23.0625,-6.375,263.6875,-0.059289,0,0,47.51891,0,0,1000,-24.3125,28.08941
08.08.2026,02:19:30,41871,0.141144,0.401355,-0.21,-0.26,-22.875,-4.125,265.3125,-0.031758,0,0,47.51573,0,0,1000,-17.03125,27.21214
08.08.2026,02:19:30,41977,0.132962,0.031383,0.25,0,-22.75,-2.25,266.625,-0.000888,0,0,47.51564,0,0,1000,-12.5625,26.59167
08.08.2026,02:19:30,42083,0.139099,-0.268773,0.81,-0.45,-22.6875,0.9375,267.4375,0.004966,0,0,47.51614,0,0,1000,-10.25,27.29683
08.08.2026,02:19:30,42189,0.113529,0.411908,-0.13,-0.6,-23.4375,5.625,266.3125,-0.021725,0,0,47.51397,0,0,1000,-13.25,27.63935
08.08.2026,02:19:30,42295,0.118643,0.121976,-0.27,-0.38,-24.5,5.8125,265.1875,-0.002151,0,0,47.51376,0,0,1000,-18,31.79683
08.08.2026,02:19:30,42401,0.120689,-0.118726,-0.52,-0.22,-25.6875,3.375,264.125,0.01489,0,0,47.51748,0,0,1000,-24.28125,35.14454
08.08.2026,02:19:30,42507,0.131939,-0.099193,-0.4,-0.41,-26.5,0.0625,264.25,-0.000645,0,0,47.51742,0,0,1000,-22.53125,37.83091
08.08.2026,02:19:30,42613,0.126825,-0.609173,-0.35,-0.19,-26.9375,-3.5625,265.625,-0.035165,0,0,47.5139,0,0,1000,-15.9375,39.40531
08.08.2026,02:19:30,42719,0.126825,-0.425312,-0.23,-0.32,-25.6875,-4.0625,267.4375,-0.088087,0,0,47.50509,0,0,1000,-10.65625,36.22461
08.08.2026,02:19:30,42825,0.131939,0.078216,-0.3,-0.46,-24,-1.1875,267.6875,-0.112622,0,0,47.49383,0,0,1000,-9.25,32.26161
08.08.2026,02:19:30,42931,0.127848,0.091266,-0.32,-0.32,-22.375,0.75,267.25,-0.097383,0,0,47.48409,0,0,1000,-11.46875,25.87358
08.08.2026,02:19:30,43037,0.138076,0.353655,0.11,-0.48,-21.3125,2.1875,266.6875,-0.076292,0,0,47.47646,0,0,1000,-13.5625,22.67239
08.08.2026,02:19:30,43143,0.137053,0.075154,-0.08,-0.48,-21.75,1.0625,266.4375,-0.047848,0,0,47.47168,0,0,1000,-14.25,25.29343
08.08.2026,02:19:30,43249,0.14319,-0.233409,-0.14,-0.23,-23.3125,-1.25,266.625,-0.045874,0,0,47.46709,0,0,1000,-14,27.86273
08.08.2026,02:19:30,43355,0.138076,-0.161331,-0.23,-0.23,-23.9375,0.0625,267.0625,-0.066322,0,0,47.46046,0,0,1000,-12.25,29.81269
08.08.2026,02:19:30,43461,0.140121,0.111106,-0.19,-0.36,-23.6875,3.375,267.0625,-0.077792,0,0,47.45268,0,0,1000,-12.0625,29.45988
08.08.2026,02:19:30,43567,0.141144,0.293298,-0.3,-0.41,-22.9375,5.3125,266.3125,-0.069923,0,0,47.44569,0,0,1000,-14.75,28.90597
08.08.2026,02:19:30,43673,0.14319,-0.175345,-0.13,-0.14,-21.8125,3.6875,264.9375,-0.043288,0,0,47.44136,0,0,1000,-18.75,25.91277
08.08.2026,02:19:30,43779,0.146258,-0.134171,-0.2,-0.17,-21.25,1.125,264.5,-0.037425,0,0,47.43761,0,0,1000,-21.5,23.69685
08.08.2026,02:19:30,43885,0.151372,-0.082586,-0.18,-0.18,-20.8125,-0.875,264.8125,-0.05052,0,0,47.43256,0,0,1000,-20.28125,23.0287
08.08.2026,02:19:30,43991,0.147281,-0.000834,-0.07,-0.22,-20.5,-1.3125,265.875,-0.05583,0,0,47.42698,0,0,1000,-15.5625,19.99226
08.08.2026,02:19:30,44097,0.144213,-0.119049,0.09,-0.25,-19.9375,-0.625,267.25,-0.056842,0,0,47.4213,0,0,1000,-9.90625,18.48603
08.08.2026,02:19:30,44203,0.13603,-0.035016,0.5,-0.84,-18.5,1.4375,268.9375,-0.066932,0,0,47.40846,0,0,1000,-5.5,14.30532
08.08.2026,02:19:30,44309,0.141144,0.014984,-0.27,-0.55,-18.0625,1.5625,269.375,-0.060281,0,0,47.40243,0,0,1000,-2.34375,14.99122
08.08.2026,02:19:30,44415,0.130916,-0.043121,-0.5,-0.09,-17.9375,0.625,269.5625,-0.057073,0,0,47.39672,0,0,1000,-1.4375,12.46101
08.08.2026,02:19:30,44521,0.133985,0.178674,-0.49,-0.28,-17.5625,1.5625,270.1875,-0.052978,0,0,47.39143,0,0,1000,0.75,11.79343
08.08.2026,02:19:30,44627,0.119666,0.220341,-0.27,-0.32,-17.6875,2.375,271.0625,-0.028858,0,0,47.38854,0,0,1000,4.25,10.94958
08.08.2026,02:19:30,44733,0.113529,-0.028389,-0.09,-0.23,-17.9375,0.75,272.25,-0.011465,0,0,47.38739,0,0,1000,8,11.72744
08.08.2026,02:19:30,44839,0.102278,-0.147928,-0.05,-0.25,-17.9375,-0.8125,273.25,-0.014624,0,0,47.38593,0,0,1000,11.75,12.49452
08.08.2026,02:19:30,44945,0.103301,-0.207003,0.03,-0.32,-17.9375,-1,274.25,-0.029347,0,0,47.383,0,0,1000,17.78125,12.33771
08.08.2026,02:19:30,45051,0.097165,0.134511,0,-0.56,-18.0625,0.625,275.4375,-0.047984,0,0,47.3782,0,0,1000,23,12.23084
08.08.2026,02:19:30,45157,0.096142,0.49573,0.08,-0.8,-18.625,2.6875,277.875,-0.038601,0,0,47.37434,0,0,1000,29.40625,13.78824
08.08.2026,02:19:30,45263,0.097165,0.215829,-0.23,-0.81,-19.3125,2,280.375,-0.003135,0,0,47.37403,0,0,1000,39.375,16.21837
08.08.2026,02:19:30,45369,0.092051,-0.38493,0.21,-0.44,-19.9375,-0.4375,282.5625,0.024025,0,0,47.37643,0,0,1000,50,17.98423
08.08.2026,02:19:30,45475,0.098187,-0.555064,0.38,-0.18,-20.5,-2,283.9375,0.004243,0,0,47.37685,0,0,1000,50,19.97291
08.08.2026,02:19:30,45581,0.108415,0.016368,-0.21,-0.29,-20.3125,-1.3125,283.8125,-0.045263,0,0,47.37233,0,0,1000,50,18.57062
08.08.2026,02:19:30,45687,0.108415,0.22778,-0.4,-0.22,-19.375,-0.0625,283.75,-0.04461,0,0,47.36787,0,0,1000,50,16.6672
08.08.2026,02:19:30,45793,0.111484,0.178725,-0.32,-0.27,-18.4375,1.1875,284.875,-0.029829,0,0,47.36488,0,0,1000,50,14.77861
08.08.2026,02:19:30,45899,0.126825,0.159073,-0.23,-0.27,-17.5625,2.0625,286.875,-0.010998,0,0,47.36378,0,0,1000,50,12.61386
08.08.2026,02:19:30,46005,0.127848,0.269032,-0.21,-0.48,-17.0625,2.625,289.1875,0.009794,0,0,47.3649,0,0,1000,50,10.27521
08.08.2026,02:19:30,46111,0.126825,0.338721,-0.12,-0.63,-17.1875,2.25,292.0625,0.034069,0,0,47.36831,0,0,1000,50,10.12746
08.08.2026,02:19:30,46217,0.146258,0.11609,-0.2,-0.37,-18.375,-1,296.25,0.04879,0,0,47.37318,0,0,1000,50,14.78267
08.08.2026,02:19:30,46323,0.138076,-0.035417,-0.35,-0.1,-19.6875,-2.375,300.3125,0.04741,0,0,47.37793,0,0,1000,50,17.47866
08.08.2026,02:19:30,46429,0.140121,0.103378,-0.34,-0.09,-20.6875,-0.75,305,0.037915,0,0,47.38172,0,0,1000,50,20.82638
08.08.2026,02:19:30,46535,0.142167,0.072157,-0.36,-0.13,-21.125,1.875,309.6875,0.0384,0,0,47.38556,0,0,1000,50,22.85763
08.08.2026,02:19:30,46641,0.146258,0.090928,-0.25,-0.1,-20.8125,3.625,314.875,0.038599,0,0,47.38942,0,0,1000,50,22.13322
08.08.2026,02:19:30,46747,0.148304,0.189545,-0.21,-0.15,-20.125,3.625,318.0625,0.043442,0,0,47.39376,0,0,1000,50,20.04739
08.08.2026,02:19:30,46853,0.146258,-0.032027,-0.17,-0.2,-19.25,1.25,320.0625,0.049345,0,0,47.3987,0,0,1000,50,15.95761
08.08.2026,02:19:30,46959,0.155463,-0.153221,-0.05,-0.11,-18.0625,-3.25,321.4375,0.037472,0,0,47.40245,0,0,1000,50,12.91389
08.08.2026,02:19:30,47065,0.145235,-0.293767,-0.09,0.01,-16.6875,-7.75,322.4375,0.017132,0,0,47.40416,0,0,1000,50,8.233765
08.08.2026,02:19:30,47171,0.150349,-0.123374,-0.09,0,-14.875,-10.25,324.125,-0.012313,0,0,47.40293,0,0,1000,50,5.413895
08.08.2026,02:19:30,47277,0.13603,0.047795,-0.18,-0.07,-13.8125,-9.125,325.6875,-0.036628,0,0,47.39927,0,0,1000,50,1.360462
08.08.2026,02:19:30,47383,0.128871,0.11893,-0.11,-0.29,-13.0625,-5.375,327.4375,-0.03557,0,0,47.39571,0,0,1000,50,-0.613388
08.08.2026,02:19:30,47489,0.125803,0.299849,-0.06,-0.41,-12.5,0.1875,329.375,-0.028779,0,0,47.39283,0,0,1000,50,-4.504341
08.08.2026,02:19:30,47595,0.111484,0.779994,-0.18,-0.87,-12.1875,5,331.125,-0.004551,0,0,47.39238,0,0,1000,50,-5.187881
08.08.2026,02:19:30,47701,0.103301,0.158845,-0.16,-0.7,-13.375,7.25,333.5,0.084761,0,0,47.40445,0,0,1000,50,-2.0896
08.08.2026,02:19:30,47807,0.102278,0.086135,-0.27,-0.57,-15.375,6.125,334.9375,0.079423,0,0,47.4124,0,0,1000,50,5.789371
08.08.2026,02:19:30,47913,0.092051,0.353596,-0.08,-0.63,-17.8125,5.8125,336.0625,0.081382,0,0,47.42053,0,0,1000,50,12.70581
08.08.2026,02:19:30,48019,0.0808,0.240993,-0.02,-0.62,-19.875,5.5625,336.5,0.096938,0,0,47.43023,0,0,1000,50,18.02568
08.08.2026,02:19:30,48125,0.077732,0.067892,-0.08,-0.6,-20.75,5.125,336.375,0.09445,0,0,47.43967,0,0,1000,50,20.48027
08.08.2026,02:19:30,48231,0.085914,-0.087666,-0.09,-0.27,-20.3125,4.1875,335.5,0.079193,0,0,47.44759,0,0,1000,50,19.94335
08.08.2026,02:19:30,48337,0.084891,0.130501,-0.05,-0.19,-19.25,4.5625,334.875,0.057234,0,0,47.45331,0,0,1000,50,16.674
08.08.2026,02:19:30,48443,0.095119,0.128689,-0.08,-0.31,-18.1875,5.3125,334.625,0.056583,0,0,47.45897,0,0,1000,50,12.95808
08.08.2026,02:19:30,48549,0.09921,-0.003082,-0.06,-0.34,-17.25,5.375,334.625,0.055261,0,0,47.4645,0,0,1000,50,9.893314
08.08.2026,02:19:30,48655,0.097165,-0.064537,-0.15,-0.44,-16.5625,4.625,334.4375,0.045426,0,0,47.46904,0,0,1000,50,7.726303
08.08.2026,02:19:30,48761,0.10637,-0.165626,-0.08,-0.36,-16.125,3.625,334.125,0.033972,0,0,47.47244,0,0,1000,50,7.309288
08.08.2026,02:19:30,48867,0.112506,-0.185955,0,-0.21,-15.6875,2.625,333.6875,0.010261,0,0,47.47346,0,0,1000,50,5.996788
08.08.2026,02:19:30,48973,0.116597,-0.065521,0,-0.05,-15.125,1.3125,333,-0.013534,0,0,47.47211,0,0,1000,50,3.339973
08.08.2026,02:19:30,49079,0.113529,0.145299,-0.1,-0.21,-14.5,-0.5625,332.3125,-0.025587,0,0,47.46955,0,0,1000,50,1.741127
08.08.2026,02:19:30,49185,0.109438,0.005927,-0.15,-0.59,-13.5625,-5.5625,331.25,-0.019568,0,0,47.46759,0,0,1000,50,-0.898132
08.08.2026,02:19:30,49291,0.125803,-0.163497,-0.12,-0.33,-13.0625,-8.625,330.8125,-0.017956,0,0,47.4658,0,0,1000,50,-1.694115
08.08.2026,02:19:30,49397,0.128871,-0.3427,-0.14,-0.12,-12.9375,-9.875,330.625,-0.024818,0,0,47.46331,0,0,1000,50,-2.137276
08.08.2026,02:19:30,49503,0.129894,-0.341162,-0.15,-0.09,-13.3125,-8.25,330.9375,-0.078715,0,0,47.45065,0,0,1000,50,-0.927025
08.08.2026,02:19:30,49609,0.123757,-0.148636,-0.19,-0.17,-13.8125,-4.125,331.5,-0.096326,0,0,47.44102,0,0,1000,50,-0.4021
08.08.2026,02:19:30,49715,0.128871,0.087529,-0.19,-0.34,-14.0625,1.125,332.3125,-0.095718,0,0,47.43145,0,0,1000,50,0.624054
08.08.2026,02:19:30,49821,0.138076,0.130059,-0.17,-0.42,-13.9375,2.4375,332.75,-0.078785,0,0,47.42357,0,0,1000,50,2.066181
08.08.2026,02:19:30,49927,0.139099,0.072089,-0.12,-0.31,-13.75,0.625,332.8125,-0.0632,0,0,47.41725,0,0,1000,50,0.051926
08.08.2026,02:19:30,50033,0.138076,-0.146038,-0.04,-0.12,-13.75,-2.75,332.625,-0.058322,0,0,47.41142,0,0,1000,50,0.33091
08.08.2026,02:19:30,50139,0.129894,-0.173886,-0.06,-0.02,-13.9375,-7.625,332.3125,-0.066991,0,0,47.40472,0,0,1000,50,0.374619
08.08.2026,02:19:30,50245,0.125803,-0.101406,-0.1,-0.11,-14.1875,-9.1875,332.125,-0.077225,0,0,47.397,0,0,1000,50,1.05986
08.08.2026,02:19:30,50351,0.125803,0.00118,-0.18,-0.29,-14.375,-8.375,332.1875,-0.080486,0,0,47.38895,0,0,1000,50,2.239426
08.08.2026,02:19:30,50457,0.119666,0.073563,-0.19,-0.42,-14.5,-5.8125,332.4375,-0.074161,0,0,47.38153,0,0,1000,50,2.182022
08.08.2026,02:19:30,50563,0.119666,0.02559,-0.13,-0.39,-14.6875,-2.6875,332.875,-0.063086,0,0,47.37523,0,0,1000,50,2.25642
08.08.2026,02:19:30,50669,0.116597,0.057368,-0.1,-0.23,-14.6875,0,333.5,-0.055342,0,0,47.36969,0,0,1000,50,2.962708
08.08.2026,02:19:30,50775,0.116597,0.108894,-0.11,-0.2,-14.625,0.125,333.75,-0.047494,0,0,47.36494,0,0,1000,50,2.986595
08.08.2026,02:19:30,50881,0.114552,0.070038,-0.06,-0.2,-14.75,-1.4375,333.6875,-0.035591,0,0,47.36138,0,0,1000,50,2.188824
08.08.2026,02:19:30,50987,0.09921,-0.029112,-0.08,-0.16,-15.25,-4.4375,333.5625,-0.026436,0,0,47.35874,0,0,1000,50,2.856964
08.08.2026,02:19:30,51093,0.092051,-0.078381,-0.08,-0.11,-16.0625,-7.0625,333.4375,-0.022744,0,0,47.35646,0,0,1000,50,6.788803
08.08.2026,02:19:30,51199,0.095119,-0.00747,-0.12,-0.29,-17.1875,-8.0625,333.5625,-0.028365,0,0,47.35363,0,0,1000,50,9.014915
08.08.2026,02:19:30,51305,0.076709,0.043589,-0.16,-0.47,-17.75,-6.625,333.6875,-0.027239,0,0,47.34761,0,0,1000,50,11.16946
08.08.2026,02:19:30,51411,0.081823,0.054465,-0.17,-0.57,-17.75,-4.125,333.75,-0.022115,0,0,47.3454,0,0,1000,50,10.978
08.08.2026,02:19:30,51517,0.087959,0.055176,-0.18,-0.58,-17.1875,-1.625,333.75,-0.016911,0,0,47.34371,0,0,1000,50,8.174568
08.08.2026,02:19:30,51623,0.093073,-0.054281,-0.13,-0.45,-16.4375,-0.3125,333.9375,-0.01428,0,0,47.34228,0,0,1000,50,6.356964
08.08.2026,02:19:30,51729,0.102278,0.026718,-0.05,-0.31,-15.6875,-0.625,334.4375,-0.016786,0,0,47.3406,0,0,1000,50,5.935425
08.08.2026,02:19:30,51835,0.108415,0.077204,-0.03,-0.19,-15.5625,-2.5,334.875,-0.01513,0,0,47.33909,0,0,1000,50,5.032005
08.08.2026,02:19:30,51941,0.109438,0.147462,-0.06,-0.07,-15.6875,-5.0625,335.125,-0.008022,0,0,47.33829,0,0,1000,50,5.52634
08.08.2026,02:19:30,52047,0.104324,0.107332,-0.09,-0.2,-15.9375,-7.3125,335.1875,0.004064,0,0,47.3387,0,0,1000,50,6.712143
08.08.2026,02:19:30,52153,0.101256,0.086955,-0.05,0.01,-15.6875,-8.4375,335.3125,0.01171,0,0,47.33987,0,0,1000,50,5.468372
08.08.2026,02:19:30,52259,0.118643,-0.063516,-0.14,-0.04,-14.6875,-7.375,336.0625,0.01465,0,0,47.34133,0,0,1000,50,3.958176
08.08.2026,02:19:30,52365,0.114552,0.026264,-0.19,-0.17,-13.875,-4.8125,336.9375,0.006847,0,0,47.34201,0,0,1000,50,-0.170319
08.08.2026,02:19:30,52471,0.125803,0.166182,-0.16,-0.28,-13.5,-2.125,337.875,0.002532,0,0,47.34227,0,0,1000,50,-0.207138
08.08.2026,02:19:30,52577,0.115575,0.315836,-0.14,-0.44,-13.625,-0.375,338.6875,0.010781,0,0,47.34335,0,0,1000,50,-0.317413
08.08.2026,02:19:30,52683,0.120689,0.224764,-0.1,-0.54,-14.0625,-1.1875,339.5625,0.033343,0,0,47.34668,0,0,1000,50,1.05249
08.08.2026,02:19:30,52789,0.111484,0.033129,-0.13,-0.48,-14.3125,-3.875,340.25,0.050828,0,0,47.35176,0,0,1000,50,1.683155
08.08.2026,02:19:30,52895,0.110461,-0.318516,-0.13,-0.22,-14.375,-6.5,340.9375,0.05115,0,0,47.35688,0,0,1000,50,1.561554
08.08.2026,02:19:30,53001,0.116597,-0.229459,-0.13,0.06,-14.4375,-7.3125,341.8125,-0.004287,0,0,47.35939,0,0,1000,50,1.35017
08.08.2026,02:19:30,53107,0.105347,0.170678,-0.05,-0.07,-14.6875,-6.1875,342.5,-0.011726,0,0,47.35822,0,0,1000,50,2.41267
08.08.2026,02:19:30,53213,0.100233,0.35065,-0.11,-0.28,-15.625,-3.75,343.5,0.012621,0,0,47.35948,0,0,1000,50,3.852436
08.08.2026,02:19:30,53319,0.096142,0.369311,-0.1,-0.42,-16.5,-2.75,343.9375,0.041622,0,0,47.36364,0,0,1000,50,5.771713
08.08.2026,02:19:30,53425,0.094096,0.267338,-0.04,-0.35,-17.25,-3.0625,344.25,0.061357,0,0,47.36977,0,0,1000,50,8.366032
08.08.2026,02:19:30,53531,0.101256,-0.024874,-0.06,-0.29,-17.375,-4.5,344.6875,0.068805,0,0,47.37666,0,0,1000,50,10.96044
08.08.2026,02:19:30,53637,0.100233,-0.246412,-0.11,-0.25,-17.1875,-5.8125,345.3125,0.047808,0,0,47.38144,0,0,1000,50,8.983665
08.08.2026,02:19:30,53743,0.098187,-0.156985,-0.12,-0.26,-16.875,-5.5625,346.375,0.017815,0,0,47.38322,0,0,1000,50,8.387089
08.08.2026,02:19:30,53849,0.102278,0.063085,-0.11,-0.33,-16.875,-4.0625,347.4375,-0.002158,0,0,47.383,0,0,1000,50,8.726871
08.08.2026,02:19:30,53955,0.098187,0.173097,-0.1,-0.39,-16.9375,-2.5625,348.5625,-0.000385,0,0,47.38296,0,0,1000,50,8.420601
08.08.2026,02:19:30,54061,0.104324,0.092743,-0.11,-0.35,-17,-2.125,349.4375,0.011012,0,0,47.38406,0,0,1000,50,9.129723
08.08.2026,02:19:30,54167,0.103301,-0.107738,-0.14,-0.15,-16.625,-2.8125,350.375,0.014959,0,0,47.38556,0,0,1000,50,8.349037
08.08.2026,02:19:30,54273,0.103301,-0.157924,-0.13,-0.04,-16,-3.6875,350.8125,0.005779,0,0,47.38614,0,0,1000,50,6.477436
08.08.2026,02:19:30,54379,0.101256,-0.087534,-0.11,-0.11,-15.1875,-4.25,351.125,-0.012113,0,0,47.38493,0,0,1000,50,4.749058
08.08.2026,02:19:30,54485,0.105347,-0.166749,-0.24,-0.09,-14.5,-4.125,351.5,-0.024431,0,0,47.38248,0,0,1000,50,2.468369
08.08.2026,02:19:30,54591,0.105347,0.264493,-0.28,-0.49,-14.0625,-2.125,352.0625,-0.038614,0,0,47.37862,0,0,1000,50,0.559853
08.08.2026,02:19:30,54697,0.105347,0.155456,-0.35,-0.49,-14.125,-0.4375,352.5625,-0.02994,0,0,47.37563,0,0,1000,50,0.3479
08.08.2026,02:19:30,54803,0.096142,-0.184208,-0.47,-0.28,-14.4375,0,352.375,-0.010538,0,0,47.37353,0,0,1000,50,1.285404
08.08.2026,02:19:30,54909,0.098187,-0.04387,-0.34,-0.33,-14.9375,0.6875,351.75,-0.023465,0,0,47.37119,0,0,1000,50,2.502453
08.08.2026,02:19:30,55015,0.098187,-0.063115,-0.17,-0.24,-15.75,1.6875,350.75,-0.026591,0,0,47.36853,0,0,1000,50,5.206947
08.08.2026,02:19:30,55121,0.098187,0.09774,-0.06,-0.15,-16.375,2.625,349.5625,-0.03039,0,0,47.36549,0,0,1000,50,7.444489
08.08.2026,02:19:30,55227,0.084891,0.418627,0.07,-0.32,-16.5625,1.9375,347.75,0.00281,0,0,47.36577,0,0,1000,50,7.574585
08.08.2026,02:19:30,55333,0.095119,-0.462184,0,-0.17,-16.3125,-1.4375,345.6875,0.025221,0,0,47.36829,0,0,1000,50,7.101303
08.08.2026,02:19:30,55439,0.088982,-0.211613,0.07,-0.4,-16.125,-1.9375,343.375,-0.017772,0,0,47.36651,0,0,1000,50,5.520012
08.08.2026,02:19:30,55545,0.0808,0.279377,-0.02,-0.61,-16,0.0625,341.1875,-0.030772,0,0,47.36343,0,0,1000,50,5.881416
08.08.2026,02:19:30,55651,0.082846,-0.130326,-0.06,-0.3,-15.75,0.5,338.125,-0.009252,0,0,47.36251,0,0,1000,50,4.496696
08.08.2026,02:19:30,55757,0.079777,0.310135,0.04,-0.49,-15.3125,0.0625,335.625,-0.014314,0,0,47.36108,0,0,1000,50,4.074017
08.08.2026,02:19:30,55863,0.083868,0.020135,0.04,-0.22,-14.625,-0.625,332.625,0.000003565772,0,0,47.36108,0,0,1000,50,2.38652
08.08.2026,02:19:30,55969,0.088982,-0.400214,0.01,-0.11,-13.75,-0.0625,329.8125,0.010834,0,0,47.36216,0,0,1000,50,-0.662292
08.08.2026,02:19:30,56075,0.086937,0.360526,0.23,-0.29,-12.875,1,326.9375,-0.023011,0,0,47.35986,0,0,1000,50,-4.453262
08.08.2026,02:19:30,56181,0.087959,-0.469173,0.13,-0.18,-11.8125,-2.6875,322.5,-0.009343,0,0,47.35892,0,0,1000,50,-7.268028
08.08.2026,02:19:30,56287,0.082846,-1.048854,0.28,-0.25,-11.3125,-4.9375,318.6875,-0.009922,0,0,47.35793,0,0,1000,50,-9.380569
08.08.2026,02:19:30,56393,0.075686,-0.456175,0.43,-0.77,-11.625,-2.875,315.25,-0.08332,0,0,47.3496,0,0,1000,50,-7.020302
08.08.2026,02:19:30,56499,0.082846,0.108433,0.27,-0.93,-12.25,0.3125,312.4375,-0.143292,0,0,47.33527,0,0,1000,50,-4.341858
08.08.2026,02:19:30,56605,0.086937,0.413257,0.5,-0.96,-13.25,0,309.375,-0.101394,0,0,47.31013,0,0,1000,50,-1.339035
08.08.2026,02:19:30,56711,0.100233,-0.310475,0.42,0.17,-14.125,-7.6875,305.5625,-0.093538,0,0,47.30078,0,0,1000,50,0.375191
08.08.2026,02:19:30,56817,0.098187,-0.71663,0.3,0.09,-14.1875,-11.3125,304.1875,-0.119545,0,0,47.28882,0,0,1000,50,0.293335
08.08.2026,02:19:30,56923,0.110461,-0.581286,0.28,0.11,-14.0625,-10.375,304.25,-0.166214,0,0,47.2722,0,0,1000,50,1.425228
08.08.2026,02:19:30,57029,0.113529,-0.32501,0.19,-0.1,-13.8125,-4.8125,305.125,-0.195163,0,0,47.25269,0,0,1000,50,-0.579399
08.08.2026,02:19:30,57135,0.103301,0.500927,-0.31,-0.33,-13.8125,3.8125,306.5,-0.18462,0,0,47.23422,0,0,1000,50,-0.64473
08.08.2026,02:19:30,57241,0.096142,0.364836,-0.42,-0.42,-13.8125,8.75,307.625,-0.121577,0,0,47.22206,0,0,1000,50,-0.392464
08.08.2026,02:19:30,57347,0.098187,-0.082772,0.21,-0.38,-14.1875,8.6875,308.1875,-0.074386,0,0,47.21463,0,0,1000,50,0.01265
08.08.2026,02:19:30,57453,0.091028,-0.600926,0.32,-0.07,-14.75,7.625,308.25,-0.057405,0,0,47.20889,0,0,1000,50,2.388218
08.08.2026,02:19:30,57559,0.069549,-0.848348,0.78,-0.08,-15.6875,4.5,306.375,-0.080191,0,0,47.20087,0,0,1000,50,4.779644
08.08.2026,02:19:30,57665,0.056253,-0.014148,0.32,-0.45,-17.625,0.8125,303.125,-0.130614,0,0,47.18781,0,0,1000,50,9.180229
08.08.2026,02:19:30,57771,0.048071,-0.330614,0,-0.23,-18.8125,-0.5,301.75,-0.109877,0,0,47.17682,0,0,1000,50,11.94553
08.08.2026,02:19:30,57877,0.030684,-0.056511,-0.04,-0.48,-18.625,-0.1875,300.5625,-0.127601,0,0,47.16406,0,0,1000,50,12.54551
08.08.2026,02:19:30,57983,0.030684,-0.182758,0.19,0.04,-17.3125,-2.25,299.0625,-0.116724,0,0,47.15239,0,0,1000,50,5.776718
08.08.2026,02:19:30,58089,0.009205,-0.419395,0.13,-0.15,-16.5,-4.125,297.8125,-0.104577,0,0,47.14193,0,0,1000,50,4.131798
08.08.2026,02:19:30,58195,0,0.714617,0.07,-0.84,-17.3125,-1.875,297.125,-0.124769,0,0,47.12945,0,0,1000,50,5.137466
08.08.2026,02:19:30,58301,0,-0.021427,-0.1,-0.08,-18.875,-4.1875,296.6875,-0.057295,0,0,47.11142,0,0,1000,50,10.125
08.08.2026,02:19:30,58407,0,0.390415,-0.02,0.25,-20.5625,-3.875,296.9375,-0.059324,0,0,47.10549,0,0,1000,50,17.9375
08.08.2026,02:19:30,58513,0,0.382323,-0.07,-0.94,-21.9375,-2.3125,298.3125,0.014366,0,0,47.10693,0,0,1000,50,21.75
08.08.2026,02:19:30,58619,0,-0.178139,-0.11,-0.17,-23.1875,-3.4375,300.4375,0.022967,0,0,47.10922,0,0,1000,50,25.8125
08.08.2026,02:19:30,58725,0,0.070043,0.54,-0.34,-24.75,0.25,303.3125,0.033567,0,0,47.11258,0,0,1000,50,29.78125
08.08.2026,02:19:30,58831,0,0.63814,-0.01,-0.06,-24.0625,-0.5625,303,0.059176,0,0,47.1185,0,0,1000,50,26.40625
08.08.2026,02:19:30,58937,0,-0.05581,-0.59,-0.02,-23.875,-2.6875,301.375,0.122839,0,0,47.13078,0,0,1000,50,26.9375
08.08.2026,02:19:30,59043,0,0.280789,-0.42,-0.37,-25.5,-3.0625,297.9375,0.105769,0,0,47.14136,0,0,1000,50,32.90625
08.08.2026,02:19:30,59149,0,-0.292986,-0.54,-0.82,-26.5625,-3.5,294,0.117394,0,0,47.1531,0,0,1000,50,35.3125
08.08.2026,02:19:30,59255,0,0.334042,0.46,-0.19,-27,-5.0625,286.75,0.092448,0,0,47.16234,0,0,1000,50,36.1875
08.08.2026,02:19:30,59361,0,0.730919,0.59,-0.89,-25.5625,-7.3125,281.3125,0.097105,0,0,47.17205,0,0,1000,41.5,33.375
08.08.2026,02:19:30,59467,0,-0.524365,0.31,0.12,-22,-13.75,277,0.164333,0,0,47.18848,0,0,1000,24.25,25.875
08.08.2026,02:19:30,59573,0,-0.197775,-0.11,0.14,-19.3125,-14.0625,275,0.106039,0,0,47.19909,0,0,1000,18.90625,11.53125
08.08.2026,02:19:30,59679,0,-0.139643,-0.59,-0.26,-20.375,-18.8125,274.1875,0.058091,0,0,47.2049,0,0,1000,16.84375,14.96875
08.08.2026,02:19:30,59785,0,-0.861798,-0.36,-0.37,-24.1875,-23.5,274.3125,0.067022,0,0,47.2116,0,0,1000,17.40625,26.78125
08.08.2026,02:19:30,59891,0,-0.052487,0.26,-0.44,-26.3125,-26,273.4375,0.021427,0,0,47.21375,0,0,1000,12.65625,34.40625
08.08.2026,02:19:30,59997,0,-0.681945,0.54,-0.35,-24,-28.0625,271.8125,-0.016877,0,0,47.21206,0,0,1000,5.6875,24.34375
08.08.2026,02:19:30,60103,0,-0.757343,0.52,-0.86,-19.0625,-24.375,269.8125,-0.261728,0,0,47.17158,0,0,1000,-2.46875,6.5625
08.08.2026,02:19:30,60209,0,2.014211,0.85,-0.32,-13.3125,-24.1875,268.9375,-0.097612,0,0,47.16182,0,0,1000,-3.25,-2.0625
08.08.2026,02:19:30,60315,0,-0.954396,0.15,-0.09,-12.625,-34,269.4375,-0.043317,0,0,47.15748,0,0,1000,-4.75,-8.4375
08.08.2026,02:19:30,60421,0,-0.362136,-0.11,-0.24,-15,-36.25,271.5625,-0.070256,0,0,47.15046,0,0,1000,3.75,-2.625
08.08.2026,02:19:30,60527,0,-0.71953,0.28,-0.3,-17.1875,-36.25,272.875,-0.08106,0,0,47.14235,0,0,1000,12.125,7.8125
08.08.2026,02:19:30,60633,0,-0.505971,0.55,1.26,-17.4375,-33.75,273.375,-0.110681,0,0,47.13128,0,0,1000,13.65625,7.15625
08.08.2026,02:19:30,60739,0,-1.061085,0.6,1.55,-17.0625,-34.625,272.75,-0.151922,0,0,47.11609,0,0,1000,12,5.8125
08.08.2026,02:19:30,60845,0,-0.933543,0.72,1.57,-17.8125,-37.25,272.5625,-0.234565,0,0,47.09263,0,0,1000,10.25,7.6875
08.08.2026,02:19:30,60951,0,-0.903869,0.69,1.34,-18.4375,-37.3125,272.5625,-0.30084,0,0,47.06255,0,0,1000,10.25,10.625
08.08.2026,02:19:30,61057,0,0.127095,0.27,0.15,-17.8125,-33.8125,272.5,-0.340953,0,0,47.02845,0,0,1000,9.84375,7.1875
08.08.2026,02:19:30,61163,0,0.356533,-0.15,-1.31,-16.125,-28.1875,271.8125,-0.293508,0,0,46.9991,0,0,1000,8.25,3.59375
08.08.2026,02:19:30,61269,0,1.81417,-0.62,-2.94,-15.4375,-23.9375,270.9375,-0.237486,0,0,46.97535,0,0,1000,2.8125,1.0625
08.08.2026,02:19:30,61375,0,0.576501,-0.6,-2.23,-16,-23.625,269.375,-0.072497,0,0,46.96811,0,0,1000,-3.90625,3.625
08.08.2026,02:19:30,61481,0,0.955009,-0.81,-1.99,-16.5,-23.8125,267,0.046396,0,0,46.97274,0,0,1000,-12,4.65625
08.08.2026,02:19:30,61587,0,0.45079,-0.74,-0.44,-16.25,-24.5,262.8125,0.131206,0,0,46.98586,0,0,1000,-28.75,3.28125
08.08.2026,02:19:30,61693,0,0.75555,-0.42,-0.49,-14.25,-23.375,255.5,0.162973,0,0,47.00216,0,0,1000,-50,-0.375
08.08.2026,02:19:30,61799,0,0.918993,-0.18,0.14,-11.75,-23.625,250.125,0.203892,0,0,47.02255,0,0,1000,-50,-7.6875
08.08.2026,02:19:30,61905,0,0.170712,-0.06,-0.28,-9.5,-24.75,245.4375,0.298268,0,0,47.07813,0,0,1000,-50,-14.0625
08.08.2026,02:19:30,62011,0,-2.25888,0.37,-0.19,-8.5,-25.125,242.0625,0.191027,0,0,47.09723,0,0,1000,-50,-19.8125
08.08.2026,02:19:30,62117,0,-0.535022,0.22,-0.83,-8.75,-23.125,239.75,0.009278,0,0,47.09816,0,0,1000,-50,-18.4375
08.08.2026,02:19:30,62223,0,-1.522894,0.31,-0.54,-9.125,-27.375,237.1875,-0.075459,0,0,47.09061,0,0,1000,-50,-17.5
08.08.2026,02:19:30,62329,0,-0.727161,0.21,-1.26,-9.5,-28.875,235.3125,-0.178309,0,0,47.07278,0,0,1000,-50,-16.34375
08.08.2026,02:19:30,62435,0,-0.360413,0.77,-0.7,-10.125,-31.4375,233.1875,-0.209832,0,0,47.0518,0,0,1000,-50,-14.3125
08.08.2026,02:19:30,62541,0,-0.064002,0.99,-0.38,-11.1875,-33.5,231.5625,-0.199368,0,0,47.03186,0,0,1000,-50,-9.25
08.08.2026,02:19:30,62647,0,0.691446,0.65,0.55,-14.1875,-32.4375,231.1875,-0.169427,0,0,47.01492,0,0,1000,-50,-5.0625
08.08.2026,02:19:30,62753,0,-0.205534,-1.48,-0.4,-17.125,-30.5,231.375,-0.093908,0,0,47.00553,0,0,1000,-50,3
08.08.2026,02:19:30,62859,0,-0.943761,-1.93,0.13,-19.3125,-29.3125,231.0625,-0.055148,0,0,47.00002,0,0,1000,-50,10.875
08.08.2026,02:19:30,62965,0,-1.229645,-1.44,0.3,-20.625,-27.75,230.25,-0.127975,0,0,46.98722,0,0,1000,-50,15.5625
08.08.2026,02:19:30,63071,0,-0.283354,-1.2,0.09,-19.75,-27.0625,228.875,-0.195652,0,0,46.96765,0,0,1000,-50,13.78125
08.08.2026,02:19:30,63177,0,-0.266717,-0.57,-0.51,-16.625,-27.75,227.3125,-0.206372,0,0,46.94701,0,0,1000,-50,4.75
08.08.2026,02:19:30,63283,0,-0.370014,-0.82,-0.12,-14.5625,-28.5625,226.8125,-0.208461,0,0,46.92617,0,0,1000,-50,0.1875
08.08.2026,02:19:30,63389,0,0.336066,-0.26,-0.31,-12.875,-28.5,226.5625,-0.189067,0,0,46.90726,0,0,1000,-50,-5.4375
08.08.2026,02:19:30,63495,0,0.080803,0.06,-0.18,-12.1875,-28.125,226.8125,-0.147306,0,0,46.89253,0,0,1000,-50,-9.0625
08.08.2026,02:19:30,63601,0,-0.055902,0.21,-0.12,-11.875,-28.4375,227,-0.084107,0,0,46.87387,0,0,1000,-50,-9.53125
08.08.2026,02:19:30,63707,0,-0.031421,-0.14,0.15,-11.9375,-29.5,227.1875,-0.055233,0,0,46.86834,0,0,1000,-50,-9.375
08.08.2026,02:19:30,63813,0,-0.090212,0.16,-0.17,-12.25,-30.4375,227.1875,-0.037595,0,0,46.86458,0,0,1000,-50,-8.625
08.08.2026,02:19:30,63919,0,0.140518,0.27,-0.16,-12.75,-31.0625,226.9375,-0.022703,0,0,46.86231,0,0,1000,-50,-7.125
08.08.2026,02:19:30,64025,0,0.110518,0.07,-0.2,-12.6875,-32.3125,226.625,0.006095,0,0,46.86292,0,0,1000,-50,-7.09375
08.08.2026,02:19:30,64131,0,-0.189678,0.04,-0.3,-12.4375,-33.4375,226.6875,0.015572,0,0,46.86448,0,0,1000,-50,-7.6875
08.08.2026,02:19:30,64237,0,-0.400673,0.25,0.11,-11.625,-32.4375,228.9375,0.015389,0,0,46.86602,0,0,1000,-50,-9.1875
08.08.2026,02:19:30,64343,0,0.398638,-0.3,0.32,-11.9375,-28.6875,230.625,0.021413,0,0,46.86816,0,0,1000,-50,-9.75
08.08.2026,02:19:30,64449,0,0.176072,0.1,0.1,-12.125,-27.4375,231.3125,0.079801,0,0,46.87614,0,0,1000,-50,-8.46875
08.08.2026,02:19:30,64555,0,0.112793,-0.06,-0.08,-12.1875,-27.5,231.4375,0.101965,0,0,46.88633,0,0,1000,-50,-8.4375
08.08.2026,02:19:30,64661,0,0.249339,0.03,0,-12,-28,231.0625,0.107395,0,0,46.89707,0,0,1000,-50,-8.96875
08.08.2026,02:19:30,64767,0,0.06522,0,-0.03,-11.875,-28.25,231,0.128089,0,0,46.90988,0,0,1000,-50,-9.375
08.08.2026,02:19:30,64873,0,0.24102,0.03,-0.04,-12.125,-27.8125,231.0625,0.130609,0,0,46.92294,0,0,1000,-50,-8.3125
08.08.2026,02:19:30,64979,0,0.276622,0.19,-0.03,-12.4375,-27.25,230.875,0.136781,0,0,46.93662,0,0,1000,-50,-7.375
08.08.2026,02:19:30,65085,0,0.121817,0.34,-0.16,-12.875,-27.25,230.25,0.149417,0,0,46.95156,0,0,1000,-50,-5.90625
08.08.2026,02:19:30,65191,0,0.286909,0.17,-0.22,-13.9375,-26.25,228.3125,0.152631,0,0,46.96683,0,0,1000,-50,-4.125
08.08.2026,02:19:30,65297,0,-0.81839,-0.24,-0.29,-14.0625,-25.375,226.125,0.164776,0,0,46.98331,0,0,1000,-50,-2.8125
08.08.2026,02:19:30,65403,0,-0.503216,-0.09,-0.34,-13.625,-24.25,223.125,0.076469,0,0,47.00596,0,0,1000,-50,-3.5625
08.08.2026,02:19:30,65509,0,-0.405675,0.2,-0.37,-13.25,-24.8125,219.4375,0.026655,0,0,47.00863,0,0,1000,-50,-5.25
08.08.2026,02:19:30,65615,0,-0.256532,0.02,-0.5,-13.25,-25.1875,215.5,0.006158,0,0,47.00924,0,0,1000,-50,-5.09375
08.08.2026,02:19:30,65721,0,-0.476047,-0.1,-0.52,-13.5,-26.0625,209.9375,-0.021252,0,0,47.00712,0,0,1000,-50,-4.375
08.08.2026,02:19:30,65827,0,-0.944074,0.09,-0.13,-13.3125,-26,205.5625,-0.061336,0,0,47.00098,0,0,1000,-50,-4.84375
08.08.2026,02:19:30,65933,0,-0.160128,0.42,1.84,-12.9375,-26.3125,202.1875,-0.122706,0,0,46.98871,0,0,1000,-50,-6.5
08.08.2026,02:19:30,66039,0,1.454059,0.3,-0.03,-12.75,-27.625,197.6875,-0.13022,0,0,46.97569,0,0,1000,-50,-6.90625
08.08.2026,02:19:30,66145,0,0.153728,1.13,-0.95,-11.5,-32.75,189,0.010292,0,0,46.97672,0,0,1000,-50,-10.15625
08.08.2026,02:19:30,66251,0,0.431084,0.82,-1.17,-11.0625,-31.875,183.25,0.082226,0,0,46.98494,0,0,1000,-50,-11.8125
08.08.2026,02:19:30,66357,0,-0.382254,0.32,-0.35,-11.25,-30.5625,179.5625,0.103798,0,0,46.99532,0,0,1000,-50,-11.4375
08.08.2026,02:19:30,66463,0,-1.224526,0.85,-0.29,-12.0625,-30.5625,177.8125,0.070666,0,0,47.00239,0,0,1000,-50,-9.75
08.08.2026,02:19:30,66569,0,-1.023915,0.93,1.36,-14,-30.6875,179.625,-0.019014,0,0,47.00049,0,0,1000,-50,-3
08.08.2026,02:19:30,66675,0,2.069291,-1.28,0.14,-16.625,-29.75,184,-0.099709,0,0,46.99052,0,0,1000,-50,3.5625
08.08.2026,02:19:30,66781,0,0.98736,-0.85,-0.5,-16.375,-31.6875,186.5625,0.060066,0,0,46.99652,0,0,1000,-50,4.875
08.08.2026,02:19:30,66887,0,0.32281,-0.73,-0.96,-15,-30.3125,189.5,0.141503,0,0,47.01067,0,0,1000,-50,-1.09375
08.08.2026,02:19:30,66993,0,0.146484,-0.57,-0.65,-13.8125,-29.6875,191.875,0.196719,0,0,47.03035,0,0,1000,-50,-4.34375
08.08.2026,02:19:30,67099,0,-0.789553,-0.21,-0.31,-13.375,-29.6875,193.125,0.187715,0,0,47.04912,0,0,1000,-50,-4.875
08.08.2026,02:19:30,67205,0,-1.064112,-0.22,3.05,-13,-28,192,0.01569,0,0,47.06329,0,0,1000,-50,-5.5625
08.08.2026,02:19:30,67311,0,2.325888,1.24,-0.42,-11.375,-26.9375,187.75,0.105434,0,0,47.07384,0,0,1000,-50,-12.28125
08.08.2026,02:19:30,67417,0,0.792498,1.15,-0.75,-10.4375,-27.75,184.0625,0.208624,0,0,47.0947,0,0,1000,-50,-14
08.08.2026,02:19:30,67523,0,0.595789,0.14,-1.4,-10.875,-25.75,182.75,0.283125,0,0,47.12301,0,0,1000,-50,-11.90625
08.08.2026,02:19:30,67629,0,-0.461615,0.64,-0.87,-12.125,-26.1875,181.9375,0.258098,0,0,47.14882,0,0,1000,-50,-8.78125
08.08.2026,02:19:30,67735,0,-0.777636,1.39,1.52,-12.5,-27.4375,182,0.187231,0,0,47.16755,0,0,1000,-50,-7.5
08.08.2026,02:19:30,67841,0,0.3101,0.72,2.22,-12.8125,-27.9375,182.6875,0.070408,0,0,47.17459,0,0,1000,-50,-7.3125
08.08.2026,02:19:30,67947,0,1.326423,-0.9,-0.03,-13.75,-30.0625,183.4375,0.114344,0,0,47.18602,0,0,1000,-50,-4.3125
08.08.2026,02:19:30,68053,0,1.218735,-0.48,-1.35,-13.75,-30.3125,184.625,0.239102,0,0,47.20993,0,0,1000,-50,-3.90625
08.08.2026,02:19:30,68159,0,0.288886,-0.63,-0.5,-13.0625,-27.9375,186.8125,0.306247,0,0,47.24055,0,0,1000,-50,-5.71875
08.08.2026,02:19:30,68265,0,-0.140724,-0.52,0.68,-12.8125,-28.5625,187.6875,0.298873,0,0,47.27044,0,0,1000,-50,-6.875
08.08.2026,02:19:30,68371,0,-1.36867,-0.15,2.21,-12.6875,-29.9375,187,0.2471,0,0,47.29515,0,0,1000,-50,-7.25
08.08.2026,02:19:30,68477,0,3.056094,1.37,0.13,-11.0625,-29.3125,184.9375,0.162811,0,0,47.31144,0,0,1000,-50,-13.53125
08.08.2026,02:19:30,68583,0,1.085265,1.41,-0.14,-9.125,-30.1875,182.5625,0.336757,0,0,47.34511,0,0,1000,-50,-18.5625
08.08.2026,02:19:30,68689,0,-0.176672,0.49,-0.62,-8.5625,-28.9375,182.1875,0.371219,0,0,47.38223,0,0,1000,-50,-19.5
08.08.2026,02:19:30,68795,0,-0.258814,0.75,0.05,-9.625,-28,183.625,0.377578,0,0,47.41999,0,0,1000,-50,-17.4375
08.08.2026,02:19:30,68901,0,0.140862,1.01,0.5,-11.0625,-28.6875,186.1875,0.290074,0,0,47.4811,0,0,1000,-50,-13.3125
08.08.2026,02:19:30,69007,0,0.981534,0.46,1.54,-12.875,-29.125,188.9375,0.226924,0,0,47.5038,0,0,1000,-50,-4.5
08.08.2026,02:19:30,69113,0,1.484237,-0.95,0.61,-14.6875,-28.75,192.375,0.40372,0,0,47.54417,0,0,1000,-50,0
08.08.2026,02:19:30,69219,0,1.966781,-0.65,-0.07,-15.25,-26.875,196.5,0.450097,0,0,47.58918,0,0,1000,-50,0.71875
08.08.2026,02:19:30,69325,0,0.549852,-0.57,-0.01,-15.0625,-25.375,198.625,0.526457,0,0,47.64182,0,0,1000,-50,0.40625
08.08.2026,02:19:30,69431,0,0.224194,-0.44,-0.05,-14.5,-23.4375,200.8125,0.486908,0,0,47.69051,0,0,1000,-50,-1.96875
08.08.2026,02:19:30,69537,0,-0.229384,-0.23,0.11,-14.625,-21.375,202.8125,0.422233,0,0,47.73274,0,0,1000,-50,-0.65625
08.08.2026,02:19:30,69643,0,-0.489731,-0.19,0.9,-15.5,-21.5,203.9375,0.321772,0,0,47.76492,0,0,1000,-50,2.28125
08.08.2026,02:19:30,69749,0,1.181488,0.43,-0.5,-15.6875,-22.5,204.25,0.273083,0,0,47.79222,0,0,1000,-50,2.625
08.08.2026,02:19:30,69855,0,1.510477,0.28,0.56,-14.8125,-24.8125,204.25,0.342407,0,0,47.82647,0,0,1000,-50,-1.5
08.08.2026,02:19:30,69961,0,0.907853,0.88,0.52,-13.3125,-24,204.5625,0.392559,0,0,47.86572,0,0,1000,-50,-6.3125
08.08.2026,02:19:30,70067,0,0.803987,0.69,-0.08,-12.25,-23.0625,205.5625,0.431207,0,0,47.90884,0,0,1000,-50,-8.5625
08.08.2026,02:19:30,70173,0,0.340676,0.48,0.02,-13.3125,-24.0625,209.25,0.413939,0,0,47.95024,0,0,1000,-50,-6.5625
08.08.2026,02:19:30,70279,0,0.599006,0.93,0.09,-15,-23.875,214.1875,0.362922,0,0,47.98653,0,0,1000,-50,-1.875
08.08.2026,02:19:30,70385,0,0.038315,0.32,0.4,-17.1875,-25.1875,221.0625,0.332446,0,0,48.01978,0,0,1000,-50,3.75
08.08.2026,02:19:30,70491,0,1.528376,-0.65,-0.35,-19.8125,-25.4375,229.625,0.309067,0,0,48.05068,0,0,1000,-50,16.9375
08.08.2026,02:19:30,70597,0,0.627941,-0.86,0.28,-21.6875,-26.0625,237.3125,0.324517,0,0,48.08313,0,0,1000,-50,21.625
08.08.2026,02:19:30,70703,0,0.056635,-0.8,0.55,-23.3125,-24.4375,247.875,0.322887,0,0,48.15058,0,0,1000,-50,24.8125
08.08.2026,02:19:30,70809,0,-0.143748,-1.12,0.37,-22.75,-23.3125,254.25,0.262907,0,0,48.17687,0,0,1000,-50,22
08.08.2026,02:19:30,70915,0,-0.242203,-0.28,0.22,-21.625,-23.5,258.1875,0.184003,0,0,48.19527,0,0,1000,-44.75,18.9375
08.08.2026,02:19:30,71021,0,-0.28812,-0.98,0.32,-20.125,-24.1875,261.125,0.108819,0,0,48.20616,0,0,1000,-33.46875,14.28125
08.08.2026,02:19:30,71127,0,0.338381,-0.45,0.02,-19.125,-24.875,263.0625,0.067982,0,0,48.21296,0,0,1000,-27.75,12.375
08.08.2026,02:19:30,71233,0,-0.065511,-0.02,-0.14,-19.3125,-26.25,263.25,0.053066,0,0,48.21826,0,0,1000,-26.5,12.75
08.08.2026,02:19:30,71339,0,-0.045935,-0.22,0.17,-18.8125,-25.3125,262,0.013173,0,0,48.21958,0,0,1000,-29.5,12.375
08.08.2026,02:19:30,71445,0,0.324449,-0.19,0.23,-18.0625,-25.0625,259.8125,-0.011941,0,0,48.21838,0,0,1000,-42.78125,9.9375
08.08.2026,02:19:30,71551,0,-0.255146,-0.35,-0.02,-17.375,-25.6875,256.875,-0.012605,0,0,48.21712,0,0,1000,-50,6.8125
08.08.2026,02:19:30,71657,0,-0.143258,-0.24,0.07,-16.3125,-25.9375,253.625,-0.058696,0,0,48.21125,0,0,1000,-50,4.25
08.08.2026,02:19:30,71763,0,0.04987,-0.11,-0.04,-15,-25.9375,251.125,-0.097269,0,0,48.20153,0,0,1000,-50,-0.28125
08.08.2026,02:19:30,71869,0,-0.296619,-0.19,0.09,-13.3125,-26.75,248.1875,-0.109197,0,0,48.19061,0,0,1000,-50,-3.1875
08.08.2026,02:19:30,71975,0,0.067845,-0.35,0.05,-10.875,-27.875,244.625,-0.13883,0,0,48.17672,0,0,1000,-50,-14.875
08.08.2026,02:19:30,72081,0,-0.067083,-0.24,-0.01,-9.4375,-29,241.4375,-0.157708,0,0,48.16095,0,0,1000,-50,-17.625
08.08.2026,02:19:30,72187,0,-0.09174,-0.15,-0.15,-9.375,-29.6875,238.375,-0.166142,0,0,48.14434,0,0,1000,-50,-17.125
08.08.2026,02:19:30,72293,0,-0.136029,-0.28,-0.07,-10.125,-28.5,237,-0.17762,0,0,48.12658,0,0,1000,-50,-15
08.08.2026,02:19:30,72399,0,-0.270215,-0.13,0.19,-10.3125,-27.375,235.875,-0.180795,0,0,48.1085,0,0,1000,-50,-14.25
08.08.2026,02:19:30,72505,0,-0.203891,0.09,0.12,-10.875,-26.625,235.375,-0.205404,0,0,48.06829,0,0,1000,-50,-13.125
08.08.2026,02:19:30,72611,0,-0.077285,-0.13,-0.11,-11.625,-26.5,235.5625,-0.213263,0,0,48.04696,0,0,1000,-50,-10.125
08.08.2026,02:19:30,72717,0,-0.123376,0.1,-0.05,-12.0625,-26.125,236.3125,-0.219271,0,0,48.02504,0,0,1000,-50,-9
08.08.2026,02:19:30,72823,0,-0.206118,-0.05,-0.06,-12.25,-25.25,237,-0.225722,0,0,48.00246,0,0,1000,-50,-8.4375
08.08.2026,02:19:30,72929,0,-0.218755,0.11,-0.12,-12.375,-24.625,236.8125,-0.228973,0,0,47.97957,0,0,1000,-50,-7.875
08.08.2026,02:19:30,73035,0,0.008857,0.08,0.08,-12.1875,-24.3125,236.0625,-0.236713,0,0,47.9559,0,0,1000,-50,-8.59375
08.08.2026,02:19:30,73141,0,-0.084139,-0.04,-0.03,-12.125,-23.875,235.0625,-0.217817,0,0,47.93412,0,0,1000,-50,-8.8125
08.08.2026,02:19:30,73247,0,0.002661,0.05,-0.07,-12.375,-24.125,234.375,-0.211452,0,0,47.91297,0,0,1000,-50,-8.25
08.08.2026,02:19:30,73353,0,0.029272,-0.02,0,-12.625,-23.6875,234,-0.205589,0,0,47.89241,0,0,1000,-50,-6.96875
08.08.2026,02:19:30,73459,0,-0.164525,-0.03,-0.02,-13.125,-23.4375,233.75,-0.192876,0,0,47.87313,0,0,1000,-50,-5.15625
08.08.2026,02:19:30,73565,0,-0.068215,0.04,-0.15,-13.5625,-23.1875,233.5625,-0.196224,0,0,47.8535,0,0,1000,-50,-4
08.08.2026,02:19:30,73671,0,-0.041998,0.03,-0.09,-14.1875,-22.5,233.4375,-0.193338,0,0,47.83417,0,0,1000,-50,-3
08.08.2026,02:19:30,73777,0,-0.055917,0.09,-0.08,-14.6875,-21.6875,233.5,-0.189127,0,0,47.81526,0,0,1000,-50,-1.5
08.08.2026,02:19:30,73883,0,-0.140029,0.06,-0.06,-15.3125,-21,233.4375,-0.183089,0,0,47.79695,0,0,1000,-50,0.375
08.08.2026,02:19:30,73989,0,-0.114042,0.09,-0.03,-15.5625,-21.0625,233.25,-0.18619,0,0,47.77833,0,0,1000,-50,1.6875
08.08.2026,02:19:30,74095,0,-0.068119,-0.02,-0.16,-15.75,-21.125,233.0625,-0.184193,0,0,47.75991,0,0,1000,-50,2.40625
08.08.2026,02:19:30,74201,0,-0.052372,0,-0.11,-16.1875,-20.875,232.9375,-0.181562,0,0,47.72388,0,0,1000,-50,3.84375
08.08.2026,02:19:30,74307,0,-0.086533,-0.03,-0.05,-16.4375,-20.625,232.9375,-0.17501,0,0,47.70638,0,0,1000,-50,4.28125
08.08.2026,02:19:30,74413,0,-0.020905,-0.03,-0.08,-16.5625,-20.5,233,-0.170529,0,0,47.68932,0,0,1000,-50,4.84375
08.08.2026,02:19:30,74519,0,-0.055422,-0.02,-0.12,-16.5625,-20.5,232.9375,-0.161479,0,0,47.67318,0,0,1000,-50,4.6875
08.08.2026,02:19:30,74625,0,-0.020229,-0.06,-0.14,-16.625,-20.375,233.0625,-0.157735,0,0,47.6574,0,0,1000,-50,5.03125
08.08.2026,02:19:30,74731,0,0.099648,-0.02,-0.11,-16.625,-20.0625,233.3125,-0.149401,0,0,47.64246,0,0,1000,-50,4.875
08.08.2026,02:19:30,74837,0,0.114009,0,-0.18,-16.75,-20.1875,233.625,-0.135627,0,0,47.6289,0,0,1000,-50,5.0625
08.08.2026,02:19:30,74943,0,0.027836,0.01,-0.16,-16.8125,-20.3125,233.875,-0.119016,0,0,47.617,0,0,1000,-50,5.4375
08.08.2026,02:19:30,75049,0,-0.008516,0,-0.08,-17,-20.1875,234.125,-0.113445,0,0,47.60566,0,0,1000,-50,6.3125
08.08.2026,02:19:30,75155,0,0.054916,0,-0.04,-17.375,-19.9375,234.4375,-0.106729,0,0,47.59498,0,0,1000,-50,7.0625
08.08.2026,02:19:30,75261,0,0.067967,0,-0.12,-17.625,-20.0625,234.625,-0.094867,0,0,47.58549,0,0,1000,-50,8
08.08.2026,02:19:30,75367,0,-0.019335,-0.02,0.07,-17.6875,-20.5,234.6875,-0.083901,0,0,47.57711,0,0,1000,-50,8.0625
08.08.2026,02:19:30,75473,0,0.073219,-0.07,-0.25,-17.75,-20.75,234.875,-0.079418,0,0,47.56916,0,0,1000,-50,8.25
08.08.2026,02:19:30,75579,0,-0.02414,-0.08,-0.14,-17.625,-21.125,235.375,-0.082122,0,0,47.56095,0,0,1000,-50,7.71875
08.08.2026,02:19:30,75685,0,0.198556,-0.01,-0.13,-17.875,-21.4375,236.5,-0.083846,0,0,47.55257,0,0,1000,-50,8.40625
08.08.2026,02:19:30,75791,0,0.221341,0,-0.22,-18.125,-21.8125,237.375,-0.086623,0,0,47.5439,0,0,1000,-50,9.6875
08.08.2026,02:19:30,75897,0,-0.406825,0.1,-0.04,-18.375,-21.75,238.125,-0.057009,0,0,47.5382,0,0,1000,-50,10.28125
08.08.2026,02:19:30,76003,0,0.585417,-0.7,-0.22,-18.625,-21.75,238.8125,-0.051156,0,0,47.52612,0,0,1000,-50,11.03125
08.08.2026,02:19:30,76109,0,-0.522938,-0.39,-0.07,-18.0625,-22.5625,239.625,-0.065259,0,0,47.51959,0,0,1000,-50,8.40625
08.08.2026,02:19:30,76215,0,-0.817368,0.07,0.22,-18.0625,-23.6875,240.875,-0.10794,0,0,47.50879,0,0,1000,-50,8.4375
08.08.2026,02:19:30,76321,0,2.376689,0.4,-0.72,-19.3125,-25.1875,240.5,-0.126187,0,0,47.49617,0,0,1000,-50,12
08.08.2026,02:19:30,76427,0,-1.682888,1,-0.22,-19.5625,-26.6875,239.6875,-0.013151,0,0,47.49486,0,0,1000,-50,13.5
08.08.2026,02:19:30,76533,0,0.47009,0.77,-0.46,-19.6875,-22.625,240.0625,-0.092588,0,0,47.4856,0,0,1000,-50,14.0625
08.08.2026,02:19:30,76639,0,-0.737705,0.94,-0.89,-18.9375,-21.8125,240,-0.068591,0,0,47.47874,0,0,1000,-50,12.28125
08.08.2026,02:19:30,76745,0,-0.213934,1.44,-0.83,-19.3125,-21.4375,240.3125,-0.117271,0,0,47.46701,0,0,1000,-50,10.75
08.08.2026,02:19:30,76851,0,-0.219646,1.33,-0.62,-20.6875,-21.375,242.0625,-0.133344,0,0,47.45368,0,0,1000,-50,19.875
08.08.2026,02:19:30,76957,0,0.024805,-0.78,1.16,-22.125,-20.75,245.9375,-0.138417,0,0,47.43983,0,0,1000,-50,22
08.08.2026,02:19:30,77063,0,0.578676,-1.58,1.27,-23.0625,-17.75,250.125,-0.120362,0,0,47.4278,0,0,1000,-50,24.8125
08.08.2026,02:19:30,77169,0,0.54023,-1.86,-0.11,-22.6875,-15.5625,252.9375,-0.048341,0,0,47.42297,0,0,1000,-50,23.25
08.08.2026,02:19:30,77275,0,0.4098,-1.25,-0.23,-20.8125,-15,253.375,0.013372,0,0,47.4243,0,0,1000,-50,20.4375
08.08.2026,02:19:30,77381,0,0.628731,-0.51,0.3,-18.875,-13.8125,253.625,0.033249,0,0,47.42763,0,0,1000,-50,12.5625
08.08.2026,02:19:30,77487,0,0.166592,-0.57,0.15,-18.1875,-13.5625,254.4375,0.066533,0,0,47.43428,0,0,1000,-50,9.09375
08.08.2026,02:19:30,77593,0,0.353785,-0.58,-0.34,-18.8125,-14.6875,255.6875,0.087275,0,0,47.44301,0,0,1000,-50,11.75
08.08.2026,02:19:30,77699,0,-0.058702,-0.73,-0.11,-18.125,-16,256.9375,0.077345,0,0,47.45075,0,0,1000,-50,9.53125
08.08.2026,02:19:30,77805,0,0.868036,-0.97,0.05,-17.25,-14.6875,258.9375,0.093462,0,0,47.47024,0,0,1000,-42.375,6.53125
08.08.2026,02:19:30,77911,0,-0.344969,-0.41,0.03,-17.3125,-15.1875,261.5,0.118234,0,0,47.48206,0,0,1000,-32.125,7.40625
08.08.2026,02:19:30,78017,0,0.201229,-0.02,-0.46,-18.5,-15.25,264.125,0.08776,0,0,47.49084,0,0,1000,-21.78125,11.59375
08.08.2026,02:19:30,78123,0,-0.511593,-0.28,0.14,-19.9375,-14.8125,265.75,0.063123,0,0,47.49715,0,0,1000,-17,16.21875
08.08.2026,02:19:30,78229,0,0.955075,0.34,-0.47,-20.0625,-11.8125,266.4375,0.040492,0,0,47.5012,0,0,1000,-15,15.9375
08.08.2026,02:19:30,78335,0,-0.238088,-0.07,-0.23,-19.5625,-11.8125,267.25,0.098352,0,0,47.51103,0,0,1000,-12.25,13.875
08.08.2026,02:19:30,78441,0,0.389563,0.19,-0.31,-20.0625,-11.25,268.1875,0.073062,0,0,47.51834,0,0,1000,-6.625,14.625
08.08.2026,02:19:30,78547,0,0.216826,0.31,-0.36,-20.875,-9.75,268.75,0.085103,0,0,47.52685,0,0,1000,-4.6875,16.875
08.08.2026,02:19:30,78653,0,0.263988,0.05,-0.16,-20.6875,-8.5625,269.6875,0.088245,0,0,47.53567,0,0,1000,-2.25,17.4375
08.08.2026,02:19:30,78759,0,0.441012,-0.12,-0.21,-20.3125,-8,270.5625,0.092559,0,0,47.54493,0,0,1000,1.25,16.125
08.08.2026,02:19:30,78865,0,0.017371,0.03,-0.4,-20.5,-8.6875,271,0.113233,0,0,47.55625,0,0,1000,4.15625,16.3125
08.08.2026,02:19:30,78971,0,-0.095902,0.15,-0.38,-20,-9.1875,270.9375,0.10178,0,0,47.56643,0,0,1000,3.59375,14.21875
08.08.2026,02:19:30,79077,0,-0.448328,0.08,0.08,-18.75,-10.125,270.5,0.075446,0,0,47.57397,0,0,1000,1.6875,10.15625
08.08.2026,02:19:30,79183,0,-0.009184,0.13,-0.08,-17.6875,-11.1875,269.9375,0.026608,0,0,47.57663,0,0,1000,-0.0625,7.78125
08.08.2026,02:19:30,79289,0,-0.079584,0.1,-0.6,-18.125,-13.625,269.25,0.012453,0,0,47.57788,0,0,1000,-3.625,9.84375
08.08.2026,02:19:30,79395,0,0.160386,0.32,-0.33,-18.75,-13.6875,268.75,0.00091,0,0,47.57797,0,0,1000,-5.15625,11.71875
08.08.2026,02:19:30,79501,0,-0.339515,0,-0.18,-18.875,-13.625,268.3125,-0.024374,0,0,47.57523,0,0,1000,-7.21875,11.625
08.08.2026,02:19:30,79607,0,-0.368731,0.57,-0.11,-18.5625,-14.125,267.75,-0.054416,0,0,47.56979,0,0,1000,-9,10.6875
08.08.2026,02:19:30,79713,0,-0.284604,0.39,-0.32,-19.1875,-14.125,268.375,-0.073934,0,0,47.56239,0,0,1000,-8.25,11.625
08.08.2026,02:19:30,79819,0,-0.061623,0.48,-0.06,-20.125,-15.0625,270.375,-0.092715,0,0,47.55312,0,0,1000,-2.5,14.0625
08.08.2026,02:19:30,79925,0,0.66079,-0.39,-0.41,-20.875,-14.3125,272.8125,-0.075014,0,0,47.54562,0,0,1000,13.28125,17.0625
08.08.2026,02:19:30,80031,0,-0.018115,-0.87,-0.05,-21.4375,-14.8125,275.1875,-0.034061,0,0,47.54222,0,0,1000,22.46875,19.78125
08.08.2026,02:19:30,80137,0,0.042905,-0.57,0.22,-20.875,-14.875,277.75,-0.03172,0,0,47.53904,0,0,1000,30.15625,17
08.08.2026,02:19:30,80243,0,0.523792,-0.86,0,-21.5625,-13.875,279.5,-0.027584,0,0,47.53629,0,0,1000,39.09375,19.4375
08.08.2026,02:19:30,80349,0,-0.316112,-0.67,0.14,-20.9375,-14,280.25,-0.002993,0,0,47.53599,0,0,1000,41.3125,17.9375
08.08.2026,02:19:30,80455,0,-0.00522,-0.38,-0.17,-20,-13.75,280.125,-0.02773,0,0,47.53321,0,0,1000,40.1875,14.0625
08.08.2026,02:19:30,80561,0,0.085789,-0.65,-0.01,-19.0625,-13.5,279.5625,-0.031384,0,0,47.53008,0,0,1000,38.25,11.25
08.08.2026,02:19:30,80667,0,0.026676,0.12,-0.13,-18.6875,-13.375,278.4375,-0.027573,0,0,47.52732,0,0,1000,35.25,11.25
08.08.2026,02:19:30,80773,0,-0.022302,-0.01,-0.27,-18.625,-13.1875,277.625,-0.031789,0,0,47.52414,0,0,1000,31.75,11.0625
08.08.2026,02:19:30,80879,0,-0.081484,-0.1,-0.07,-18.4375,-13,276.5,-0.025441,0,0,47.5216,0,0,1000,27.5,10.3125
08.08.2026,02:19:30,80985,0,-0.04028,0.06,-0.13,-18.375,-12.6875,275.375,-0.037451,0,0,47.51785,0,0,1000,20.71875,10.125
08.08.2026,02:19:30,81091,0,0.161179,0,-0.27,-18.375,-12.875,274.8125,-0.045358,0,0,47.51331,0,0,1000,19.25,10.125
08.08.2026,02:19:30,81197,0,-0.02762,0.09,-0.14,-18.6875,-12.9375,274.25,-0.03736,0,0,47.50958,0,0,1000,17.5,10.6875
08.08.2026,02:19:30,81303,0,-0.016506,0.11,-0.22,-18.9375,-13,274,-0.03639,0,0,47.50248,0,0,1000,16.25,11.625
08.08.2026,02:19:30,81409,0,0.004664,0.05,-0.22,-19,-13.125,273.9375,-0.037383,0,0,47.49874,0,0,1000,15.75,12
08.08.2026,02:19:30,81515,0,-0.074134,0.15,-0.23,-19.0625,-13.125,274,-0.044751,0,0,47.49426,0,0,1000,16.15625,12.1875
08.08.2026,02:19:30,81621,0,-0.072695,0.07,-0.22,-19.1875,-13.25,274.1875,-0.053542,0,0,47.48891,0,0,1000,16.90625,12.5625
08.08.2026,02:19:30,81727,0,-0.079502,0.13,-0.19,-19.4375,-13.5,274.3125,-0.045747,0,0,47.48433,0,0,1000,17.25,13.125
08.08.2026,02:19:30,81833,0,0.052095,0.03,-0.23,-19.75,-13.8125,274.3125,-0.049671,0,0,47.47937,0,0,1000,17.25,14.0625
08.08.2026,02:19:30,81939,0,-0.026344,0.08,-0.26,-19.9375,-14.0625,274.125,-0.048546,0,0,47.47451,0,0,1000,16.34375,14.96875
08.08.2026,02:19:30,82045,0,0.025249,0.1,-0.2,-19.875,-13.9375,273.8125,-0.049544,0,0,47.46955,0,0,1000,15.25,14.46875
08.08.2026,02:19:30,82151,0,0.006761,-0.12,-0.09,-19.4375,-13.8125,273.5625,-0.047,0,0,47.46486,0,0,1000,14.5,13.5
08.08.2026,02:19:30,82257,0,0.008178,0,-0.24,-19.625,-13.625,273.625,-0.044081,0,0,47.46045,0,0,1000,14.25,13.5
08.08.2026,02:19:30,82363,0,0.01961,0.02,-0.13,-19.875,-13.1875,274.0625,-0.044514,0,0,47.45599,0,0,1000,16.5625,14.4375
08.08.2026,02:19:30,82469,0,0.09093,0,-0.11,-19.9375,-12.75,274.25,-0.041068,0,0,47.45189,0,0,1000,17.15625,14.8125
08.08.2026,02:19:30,82575,0,0.051917,-0.12,-0.24,-19.9375,-12.5,274.4375,-0.030686,0,0,47.44882,0,0,1000,18.0625,14.8125
08.08.2026,02:19:30,82681,0,0.112753,0.05,-0.3,-20.5,-12.0625,274.875,-0.025992,0,0,47.44622,0,0,1000,19.8125,16.75
08.08.2026,02:19:30,82787,0,0.143665,0.09,-0.25,-20.8125,-11.375,274.875,-0.028376,0,0,47.44338,0,0,1000,19.34375,17.5625
08.08.2026,02:19:30,82893,0,-0.02575,-0.02,-0.16,-20.5625,-11.3125,274.6875,-0.018182,0,0,47.44156,0,0,1000,18.59375,16.375
08.08.2026,02:19:30,82999,0,-0.025267,-0.06,-0.24,-20.3125,-11.625,274.4375,-0.015029,0,0,47.44006,0,0,1000,17.59375,15.78125
08.08.2026,02:19:30,83105,0,-0.064684,0.04,-0.28,-20.3125,-11.6875,274.3125,-0.02585,0,0,47.43566,0,0,1000,17.25,15.9375
08.08.2026,02:19:30,83211,0,0.236955,0.04,-0.13,-20.3125,-11.3125,274.25,-0.025126,0,0,47.43315,0,0,1000,17,15.9375
08.08.2026,02:19:30,83317,0,0.097234,-0.01,-0.17,-20.25,-11.3125,274.0625,-0.008666,0,0,47.43228,0,0,1000,16.5,15.9375
08.08.2026,02:19:30,83423,0,-0.032488,0.07,-0.15,-20.25,-11.8125,273.875,-0.008647,0,0,47.43142,0,0,1000,15.75,15.75
08.08.2026,02:19:30,83529,0,0.097869,0.03,-0.05,-20.125,-12.5625,273.8125,-0.01111,0,0,47.43031,0,0,1000,15.25,15.21875
08.08.2026,02:19:30,83635,0,0.247842,-0.12,-0.06,-19.5625,-15.8125,273.5,0.000837,0,0,47.43039,0,0,1000,14.34375,13.75
08.08.2026,02:19:30,83741,0,-0.062704,-0.17,-0.5,-19.5,-19.5,273.1875,0.017,0,0,47.43209,0,0,1000,13.09375,13.5
08.08.2026,02:19:30,83847,0,-0.262872,-0.02,-0.17,-19.5,-22.75,273.0625,0.005198,0,0,47.43261,0,0,1000,12.25,13.34375
08.08.2026,02:19:30,83953,0,-0.182421,-0.17,0,-19.1875,-23.5,273.1875,-0.01401,0,0,47.43121,0,0,1000,12.90625,12.40625
08.08.2026,02:19:30,84059,0,-0.181218,-0.11,-0.17,-19.0625,-24.3125,273.375,-0.0374,0,0,47.42747,0,0,1000,13.65625,12.1875
08.08.2026,02:19:30,84165,0,0.02062,0.09,-0.13,-19.0625,-23.9375,273.75,-0.057167,0,0,47.42175,0,0,1000,14.5,12.1875
08.08.2026,02:19:30,84271,0,-0.047822,-0.03,-0.26,-19,-23.4375,274,-0.048457,0,0,47.41691,0,0,1000,15.5,12
08.08.2026,02:19:30,84377,0,-0.106332,0.05,0.12,-18.9375,-22.625,274.25,-0.046339,0,0,47.41227,0,0,1000,17.15625,11.8125
08.08.2026,02:19:30,84483,0,0.135211,0.09,0,-19,-22.3125,274.375,-0.047979,0,0,47.40747,0,0,1000,17.5,12.15625
08.08.2026,02:19:30,84589,0,-0.023562,-0.07,-0.24,-18.9375,-23.1875,274.375,-0.038159,0,0,47.40366,0,0,1000,17.5,11.8125
08.08.2026,02:19:30,84695,0,0.267663,-0.03,-0.21,-18.875,-22.875,274.25,-0.038094,0,0,47.39985,0,0,1000,17,11.625
08.08.2026,02:19:30,84801,0,-0.000683,0.05,0.02,-18.75,-22.5,274.25,-0.029987,0,0,47.39171,0,0,1000,17,11.4375
08.08.2026,02:19:30,84907,0,0.110281,-0.14,-0.19,-18.375,-22.25,274.0625,-0.028639,0,0,47.38884,0,0,1000,15.9375,10.6875
08.08.2026,02:19:30,85013,0,0.061202,-0.14,-0.02,-18.125,-21.9375,273.5625,-0.01911,0,0,47.38693,0,0,1000,13.78125,9.21875
08.08.2026,02:19:30,85119,0,-0.107647,-0.06,-0.01,-18.375,-21.375,273.5,-0.016698,0,0,47.38526,0,0,1000,13.75,9.90625
08.08.2026,02:19:30,85225,0,0.113195,-0.1,-0.17,-18.5,-21.0625,273.75,-0.02618,0,0,47.38264,0,0,1000,15.15625,10.65625
08.08.2026,02:19:30,85331,0,0.103805,-0.01,-0.1,-18.375,-20.0625,273.875,-0.018963,0,0,47.38075,0,0,1000,15.5,9.96875
08.08.2026,02:19:30,85437,0,0.084195,0.04,0,-18.1875,-19.4375,273.8125,-0.012127,0,0,47.37954,0,0,1000,15.25,9.40625
08.08.2026,02:19:30,85543,0,0.034489,-0.05,-0.16,-18.0625,-19.25,273.875,-0.009148,0,0,47.37862,0,0,1000,15.65625,9.1875
08.08.2026,02:19:30,85649,0,0.094751,-0.02,-0.16,-18,-18.5625,274.0625,-0.008154,0,0,47.3778,0,0,1000,16,9
08.08.2026,02:19:30,85755,0,0.214906,0.06,0.02,-18.125,-17.5625,274.3125,-0.004801,0,0,47.37732,0,0,1000,16.75,9.1875
08.08.2026,02:19:30,85861,0,-0.015486,-0.1,-0.24,-18.25,-17.5,274.4375,0.012181,0,0,47.37854,0,0,1000,17.5,9.75
08.08.2026,02:19:30,85967,0,0.004128,-0.11,-0.24,-18.3125,-17.375,274.625,0.012021,0,0,47.37974,0,0,1000,18.65625,9.9375
08.08.2026,02:19:30,86073,0,0.174078,-0.08,-0.1,-18.3125,-16.3125,275.0625,0.001529,0,0,47.37989,0,0,1000,20.71875,9.9375
08.08.2026,02:19:30,86179,0,0.103845,-0.02,0.05,-18.5,-15.4375,275.5,0.007273,0,0,47.38062,0,0,1000,21.90625,10.65625
08.08.2026,02:19:30,86285,0,0.00326,-0.17,-0.25,-18.3125,-16.125,275.8125,0.018167,0,0,47.38244,0,0,1000,23.5625,9.96875
08.08.2026,02:19:30,86391,0,0.232881,-0.08,-0.1,-18.0625,-16,276.125,0.011788,0,0,47.38362,0,0,1000,24.8125,9.03125
08.08.2026,02:19:30,86497,0,0.102364,-0.23,-0.03,-18,-15.6875,276.8125,0.016096,0,0,47.38523,0,0,1000,28.03125,9
08.08.2026,02:19:30,86603,0,0.051263,-0.13,0,-18.1875,-15.9375,277.6875,0.03198,0,0,47.39185,0,0,1000,30.75,9.875
08.08.2026,02:19:30,86709,0,0.059163,-0.21,-0.1,-18.5625,-15.375,279.6875,0.033326,0,0,47.39518,0,0,1000,36.75,10.8125
08.08.2026,02:19:30,86815,0,0.028006,-0.41,0.04,-18.625,-15,281.25,0.035968,0,0,47.39878,0,0,1000,43.25,10.875
08.08.2026,02:19:30,86921,0,0.007264,-0.24,0.12,-18.5,-15.4375,282.625,0.02308,0,0,47.40108,0,0,1000,50,10.5
08.08.2026,02:19:30,87027,0,-0.002736,-0.3,-0.09,-18.5,-16.4375,284.6875,0.015461,0,0,47.40263,0,0,1000,50,10.5
08.08.2026,02:19:30,87133,0,0.336767,-0.38,-0.43,-18.375,-16.875,287.5,0.0267,0,0,47.4053,0,0,1000,50,10.125
08.08.2026,02:19:30,87239,0,-0.245087,-0.39,-0.06,-18.5,-15.875,291.5,0.030954,0,0,47.40839,0,0,1000,50,10.3125
08.08.2026,02:19:30,87345,0,0.074816,-0.37,0.08,-18.9375,-14.3125,294.4375,0.00303,0,0,47.4087,0,0,1000,50,11.0625
08.08.2026,02:19:30,87451,0,-0.00531,-0.38,-0.01,-19.125,-13.625,296.5,0.003918,0,0,47.40909,0,0,1000,50,12.53125
08.08.2026,02:19:30,87557,0,-0.105144,0,0.07,-19.3125,-13.4375,297.9375,-0.005177,0,0,47.40857,0,0,1000,50,13.09375
08.08.2026,02:19:30,87663,0,0.305271,0.13,-0.33,-18.75,-13.125,298.75,-0.012908,0,0,47.40728,0,0,1000,50,11.53125
08.08.2026,02:19:30,87769,0,0.32439,0,-0.29,-16.9375,-13.4375,298.875,0.027396,0,0,47.41002,0,0,1000,50,7.5
08.08.2026,02:19:30,87875,0,0.553381,0.15,-0.04,-15.375,-13.1875,299.3125,0.031376,0,0,47.41316,0,0,1000,50,0.1875
08.08.2026,02:19:30,87981,0,0.541291,0.4,-0.28,-15.375,-13.125,300.3125,0.065003,0,0,47.41966,0,0,1000,50,1.4375
08.08.2026,02:19:30,88087,0,-0.301837,0.33,-0.16,-15.6875,-13.75,301.5,0.097286,0,0,47.42939,0,0,1000,50,2.0625
08.08.2026,02:19:30,88193,0,0.395715,0.42,0.15,-16.5625,-14,304.4375,0.076098,0,0,47.437,0,0,1000,50,3.9375
08.08.2026,02:19:30,88299,0,0.033767,0.07,-0.11,-18.1875,-14.5625,307.5625,0.060586,0,0,47.44305,0,0,1000,50,7.875
08.08.2026,02:19:30,88405,0,0.121197,0.33,-0.45,-19.875,-15.125,310.875,0.058578,0,0,47.45691,0,0,1000,50,13.125
08.08.2026,02:19:30,88511,0,0.409314,-0.12,-0.48,-20.6875,-15.3125,314,0.08243,0,0,47.46515,0,0,1000,50,17.53125
08.08.2026,02:19:30,88617,0,0.036663,0.1,-0.35,-20.75,-15.4375,316.75,0.069912,0,0,47.47214,0,0,1000,50,17.25
08.08.2026,02:19:30,88723,0,0.032757,0.1,-0.28,-20.625,-15.125,321.4375,0.051544,0,0,47.47729,0,0,1000,50,16.71875
08.08.2026,02:19:30,88829,0,-0.938533,0.45,0.12,-20.3125,-14.625,325.1875,0.040116,0,0,47.48131,0,0,1000,50,16.15625
08.08.2026,02:19:30,88935,0,0.532615,0.18,0.34,-20.125,-14.375,328.5625,-0.035703,0,0,47.47774,0,0,1000,50,15.375
08.08.2026,02:19:30,89041,0,-0.117281,-0.27,-0.22,-20.1875,-15.3125,332.3125,-0.003227,0,0,47.47741,0,0,1000,50,15.71875
08.08.2026,02:19:30,89147,0,-0.167116,-1.11,-0.41,-21,-18.25,337.4375,-0.005129,0,0,47.4769,0,0,1000,50,17.6875
08.08.2026,02:19:30,89253,0,0.103387,-0.73,0.07,-21.1875,-17.8125,341.75,-0.01565,0,0,47.47534,0,0,1000,50,18.1875
08.08.2026,02:19:30,89359,0,-0.206243,-0.64,0.42,-21.1875,-18.3125,346.0625,-0.011489,0,0,47.47419,0,0,1000,50,18.9375
08.08.2026,02:19:30,89465,0,0.094817,-0.55,0.16,-20.5625,-20.125,349.375,-0.032981,0,0,47.47089,0,0,1000,50,18
08.08.2026,02:19:30,89571,0,0.566267,-0.31,-0.09,-19,-21.9375,351.8125,-0.045084,0,0,47.46638,0,0,1000,50,10.4375
08.08.2026,02:19:30,89677,0,0.287092,-0.24,-0.39,-15.8125,-23.6875,355.625,-0.025663,0,0,47.46381,0,0,1000,50,3.34375
08.08.2026,02:19:30,89783,0,0.056841,-0.49,-0.38,-14.5625,-23.625,357.0625,0.007798,0,0,47.46459,0,0,1000,50,-1.125
08.08.2026,02:19:30,89889,0,0.467089,-0.44,0,-13.6875,-22.6875,357.1875,-0.007697,0,0,47.46382,0,0,1000,50,-4.5625
08.08.2026,02:19:30,89995,0,0.156382,-0.14,0.15,-13.125,-22.5,357.0625,0.021979,0,0,47.46602,0,0,1000,50,-5.625
08.08.2026,02:19:30,90101,0,-0.125032,-0.33,0.35,-14.4375,-23.3125,357.8125,0.019252,0,0,47.47234,0,0,1000,50,0.1875
08.08.2026,02:19:30,90207,0,0.293589,-0.38,0.48,-17.0625,-23.1875,359,0.023643,0,0,47.47471,0,0,1000,50,4.6875
08.08.2026,02:19:30,90313,0,0.113589,-0.19,0.22,-18.5,-21.9375,359.8125,0.02917,0,0,47.47763,0,0,1000,50,11.75
08.08.2026,02:19:30,90419,0,0.602651,-0.61,-0.12,-19.1875,-19.9375,1,0.038294,0,0,47.48146,0,0,1000,-50,13.03125
08.08.2026,02:19:30,90525,0,0.441419,-0.58,-0.51,-19,-17.9375,2.25,0.079858,0,0,47.48944,0,0,1000,-50,11.375
08.08.2026,02:19:30,90631,0,0.545739,0.03,0.19,-18.375,-16.5625,4.3125,0.096769,0,0,47.49912,0,0,1000,-50,10.5
08.08.2026,02:19:30,90737,0,-0.227664,0.25,0.26,-17.5625,-15.9375,7.8125,0.105843,0,0,47.5097,0,0,1000,-50,8.625
08.08.2026,02:19:30,90843,0,-0.579874,0.16,-0.56,-15.5,-15.625,13.8125,0.068719,0,0,47.51657,0,0,1000,-50,4.125
08.08.2026,02:19:30,90949,0,-0.160331,0.92,0.06,-12.625,-17.8125,22.875,0.014216,0,0,47.518,0,0,1000,-50,-4.125
08.08.2026,02:19:30,91055,0,0.280071,0.26,0,-12.4375,-18.6875,33.9375,-0.012495,0,0,47.51675,0,0,1000,-50,-7.0625
08.08.2026,02:19:30,91161,0,0.609723,0.95,-0.28,-15.75,-19.5,51.9375,0.010813,0,0,47.51783,0,0,1000,-50,0.90625
08.08.2026,02:19:30,91267,0,0.278053,0.94,-0.05,-17.8125,-18.6875,63.1875,0.051917,0,0,47.52302,0,0,1000,-50,8.46875
08.08.2026,02:19:30,91373,0,0.625672,0.52,-0.17,-19.375,-16.75,74.75,0.074063,0,0,47.53043,0,0,1000,-50,14.0625
08.08.2026,02:19:30,91479,0,-0.047478,0.64,-0.09,-20.75,-16.4375,84.25,0.097935,0,0,47.54022,0,0,1000,-50,18.1875
08.08.2026,02:19:30,91585,0,0.749506,-0.1,-0.23,-21.8125,-15.5,92.125,0.093809,0,0,47.5496,0,0,1000,-50,21.53125
08.08.2026,02:19:30,91691,0,0.645179,-0.82,-0.29,-22.625,-12.75,100.8125,0.134569,0,0,47.56306,0,0,1000,-50,22.875
08.08.2026,02:19:30,91797,0,-0.040492,-0.52,0.1,-23.875,-11.25,107.5625,0.176346,0,0,47.58069,0,0,1000,-50,24.75
08.08.2026,02:19:30,91903,0,-0.035877,-0.7,0.09,-24.875,-9.75,113.5625,0.132889,0,0,47.61073,0,0,1000,-50,28.875
08.08.2026,02:19:30,92009,0,-0.03015,0,0.09,-26.25,-9.375,118.375,0.105148,0,0,47.62124,0,0,1000,-50,34.6875
08.08.2026,02:19:30,92115,0,-0.083531,-0.31,-0.06,-27.125,-10.3125,121.0625,0.084462,0,0,47.62968,0,0,1000,-50,36.84375
08.08.2026,02:19:30,92221,0,-0.167485,-0.5,-0.07,-27.4375,-12.75,121.8125,0.038494,0,0,47.63353,0,0,1000,-50,38
08.08.2026,02:19:30,92327,0,0.291985,-0.49,-0.11,-27.5,-14.25,121.25,0.016491,0,0,47.63518,0,0,1000,-50,37.5
08.08.2026,02:19:30,92433,0,0.231141,-0.36,-0.28,-27.8125,-15.6875,120.0625,0.026233,0,0,47.63781,0,0,1000,-50,38.75
08.08.2026,02:19:30,92539,0,-0.129595,-0.41,-0.18,-27.8125,-16.25,118.3125,0.022903,0,0,47.64009,0,0,1000,-50,38.125
08.08.2026,02:19:30,92645,0,-0.139713,-0.44,0.03,-26,-16.125,115.1875,0.003659,0,0,47.64046,0,0,1000,-50,33.4375
08.08.2026,02:19:30,92751,0,-0.039142,-0.63,0.17,-24.75,-15.5625,112.875,-0.017763,0,0,47.63868,0,0,1000,-50,30.5625
08.08.2026,02:19:30,92857,0,0.131965,-0.61,0.04,-23.3125,-14.8125,110.9375,-0.034429,0,0,47.63524,0,0,1000,-50,26.625
08.08.2026,02:19:30,92963,0,-0.297078,-0.52,-0.14,-21.4375,-15.0625,110.0625,-0.029761,0,0,47.63226,0,0,1000,-50,20.8125
08.08.2026,02:19:30,93069,0,-0.165304,-0.53,-0.17,-20.125,-14.5625,110.3125,-0.055158,0,0,47.62675,0,0,1000,-50,14.59375
08.08.2026,02:19:30,93175,0,0.107105,-0.26,-0.13,-19.4375,-13.0625,111.9375,-0.074898,0,0,47.61926,0,0,1000,-50,13.5
08.08.2026,02:19:30,93281,0,-0.740757,-0.49,-0.13,-19.1875,-12.125,114,-0.066501,0,0,47.61261,0,0,1000,-50,12.5625
08.08.2026,02:19:30,93387,0,-0.52756,-0.77,-0.37,-18.9375,-11.8125,116.0625,-0.099421,0,0,47.60267,0,0,1000,-50,12.1875
08.08.2026,02:19:30,93493,0,-0.382539,-0.59,-0.18,-18.9375,-11.4375,117.9375,-0.156152,0,0,47.58706,0,0,1000,-50,11.96875
08.08.2026,02:19:30,93599,0,-0.836728,-0.28,0.55,-18.9375,-10.8125,119.25,-0.180682,0,0,47.56899,0,0,1000,-50,11.8125
08.08.2026,02:19:30,93705,0,0.875014,0.56,0.08,-17.8125,-9.8125,120.0625,-0.151715,0,0,47.53247,0,0,1000,-50,8.8125
08.08.2026,02:19:30,93811,0,1.155014,0.81,-0.17,-16.3125,-11.875,119.5,-0.072653,0,0,47.52521,0,0,1000,-50,3.15625
08.08.2026,02:19:30,93917,0,1.20735,1.29,-0.87,-15.0625,-12.5,118.1875,0.044382,0,0,47.52964,0,0,1000,-50,-0.90625
08.08.2026,02:19:30,94023,0,0.245923,1.31,-0.19,-14.8125,-12.4375,117.1875,0.109052,0,0,47.54055,0,0,1000,-50,-0.875
08.08.2026,02:19:30,94129,0,0.818224,0.83,-0.39,-16,-11.5625,118.125,0.130364,0,0,47.55359,0,0,1000,-50,0.5625
08.08.2026,02:19:30,94235,0,-0.027301,0.25,-0.42,-17.875,-12,119.6875,0.171813,0,0,47.57077,0,0,1000,-50,6.75
08.08.2026,02:19:30,94341,0,0.007853,0.4,-0.83,-19.6875,-11.3125,121.8125,0.150708,0,0,47.58584,0,0,1000,-50,12.75
08.08.2026,02:19:30,94447,0,-0.426013,0.48,-0.4,-20.3125,-10.625,124.75,0.120209,0,0,47.59786,0,0,1000,-50,16.25
08.08.2026,02:19:30,94553,0,-0.507819,0.23,-0.03,-20.625,-9.5,128.5625,0.056147,0,0,47.60347,0,0,1000,-50,17.03125
08.08.2026,02:19:30,94659,0,-0.487859,0.8,0.75,-21.6875,-9.875,134.1875,0.001253,0,0,47.6036,0,0,1000,-50,20.0625
08.08.2026,02:19:30,94765,0,1.333608,-0.1,-0.57,-23.0625,-9.0625,139.1875,-0.045598,0,0,47.59904,0,0,1000,-50,23.59375
08.08.2026,02:19:30,94871,0,0.682748,-0.31,-0.44,-24.4375,-10.5,143.6875,0.026739,0,0,47.60172,0,0,1000,-50,29.40625
08.08.2026,02:19:30,94977,0,1.640491,-0.92,-0.13,-24.9375,-11.5,146.8125,0.070173,0,0,47.60873,0,0,1000,-50,29.96875
08.08.2026,02:19:30,95083,0,1.184815,-1.17,0.36,-24.5625,-11.5,147.375,0.176524,0,0,47.62638,0,0,1000,-50,28.21875
08.08.2026,02:19:30,95189,0,0.586582,-0.43,0,-22.625,-11.25,144.5,0.256025,0,0,47.65199,0,0,1000,-50,22.90625
08.08.2026,02:19:30,95295,0,0.15731,-1.25,-0.1,-21.625,-12.4375,142.9375,0.288316,0,0,47.68082,0,0,1000,-50,20.625
08.08.2026,02:19:30,95401,0,-0.001946,-1.09,-0.13,-21,-11.375,142.0625,0.223065,0,0,47.73191,0,0,1000,-50,18.9375
08.08.2026,02:19:30,95507,0,0.100881,-0.96,0.28,-20.6875,-10.625,141.6875,0.203059,0,0,47.75222,0,0,1000,-50,17.625
08.08.2026,02:19:30,95613,0,1.319806,-0.52,-0.1,-19.875,-10.5,141.5,0.141331,0,0,47.76635,0,0,1000,-50,15.25
08.08.2026,02:19:30,95719,0,0.583022,-0.58,-0.29,-18.8125,-10.4375,141.6875,0.210989,0,0,47.78745,0,0,1000,-50,11.8125
08.08.2026,02:19:30,95825,0,0.355821,-0.21,-0.38,-17.375,-11.5,142.4375,0.223928,0,0,47.80984,0,0,1000,-50,8.0625
08.08.2026,02:19:30,95931,0,1.038463,0.26,-0.64,-17.1875,-11.25,144.0625,0.228815,0,0,47.83273,0,0,1000,-50,6.5625
08.08.2026,02:19:30,96037,0,0.470065,0.83,0.2,-17.375,-11.0625,146.625,0.261165,0,0,47.85884,0,0,1000,-50,7.28125
08.08.2026,02:19:30,96143,0,0.90202,0.08,-0.34,-18,-8.8125,151.75,0.250177,0,0,47.88386,0,0,1000,-50,9.0625
08.08.2026,02:19:30,96249,0,0.193574,0,0.01,-19,-9.125,156.4375,0.262653,0,0,47.91012,0,0,1000,-50,13.09375
08.08.2026,02:19:30,96355,0,0.486053,0.12,-0.16,-20.125,-8.25,162.5,0.233883,0,0,47.93351,0,0,1000,-50,16.46875
08.08.2026,02:19:30,96461,0,-0.221144,-0.05,-0.22,-20.8125,-8.6875,169.125,0.223788,0,0,47.95589,0,0,1000,-50,17.90625
08.08.2026,02:19:30,96567,0,0.023258,0.22,-0.25,-21.25,-9.1875,176.9375,0.174077,0,0,47.97329,0,0,1000,-50,18.75
08.08.2026,02:19:30,96673,0,-0.120853,-0.4,0.57,-21.9375,-8.625,188.1875,0.127844,0,0,47.98608,0,0,1000,-50,20.25
08.08.2026,02:19:30,96779,0,0.886538,-0.32,-0.25,-22.5625,-7.625,196.875,0.081154,0,0,47.99419,0,0,1000,-50,21.9375
08.08.2026,02:19:30,96885,0,0.392892,-0.81,-0.29,-24,-8.6875,204.3125,0.113379,0,0,48.00553,0,0,1000,-50,25.6875
08.08.2026,02:19:30,96991,0,-0.060945,-0.62,-0.24,-24.625,-8,210.3125,0.11931,0,0,48.01746,0,0,1000,-50,29.5
08.08.2026,02:19:30,97097,0,0.136018,-0.84,0.07,-25.25,-7.8125,213.8125,0.094442,0,0,48.02691,0,0,1000,-50,30.90625
08.08.2026,02:19:30,97203,0,-0.476069,-0.79,-0.01,-24.5,-8.5625,215.6875,0.02883,0,0,48.03628,0,0,1000,-50,27.6875
08.08.2026,02:19:30,97309,0,-0.086996,-0.77,0.04,-22.9375,-9.1875,216.1875,-0.032458,0,0,48.03304,0,0,1000,-50,24.3125
08.08.2026,02:19:30,97415,0,-0.005953,-0.72,-0.15,-20.9375,-9,216.8125,-0.055326,0,0,48.0275,0,0,1000,-50,16.40625
08.08.2026,02:19:30,97521,0,-0.314173,-0.23,-0.18,-19.9375,-9.8125,216.8125,-0.08159,0,0,48.01934,0,0,1000,-50,14.34375
08.08.2026,02:19:30,97627,0,-0.26155,-0.31,-0.27,-19.5625,-9.9375,216.9375,-0.118426,0,0,48.0075,0,0,1000,-50,13.375
08.08.2026,02:19:30,97733,0,-0.122969,-0.16,-0.11,-19.375,-9.4375,216.75,-0.148415,0,0,47.99266,0,0,1000,-50,13.125
08.08.2026,02:19:30,97839,0,-0.217805,-0.22,-0.19,-19.1875,-9.375,216.3125,-0.160586,0,0,47.9766,0,0,1000,-50,12.75
08.08.2026,02:19:30,97945,0,-0.112032,-0.2,-0.22,-18.9375,-9.5,215.875,-0.179542,0,0,47.95864,0,0,1000,-50,12
08.08.2026,02:19:30,98051,0,-0.076019,-0.23,-0.08,-18.625,-9.25,215.375,-0.186967,0,0,47.93995,0,0,1000,-50,10.71875
08.08.2026,02:19:30,98157,0,-0.210051,-0.46,-0.04,-18.4375,-9.1875,215,-0.185599,0,0,47.92139,0,0,1000,-50,10.5
08.08.2026,02:19:30,98263,0,-0.253936,-0.06,0.1,-18.1875,-9.4375,215.25,-0.190163,0,0,47.90237,0,0,1000,-50,9.25
08.08.2026,02:19:30,98369,0,-0.117402,-0.17,-0.01,-18.1875,-10.9375,215.9375,-0.203189,0,0,47.88206,0,0,1000,-50,9.71875
08.08.2026,02:19:30,98475,0,-0.160863,-0.06,0.07,-18.1875,-14.8125,216.5625,-0.203334,0,0,47.86172,0,0,1000,-50,9.5625
08.08.2026,02:19:30,98581,0,0.08576,-0.18,-0.73,-17.5625,-17.8125,217.4375,-0.205981,0,0,47.84113,0,0,1000,-50,6.75
08.08.2026,02:19:30,98687,0,-0.217895,-0.26,-0.1,-15.4375,-21.125,218.625,-0.197286,0,0,47.8214,0,0,1000,-50,3.5625
08.08.2026,02:19:30,98793,0,-0.071738,-0.08,-0.19,-14.125,-21.125,219.625,-0.191474,0,0,47.80225,0,0,1000,-50,-1.5
08.08.2026,02:19:30,98899,0,0.214757,-0.09,-0.17,-13.4375,-20.3125,221.375,-0.201978,0,0,47.78205,0,0,1000,-50,-4.3125
08.08.2026,02:19:30,99005,0,-0.059336,-0.07,0.16,-13.3125,-20.5,223.4375,-0.176988,0,0,47.74598,0,0,1000,-50,-5.25
08.08.2026,02:19:30,99111,0,0.116355,0.11,-0.23,-13.8125,-21,225.25,-0.163182,0,0,47.72966,0,0,1000,-50,-3.5625
08.08.2026,02:19:30,99217,0,-0.063267,-0.03,-0.12,-14,-22.0625,227,-0.159553,0,0,47.71371,0,0,1000,-50,-3
08.08.2026,02:19:30,99323,0,-0.008309,0.4,0.08,-13.9375,-21.9375,227.0625,-0.154186,0,0,47.69829,0,0,1000,-50,-3.1875
08.08.2026,02:19:30,99429,0,-0.323183,-0.11,0.09,-13.6875,-22.0625,226.9375,-0.159405,0,0,47.68235,0,0,1000,-50,-3.75
08.08.2026,02:19:30,99535,0,0.082226,-0.03,0.15,-13.8125,-21.25,226.3125,-0.168204,0,0,47.66553,0,0,1000,-50,-3.25
08.08.2026,02:19:30,99641,0,-0.362404,-0.23,0.48,-15.125,-21.4375,226,-0.167001,0,0,47.64883,0,0,1000,-50,0.15625
08.08.2026,02:19:30,99747,0,-0.596399,-0.52,-0.34,-17.1875,-20.875,225.9375,-0.186718,0,0,47.63015,0,0,1000,-50,6.0625
08.08.2026,02:19:30,99853,0,-0.229144,-0.28,-0.02,-19.0625,-15.125,225.75,-0.225609,0,0,47.60759,0,0,1000,-50,13.4375
08.08.2026,02:19:30,99959,0,-0.371459,0.18,0.49,-20.75,-9.25,225.5,-0.238989,0,0,47.58369,0,0,1000,-50,18.65625
08.08.2026,02:19:30,100065,0,0.306384,0.3,-0.19,-22.875,-4.1875,225.75,-0.243912,0,0,47.5593,0,0,1000,-50,25.8125
08.08.2026,02:19:30,100171,0,-0.116858,-0.03,-0.34,-25.6875,-0.9375,227.125,-0.210143,0,0,47.53829,0,0,1000,-50,29.4375
08.08.2026,02:19:30,100277,0,-0.191326,-0.55,-0.98,-27.3125,1.0625,230.0625,-0.17203,0,0,47.52108,0,0,1000,-50,35.4375
08.08.2026,02:19:30,100383,0,-0.305619,-1.03,-1.5,-27.5,3.8125,234.625,-0.177493,0,0,47.50333,0,0,1000,-50,37.5
08.08.2026,02:19:30,100489,0,-0.539813,-1,-1,-26.4375,4.375,241.0625,-0.180538,0,0,47.48528,0,0,1000,-50,33.375
08.08.2026,02:19:30,100595,0,0.016696,-0.58,-0.57,-26.0625,4.375,248.5,-0.202404,0,0,47.46504,0,0,1000,-50,33.03125
08.08.2026,02:19:30,100701,0,0.26276,-0.12,-0.11,-25.125,2.375,257.6875,-0.178058,0,0,47.42838,0,0,1000,-50,30.34375
08.08.2026,02:19:30,100807,0,1.558485,0.09,0.14,-24.3125,2.3125,264.1875,-0.112111,0,0,47.41716,0,0,1000,-18.40625,27.3125
08.08.2026,02:19:30,100913,0,-0.407909,-0.25,0.64,-23.625,1.9375,270.5625,0.03216,0,0,47.42038,0,0,1000,8.5,25.5625
08.08.2026,02:19:30,101019,0,2.191056,-0.79,-1.96,-24.1875,9.875,274.4375,-0.042879,0,0,47.41609,0,0,1000,20.09375,28.65625
08.08.2026,02:19:30,101125,0,0.114367,0.46,-2.01,-25.8125,8.0625,277.9375,0.250892,0,0,47.44118,0,0,1000,28.75,34.1875
08.08.2026,02:19:30,101231,0,-2.903533,0.18,2.56,-23,-4.0625,279.625,0.245698,0,0,47.46575,0,0,1000,37,26.8125
08.08.2026,02:19:30,101337,0,0.476934,-1.35,-0.44,-21.75,2.1875,280.625,-0.01453,0,0,47.4643,0,0,1000,41.25,19.6875
08.08.2026,02:19:30,101443,0,3.465175,0.06,-1.86,-25,14,281.5625,0.054683,0,0,47.46976,0,0,1000,46.40625,27
08.08.2026,02:19:30,101549,0,-1.334048,-0.74,0.86,-25.375,8.875,282.1875,0.286804,0,0,47.49844,0,0,1000,48.75,30.34375
08.08.2026,02:19:30,101655,0,0.441671,-2.47,-2.57,-25.5625,15.4375,285.0625,0.133155,0,0,47.51176,0,0,1000,50,29.0625
08.08.2026,02:19:30,101761,0,1.568743,-0.51,-1.27,-28.4375,19.3125,287.5,0.091055,0,0,47.52087,0,0,1000,50,39.375
08.08.2026,02:19:30,101867,0,0.159968,-1.35,-0.99,-26.4375,11.25,289.8125,0.272851,0,0,47.54815,0,0,1000,50,36.75
08.08.2026,02:19:30,101973,0,0.372193,-0.64,-0.1,-24.3125,5.875,293,0.241787,0,0,47.57233,0,0,1000,50,26.53125
08.08.2026,02:19:30,102079,0,1.184842,-0.16,0.07,-23.125,4.5625,297.25,0.228593,0,0,47.59519,0,0,1000,50,24.0625
08.08.2026,02:19:30,102185,0,-2.263877,-0.24,0.55,-23.4375,3.125,303.75,0.271148,0,0,47.6223,0,0,1000,50,25.28125
08.08.2026,02:19:30,102291,0,0.511402,-0.91,-0.07,-23.9375,9,308.875,0.146811,0,0,47.63699,0,0,1000,50,26.25
08.08.2026,02:19:30,102397,0,-0.750551,-0.9,-0.62,-24.25,8.9375,312.5,0.060735,0,0,47.64306,0,0,1000,50,28.0625
08.08.2026,02:19:30,102503,0,-1.042192,-1.11,0.26,-24.6875,10.6875,314.5,-0.064987,0,0,47.64166,0,0,1000,50,29.6875
08.08.2026,02:19:30,102609,0,-0.59391,-1.84,-0.29,-27,13.75,314.625,-0.192569,0,0,47.62241,0,0,1000,50,33.5625
08.08.2026,02:19:30,102715,0,1.032335,-1.01,-0.06,-28.625,12.6875,314,-0.194194,0,0,47.60299,0,0,1000,50,39.75
08.08.2026,02:19:30,102821,0,-0.10407,-0.82,0.37,-28.25,9.3125,313.9375,-0.111811,0,0,47.5918,0,0,1000,50,40
08.08.2026,02:19:30,102927,0,-0.84941,-1.39,1.08,-26.4375,9.25,314.375,-0.144906,0,0,47.57731,0,0,1000,50,32.75
08.08.2026,02:19:30,103033,0,0.926093,-1.09,-0.61,-24.5625,10.5,313.875,-0.171116,0,0,47.5602,0,0,1000,50,27.4375
08.08.2026,02:19:30,103139,0,-1.030604,-0.07,-0.68,-23.375,9.0625,312.375,-0.102715,0,0,47.54993,0,0,1000,50,25.59375
08.08.2026,02:19:30,103245,0,-0.56722,-0.82,0.66,-22.75,7.8125,312.5,-0.105257,0,0,47.5394,0,0,1000,50,23.6875
08.08.2026,02:19:30,103351,0,0.776436,-0.25,1.61,-22.5625,6.875,312.3125,-0.113681,0,0,47.52803,0,0,1000,50,22.6875
08.08.2026,02:19:30,103457,0,1.199124,-0.18,-0.43,-22.3125,9.25,312.6875,-0.083609,0,0,47.51967,0,0,1000,50,21.78125
08.08.2026,02:19:30,103563,0,-0.101259,-0.65,-0.78,-22.0625,10.3125,312.6875,0.011931,0,0,47.52087,0,0,1000,50,21.1875
08.08.2026,02:19:30,103669,0,1.147738,-0.42,-2.8,-24.0625,14.3125,313.8125,0.031187,0,0,47.52399,0,0,1000,50,26.3125
08.08.2026,02:19:30,103775,0,0.75467,-0.18,-2.23,-25.3125,12.25,314.4375,0.095413,0,0,47.53353,0,0,1000,50,30.75
08.08.2026,02:19:30,103881,0,0.789099,-0.47,0.03,-24.9375,9.75,314.9375,0.173239,0,0,47.55085,0,0,1000,50,30.375
08.08.2026,02:19:30,103987,0,-0.657264,-0.02,0.97,-24.125,8.8125,317.25,0.197866,0,0,47.57064,0,0,1000,50,28.6875
08.08.2026,02:19:30,104093,0,-0.613133,-0.79,1.52,-23.5,8.375,318.625,0.182507,0,0,47.58889,0,0,1000,50,25.34375
08.08.2026,02:19:30,104199,0,0.424853,-1.39,-2.38,-25.6875,14.25,321.375,0.062627,0,0,47.59515,0,0,1000,50,30.78125
08.08.2026,02:19:30,104305,0,0.10428,-0.85,-1.7,-28.625,15.5625,323,0.044104,0,0,47.60134,0,0,1000,50,40
08.08.2026,02:19:30,104411,0,0.752862,-0.81,-0.93,-28.5,11.6875,322.625,0.066952,0,0,47.60804,0,0,1000,50,39.71875
08.08.2026,02:19:30,104517,0,0.770709,-0.11,-0.79,-26.5,12.0625,322.3125,0.110302,0,0,47.61907,0,0,1000,50,32.9375
08.08.2026,02:19:30,104623,0,1.097162,0.06,0.7,-24.125,12,321.6875,0.157439,0,0,47.63481,0,0,1000,50,25.03125
08.08.2026,02:19:30,104729,0,-3.032912,-0.96,1.21,-22.5625,5.5,320.625,0.155843,0,0,47.65039,0,0,1000,50,23.4375
08.08.2026,02:19:30,104835,0,0.129646,-1.26,-0.3,-23.3125,8.125,320.75,-0.079563,0,0,47.64244,0,0,1000,50,26.1875
08.08.2026,02:19:30,104941,0,-0.337958,-1.08,-1.01,-24.3125,8.125,321.5,-0.074505,0,0,47.63499,0,0,1000,50,28.5625
08.08.2026,02:19:30,105047,0,-0.194641,-0.91,-0.94,-24.75,7.5,323.6875,-0.103144,0,0,47.62467,0,0,1000,50,29.25
08.08.2026,02:19:30,105153,0,-0.471182,-1.05,0.06,-24.5625,9.0625,327.8125,-0.107583,0,0,47.61391,0,0,1000,50,28.875
08.08.2026,02:19:30,105259,0,-1.097841,-0.59,1.04,-24.75,8.1875,331.875,-0.10388,0,0,47.60353,0,0,1000,50,29.0625
08.08.2026,02:19:30,105365,0,-1.472395,-0.43,0.54,-24.375,5.875,335.9375,-0.169356,0,0,47.58659,0,0,1000,50,28.875
08.08.2026,02:19:30,105471,0,-0.9327,-1.1,-0.64,-23.3125,5.25,339.375,-0.301509,0,0,47.55644,0,0,1000,50,24.3125
08.08.2026,02:19:30,105577,0,-0.660762,-1.01,-0.8,-23.0625,6.1875,341.3125,-0.371233,0,0,47.51931,0,0,1000,50,23.875
08.08.2026,02:19:30,105683,0,-0.828682,-1.35,0.57,-24.25,4,341.0625,-0.375661,0,0,47.48175,0,0,1000,50,27.40625
08.08.2026,02:19:30,105789,0,-0.995326,-1.64,0,-25.5,-0.1875,340.3125,-0.41533,0,0,47.44021,0,0,1000,50,31.3125
08.08.2026,02:19:30,105895,0,-0.199489,-1.62,-0.16,-26,-1.125,339.875,-0.492483,0,0,47.39096,0,0,1000,50,33.15625
08.08.2026,02:19:30,106001,0,-0.41515,-1.4,-0.45,-26.125,-4.5,339.75,-0.437691,0,0,47.3026,0,0,1000,50,33.375
08.08.2026,02:19:30,106107,0,-0.891075,-1.01,-0.22,-24.6875,-8,339.875,-0.436254,0,0,47.25898,0,0,1000,50,27.8125
08.08.2026,02:19:30,106213,0,-0.812752,-0.27,1.52,-22.9375,-11.25,339.9375,-0.444496,0,0,47.21453,0,0,1000,50,25.3125
08.08.2026,02:19:30,106319,0,0.580885,-0.63,0.85,-20.75,-10.6875,340.25,-0.42409,0,0,47.17212,0,0,1000,50,19.875
08.08.2026,02:19:30,106425,0,1.10118,-0.77,-0.11,-19.75,-11.1875,340.625,-0.320165,0,0,47.1401,0,0,1000,50,14.625
08.08.2026,02:19:30,106531,0,-0.061963,-0.31,1.5,-20.3125,-15.25,340.875,-0.21321,0,0,47.11878,0,0,1000,50,16.71875
08.08.2026,02:19:30,106637,0,-0.876547,-0.56,0.29,-21.6875,-22.25,340.125,-0.168446,0,0,47.10194,0,0,1000,50,19.9375
08.08.2026,02:19:30,106743,0,-0.650162,-1.33,-0.44,-22.5625,-27.3125,340.0625,-0.198549,0,0,47.08208,0,0,1000,50,22.375
08.08.2026,02:19:30,106849,0,-0.162616,-1.23,-1.23,-24.4375,-29.5,341,-0.234662,0,0,47.05861,0,0,1000,50,29.875
08.08.2026,02:19:30,106955,0,-0.135562,-1.41,-1,-24.75,-33.4375,342.6875,-0.219359,0,0,47.03668,0,0,1000,50,29.09375
08.08.2026,02:19:30,107061,0,-0.519411,-1.59,-0.09,-24.0625,-35.9375,344.5625,-0.191266,0,0,47.01755,0,0,1000,50,26.71875
08.08.2026,02:19:30,107167,0,0.627264,-0.68,-0.12,-25.3125,-34.5625,348.1875,-0.207599,0,0,46.99679,0,0,1000,50,28.875
08.08.2026,02:19:30,107273,0,0.65206,0.21,0.3,-26.75,-34.125,350.0625,-0.149135,0,0,46.98188,0,0,1000,50,34.125
08.08.2026,02:19:30,107379,0,-0.305793,-0.25,0.47,-26.75,-34.75,350.8125,-0.066774,0,0,46.9752,0,0,1000,50,35.8125
08.08.2026,02:19:30,107485,0,0.425673,-0.33,-0.03,-25.5,-33.875,350.3125,-0.04558,0,0,46.97065,0,0,1000,50,32.8125
08.08.2026,02:19:30,107591,0,0.88611,-0.22,0.52,-24.875,-33.5625,349.125,-0.013587,0,0,46.96929,0,0,1000,50,29.625
08.08.2026,02:19:30,107697,0,0.054058,-0.19,-0.27,-25.4375,-35.8125,347.1875,0.063817,0,0,46.97567,0,0,1000,50,31.125
08.08.2026,02:19:30,107803,0,0.011143,-0.52,-0.09,-24.3125,-35.875,344.8125,0.102364,0,0,46.99497,0,0,1000,50,29.8125
08.08.2026,02:19:30,107909,0,0.797852,-0.58,-0.34,-22.6875,-33.625,342.125,0.122046,0,0,47.00717,0,0,1000,50,24.5625
08.08.2026,02:19:30,108015,0,0.623927,-0.61,0.4,-21.1875,-31.25,338.5,0.192221,0,0,47.02639,0,0,1000,50,17.3125
08.08.2026,02:19:30,108121,0,-0.230159,0.26,0.42,-18.5625,-31.25,332.125,0.245827,0,0,47.05098,0,0,1000,50,10.65625
08.08.2026,02:19:30,108227,0,-1.136595,0.15,-0.19,-16.6875,-33.0625,327.25,0.200137,0,0,47.07099,0,0,1000,50,5.34375
08.08.2026,02:19:30,108333,0,0.009882,0.44,0.28,-15.1875,-32.375,323.5625,0.109564,0,0,47.08194,0,0,1000,50,-0.21875
08.08.2026,02:19:30,108439,0,0.12684,0.01,-0.07,-15,-28.4375,322.3125,0.094573,0,0,47.0914,0,0,1000,50,0.3125
08.08.2026,02:19:30,108545,0,1.193976,0.65,0.1,-15.3125,-24.875,319.375,0.089075,0,0,47.10031,0,0,1000,50,0.9375
08.08.2026,02:19:30,108651,0,0.128886,0.05,-0.04,-14.9375,-25,313.3125,0.158298,0,0,47.11614,0,0,1000,50,0
08.08.2026,02:19:30,108757,0,0.194281,-0.86,-0.05,-15.1875,-22.3125,308.6875,0.143177,0,0,47.13046,0,0,1000,50,0.1875
08.08.2026,02:19:30,108863,0,0.319407,-0.87,0.44,-15.625,-20.4375,302.1875,0.151585,0,0,47.14561,0,0,1000,50,1.5
08.08.2026,02:19:30,108969,0,-0.005558,-0.45,-0.18,-15.375,-20.5,294.0625,0.154408,0,0,47.16106,0,0,1000,50,0.96875
08.08.2026,02:19:30,109075,0,-0.429956,-0.33,-0.39,-14.9375,-20.4375,285.1875,0.136743,0,0,47.17473,0,0,1000,50,-0.5
08.08.2026,02:19:30,109181,0,-0.473314,-0.21,-0.31,-14.4375,-19.3125,273.75,0.104447,0,0,47.18518,0,0,1000,16.5,-1.46875
08.08.2026,02:19:30,109287,0,-0.644926,0,-0.25,-14.125,-18.8125,265.875,0.05013,0,0,47.19019,0,0,1000,-22.125,-2.78125
08.08.2026,02:19:30,109393,0,-0.764387,0.01,-0.11,-14,-19.875,258.75,-0.016768,0,0,47.18851,0,0,1000,-50,-3
08.08.2026,02:19:30,109499,0,1.437873,0.18,1.27,-14.5625,-21.25,252.125,-0.070291,0,0,47.18148,0,0,1000,-50,-0.6875
08.08.2026,02:19:30,109605,0,-0.86271,0.39,0.27,-17,-29.0625,241.625,0.085878,0,0,47.18329,0,0,1000,-50,6.03125
08.08.2026,02:19:30,109711,0,1.276986,-0.64,-2.24,-17.25,-27.5625,235.75,0.009468,0,0,47.18424,0,0,1000,-50,6.9375
08.08.2026,02:19:30,109817,0,-0.875976,0.4,0.16,-17.3125,-25.875,233.5625,0.092096,0,0,47.19345,0,0,1000,-50,6.9375
08.08.2026,02:19:30,109923,0,0.240913,0.95,-0.86,-17.0625,-25.9375,234.25,0.096769,0,0,47.20313,0,0,1000,-50,6.375
08.08.2026,02:19:30,110029,0,0.018772,-0.62,0.84,-16.625,-29.1875,237.125,0.066572,0,0,47.20978,0,0,1000,-50,5.4375
08.08.2026,02:19:30,110135,0,2.055811,-1.28,0.55,-18.5625,-26.125,243.125,0.092078,0,0,47.21899,0,0,1000,-50,8.0625
08.08.2026,02:19:30,110241,0,-1.311971,-0.81,0.95,-20.3125,-32,247.1875,0.241995,0,0,47.24319,0,0,1000,-50,14.0625
08.08.2026,02:19:30,110347,0,-0.066834,-1.25,-0.35,-20.1875,-33.125,250.8125,0.151225,0,0,47.25831,0,0,1000,-50,16.5
08.08.2026,02:19:30,110453,0,0.849465,-1.52,-0.47,-19.0625,-27.9375,254.875,0.115091,0,0,47.26982,0,0,1000,-50,11.40625
08.08.2026,02:19:30,110559,0,-0.086065,-0.95,0.45,-18.0625,-25.8125,257.8125,0.171986,0,0,47.28702,0,0,1000,-46.875,8.25
08.08.2026,02:19:30,110665,0,-0.370463,-0.49,0.15,-15.5,-24,260.125,0.136742,0,0,47.3007,0,0,1000,-41.25,1.625
08.08.2026,02:19:30,110771,0,-0.273666,-0.2,0.04,-14.75,-24.6875,260.875,0.099602,0,0,47.31066,0,0,1000,-37,-0.5625
08.08.2026,02:19:30,110877,0,0.124802,0.32,0.89,-15.1875,-26.125,260.4375,0.047644,0,0,47.31542,0,0,1000,-39.03125,1.1875
08.08.2026,02:19:30,110983,0,0.303529,0.08,-0.44,-15.9375,-25.3125,259.6875,0.039612,0,0,47.31938,0,0,1000,-41.875,3.4375
08.08.2026,02:19:30,111089,0,1.631613,0.08,-0.08,-16.9375,-25,258.8125,0.059576,0,0,47.32534,0,0,1000,-44.75,5.8125
08.08.2026,02:19:30,111195,0,0.516463,0.57,-0.26,-17.875,-24.6875,258.125,0.160154,0,0,47.34135,0,0,1000,-47.5,8.25
08.08.2026,02:19:30,111301,0,0.600698,0.35,-0.7,-17.5625,-21.5,258.75,0.199666,0,0,47.37925,0,0,1000,-46.25,8.25
08.08.2026,02:19:30,111407,0,0.354277,0.53,0.06,-16.5625,-21.5,260,0.203782,0,0,47.39963,0,0,1000,-38.90625,3.90625
08.08.2026,02:19:30,111513,0,0.197724,0.03,0.5,-16.3125,-21.75,262.6875,0.197602,0,0,47.41939,0,0,1000,-25.96875,3.625
08.08.2026,02:19:30,111619,0,-0.40863,-1.14,-1.21,-16.3125,-22.0625,266.9375,0.223786,0,0,47.44176,0,0,1000,-7.875,4.09375
08.08.2026,02:19:30,111725,0,-0.398407,-1.9,0.34,-16.8125,-18.5625,272.6875,0.08024,0,0,47.44979,0,0,1000,14.8125,5
08.08.2026,02:19:30,111831,0,-1.319396,-1.89,0.61,-17.625,-17.375,275.125,0.030774,0,0,47.45287,0,0,1000,22.21875,8.65625
08.08.2026,02:19:30,111937,0,-1.15674,-1.84,-0.26,-18.5,-17.4375,276.5,-0.08261,0,0,47.4446,0,0,1000,26.625,11.125
08.08.2026,02:19:30,112043,0,0.108667,-0.66,0.8,-19.3125,-16.25,276.5,-0.168133,0,0,47.42779,0,0,1000,26,13.40625
08.08.2026,02:19:30,112149,0,1.221839,0.13,0.93,-18.4375,-15.5,275.625,-0.098667,0,0,47.41792,0,0,1000,23.25,10.65625
08.08.2026,02:19:30,112255,0,1.181247,0.36,0.14,-17,-15.8125,275.5625,0.018423,0,0,47.41977,0,0,1000,22.25,7.125
08.08.2026,02:19:30,112361,0,0.89713,1.1,-0.36,-16.0625,-16,276.375,0.128017,0,0,47.43257,0,0,1000,26.75,4.125
08.08.2026,02:19:30,112467,0,0.631121,0.82,-0.06,-17.5625,-14.5,279.4375,0.186884,0,0,47.45126,0,0,1000,41.5,5.625
08.08.2026,02:19:30,112573,0,0.524018,-0.25,-0.37,-17.8125,-14.3125,283.1875,0.220877,0,0,47.47334,0,0,1000,50,8.59375
08.08.2026,02:19:30,112679,0,0.746128,-1.01,0.02,-18.0625,-14.3125,288.875,0.245362,0,0,47.49788,0,0,1000,50,9.34375
08.08.2026,02:19:30,112785,0,-0.061088,-1.38,0.13,-18.125,-14.4375,292.75,0.224396,0,0,47.52032,0,0,1000,50,9.34375
08.08.2026,02:19:30,112891,0,-0.288741,-1.44,-0.19,-18.5,-14.6875,295.75,0.237979,0,0,47.54411,0,0,1000,50,10.65625
08.08.2026,02:19:30,112997,0,-1.224683,-1.63,-0.07,-18.6875,-14.5625,298.125,0.184776,0,0,47.56259,0,0,1000,50,11.21875
08.08.2026,02:19:30,113103,0,-0.796165,-1.43,-0.21,-19.1875,-14.5,299.3125,-0.03531,0,0,47.56367,0,0,1000,50,13.03125
08.08.2026,02:19:30,113209,0,-0.701327,-1.51,-0.1,-18.875,-17.5,298.4375,-0.115156,0,0,47.55215,0,0,1000,50,11.25
08.08.2026,02:19:30,113315,0,1.302425,-0.69,-0.34,-17.5625,-18.25,296.5,-0.116665,0,0,47.54049,0,0,1000,50,9
08.08.2026,02:19:30,113421,0,0.402773,0.13,0.32,-15.5625,-19.6875,295,-0.010823,0,0,47.53941,0,0,1000,50,3.375
08.08.2026,02:19:30,113527,0,0.132447,0.86,0.5,-14.125,-18.5625,294.5625,0.010135,0,0,47.54042,0,0,1000,50,-3.40625
08.08.2026,02:19:30,113633,0,1.132177,0.69,0.47,-13.375,-15.5625,295.6875,0.008391,0,0,47.54126,0,0,1000,50,-4.5
08.08.2026,02:19:30,113739,0,0.51987,0.1,0.33,-14.0625,-16.6875,296.3125,0.071761,0,0,47.54844,0,0,1000,50,-4.125
08.08.2026,02:19:30,113845,0,0.53652,-0.2,-0.21,-16.125,-17.125,296.625,0.104175,0,0,47.55885,0,0,1000,50,1.5
08.08.2026,02:19:30,113951,0,0.832431,-0.06,-0.7,-17.75,-17.3125,295.625,0.127142,0,0,47.57157,0,0,1000,50,9.5
08.08.2026,02:19:30,114057,0,0.796788,0.15,-0.07,-18.125,-18.3125,293.25,0.175488,0,0,47.58912,0,0,1000,50,9.375
08.08.2026,02:19:30,114163,0,0.329859,0.42,0.06,-18.75,-17.4375,288.875,0.215462,0,0,47.61066,0,0,1000,50,11.125
08.08.2026,02:19:30,114269,0,0.142316,0.16,-0.06,-19.625,-17.6875,284.625,0.234572,0,0,47.63412,0,0,1000,50,14.09375
08.08.2026,02:19:30,114375,0,0.845322,-0.05,-0.16,-19.8125,-17.125,279.25,0.217506,0,0,47.65587,0,0,1000,32.625,14.4375
08.08.2026,02:19:30,114481,0,-1.961295,-1.07,0.57,-19.4375,-17.625,271.875,0.205757,0,0,47.67645,0,0,1000,7.5,13
08.08.2026,02:19:30,114587,0,-1.185019,-0.91,1.72,-19.125,-16.9375,262.5,0.115827,0,0,47.68803,0,0,1000,-30,12.53125
08.08.2026,02:19:30,114693,0,-2.50379,-0.65,0.54,-21.25,-20.3125,248.4375,-0.038231,0,0,47.6842,0,0,1000,-50,17.25
08.08.2026,02:19:30,114799,0,0.309269,-0.31,-2.27,-21,-19.6875,238.25,-0.095109,0,0,47.67469,0,0,1000,-50,18.75
08.08.2026,02:19:30,114905,0,-0.633191,-0.13,-1.4,-19.9375,-21.625,230.125,-0.175578,0,0,47.63369,0,0,1000,-50,15.75
08.08.2026,02:19:30,115011,0,-0.857545,0.04,-0.39,-19.3125,-22.0625,221.875,-0.250659,0,0,47.60862,0,0,1000,-50,12.625
08.08.2026,02:19:30,115117,0,0.760516,0.34,0.95,-19.0625,-18.3125,213.25,-0.240477,0,0,47.58457,0,0,1000,-50,12.1875
08.08.2026,02:19:30,115223,0,0.71102,-0.37,0.16,-20.8125,-19.375,202.25,-0.086181,0,0,47.57595,0,0,1000,-50,17.28125
08.08.2026,02:19:30,115329,0,-0.226981,-0.25,-0.31,-21.0625,-23.125,193.0625,-0.06217,0,0,47.56974,0,0,1000,-50,17.25
08.08.2026,02:19:30,115435,0,-0.344725,-0.51,-2.24,-18.375,-23,184.0625,-0.070166,0,0,47.56272,0,0,1000,-50,7.15625
08.08.2026,02:19:30,115541,0,-1.520042,0.51,-0.45,-15.5,-23.625,178.125,-0.145598,0,0,47.54816,0,0,1000,-50,-0.84375
08.08.2026,02:19:30,115647,0,-1.56236,0.88,1.73,-13.3125,-19.6875,175.8125,-0.238894,0,0,47.52427,0,0,1000,-50,-4.3125
08.08.2026,02:19:30,115753,0,1.247519,-0.72,1.02,-13.875,-17.5625,177.5625,-0.30724,0,0,47.49355,0,0,1000,-50,-4.3125
08.08.2026,02:19:30,115859,0,0.454964,-0.75,0.76,-15.5625,-19.625,179.6875,-0.231515,0,0,47.4704,0,0,1000,-50,0.1875
08.08.2026,02:19:30,115965,0,0.439706,-1.32,-1.43,-16.8125,-19.1875,181.1875,-0.147441,0,0,47.45565,0,0,1000,-50,4.6875
08.08.2026,02:19:30,116071,0,-0.036636,-0.93,-2.07,-17.3125,-18.125,181.0625,-0.11378,0,0,47.44427,0,0,1000,-50,6.9375
08.08.2026,02:19:30,116177,0,-0.393397,-0.17,0.26,-16.875,-15.75,178.75,-0.100702,0,0,47.4342,0,0,1000,-50,6
08.08.2026,02:19:30,116283,0,-1.38863,1.01,2.64,-16.4375,-14.125,174.8125,-0.148264,0,0,47.41938,0,0,1000,-50,4.875
08.08.2026,02:19:30,116389,0,1.928765,0.05,0.08,-16,-13.875,170.5625,-0.229949,0,0,47.39638,0,0,1000,-50,3
08.08.2026,02:19:30,116495,0,0.242413,0.54,0.26,-17.0625,-19.125,165.375,-0.11345,0,0,47.38504,0,0,1000,-50,7.125
08.08.2026,02:19:30,116601,0,0.17417,0.02,-2.3,-17.125,-18.6875,162.625,-0.027658,0,0,47.3768,0,0,1000,-50,6.21875
08.08.2026,02:19:30,116707,0,0.555283,0.46,-1.86,-17.25,-20.9375,161.6875,-0.006933,0,0,47.37611,0,0,1000,-50,7.21875
08.08.2026,02:19:30,116813,0,-1.742515,0.33,0.76,-16.6875,-27.875,160.6875,-0.068485,0,0,47.36926,0,0,1000,-50,6
08.08.2026,02:19:30,116919,0,0.327485,-1.71,1.2,-15.5,-26.75,160.8125,-0.207962,0,0,47.34846,0,0,1000,-50,0.71875
08.08.2026,02:19:30,117025,0,-0.165827,-2.2,2.04,-16.0625,-26.1875,162.125,-0.121403,0,0,47.33632,0,0,1000,-50,3.96875
08.08.2026,02:19:30,117131,0,1.26231,-1.54,-2.02,-17.125,-24.125,166,-0.131643,0,0,47.32316,0,0,1000,-50,5.625
08.08.2026,02:19:30,117237,0,-0.406737,-1.23,-1.2,-17.625,-25.25,168.8125,-0.02964,0,0,47.32019,0,0,1000,-50,7.5
08.08.2026,02:19:30,117343,0,0.524894,-1.23,-0.1,-17.9375,-23.6875,171.6875,-0.050739,0,0,47.31512,0,0,1000,-50,8.625
08.08.2026,02:19:30,117449,0,-2.653693,0.04,1.16,-19.1875,-23.8125,172,-0.043934,0,0,47.31073,0,0,1000,-50,13.96875
08.08.2026,02:19:30,117555,0,3.372107,-0.18,0.48,-19.75,-21.1875,169.875,-0.180338,0,0,47.29269,0,0,1000,-50,13.9375
08.08.2026,02:19:30,117661,0,-0.33971,-0.38,0,-18.125,-23.5625,167.75,0.056485,0,0,47.29834,0,0,1000,-50,9.65625
08.08.2026,02:19:30,117767,0,0.399945,-1.26,-2.57,-16.6875,-20.4375,169,0.010718,0,0,47.29942,0,0,1000,-50,3.96875
08.08.2026,02:19:30,117873,0,-0.781078,-1.01,-1.05,-16,-22.3125,171.4375,0.031827,0,0,47.3026,0,0,1000,-50,2.53125
08.08.2026,02:19:30,117979,0,-1.490255,-0.52,0.51,-15.0625,-23.1875,175.3125,-0.025587,0,0,47.30004,0,0,1000,-50,-0.59375
08.08.2026,02:19:30,118085,0,-0.126333,-0.69,1.48,-14.625,-19.375,181.3125,-0.121985,0,0,47.28784,0,0,1000,-50,-1.4375
08.08.2026,02:19:30,118191,0,0.969277,-0.54,2.49,-13.5,-19.5,190.4375,-0.174459,0,0,47.27039,0,0,1000,-50,-3.5625
08.08.2026,02:19:30,118297,0,1.080315,-1.55,-0.98,-13.8125,-20.0625,198.8125,-0.032261,0,0,47.26717,0,0,1000,-50,-4.6875
08.08.2026,02:19:30,118403,0,0.078841,-0.96,-2.37,-16.0625,-17.3125,205.625,0.099641,0,0,47.28171,0,0,1000,-50,0.375
08.08.2026,02:19:30,118509,0,-0.194363,-0.8,-0.76,-17.6875,-14.0625,208.75,0.092064,0,0,47.29092,0,0,1000,-50,6.375
08.08.2026,02:19:30,118615,0,-1.29996,0.7,2.38,-19.9375,-12.5,205.875,0.081977,0,0,47.29911,0,0,1000,-50,14.5
08.08.2026,02:19:30,118721,0,2.658921,0.15,-0.02,-19.875,-9.6875,201.625,0.034808,0,0,47.30259,0,0,1000,-50,15.03125
08.08.2026,02:19:30,118827,0,0.16308,-0.35,0.96,-18.5625,-12.75,196.3125,0.181645,0,0,47.32076,0,0,1000,-50,11.4375
08.08.2026,02:19:30,118933,0,0.446674,-1.04,-2.44,-16.0625,-12.375,191.375,0.199218,0,0,47.34068,0,0,1000,-50,1.15625
08.08.2026,02:19:30,119039,0,-0.918586,-0.39,-1.77,-13.25,-15.0625,187.875,0.163574,0,0,47.35704,0,0,1000,-50,-7.4375
08.08.2026,02:19:30,119145,0,-1.760536,-0.23,1.36,-11.0625,-18.125,187.25,0.060627,0,0,47.3631,0,0,1000,-50,-13.21875
08.08.2026,02:19:30,119251,0,1.641273,-0.44,1.27,-12.4375,-16.9375,190.125,-0.056268,0,0,47.35747,0,0,1000,-50,-9.5625
08.08.2026,02:19:30,119357,0,0.980871,-1.32,1.95,-13.875,-17.6875,194.5625,0.012523,0,0,47.35872,0,0,1000,-50,-1.65625
08.08.2026,02:19:30,119463,0,1.087889,-1.62,-1.27,-15.3125,-14.8125,199.8125,0.092735,0,0,47.368,0,0,1000,-50,2.03125
08.08.2026,02:19:30,119569,0,0.002229,-0.84,-2.37,-17.0625,-12.75,204.25,0.176004,0,0,47.3856,0,0,1000,-50,6.1875
08.08.2026,02:19:30,119675,0,-0.443071,-0.07,0.12,-18.625,-13.875,205.375,0.164816,0,0,47.40208,0,0,1000,-50,10.3125
08.08.2026,02:19:30,119781,0,-0.196102,0.58,2.54,-18.3125,-13.5,202.1875,0.094263,0,0,47.41151,0,0,1000,-50,10.6875
08.08.2026,02:19:30,119887,0,2.493111,-0.52,0.67,-16.625,-13.3125,197.625,0.024467,0,0,47.41395,0,0,1000,-50,3.46875
08.08.2026,02:19:30,119993,0,0.635675,-0.12,0.03,-15.0625,-14.875,192.3125,0.231221,0,0,47.43707,0,0,1000,-50,-1.21875
08.08.2026,02:19:30,120099,0,-0.292383,-0.33,-2.53,-12.25,-12.3125,186.9375,0.250599,0,0,47.46213,0,0,1000,-50,-7.34375
08.08.2026,02:19:30,120205,0,-0.380463,0.17,-1.15,-10.4375,-13.625,184.875,0.177799,0,0,47.50504,0,0,1000,-50,-13.21875
08.08.2026,02:19:30,120311,0,-2.146181,-0.32,2.57,-10.125,-15.4375,186.25,0.081919,0,0,47.51323,0,0,1000,-50,-14.46875
08.08.2026,02:19:30,120417,0,3.141185,-1.33,0.45,-11.4375,-12.625,191.1875,0.03254,0,0,47.51648,0,0,1000,-50,-9.59375
08.08.2026,02:19:30,120523,0,-0.049861,-1.35,1.99,-13.1875,-15.375,196.5625,0.115131,0,0,47.528,0,0,1000,-50,-4.1875
08.08.2026,02:19:30,120629,0,1.179647,-0.84,-2.44,-15.6875,-11.25,203.9375,0.211117,0,0,47.54911,0,0,1000,-50,2.21875
08.08.2026,02:19:30,120735,0,-0.638563,-0.71,-1.7,-17.4375,-11.5625,207.0625,0.255322,0,0,47.57464,0,0,1000,-50,6.1875
08.08.2026,02:19:30,120841,0,0.326231,-0.55,0.64,-17.9375,-10.1875,206.6875,0.161896,0,0,47.59083,0,0,1000,-50,8.4375
08.08.2026,02:19:30,120947,0,0.461525,0.33,1.92,-17.6875,-9.375,202.75,0.146333,0,0,47.60546,0,0,1000,-50,8.8125
08.08.2026,02:19:30,121053,0,1.2252,-0.06,0.83,-15.75,-9.5625,196.6875,0.196692,0,0,47.62513,0,0,1000,-50,0.53125
08.08.2026,02:19:30,121159,0,0.94657,-0.47,-1.68,-12.8125,-11.25,188.4375,0.268371,0,0,47.65197,0,0,1000,-50,-6.21875
08.08.2026,02:19:30,121265,0,-0.872071,-0.58,-1.94,-10.875,-12.5,184.0625,0.268739,0,0,47.67884,0,0,1000,-50,-12.46875
08.08.2026,02:19:30,121371,0,-0.918483,0.37,-1.13,-10.125,-13.4375,182,0.199397,0,0,47.69878,0,0,1000,-50,-14.9375
08.08.2026,02:19:30,121477,0,-1.350687,-0.26,2.1,-10.125,-11.875,183.875,0.068529,0,0,47.70563,0,0,1000,-50,-14.46875
08.08.2026,02:19:30,121583,0,3.070954,-1.14,0.42,-10.625,-7.75,187.6875,-0.051042,0,0,47.70053,0,0,1000,-50,-12.34375
08.08.2026,02:19:30,121689,0,-0.032373,-0.54,-0.06,-13,-12,191.25,0.103468,0,0,47.71087,0,0,1000,-50,-9
08.08.2026,02:19:30,121795,0,0.473071,-0.92,-2.34,-15.6875,-11,192.9375,0.14168,0,0,47.72504,0,0,1000,-50,-0.75
08.08.2026,02:19:30,121901,0,0.328803,-0.31,-1.14,-18.125,-10.9375,192.625,0.145001,0,0,47.75281,0,0,1000,-50,7.875
08.08.2026,02:19:30,122007,0,0.48414,-0.53,0.02,-18.125,-10.625,191.125,0.129446,0,0,47.76575,0,0,1000,-50,8.75
08.08.2026,02:19:30,122113,0,0.909978,-0.23,0.77,-16.5,-7.9375,188.125,0.080989,0,0,47.77385,0,0,1000,-50,3.09375
08.08.2026,02:19:30,122219,0,0.052493,0.68,0.97,-14.75,-9.1875,182.8125,0.151751,0,0,47.78903,0,0,1000,-50,-0.1875
08.08.2026,02:19:30,122325,0,1.807274,1.18,-0.39,-14,-7.6875,180.0625,0.162325,0,0,47.80526,0,0,1000,-50,-1.875
08.08.2026,02:19:30,122431,0,0.208965,0.59,0.17,-12.8125,-9.4375,180,0.258357,0,0,47.8311,0,0,1000,-50,-7.5
08.08.2026,02:19:30,122537,0,2.590044,0.89,-0.24,-12.5625,-9.6875,181.4375,0.277445,0,0,47.85884,0,0,1000,-50,-7.46875
08.08.2026,02:19:30,122643,0,2.076842,0.34,0.44,-11.6875,-13.6875,183.6875,0.41054,0,0,47.89989,0,0,1000,-50,-9.4375
08.08.2026,02:19:30,122749,0,0.480897,-0.52,0.67,-10.75,-17.5625,183.75,0.495863,0,0,47.94948,0,0,1000,-50,-13.34375
08.08.2026,02:19:30,122855,0,0.825849,-0.87,-0.46,-10.9375,-17.875,182.875,0.467939,0,0,47.99628,0,0,1000,-50,-12.03125
08.08.2026,02:19:30,122961,0,0.571531,-1.05,-0.72,-10.4375,-17.8125,180.625,0.445242,0,0,48.0408,0,0,1000,-50,-13.21875
08.08.2026,02:19:30,123067,0,0.278085,-1.12,-0.89,-11.6875,-16.875,178.5,0.418165,0,0,48.08262,0,0,1000,-50,-8.6875
08.08.2026,02:19:30,123173,0,-0.64346,-0.51,-0.93,-12.25,-14.1875,175.75,0.359008,0,0,48.11852,0,0,1000,-50,-7.875
08.08.2026,02:19:30,123279,0,-1.192253,-0.32,-0.46,-11.6875,-13.5,173.9375,0.273434,0,0,48.14586,0,0,1000,-50,-9.1875
08.08.2026,02:19:30,123385,0,-0.796249,0.14,0.33,-11.25,-12.3125,173.625,0.124259,0,0,48.15829,0,0,1000,-50,-11.0625
08.08.2026,02:19:30,123491,0,0.264532,-0.11,1.45,-10.6875,-10.1875,174.8125,-0.024274,0,0,48.15586,0,0,1000,-50,-13.5625
08.08.2026,02:19:30,123597,0,-0.533534,-0.71,0.47,-10.375,-11.75,176.875,-0.060136,0,0,48.14985,0,0,1000,-50,-13.5625
08.08.2026,02:19:30,123703,0,0.627304,-0.43,-0.51,-11.5625,-10.875,179.75,-0.036467,0,0,48.14359,0,0,1000,-50,-9.9375
08.08.2026,02:19:30,123809,0,-0.741523,-0.48,-0.8,-11.5625,-10.5625,182.5,-0.036786,0,0,48.13992,0,0,1000,-50,-10.625
08.08.2026,02:19:30,123915,0,-0.92034,-0.65,-0.52,-10.9375,-10.125,185.75,-0.151903,0,0,48.12473,0,0,1000,-50,-12.65625
08.08.2026,02:19:30,124021,0,-0.795455,-0.29,0.25,-10.8125,-10,189.5,-0.230561,0,0,48.10167,0,0,1000,-50,-12.71875
08.08.2026,02:19:30,124127,0,1.301314,-0.97,1.12,-10.75,-10.625,197.8125,-0.290918,0,0,48.07258,0,0,1000,-50,-13.125
08.08.2026,02:19:30,124233,0,-0.62259,-1.2,0.57,-11.875,-14,204.9375,-0.189595,0,0,48.05362,0,0,1000,-50,-10.875
08.08.2026,02:19:30,124339,0,0.794378,-1.88,-1.2,-13.9375,-14.6875,214,-0.216665,0,0,48.03195,0,0,1000,-50,-5.4375
08.08.2026,02:19:30,124445,0,-0.050336,-1.29,-1.38,-17,-12.9375,222.5,-0.164374,0,0,48.01551,0,0,1000,-50,3.1875
08.08.2026,02:19:30,124551,0,-0.115028,-1.3,-1.03,-17.6875,-12.25,229.0625,-0.165072,0,0,47.99901,0,0,1000,-50,6.65625
08.08.2026,02:19:30,124657,0,-0.349402,-0.43,1.71,-18.125,-11.75,233.8125,-0.174953,0,0,47.98151,0,0,1000,-50,8.8125
08.08.2026,02:19:30,124763,0,2.23616,-0.19,0.04,-19,-8.375,236.6875,-0.172957,0,0,47.96422,0,0,1000,-50,10.875
08.08.2026,02:19:30,124869,0,0.796233,-0.46,0.41,-19.5625,-7.9375,239.625,-0.002298,0,0,47.96399,0,0,1000,-50,13.5
08.08.2026,02:19:30,124975,0,0.165966,-1.15,-1.49,-19.5,-6.5625,244.625,0.008321,0,0,47.96482,0,0,1000,-50,13.34375
08.08.2026,02:19:30,125081,0,-0.36577,-0.9,-0.09,-19.125,-9.25,251.5625,0.053966,0,0,47.97022,0,0,1000,-50,11.75
08.08.2026,02:19:30,125187,0,0.774958,-2.07,0.5,-17.875,-9.875,264.9375,-0.022619,0,0,47.96796,0,0,1000,-34.25,8.375
08.08.2026,02:19:30,125293,0,-1.926664,-2.91,0.79,-17.875,-7.75,277.125,0.050426,0,0,47.973,0,0,1000,14,8.4375
08.08.2026,02:19:30,125399,0,-0.474798,-1.93,-0.7,-18.3125,-4.3125,287.75,-0.058023,0,0,47.9672,0,0,1000,50,10.5625
08.08.2026,02:19:30,125505,0,-0.989514,-1.84,-0.85,-18.5625,-6.875,295.625,-0.227575,0,0,47.92801,0,0,1000,50,10.6875
08.08.2026,02:19:30,125611,0,0.047203,-1.18,-0.11,-17.375,-7.3125,303.25,-0.292286,0,0,47.89878,0,0,1000,50,6.9375
08.08.2026,02:19:30,125717,0,1.046136,-0.52,0.25,-17.9375,-5.5625,306.3125,-0.277799,0,0,47.871,0,0,1000,50,8.0625
08.08.2026,02:19:30,125823,0,-1.688134,0.12,1.26,-18.75,-5.3125,308.625,-0.178199,0,0,47.85318,0,0,1000,50,10.6875
08.08.2026,02:19:30,125929,0,1.299419,-1.03,-0.45,-17.875,-2.75,312.0625,-0.234869,0,0,47.8297,0,0,1000,50,7.53125
08.08.2026,02:19:30,126035,0,-0.316056,-0.88,-0.56,-16.8125,-3.1875,317,-0.140722,0,0,47.81562,0,0,1000,50,4.8125
08.08.2026,02:19:30,126141,0,0.998935,-0.41,-0.2,-15.9375,-3.875,325.375,-0.155205,0,0,47.8001,0,0,1000,50,2.5625
08.08.2026,02:19:30,126247,0,0.231417,-0.56,0.5,-15.375,-5.4375,333.625,-0.077192,0,0,47.79238,0,0,1000,50,0.34375
08.08.2026,02:19:30,126353,0,-0.197203,-1.44,0.11,-14.6875,-5.5,341.625,-0.04291,0,0,47.78809,0,0,1000,50,-1.40625
08.08.2026,02:19:30,126459,0,-1.555065,-1.96,0.17,-14.0625,-3.6875,347.375,-0.066468,0,0,47.78144,0,0,1000,50,-3.4375
08.08.2026,02:19:30,126565,0,-0.689017,-1.92,-0.14,-11.875,-1.75,350.75,-0.188084,0,0,47.76263,0,0,1000,50,-11.09375
08.08.2026,02:19:30,126671,0,-0.071334,-0.99,-1.19,-10.125,-4.25,351.6875,-0.238935,0,0,47.73874,0,0,1000,50,-14.4375
08.08.2026,02:19:30,126777,0,1.016534,-0.67,-0.72,-10.8125,-5.9375,351.25,-0.244653,0,0,47.71428,0,0,1000,50,-13.3125
08.08.2026,02:19:30,126883,0,-1.057674,-0.17,1.03,-11.875,-6.375,351,-0.180117,0,0,47.69626,0,0,1000,50,-10.3125
08.08.2026,02:19:30,126989,0,-1.09305,-0.45,0.4,-11.9375,-4.875,350.875,-0.143792,0,0,47.68188,0,0,1000,50,-8.8125
08.08.2026,02:19:30,127095,0,0.26432,-0.66,-0.4,-11.6875,-3.75,349.75,-0.229208,0,0,47.65896,0,0,1000,50,-9.75
08.08.2026,02:19:30,127201,0,-0.815788,-0.28,-1.23,-11.375,-5.4375,348.5,-0.282,0,0,47.6,0,0,1000,50,-10.46875
08.08.2026,02:19:30,127307,0,-0.33672,-0.23,-1.22,-10.6875,-6.9375,348.6875,-0.326237,0,0,47.56738,0,0,1000,50,-12.65625
08.08.2026,02:19:30,127413,0,0.003771,-0.2,0.02,-10.1875,-6.1875,350.25,-0.30452,0,0,47.53693,0,0,1000,50,-14.90625
08.08.2026,02:19:30,127519,0,0.983563,-0.43,0.68,-9.1875,-2.8125,350.5625,-0.278637,0,0,47.50906,0,0,1000,50,-18.21875
08.08.2026,02:19:30,127625,0,-0.710125,-1.25,-0.51,-9,-1.375,346,-0.22861,0,0,47.4862,0,0,1000,50,-18
08.08.2026,02:19:30,127731,0,-1.450844,-1.82,-1.09,-9.5,-3.1875,340.6875,-0.28862,0,0,47.45734,0,0,1000,50,-17.25
08.08.2026,02:19:30,127837,0,1.44036,-1.05,-1.38,-10.875,-2.75,334.8125,-0.348419,0,0,47.4225,0,0,1000,50,-14.25
08.08.2026,02:19:30,127943,0,-0.292709,-0.33,0.93,-12.375,-4.0625,328.125,-0.215521,0,0,47.40094,0,0,1000,50,-6.625
08.08.2026,02:19:30,128049,0,0.153936,0.68,0.13,-13.75,-0.9375,320.8125,-0.206647,0,0,47.38028,0,0,1000,50,-2.96875
08.08.2026,02:19:30,128155,0,0.319753,-0.52,0.01,-13.875,1.8125,312.4375,-0.180899,0,0,47.36219,0,0,1000,50,-3.1875
08.08.2026,02:19:30,128261,0,-0.5251,-0.9,-1.03,-13.4375,0.8125,303,-0.160074,0,0,47.34618,0,0,1000,50,-4.125
08.08.2026,02:19:30,128367,0,-0.569937,-0.06,-1.23,-12.5625,-0.4375,289.9375,-0.160538,0,0,47.33013,0,0,1000,50,-8.09375
08.08.2026,02:19:30,128473,0,-0.103216,0.38,0.03,-10.75,0.4375,276.0625,-0.209024,0,0,47.30923,0,0,1000,10.34375,-14.78125
08.08.2026,02:19:30,128579,0,0.932889,-0.03,0.61,-8.875,2.5625,263,-0.189826,0,0,47.29025,0,0,1000,-40.65625,-19.9375
08.08.2026,02:19:30,128685,0,-0.614113,-0.51,1.85,-9.875,1.875,247.375,-0.093231,0,0,47.28093,0,0,1000,-50,-16.5
08.08.2026,02:19:30,128791,0,1.576832,-1.65,-0.86,-11.375,4.3125,238.125,-0.029383,0,0,47.27799,0,0,1000,-50,-9.625
08.08.2026,02:19:30,128897,0,-1.004106,-1.53,-1.18,-13.25,1.4375,227.5,0.029166,0,0,47.28091,0,0,1000,-50,-3.84375
08.08.2026,02:19:30,129003,0,-0.39547,-0.98,-1.28,-14.6875,-0.5625,216.125,-0.014875,0,0,47.28366,0,0,1000,-50,-0.15625
08.08.2026,02:19:30,129109,0,-0.114992,-0.58,0.94,-15.125,-2.4375,205.4375,-0.038329,0,0,47.27983,0,0,1000,-50,0.53125
08.08.2026,02:19:30,129215,0,1.26862,-0.24,0.37,-16.375,-1.3125,194.625,-0.073989,0,0,47.27243,0,0,1000,-50,2.8125
08.08.2026,02:19:30,129321,0,0.018362,0.9,-1.04,-17.25,-3.25,187.625,0.008028,0,0,47.27323,0,0,1000,-50,6.375
08.08.2026,02:19:30,129427,0,-1.191776,0.02,-3.69,-14.875,-4.625,183.1875,0.004273,0,0,47.27365,0,0,1000,-50,3.375
08.08.2026,02:19:30,129533,0,-1.067216,-0.24,-1.38,-12.0625,-4.625,181.375,-0.141785,0,0,47.25948,0,0,1000,-50,-11
08.08.2026,02:19:30,129639,0,-1.721087,0.38,3.05,-10.375,-3,183.4375,-0.190587,0,0,47.24042,0,0,1000,-50,-13.75
08.08.2026,02:19:30,129745,0,2.416159,0,0.28,-9.1875,-0.875,187.75,-0.225354,0,0,47.21788,0,0,1000,-50,-17.25
08.08.2026,02:19:30,129851,0,0.677182,-0.48,0.74,-8.8125,-2,193,-0.031807,0,0,47.2147,0,0,1000,-50,-18.25
08.08.2026,02:19:30,129957,0,0.455531,-0.28,-2.91,-10.3125,0,198.75,0.051351,0,0,47.21983,0,0,1000,-50,-12.5
08.08.2026,02:19:30,130063,0,-1.527275,0.07,-1.25,-12.9375,-1.625,202.125,0.087263,0,0,47.22856,0,0,1000,-50,-3.53125
08.08.2026,02:19:30,130169,0,0.043977,0.46,1.35,-17.6875,-2.1875,200.375,-0.038941,0,0,47.22467,0,0,1000,-50,3
08.08.2026,02:19:30,130275,0,3.214375,0.07,-1.31,-19.625,-2.1875,197.4375,-0.012372,0,0,47.22343,0,0,1000,-50,12.9375
08.08.2026,02:19:30,130381,0,0.151539,-0.1,0.47,-19.125,-6.25,193.6875,0.08819,0,0,47.23225,0,0,1000,-50,13.875
08.08.2026,02:19:30,130487,0,0.537533,-0.99,-2.83,-16.1875,-5.8125,190.625,0.124555,0,0,47.24471,0,0,1000,-50,1.0625
08.08.2026,02:19:30,130593,0,-1.598646,-0.22,-1.5,-13.125,-9,188.625,0.192162,0,0,47.26392,0,0,1000,-50,-7.8125
08.08.2026,02:19:30,130699,0,-1.130426,0.21,1.23,-10.375,-9.3125,189.875,0.05536,0,0,47.26945,0,0,1000,-50,-12.5625
08.08.2026,02:19:30,130805,0,2.740041,-0.73,1.21,-8.875,-7.375,194,-0.020165,0,0,47.26598,0,0,1000,-50,-16.6875