Log_Date,Log_Time,Time,Depth,Ax,Ay,Az,pitch,roll,yaw,velocityx,velocityy,velocityz,distancex,distancey,distancez,rpm,rudderangle,sternangle
08.08.2026,02:35:31,7632,0,0,0,0,0,0,0,0,0,0,0,0,0,1000,-50,-40
08.08.2026,02:35:31,7738,0,0,0,0,0,0,0,0,0,0,0,0,0,1000,-50,-40
08.08.2026,02:35:31,7844,0,0,0,0,0,0,0,0,0,0,0,0,0,1000,-50,-40
08.08.2026,02:35:31,7950,0,0,0,0,0,0,0,0,0,0,0,0,0,1000,-50,-40
08.08.2026,02:35:31,8056,0,0,0,0,0,0,0,0,0,0,0,0,0,1000,-50,-40
08.08.2026,02:35:31,8162,0,0,0,0,0,0,0,0,0,0,0,0,0,1000,-50,-40
08.08.2026,02:35:31,8268,0,0,0,0,0,0,0,0,0,0,0,0,0,1000,-50,-40
08.08.2026,02:35:31,8374,0,0,0,0,0,0,0,0,0,0,0,0,0,1000,-50,-40
08.08.2026,02:35:31,8480,0,0,0,0,0,0,0,0,0,0,0,0,0,1000,-50,-40
08.08.2026,02:35:31,8586,0,0,0,0,-7,0,90,0,0,0,0,0,0,1000,-50,-40
08.08.2026,02:35:31,8692,0,-0.02,-0.09,-0.37,-7.3125,-0.0625,89.75,0,0,0,0,0,0,1000,-50,-22.75
08.08.2026,02:35:31,8798,0,-0.009372,-0.06,-0.36,-20.1875,-5.0625,89.5625,-0.019933,0,0,-0.001993,0,0,1000,-50,15.71875
08.08.2026,02:35:31,8904,0,0.10129,0,-0.42,-20.5,-4.8125,89.375,-0.014051,0,0,-0.005499,0,0,1000,-50,16.46875
08.08.2026,02:35:31,9010,0,0.011732,-0.05,-0.35,-20.625,-5,89.25,-0.006661,0,0,-0.006165,0,0,1000,-50,17.03125
08.08.2026,02:35:31,9116,0,0.081941,-0.08,-0.35,-20.8125,-4.75,89.25,-0.002256,0,0,-0.006391,0,0,1000,-50,17.59375
08.08.2026,02:35:31,9222,0,0.042012,0,-0.37,-20.875,-4.75,89.3125,0.00633,0,0,-0.005758,0,0,1000,-50,17.625
08.08.2026,02:35:31,9328,0,0.071462,0.01,-0.39,-20.8125,-4.75,89.3125,0.011181,0,0,-0.00464,0,0,1000,-50,17.625
08.08.2026,02:35:31,9434,0,0.060914,-0.09,-0.36,-20.6875,-4.8125,89.25,0.017458,0,0,-0.002894,0,0,1000,-50,17.25
08.08.2026,02:35:31,9540,0,0.080225,-0.1,-0.41,-20.5,-4.75,89.25,0.021975,0,0,-0.000697,0,0,1000,-50,16.6875
08.08.2026,02:35:31,9646,0,0.06943,-0.05,-0.39,-20.4375,-4.8125,89.3125,0.025366,0,0,0.00184,0,0,1025,-50,16.3125
08.08.2026,02:35:31,9752,0,0.058596,-0.02,-0.43,-20.4375,-4.8125,89.3125,0.026618,0,0,0.004502,0,0,1055,-50,16.3125
08.08.2026,02:35:31,9858,0,-0.001567,-0.07,-0.34,-20.375,-4.9375,89.3125,0.031908,0,0,0.007693,0,0,1080,-50,15.96875
08.08.2026,02:35:31,9964,0,0.038295,-0.06,-0.28,-20.3125,-5.125,89.375,0.036561,0,0,0.011349,0,0,1105,-50,15.9375
08.08.2026,02:35:31,10070,0,0.108029,-0.04,-0.23,-20.375,-5.1875,89.4375,0.045593,0,0,0.015908,0,0,1135,-50,16.28125
08.08.2026,02:35:31,10176,0,0.167823,0.02,-0.29,-20.5,-5.1875,89.4375,0.053152,0,0,0.021223,0,0,1160,-50,16.65625
08.08.2026,02:35:31,10282,0,-0.07243,-0.04,-0.15,-20.625,-5.25,270,0.062847,0,0,0.027508,0,0,1185,0,17.03125
08.08.2026,02:35:31,10388,0,0.097727,-0.09,-0.41,-20.625,-5.3125,270,0.060295,0,0,0.033537,0,0,1215,0,16.875
08.08.2026,02:35:31,10494,0.001023,0.31765,0.05,-0.54,-20.5625,-5.25,270,0.066377,0,0,0.040175,0,0,1240,0,16.875
08.08.2026,02:35:31,10600,0,0.667622,-0.03,-0.96,-20.25,-4.875,270,0.097088,0,0,0.057112,0,0,1265,0,15.28125
08.08.2026,02:35:31,10707,0.011251,0.347058,-0.33,-1.35,-19.3125,-4.9375,269.9375,0.117113,0,0,0.068823,0,0,1290,-0.25,11.84375
08.08.2026,02:35:31,10813,0.024547,-0.114426,0.15,-0.61,-16.1875,-6.375,270.3125,0.116074,0,0,0.080431,0,0,1320,0.5,6.923904
08.08.2026,02:35:31,10919,0.050116,0.2782,-0.03,-0.01,-14.875,-5.3125,270.75,0.118511,0,0,0.092282,0,0,1345,2.5,3.60017
08.08.2026,02:35:31,11025,0.072618,0.068473,-0.24,-0.63,-14.4375,-5.25,270.9375,0.134708,0,0,0.105753,0,0,1370,3.75,0.371696
08.08.2026,02:35:31,11131,0.086937,-0.08019,-0.18,-0.4,-14.375,-5.75,270.9375,0.147763,0,0,0.120529,0,0,1400,3.75,0.579681
08.08.2026,02:35:31,11237,0.116597,-0.068014,-0.48,-0.72,-14.5,-5.3125,271,0.158311,0,0,0.13636,0,0,1425,4.15625,3.013309
08.08.2026,02:35:31,11343,0.139099,0.033812,-0.56,-0.84,-14.4375,-4.625,271.0625,0.175267,0,0,0.153887,0,0,1450,4,2.546829
08.08.2026,02:35:31,11449,0.168759,0.335174,-0.69,-0.34,-14.5,-5.125,270.9375,0.200726,0,0,0.17396,0,0,1480,3.59375,3.861122
08.08.2026,02:35:31,11555,0.20558,-0.194183,-0.56,0.09,-14.5625,-7.5,270.4375,0.237969,0,0,0.197756,0,0,1505,1.28125,5.011143
08.08.2026,02:35:31,11661,0.215808,-0.008912,-1.01,0.19,-14.75,-9.8125,270,0.24108,0,0,0.221864,0,0,1530,-0.3125,6.742447
08.08.2026,02:35:31,11767,0.254673,-0.114191,-0.96,0.34,-14.3125,-12.5625,269.5625,0.255809,0,0,0.247445,0,0,1555,-1.75,6.743675
08.08.2026,02:35:31,11873,0.28638,0.050597,-0.76,0.23,-14.125,-15.125,269.5625,0.277668,0,0,0.275212,0,0,1585,-1.75,7.783516
08.08.2026,02:35:31,11979,0.282289,0.086037,-0.56,0.36,-13.5625,-15.75,269.9375,0.302221,0,0,0.305434,0,0,1610,-0.75,4.285686
08.08.2026,02:35:31,12085,0.290471,0.261839,-0.48,0.14,-13.25,-15.4375,270.625,0.333081,0,0,0.338742,0,0,1635,3.28125,5.063065
08.08.2026,02:35:31,12191,0.292516,0.147885,-0.45,0.08,-13.125,-14.9375,271.5,0.372253,0,0,0.375968,0,0,1665,6.78125,2.656719
08.08.2026,02:35:31,12297,0.313995,0.503915,-0.42,0.06,-12.4375,-15.1875,273,0.423033,0,0,0.418271,0,0,1690,11.03125,2.378399
08.08.2026,02:35:31,12403,0.318086,-0.039281,-0.29,0.26,-11.9375,-16.3125,274,0.555875,0,0,0.521758,0,0,1715,16.78125,0.230644
08.08.2026,02:35:31,12509,0.319109,0.096672,-0.33,0.25,-11.5,-18.125,275.125,0.59707,0,0,0.581465,0,0,1745,21.28125,-1.883026
08.08.2026,02:35:31,12615,0.311949,-0.121919,-0.17,0.42,-11.25,-19.8125,276.3125,0.665017,0,0,0.647967,0,0,1750,26.1875,-2.477341
08.08.2026,02:35:31,12721,0.295585,0.867186,-0.03,0.11,-11.1875,-20.75,277.5,0.733784,0,0,0.721345,0,0,1750,30,-0.483475
08.08.2026,02:35:31,12827,0.315018,0.784053,0.18,0.03,-11.375,-20.9375,279,0.810185,0,0,0.802364,0,0,1750,34.75,-1.36367
08.08.2026,02:35:31,12933,0.330359,0.349861,-0.18,0.04,-11.5625,-20.5,280.0625,0.904013,0,0,0.892765,0,0,1750,38.75,-0.408516
08.08.2026,02:35:31,13039,0.327291,0.405297,0.07,0.2,-11.75,-20.125,280.9375,0.998836,0,0,0.992648,0,0,1750,42.75,-0.517654
08.08.2026,02:35:31,13145,0.321154,1.13018,0.33,-0.03,-12.0625,-19.75,281.75,1.09588,0,0,1.102236,0,0,1750,47.625,-0.00972
08.08.2026,02:35:31,13251,0.329337,0.686329,0.34,0.18,-12.4375,-19.8125,282.25,1.178879,0,0,1.220124,0,0,1750,49.3125,1.707329
08.08.2026,02:35:31,13357,0.308881,0.432905,0.29,-0.2,-12.9375,-20.625,282.5625,1.255408,0,0,1.345665,0,0,1750,50,2.857346
08.08.2026,02:35:31,13463,0.325245,0.32064,0.23,-0.31,-13.4375,-21.125,282.6875,1.319169,0,0,1.477582,0,0,1750,50,2.82317
08.08.2026,02:35:31,13569,0.329337,0.298564,0.54,-0.59,-14,-21.5625,282.8125,1.378886,0,0,1.615471,0,0,1750,50,8.883026
08.08.2026,02:35:31,13675,0.3232,0.665785,0.54,-0.42,-14.5,-21.75,282.875,1.442218,0,0,1.759692,0,0,1750,50,10.47224
08.08.2026,02:35:31,13781,0.351838,0.711971,0.61,-0.63,-15.375,-21.75,282.9375,1.511692,0,0,1.910862,0,0,1750,50,13.11716
08.08.2026,02:35:31,13887,0.407068,1.098313,0.52,-0.76,-16,-21.375,282.875,1.57662,0,0,2.068524,0,0,1750,50,15.1098
08.08.2026,02:35:31,13993,0.420364,0.173945,0.58,-0.43,-16.6875,-20.9375,282.75,1.644469,0,0,2.23297,0,0,1750,50,13.76643
08.08.2026,02:35:31,14099,0.456162,0.10695,0.59,-0.59,-17.3125,-20.625,282.625,1.731345,0,0,2.406105,0,0,1750,50,22.22639
08.08.2026,02:35:31,14205,0.391726,1.22007,0.67,-0.63,-17.75,-20.375,282.5,1.911259,0,0,2.778489,0,0,1750,50,16.54022
08.08.2026,02:35:31,14311,0.450025,0.591259,0.87,-0.55,-17.75,-20.25,282.1875,2.003337,0,0,2.978822,0,0,1750,49.25,24.60772
08.08.2026,02:35:31,14417,0.451048,0.241394,0.6,-0.01,-17.625,-19.8125,281.9375,2.094033,0,0,3.188226,0,0,1750,48.25,21.71667
08.08.2026,02:35:31,14523,0.480709,0.162621,0.79,-0.29,-17.4375,-19.125,281.6875,2.169416,0,0,3.405167,0,0,1750,46.59375,20.87802
08.08.2026,02:35:31,14629,0.550258,-0.007552,0.64,-0.43,-17.1875,-18.375,281.3125,2.251775,0,0,3.630345,0,0,1750,44.9375,20.43486
08.08.2026,02:35:31,14735,0.585033,0.855108,0.81,-0.51,-16.8125,-17.875,280.875,2.303838,0,0,3.860729,0,0,1750,43.1875,24.02605
08.08.2026,02:35:31,14841,0.665833,0.647145,0.83,-0.09,-16.5,-17.625,280.1875,2.357483,0,0,4.096477,0,0,1750,40.4375,26.04041
08.08.2026,02:35:31,14947,0.647423,-0.030626,0.67,0.04,-16.6875,-17.375,279.5625,2.405455,0,0,4.337023,0,0,1750,37.78125,20.25935
08.08.2026,02:35:31,15053,0.684243,-0.107125,0.9,0,-16.375,-17.1875,278.8125,2.438639,0,0,4.580887,0,0,1750,34.46875,26.3007
08.08.2026,02:35:31,15159,0.722086,-0.151783,0.77,-0.3,-15.875,-17,278,2.453088,0,0,4.826196,0,0,1750,31.21875,24.64445
08.08.2026,02:35:31,15265,0.725154,0.771323,0.86,-0.39,-15.375,-16.875,277.375,2.485898,0,0,5.074786,0,0,1750,29.5,23.14728
08.08.2026,02:35:31,15371,0.742542,0.522761,0.9,-0.38,-14.375,-16.5,276.5,2.530744,0,0,5.32786,0,0,1750,26.75,22.86952
08.08.2026,02:35:31,15477,0.773225,-0.204643,0.8,0.16,-13.75,-16.3125,275.8125,2.561774,0,0,5.584037,0,0,1750,24,17.61594
08.08.2026,02:35:31,15583,0.824364,-0.390242,0.8,0.16,-13.125,-16,275.125,2.57425,0,0,5.841462,0,0,1750,21.25,22.73678
08.08.2026,02:35:31,15689,0.834592,0.391829,0.97,-0.16,-12.4375,-15.8125,274.5625,2.606287,0,0,6.102091,0,0,1750,17.9375,16.11443
08.08.2026,02:35:31,15795,0.891868,0.440677,0.73,-0.29,-11.9375,-15.6875,274,2.664318,0,0,6.368523,0,0,1750,15.53125,16.79012
08.08.2026,02:35:31,15901,0.857093,0.621769,0.72,-0.18,-11.125,-15.5,273.3125,2.723,0,0,6.910573,0,0,1750,13.6875,10.22961
08.08.2026,02:35:31,16007,0.887777,0.413403,0.81,0.24,-10.6875,-15.5625,272.875,2.770706,0,0,7.187644,0,0,1750,11.1875,14.97885
08.08.2026,02:35:31,16113,0.864253,-0.447689,0.49,0.02,-10.25,-15.6875,272.5,2.834683,0,0,7.471112,0,0,1750,9.6875,13.60499
08.08.2026,02:35:31,16219,0.879595,0.628949,0.71,-0.56,-10,-16.0625,272.25,2.877175,0,0,7.758829,0,0,1750,8.84375,12.55382
08.08.2026,02:35:31,16325,0.893914,0.77402,0.81,-0.21,-9.5625,-16.75,272.0625,2.931444,0,0,8.051973,0,0,1750,8.5,6.114899
08.08.2026,02:35:31,16431,0.946076,0.851756,0.59,-0.18,-9.1875,-17.25,272.125,2.971155,0,0,8.349089,0,0,1750,8.25,12.26756
08.08.2026,02:35:31,16537,0.906187,0.045944,0.43,-0.1,-8.75,-17.5,272.1875,3.039325,0,0,8.653021,0,0,1750,8.5,6.417294
08.08.2026,02:35:31,16643,0.961417,0.464437,0.59,-0.15,-8.25,-17.375,272.375,3.062025,0,0,8.959224,0,0,1750,9.5,5.515671
08.08.2026,02:35:31,16749,0.92562,0.020026,0.74,-0.05,-7.9375,-17.25,272.5625,3.108948,0,0,9.270119,0,0,1750,10.25,2.832047
08.08.2026,02:35:31,16855,0.948121,0.217166,0.56,0.3,-7.625,-17.3125,272.9375,3.137223,0,0,9.583841,0,0,1750,11.25,3.161633
08.08.2026,02:35:31,16961,0.903119,0.75134,0.83,-0.24,-7.375,-17.625,273.1875,3.189783,0,0,9.90282,0,0,1750,12.90625,-0.319199
08.08.2026,02:35:31,17067,0.902096,0.805946,0.57,0.14,-7.25,-18.0625,273.4375,3.233196,0,0,10.22614,0,0,1750,13.90625,4.395866
08.08.2026,02:35:31,17173,0.926643,-0.049522,0.39,0.19,-7.25,-18.375,273.6875,3.272918,0,0,10.55343,0,0,1750,15.0625,4.766899
08.08.2026,02:35:31,17279,0.865276,-0.162412,0.71,0.4,-7.3125,-18.5,273.9375,3.28501,0,0,10.88193,0,0,1750,16.0625,4.432777
08.08.2026,02:35:31,17385,0.877549,-0.105951,0.54,-0.15,-7.5,-18.125,274.3125,3.301815,0,0,11.21211,0,0,1750,17.40625,1.033707
08.08.2026,02:35:31,17491,0.831524,0.077789,0.52,-0.3,-7.8125,-17.8125,274.625,3.34186,0,0,11.5463,0,0,1750,18.8125,4.06675
08.08.2026,02:35:31,17597,0.862207,1.011482,0.55,-0.5,-8.0625,-17.75,274.875,3.378176,0,0,11.88412,0,0,1750,19.8125,7.327129
08.08.2026,02:35:31,17703,0.883686,0.04601,0.5,-0.14,-8.4375,-17.75,275.0625,3.422824,0,0,12.5667,0,0,1750,20.40625,6.703175
08.08.2026,02:35:31,17809,0.805954,0.455042,0.57,-0.48,-8.875,-18.0625,275.375,3.445464,0,0,12.91124,0,0,1750,21.25,8.128777
08.08.2026,02:35:31,17915,0.84482,0.137211,0.63,-0.08,-9.125,-18.375,275.5625,3.484825,0,0,13.25972,0,0,1750,22,0.658981
08.08.2026,02:35:31,18021,0.813114,0.357648,0.73,-0.35,-9.4375,-18.625,275.6875,3.53585,0,0,13.61331,0,0,1750,22.75,5.616032
08.08.2026,02:35:31,18127,0.806977,0.579776,0.64,-0.58,-9.8125,-18.6875,275.875,3.565655,0,0,13.96988,0,0,1750,23.65625,3.252174
08.08.2026,02:35:31,18233,0.832547,0.663569,0.4,-0.05,-10.1875,-18.6875,275.9375,3.576779,0,0,14.32755,0,0,1750,23.75,10.26841
08.08.2026,02:35:31,18339,0.875504,0.953744,0.75,-0.41,-10.8125,-18.8125,276.3125,3.620044,0,0,14.68956,0,0,1750,24.90625,7.196564
08.08.2026,02:35:31,18445,0.791635,0.284575,0.56,-0.1,-11.25,-19,276.625,3.652354,0,0,15.05479,0,0,1750,26.8125,10.53418
08.08.2026,02:35:31,18551,0.81925,-0.326953,0.54,-0.11,-11.6875,-19.125,276.875,3.702736,0,0,15.42507,0,0,1750,27.65625,14.49226
08.08.2026,02:35:31,18657,0.811068,0.712636,0.74,-0.43,-12.125,-19.3125,277,3.73696,0,0,15.79876,0,0,1750,28,12.21478
08.08.2026,02:35:31,18763,0.828455,0.881837,0.62,-0.33,-12.5,-19.4375,277.1875,3.770752,0,0,16.17584,0,0,1750,28.75,17.7332
08.08.2026,02:35:31,18869,0.821296,1.04012,0.57,-0.02,-12.6875,-19.4375,277.5,3.809017,0,0,16.55674,0,0,1750,29.5,20.70779
08.08.2026,02:35:31,18975,0.837661,1.018742,0.56,-0.16,-12.75,-19.1875,277.75,3.839574,0,0,16.9407,0,0,1750,30.5,17.95025
08.08.2026,02:35:31,19081,0.87039,0.206687,0.67,-0.19,-12.8125,-19.1875,277.9375,3.872709,0,0,17.32797,0,0,1750,31.90625,18.29116
08.08.2026,02:35:31,19187,0.833569,0.47512,0.72,-0.36,-12.75,-19.5625,278.125,3.897281,0,0,17.7177,0,0,1750,32.65625,16.23537
08.08.2026,02:35:31,19293,0.961417,0.601857,0.65,0.12,-12.8125,-19.9375,278.3125,3.934529,0,0,18.11115,0,0,1750,33.40625,22.8937
08.08.2026,02:35:31,19399,0.914369,0.92147,0.39,-0.3,-12.625,-20.5625,278.5,3.940568,0,0,18.50521,0,0,1750,34,15.36603
08.08.2026,02:35:31,19505,0.902096,0.291678,0.36,-0.37,-12.6875,-20.3125,278.6875,3.947363,0,0,19.29398,0,0,1750,34.90625,16.26265
08.08.2026,02:35:31,19611,0.952212,0.03111,0.45,-0.24,-12.3125,-19.625,278.75,3.941496,0,0,19.68813,0,0,1750,35,21.07836
08.08.2026,02:35:31,19717,0.916415,0.071839,0.51,-0.16,-12,-18.625,278.75,3.926367,0,0,20.08076,0,0,1750,35,25.51331
08.08.2026,02:35:31,19823,0.935848,-0.1345,0.53,0.22,-11.5625,-17.4375,278.6875,3.912771,0,0,20.47204,0,0,1750,35,18.99141
08.08.2026,02:35:31,19929,0.903119,0.328237,0.68,-0.01,-11.125,-17.125,278.5625,3.892666,0,0,20.86131,0,0,1750,34.09375,24.76001
08.08.2026,02:35:31,20035,0.930734,0.171154,0.55,0.31,-10.625,-17.3125,278.3125,3.873381,0,0,21.24865,0,0,1750,32.9375,17.33809
08.08.2026,02:35:31,20141,0.912324,-0.264808,0.54,0.26,-10.0625,-17.75,278.0625,3.846108,0,0,21.63326,0,0,1750,31.9375,13.92948
08.08.2026,02:35:31,20247,0.912324,-0.419838,0.66,-0.21,-9.5625,-18.0625,277.75,3.813549,0,0,22.01461,0,0,1750,31,12.80618
08.08.2026,02:35:31,20353,0.938916,0.026813,0.55,0.03,-8.875,-18.125,277.375,3.769412,0,0,22.39156,0,0,1750,30,9.833366
08.08.2026,02:35:31,20459,0.936871,0.11108,0.75,-0.12,-8.375,-18,277,3.75262,0,0,22.76682,0,0,1750,28.75,9.407288
08.08.2026,02:35:31,20565,0.961417,0.135623,0.56,0.44,-8,-17.6875,276.75,3.735277,0,0,23.14034,0,0,1750,26.84375,6.376511
08.08.2026,02:35:31,20671,0.953235,-0.539084,0.39,0.23,-7.5625,-17.3125,276.375,3.713065,0,0,23.51165,0,0,1750,25.1875,11.61782
08.08.2026,02:35:31,20777,0.961417,0.174985,0.76,-0.05,-7.3125,-17.125,276.0625,3.704787,0,0,23.88213,0,0,1750,24.09375,1.604229
08.08.2026,02:35:31,20883,0.909255,-0.161871,0.48,-0.43,-7.125,-17.125,275.5625,3.706041,0,0,24.25274,0,0,1750,21.9375,6.782951
08.08.2026,02:35:31,20989,0.904142,0.932283,0.48,-0.28,-7,-17.4375,275.125,3.697809,0,0,24.62252,0,0,1750,20.1875,3.400963
08.08.2026,02:35:31,21095,0.894936,0.465722,0.73,0.02,-7,-17.8125,274.75,3.69716,0,0,24.99223,0,0,1750,18.53125,3.615181
08.08.2026,02:35:31,21201,0.899028,0.14007,0.57,-0.11,-7,-18.1875,274.4375,3.672194,0,0,25.72827,0,0,1750,17.75,-0.861786
08.08.2026,02:35:31,21307,0.797772,-0.039726,0.57,-0.2,-7.0625,-18.625,274.125,3.660225,0,0,26.09429,0,0,1750,16.75,0.212708
08.08.2026,02:35:31,21413,0.851979,-0.49408,0.64,0.07,-7.25,-18.75,273.9375,3.643543,0,0,26.45865,0,0,1750,15.75,4.45723
08.08.2026,02:35:31,21519,0.867321,0.131969,0.56,-0.03,-7.5,-18.625,273.8125,3.625073,0,0,26.82115,0,0,1750,15.25,4.801552
08.08.2026,02:35:31,21625,0.828455,-0.070458,0.38,-0.28,-7.8125,-18.125,273.75,3.594635,0,0,27.18062,0,0,1750,15,0.584213
08.08.2026,02:35:31,21731,0.812091,0.356979,0.38,-0.56,-8.1875,-17.5,273.6875,3.568931,0,0,27.53751,0,0,1750,14.75,4.301926
08.08.2026,02:35:31,21837,0.784476,0.084093,0.55,-0.24,-8.75,-17.125,273.5625,3.549139,0,0,27.89242,0,0,1750,14.25,5.602528
08.08.2026,02:35:31,21943,0.748678,-0.196541,0.23,-0.07,-9.25,-17.1875,273.4375,3.510756,0,0,28.2435,0,0,1750,14,5.629719
08.08.2026,02:35:31,22049,0.805954,-0.036731,0.59,-0.3,-9.5625,-17.4375,273.375,3.47256,0,0,28.59076,0,0,1750,13.34375,11.91918
08.08.2026,02:35:31,22155,0.749701,0.772627,0.85,-0.12,-10,-17.75,273.3125,3.442782,0,0,28.93503,0,0,1750,13.25,9.307022
08.08.2026,02:35:31,22261,0.808,-0.138503,0.74,-0.25,-10.375,-18.25,273.25,3.420774,0,0,29.27711,0,0,1750,13,9.941086
08.08.2026,02:35:31,22367,0.733337,0.239154,0.65,-0.68,-11,-19,273.1875,3.412378,0,0,29.61835,0,0,1750,12.75,10.69902
08.08.2026,02:35:31,22473,0.774248,-0.272858,0.51,-0.57,-11.375,-19.125,273.1875,3.401833,0,0,29.95853,0,0,1750,12.75,14.06731
08.08.2026,02:35:31,22579,0.733337,-0.064949,0.47,-0.67,-11.75,-18.9375,273.1875,3.39316,0,0,30.29785,0,0,1750,12.75,9.156723
08.08.2026,02:35:31,22685,0.694471,0.493893,0.44,-0.31,-12.125,-18.6875,273.1875,3.376798,0,0,30.63553,0,0,1750,12.75,13.69043
08.08.2026,02:35:31,22791,0.756861,0.252585,0.57,-0.62,-12.625,-18.5,273.125,3.363571,0,0,30.97188,0,0,1750,12.5,18.2128
08.08.2026,02:35:31,22897,0.752769,0.080388,0.32,-0.37,-13.0625,-18.375,273.0625,3.359981,0,0,31.30788,0,0,1750,12.25,14.02615
08.08.2026,02:35:31,23003,0.795726,-0.411926,0.65,-0.21,-13.3125,-18.375,273.0625,3.356749,0,0,31.97934,0,0,1750,12.25,14.29541
08.08.2026,02:35:31,23109,0.804931,0.485675,0.64,-0.48,-13.5625,-18.4375,273.0625,3.362258,0,0,32.31557,0,0,1750,12.25,13.3885
08.08.2026,02:35:31,23215,0.779362,0.772573,0.48,-0.42,-13.625,-18.75,273.125,3.373359,0,0,32.65291,0,0,1750,12.5,18.51945
08.08.2026,02:35:31,23321,0.813114,0.97256,0.68,-0.06,-13.4375,-19.375,273.25,3.406134,0,0,32.99352,0,0,1750,13.15625,21.51681
08.08.2026,02:35:31,23427,0.813114,0.648109,0.54,0.17,-13.25,-19.75,273.375,3.418821,0,0,33.3354,0,0,1750,13.65625,19.17466
08.08.2026,02:35:31,23533,0.84482,-0.187182,0.35,0.05,-13.0625,-19.9375,273.5625,3.437908,0,0,33.6792,0,0,1750,14.40625,16.89048
08.08.2026,02:35:31,23639,0.835615,0.169506,0.58,-0.23,-12.8125,-19.6875,273.875,3.436612,0,0,34.02286,0,0,1750,15.8125,15.86433
08.08.2026,02:35:31,23745,0.824364,0.625546,0.91,0.39,-12.5,-19.25,274.125,3.441457,0,0,34.367,0,0,1750,16.5,15.38708
08.08.2026,02:35:31,23851,0.831524,0.262869,0.4,-0.26,-12.0625,-18.75,274.5,3.433899,0,0,34.7104,0,0,1750,17.75,17.12189
08.08.2026,02:35:31,23957,0.834592,0.329907,0.43,-0.31,-11.75,-18.75,274.6875,3.429807,0,0,35.05338,0,0,1750,18.5,20.72215
08.08.2026,02:35:31,24063,0.842774,0.188938,0.46,-0.22,-11.4375,-19,274.875,3.407725,0,0,35.39415,0,0,1750,19,11.41145
08.08.2026,02:35:31,24169,0.889823,-0.14228,0.74,-0.04,-11.0625,-19.125,275.0625,3.390337,0,0,35.73318,0,0,1750,20.40625,16.90162
08.08.2026,02:35:31,24275,0.82641,-0.402626,0.65,0.35,-10.625,-19,275.3125,3.366768,0,0,36.06986,0,0,1750,21.15625,8.112537
08.08.2026,02:35:31,24381,0.910278,0.537489,0.63,0.05,-10.1875,-19.125,275.4375,3.34146,0,0,36.404,0,0,1750,21.65625,13.9493
08.08.2026,02:35:31,24487,0.840729,-0.402466,0.65,0.44,-9.75,-19.1875,275.5,3.319481,0,0,36.73595,0,0,1750,22,3.513596
08.08.2026,02:35:31,24593,0.873458,-0.590562,0.57,0.21,-9.4375,-19.0625,275.625,3.282641,0,0,37.06421,0,0,1750,22.5,5.644451
08.08.2026,02:35:31,24699,0.864253,-0.468508,0.45,0.13,-9.125,-18.6875,275.75,3.24827,0,0,37.38904,0,0,1750,23.15625,6.241127
08.08.2026,02:35:31,24805,0.871412,0.187828,0.49,-0.04,-8.6875,-18.125,275.9375,3.257978,0,0,38.04018,0,0,1750,23.75,7.32534
08.08.2026,02:35:31,24911,0.887777,0.255921,0.66,-0.2,-8.4375,-17.9375,276.0625,3.262799,0,0,38.36646,0,0,1750,24.25,7.750378
08.08.2026,02:35:31,25017,0.833569,0.654263,0.58,0.63,-8.1875,-18.1875,276.125,3.264814,0,0,38.69294,0,0,1750,24.5,3.28767
08.08.2026,02:35:31,25123,0.846866,0.082381,0.42,0.38,-7.9375,-18.5,276.1875,3.268689,0,0,39.01981,0,0,1750,24.75,7.290222
08.08.2026,02:35:31,25229,0.791635,0.549552,0.6,-0.08,-7.75,-18.9375,276.1875,3.280926,0,0,39.3479,0,0,1750,24.59375,-2.231873
08.08.2026,02:35:31,25335,0.796749,0.435451,0.31,-0.26,-7.75,-19.1875,276.25,3.30366,0,0,39.67827,0,0,1750,25,2.919563
08.08.2026,02:35:31,25441,0.830501,1.193684,0.69,-0.17,-8,-19.25,276.3125,3.30243,0,0,40.00851,0,0,1750,25.25,1.422871
08.08.2026,02:35:31,25547,0.772202,0.661379,0.19,-0.19,-8.25,-19.1875,276.375,3.306298,0,0,40.33914,0,0,1750,25.5,2.080818
08.08.2026,02:35:31,25653,0.806977,0.138235,0.25,-0.26,-8.625,-19.1875,276.4375,3.31753,0,0,40.67089,0,0,1750,25.90625,5.338272
08.08.2026,02:35:31,25759,0.706744,0.35756,0.41,-0.21,-8.875,-19.3125,276.5,3.304744,0,0,41.00137,0,0,1750,26.15625,0.099319
08.08.2026,02:35:31,25865,0.769134,-0.354633,0.25,0.03,-9.4375,-19.25,276.75,3.30734,0,0,41.3321,0,0,1750,27.15625,7.40134
08.08.2026,02:35:31,25971,0.732314,0.34489,0.28,-0.02,-9.875,-19.4375,276.9375,3.293789,0,0,41.66148,0,0,1750,27.90625,4.731209
08.08.2026,02:35:31,26077,0.774248,0.273055,0.36,-0.16,-10.375,-19.875,277.125,3.294216,0,0,41.99091,0,0,1750,28.65625,12.33724
08.08.2026,02:35:31,26183,0.737428,0.163034,0.24,0,-10.875,-20.1875,277.25,3.277825,0,0,42.31869,0,0,1750,29.15625,5.276524
08.08.2026,02:35:31,26289,0.704699,-0.214965,0.16,-0.1,-11.3125,-20,277.4375,3.244448,0,0,42.64313,0,0,1750,29.75,6.549847
08.08.2026,02:35:31,26395,0.766066,0.183992,0.38,-0.17,-11.9375,-19.5625,277.5625,3.242671,0,0,42.9674,0,0,1750,30.25,13.69562
08.08.2026,02:35:31,26501,0.684243,0.332522,0.54,-0.76,-12.375,-19.5625,277.625,3.249887,0,0,43.61689,0,0,1750,30.5,9.208935
08.08.2026,02:35:31,26607,0.685266,-0.039246,0.32,-0.52,-12.875,-19.75,277.75,3.240432,0,0,43.94093,0,0,1750,31.15625,13.69769
08.08.2026,02:35:31,26713,0.686288,-0.039519,0.26,-0.14,-13.25,-20.0625,277.875,3.208931,0,0,44.26183,0,0,1750,31.5,16.81713
08.08.2026,02:35:31,26819,0.70879,-0.30629,0.44,0.01,-13.5625,-20.375,278,3.19177,0,0,44.581,0,0,1750,32.15625,16.15569
08.08.2026,02:35:31,26925,0.663787,-0.327275,0.06,-0.09,-13.75,-20.5,278.1875,3.194826,0,0,44.90048,0,0,1750,32.90625,16.89945
08.08.2026,02:35:31,27031,0.717995,-0.359736,0.29,-0.14,-13.9375,-20.625,278.375,3.211229,0,0,45.2216,0,0,1750,33.65625,20.19619
08.08.2026,02:35:31,27137,0.706744,0.93201,0.38,-0.31,-14,-20.5625,278.5,3.187057,0,0,45.54031,0,0,1750,34.15625,17.86481
08.08.2026,02:35:31,27243,0.730268,0.84112,0.23,-0.09,-14,-20.3125,278.5,3.189715,0,0,45.85928,0,0,1750,34,21.79229
08.08.2026,02:35:31,27349,0.741519,0.480152,0.48,0.24,-13.75,-19.9375,278.5625,3.192834,0,0,46.17856,0,0,1750,34.25,17.82109
08.08.2026,02:35:31,27455,0.705721,0.11862,0.2,0.17,-13.6875,-19.625,278.5625,3.200839,0,0,46.49865,0,0,1750,34.25,19.68542
08.08.2026,02:35:31,27561,0.765043,0.088652,0.36,-0.14,-13.5,-19.5,278.5,3.193579,0,0,46.818,0,0,1680,33.84375,23.21063
08.08.2026,02:35:31,27667,0.722086,0.088556,1.36,-0.13,-13.375,-19,278.3125,3.167277,0,0,47.13473,0,0,1150,33.09375,17.98763
08.08.2026,02:35:31,27773,0.795726,-0.371838,1.77,-0.53,-13.25,-14.9375,278.1875,3.042309,0,0,47.43896,0,0,1000,32.75,18.80589
08.08.2026,02:35:31,27879,0.82641,0.067026,1.35,-0.45,-13,-5,278.0625,2.894836,0,0,47.72844,0,0,1000,32.5,21.00831
08.08.2026,02:35:31,27985,0.847888,0.275065,1.2,-0.74,-12.75,1.6875,277.75,2.770788,0,0,48.00552,0,0,1000,30.53125,19.18439
08.08.2026,02:35:31,28091,0.861185,-0.057659,1.17,-0.56,-12.625,4.625,277.0625,2.65479,0,0,48.271,0,0,1000,27.46875,19.26851
08.08.2026,02:35:31,28197,0.877549,-0.371,0.82,-0.58,-14.0625,4.375,275.6875,2.539918,0,0,48.52499,0,0,1000,21.5,26.35385
08.08.2026,02:35:31,28303,0.896982,-0.666698,0.71,-0.35,-13.3125,-1.0625,273.3125,2.197794,0,0,48.98361,0,0,1000,14.34375,23.19874
08.08.2026,02:35:31,28409,0.906187,-0.847627,0.67,-0.14,-12.75,-5.25,271.375,1.987224,0,0,49.18233,0,0,1000,7.75,22.04135
08.08.2026,02:35:31,28515,0.935848,-0.927627,0.58,-0.06,-12.6875,-7.3125,269.6875,1.762937,0,0,49.35863,0,0,1000,-2.34375,21.66805
08.08.2026,02:35:31,28621,0.91846,-0.786504,0.44,-0.11,-12.9375,-6.8125,268.375,1.541623,0,0,49.51279,0,0,1000,-7.75,21.8294
08.08.2026,02:35:31,28727,0.927666,-0.603009,0.36,-0.27,-12.9375,-4.5625,267.375,1.340364,0,0,49.64683,0,0,1000,-10.5,21.51974
08.08.2026,02:35:31,28833,0.911301,-0.438887,0.28,-0.41,-12.5625,-0.8125,266.1875,1.156938,0,0,49.76252,0,0,1000,-14.25,17.115
08.08.2026,02:35:31,28939,0.930734,-0.448305,0.23,-0.4,-12.5,0.625,265.1875,0.991213,0,0,49.86164,0,0,1000,-18,20.39133
08.08.2026,02:35:31,29045,0.919483,-0.545182,0.18,-0.34,-12.5,0.4375,263.9375,0.828668,0,0,49.94451,0,0,1000,-25.1875,19.31741
08.08.2026,02:35:31,29151,0.884709,-0.669176,0.16,-0.33,-12.4375,-1.125,262.6875,0.662367,0,0,50.01075,0,0,1000,-30.1875,19.00718
08.08.2026,02:35:31,29257,0.895959,-0.750031,0.14,-0.27,-12.4375,-3.125,261.4375,0.496319,0,0,50.06038,0,0,1000,-35.5,19.77427
08.08.2026,02:35:31,29363,0.886754,-0.737476,0.12,-0.26,-12.4375,-4.5625,260.125,0.329476,0,0,50.09333,0,0,1000,-40.4375,19.09583
08.08.2026,02:35:31,29469,0.873458,-0.68147,0.1,-0.27,-12.5625,-4.25,259.4375,0.171431,0,0,50.11047,0,0,1000,-42.875,18.33837
08.08.2026,02:35:31,29575,0.866298,-0.53218,0.09,-0.32,-12.75,-3.1875,259,0.029619,0,0,50.11343,0,0,1000,-44.3125,19.39521
08.08.2026,02:35:31,29681,0.868344,-0.499981,0.07,-0.39,-12.9375,-1.875,258.5625,-0.089264,0,0,50.1045,0,0,1000,-45.75,20.14181
08.08.2026,02:35:31,29787,0.864253,-0.445081,0.03,-0.43,-13.25,-1.1875,258.1875,-0.19407,0,0,50.0851,0,0,1000,-47.25,21.47819
08.08.2026,02:35:31,29893,0.841752,-0.447662,0.04,-0.39,-13.8125,-1.375,257.6875,-0.287,0,0,50.0564,0,0,1000,-48.75,20.24113
08.08.2026,02:35:31,29999,0.846866,-0.517946,0.04,-0.4,-14.375,-2.3125,257.375,-0.367815,0,0,50.01962,0,0,1000,-50,22.81845
08.08.2026,02:35:31,30105,0.830501,-0.525971,0,-0.38,-15,-3.3125,257.125,-0.510998,0,0,49.92409,0,0,1000,-50,24.01162
08.08.2026,02:35:31,30211,0.822319,-0.511937,0,-0.36,-15.5,-3.875,257,-0.570227,0,0,49.86707,0,0,1000,-50,26.11669
08.08.2026,02:35:31,30317,0.816182,-0.418488,-0.01,-0.39,-16.3125,-3.875,257.0625,-0.617172,0,0,49.80535,0,0,1000,-50,27.89964
08.08.2026,02:35:31,30423,0.818228,-0.359744,-0.01,-0.39,-16.875,-3.4375,257.1875,-0.650818,0,0,49.74026,0,0,1000,-50,30.04456
08.08.2026,02:35:31,30529,0.804931,-0.34007,-0.03,-0.42,-17.4375,-2.9375,257.375,-0.674116,0,0,49.67285,0,0,1000,-50,31.31552
08.08.2026,02:35:31,30635,0.812091,-0.309707,-0.03,-0.41,-17.9375,-2.6875,257.625,-0.689321,0,0,49.60392,0,0,1000,-49.1875,33.30363
08.08.2026,02:35:31,30741,0.788567,-0.268868,-0.05,-0.43,-18.4375,-2.75,257.9375,-0.697753,0,0,49.53415,0,0,1000,-47.9375,33.57912
08.08.2026,02:35:31,30847,0.799818,-0.297795,-0.09,-0.38,-18.875,-3.25,258.375,-0.698614,0,0,49.46428,0,0,1000,-47,35.45931
08.08.2026,02:35:31,30953,0.793681,-0.286577,-0.1,-0.36,-19.25,-3.6875,258.8125,-0.697197,0,0,49.39456,0,0,1000,-45.5,35.90928
08.08.2026,02:35:31,31059,0.787544,-0.275356,-0.09,-0.35,-19.5625,-3.9375,259.25,-0.691738,0,0,49.32539,0,0,1000,-43.5,37.30702
08.08.2026,02:35:31,31165,0.78243,-0.214256,-0.08,-0.38,-19.8125,-4,259.8125,-0.682938,0,0,49.2571,0,0,1000,-40.4375,37.69222
08.08.2026,02:35:31,31271,0.780385,-0.193444,-0.13,-0.32,-20,-3.875,260.4375,-0.669412,0,0,49.19016,0,0,1000,-38.25,38.31948
08.08.2026,02:35:31,31377,0.779362,-0.183074,-0.11,-0.34,-20.1875,-3.5,261.375,-0.651577,0,0,49.125,0,0,1000,-35.5,38.45242
08.08.2026,02:35:31,31483,0.778339,-0.133245,-0.11,-0.33,-20.25,-3.1875,262.125,-0.631263,0,0,49.06187,0,0,1000,-30.875,39.0388
08.08.2026,02:35:31,31589,0.774248,-0.144086,-0.13,-0.24,-20.25,-3.1875,262.9375,-0.60737,0,0,49.00113,0,0,1000,-27.46875,38.82402
08.08.2026,02:35:31,31695,0.77118,-0.175695,-0.11,-0.23,-20.25,-3.3125,263.6875,-0.580987,0,0,48.94304,0,0,1000,-24.625,38.42513
08.08.2026,02:35:31,31801,0.766066,-0.147998,-0.12,-0.21,-20.0625,-3.6875,264.9375,-0.533162,0,0,48.83397,0,0,1000,-19.3125,37.34158
08.08.2026,02:35:31,31907,0.76402,-0.161028,-0.14,-0.2,-19.9375,-3.875,265.75,-0.511102,0,0,48.78286,0,0,1000,-16.21875,36.90521
08.08.2026,02:35:31,32013,0.759929,-0.134729,-0.13,-0.19,-19.8125,-3.9375,266.625,-0.489866,0,0,48.73388,0,0,1000,-12.875,37.01775
08.08.2026,02:35:31,32119,0.751747,-0.119082,-0.16,-0.19,-19.625,-3.8125,267.5,-0.466816,0,0,48.68719,0,0,1000,-9.375,35.78021
08.08.2026,02:35:31,32225,0.743564,-0.094154,-0.15,-0.19,-19.375,-3.5625,268.375,-0.443774,0,0,48.64282,0,0,1000,-6.5,35.30353
08.08.2026,02:35:31,32331,0.73845,-0.116486,-0.16,-0.17,-19.0625,-3.25,269.5,-0.420455,0,0,48.60077,0,0,1000,-3,34.22167
08.08.2026,02:35:31,32437,0.73845,-0.083687,-0.13,-0.23,-18.875,-3.125,270.375,-0.399586,0,0,48.56081,0,0,1000,0,34.27285
08.08.2026,02:35:31,32543,0.729245,-0.041571,-0.14,-0.24,-18.6875,-3.0625,271.125,-0.378226,0,0,48.52299,0,0,1000,3.5,32.85121
08.08.2026,02:35:31,32649,0.733337,-0.090103,-0.14,-0.21,-18.4375,-3.1875,271.9375,-0.358095,0,0,48.48718,0,0,1000,8.375,32.03361
08.08.2026,02:35:31,32755,0.72004,-0.069225,-0.15,-0.23,-18.25,-3.25,272.6875,-0.339809,0,0,48.4532,0,0,1000,11.21875,30.58129
08.08.2026,02:35:31,32861,0.716972,-0.068929,-0.15,-0.19,-18.0625,-3.375,273.6875,-0.321791,0,0,48.42102,0,0,1000,14.21875,30.51595
08.08.2026,02:35:31,32967,0.715949,-0.059204,-0.17,-0.22,-17.9375,-3.4375,274.375,-0.30414,0,0,48.39061,0,0,1000,17.96875,30.44156
08.08.2026,02:35:31,33073,0.706744,-0.060017,-0.17,-0.21,-17.8125,-3.375,275.125,-0.28755,0,0,48.36185,0,0,1000,21.28125,29.02332
08.08.2026,02:35:31,33179,0.694471,-0.06139,-0.16,-0.18,-17.75,-3.25,275.6875,-0.270266,0,0,48.33482,0,0,1000,23.21875,29.60574
08.08.2026,02:35:31,33285,0.682197,-0.003269,-0.17,-0.19,-17.5625,-3.125,276.5625,-0.254666,0,0,48.30936,0,0,1000,25.25,27.97272
08.08.2026,02:35:31,33391,0.684243,0.004362,-0.19,-0.21,-17.5,-3.125,277.125,-0.239532,0,0,48.2854,0,0,1000,27.75,28.1807
08.08.2026,02:35:31,33497,0.666856,-0.008561,-0.19,-0.2,-17.4375,-3.1875,277.6875,-0.22236,0,0,48.26317,0,0,1000,30,27.01133
08.08.2026,02:35:31,33603,0.661742,0.007992,-0.2,-0.18,-17.3125,-3.3125,278.25,-0.189282,0,0,48.22363,0,0,1000,33.46875,27.03861
08.08.2026,02:35:31,33709,0.6464,0.004003,-0.18,-0.19,-17.1875,-3.3125,278.875,-0.174681,0,0,48.20616,0,0,1000,35.5,25.8903
08.08.2026,02:35:31,33815,0.638218,0.044687,-0.17,-0.21,-17.0625,-3.375,279.625,-0.162319,0,0,48.18993,0,0,1000,37.75,26.53408
08.08.2026,02:35:31,33921,0.634126,0.059446,-0.18,-0.19,-16.9375,-3.375,280.1875,-0.15033,0,0,48.17489,0,0,1000,41.375,24.77832
08.08.2026,02:35:31,34027,0.62083,0.043827,-0.18,-0.19,-16.875,-3.3125,280.75,-0.138566,0,0,48.16104,0,0,1000,43.46875,24.67947
08.08.2026,02:35:31,34133,0.613671,0.057815,-0.15,-0.19,-16.75,-3.25,281.375,-0.126245,0,0,48.14841,0,0,1000,45.96875,23.0743
08.08.2026,02:35:31,34239,0.598329,0.011475,-0.17,-0.18,-16.625,-3.1875,282,-0.115943,0,0,48.13682,0,0,1000,48.46875,22.76067
08.08.2026,02:35:31,34345,0.590147,0.034872,-0.13,-0.17,-16.5,-3.1875,282.75,-0.107747,0,0,48.12605,0,0,1000,50,21.09696
08.08.2026,02:35:31,34451,0.577873,0.038011,-0.17,-0.2,-16.375,-3.25,283.3125,-0.099638,0,0,48.11608,0,0,1000,50,21.28049
08.08.2026,02:35:31,34557,0.569691,0.030893,-0.17,-0.21,-16.3125,-3.375,283.9375,-0.091566,0,0,48.10693,0,0,1000,50,21.0896
08.08.2026,02:35:31,34663,0.555372,0.023569,-0.15,-0.17,-16.25,-3.4375,284.5,-0.085057,0,0,48.09842,0,0,1000,50,20.47253
08.08.2026,02:35:31,34769,0.549235,0.026054,-0.14,-0.16,-16.125,-3.4375,285.25,-0.079076,0,0,48.09051,0,0,1000,50,20.40776
08.08.2026,02:35:31,34875,0.537985,0.038347,-0.16,-0.19,-16.125,-3.375,285.75,-0.07298,0,0,48.08321,0,0,1000,50,19.17702
08.08.2026,02:35:31,34981,0.513438,0.050453,-0.17,-0.19,-16.0625,-3.3125,286.25,-0.067079,0,0,48.07651,0,0,1000,50,18.09969
08.08.2026,02:35:31,35087,0.507301,0.082373,-0.16,-0.2,-16.0625,-3.25,286.75,-0.061208,0,0,48.07038,0,0,1000,50,17.85423
08.08.2026,02:35:31,35193,0.489914,0.074099,-0.16,-0.22,-16.0625,-3.3125,287.25,-0.05501,0,0,48.06488,0,0,1000,50,17.9156
08.08.2026,02:35:31,35299,0.474572,0.085611,-0.19,-0.2,-16.125,-3.4375,287.8125,-0.048242,0,0,48.06006,0,0,1000,50,17.52011
08.08.2026,02:35:31,35405,0.468435,0.056949,-0.19,-0.18,-16.125,-3.5625,288.25,-0.037135,0,0,48.05208,0,0,1000,50,17.24396
08.08.2026,02:35:31,35511,0.451048,0.068112,-0.19,-0.2,-16.1875,-3.625,288.625,-0.034186,0,0,48.04866,0,0,1000,50,16.54164
08.08.2026,02:35:31,35617,0.437752,0.069183,-0.18,-0.17,-16.1875,-3.5625,289,-0.030015,0,0,48.04566,0,0,1000,50,16.75642
08.08.2026,02:35:31,35723,0.421387,0.080124,-0.19,-0.2,-16.1875,-3.4375,289.375,-0.024809,0,0,48.04318,0,0,1000,50,15.40635
08.08.2026,02:35:31,35829,0.401954,0.091539,-0.21,-0.18,-16.125,-3.25,289.8125,-0.020387,0,0,48.04114,0,0,1000,50,15.03474
08.08.2026,02:35:31,35935,0.39684,0.062083,-0.18,-0.19,-16.0625,-3.1875,290.125,-0.017371,0,0,48.03941,0,0,1000,50,14.78587
08.08.2026,02:35:31,36041,0.374339,0.062545,-0.15,-0.21,-16,-3.1875,290.375,-0.014728,0,0,48.03793,0,0,1000,50,14.19949
08.08.2026,02:35:31,36147,0.362066,0.052947,-0.17,-0.21,-16,-3.25,290.625,-0.012862,0,0,48.03665,0,0,1000,50,12.57327
08.08.2026,02:35:31,36253,0.346724,0.053324,-0.17,-0.21,-15.9375,-3.3125,290.8125,-0.012034,0,0,48.03545,0,0,1000,50,12.75397
08.08.2026,02:35:31,36359,0.333428,0.043677,-0.13,-0.22,-15.9375,-3.375,291.0625,-0.011245,0,0,48.03432,0,0,1000,50,11.92551
08.08.2026,02:35:31,36465,0.312972,0.024017,-0.13,-0.23,-15.875,-3.3125,291.1875,-0.010843,0,0,48.03324,0,0,1000,50,11.61528
08.08.2026,02:35:31,36571,0.302744,0.054371,-0.14,-0.21,-15.875,-3.25,291.375,-0.011305,0,0,48.03211,0,0,1000,50,11.70732
08.08.2026,02:35:31,36677,0.292516,0.054712,-0.13,-0.23,-15.8125,-3.125,291.5,-0.010858,0,0,48.03102,0,0,1000,50,10.65785
08.08.2026,02:35:31,36783,0.266947,0.055,-0.13,-0.22,-15.8125,-3.0625,291.625,-0.009186,0,0,48.0301,0,0,1000,50,10.32317
08.08.2026,02:35:31,36889,0.249559,0.065265,-0.13,-0.24,-15.8125,-3.0625,291.6875,-0.008461,0,0,48.02925,0,0,1000,50,9.985649
08.08.2026,02:35:31,36995,0.232172,0.065477,-0.13,-0.23,-15.8125,-3.1875,291.75,-0.006733,0,0,48.02858,0,0,1000,50,8.911728
08.08.2026,02:35:31,37101,0.226035,0.045659,-0.12,-0.18,-15.8125,-3.3125,291.75,-0.005299,0,0,48.02747,0,0,1000,50,8.850357
08.08.2026,02:35:31,37207,0.208648,0.035825,-0.14,-0.22,-15.8125,-3.3125,291.75,-0.005619,0,0,48.02691,0,0,1000,50,8.451473
08.08.2026,02:35:31,37313,0.181033,0.046187,-0.15,-0.21,-15.8125,-3.3125,291.75,-0.005868,0,0,48.02632,0,0,1000,50,7.837803
08.08.2026,02:35:31,37419,0.165691,0.056366,-0.16,-0.2,-15.8125,-3.25,291.75,-0.005704,0,0,48.02575,0,0,1000,50,6.487732
08.08.2026,02:35:31,37525,0.149327,0.056526,-0.15,-0.2,-15.8125,-3.125,291.75,-0.005093,0,0,48.02524,0,0,1000,50,7.193443
08.08.2026,02:35:31,37631,0.133985,0.076658,-0.16,-0.22,-15.8125,-3.125,291.625,-0.00418,0,0,48.02482,0,0,1000,50,5.812691
08.08.2026,02:35:31,37737,0.130916,0.076753,-0.17,-0.23,-15.8125,-3.125,291.5,-0.003011,0,0,48.02452,0,0,1000,50,6.272938
08.08.2026,02:35:31,37843,0.108415,0.09681,-0.16,-0.24,-15.75,-3.1875,291.3125,-0.001799,0,0,48.02434,0,0,1000,50,5.62236
08.08.2026,02:35:31,37949,0.092051,0.05681,-0.18,-0.23,-15.75,-3.25,291.0625,-0.000036,0,0,48.02434,0,0,1000,50,5.042202
08.08.2026,02:35:31,38055,0.077732,0.066807,-0.19,-0.23,-15.6875,-3.3125,290.8125,0.00011,0,0,48.02435,0,0,1000,50,3.471111
08.08.2026,02:35:31,38161,0.061367,0.056806,-0.21,-0.26,-15.6875,-3.3125,290.5,0.000068,0,0,48.02436,0,0,1000,50,3.658043
08.08.2026,02:35:31,38267,0.042957,0.046797,-0.22,-0.27,-15.625,-3.25,290.125,0.000287,0,0,48.02439,0,0,1000,50,2.455154
08.08.2026,02:35:31,38373,0.032729,0.056797,-0.22,-0.36,-15.5,-3.0625,289.625,-0.000051,0,0,48.02438,0,0,1000,50,2.055706
08.08.2026,02:35:31,38479,0.026592,0.046778,-0.27,-0.59,-15.4375,-2.9375,289.1875,0.000618,0,0,48.02444,0,0,1000,50,2.69326
08.08.2026,02:35:31,38585,0.008182,0.106795,-0.32,-0.92,-15.25,-2.8125,288.6875,-0.000546,0,0,48.02439,0,0,1000,50,0.630661
08.08.2026,02:35:31,38691,0.020456,0.066701,-0.31,-0.95,-15.125,-2.75,288.0625,0.002978,0,0,48.02469,0,0,1000,50,1.080723
08.08.2026,02:35:31,38797,0.022501,0.026579,-0.17,-0.51,-15.125,-2.8125,287.3125,0.003858,0,0,48.02507,0,0,1000,50,0.896622
08.08.2026,02:35:31,38903,0.026592,-0.01349,-0.11,-0.17,-15.3125,-3,286.75,-0.002211,0,0,48.02507,0,0,1000,50,2.501793
08.08.2026,02:35:31,39009,0.034775,-0.01342,-0.03,0.01,-15.375,-3.125,286.25,-0.009246,0,0,48.02415,0,0,1000,50,2.352341
08.08.2026,02:35:31,39115,0.042957,-0.033126,-0.04,0.01,-15.3125,-3.25,285.875,-0.015514,0,0,48.02259,0,0,1000,50,1.671074
08.08.2026,02:35:31,39221,0.039889,0.007366,-0.09,-0.09,-15.1875,-3.3125,285.5625,-0.020552,0,0,48.02054,0,0,1000,50,1.725643
08.08.2026,02:35:31,39327,0.04398,0.048701,-0.11,-0.19,-15,-3.1875,285.25,-0.021435,0,0,48.01839,0,0,1000,50,1.506893
08.08.2026,02:35:31,39433,0.053185,0.039353,-0.11,-0.17,-14.9375,-3.0625,285.0625,-0.020515,0,0,48.01634,0,0,1000,50,1.254627
08.08.2026,02:35:31,39539,0.059322,0.02998,-0.1,-0.13,-14.8125,-2.9375,284.875,-0.019685,0,0,48.01437,0,0,1000,50,1.404644
08.08.2026,02:35:31,39645,0.065458,0.050591,-0.13,-0.14,-14.625,-2.875,284.6875,-0.0192,0,0,48.01245,0,0,1000,50,0.59668
08.08.2026,02:35:31,39751,0.069549,0.041158,-0.12,-0.15,-14.4375,-2.875,284.5,-0.017796,0,0,48.01067,0,0,1000,50,0.276245
08.08.2026,02:35:31,39857,0.070572,0.061691,-0.12,-0.15,-14.0625,-3,284.1875,-0.016728,0,0,48.009,0,0,1000,50,-1.182877
08.08.2026,02:35:31,39963,0.059322,0.032161,-0.11,-0.15,-13.75,-3.125,284,-0.014742,0,0,48.00753,0,0,1000,50,-1.718094
08.08.2026,02:35:31,40069,0.06239,0.052618,-0.13,-0.12,-13.5,-3.1875,283.8125,-0.014322,0,0,48.0061,0,0,1000,50,-2.532852
08.08.2026,02:35:31,40175,0.054208,0.043035,-0.11,-0.15,-13.3125,-3.25,283.625,-0.013091,0,0,48.00479,0,0,1000,50,-4.083458
08.08.2026,02:35:31,40281,0.059322,0.083431,-0.09,-0.15,-13.0625,-3.1875,283.375,-0.012379,0,0,48.00355,0,0,1000,50,-3.569206
08.08.2026,02:35:31,40387,0.053185,0.053812,-0.08,-0.18,-12.9375,-3.125,283.1875,-0.01195,0,0,48.00235,0,0,1000,50,-4.932304
08.08.2026,02:35:31,40493,0.049094,0.064135,-0.09,-0.2,-12.8125,-3.0625,283,-0.010113,0,0,48.00134,0,0,1000,50,-4.966957
08.08.2026,02:35:31,40599,0.040911,0.0744,-0.08,-0.23,-12.8125,-3.0625,282.75,-0.008279,0,0,48.00051,0,0,1000,50,-5.549942
08.08.2026,02:35:31,40705,0.039889,0.074567,-0.12,-0.27,-13,-3.0625,282.5,-0.003163,0,0,47.99968,0,0,1000,50,-4.644257
08.08.2026,02:35:31,40811,0.029661,0.0647,-0.16,-0.38,-13.5,-3.125,282.1875,-0.000985,0,0,47.99958,0,0,1000,49,-4.298813
08.08.2026,02:35:31,40917,0.023524,0.084667,-0.19,-0.49,-14.125,-3.1875,282,0.001006,0,0,47.99968,0,0,1000,48.25,-2.97612
08.08.2026,02:35:31,41023,0.016365,0.094569,-0.17,-0.5,-15,-3.1875,281.8125,0.003087,0,0,47.99998,0,0,1000,47.5,-0.630661
08.08.2026,02:35:31,41129,0.020456,0.074393,-0.15,-0.39,-15.75,-3.1875,281.5625,0.005496,0,0,48.00053,0,0,1000,46.09375,3.179001
08.08.2026,02:35:31,41235,0.016365,0.104167,-0.11,-0.29,-16.1875,-3.1875,281.3125,0.007042,0,0,48.00124,0,0,1000,44.9375,4.304569
08.08.2026,02:35:31,41341,0.017387,0.113835,-0.1,-0.16,-16.1875,-3.125,281.0625,0.010357,0,0,48.00228,0,0,1000,44.34375,5.069389
08.08.2026,02:35:31,41447,0.022501,0.09343,-0.09,-0.12,-15.875,-3.125,280.8125,0.012668,0,0,48.00354,0,0,1000,42.9375,2.588654
08.08.2026,02:35:31,41553,0.032729,0.112931,-0.1,-0.1,-15.4375,-3.1875,280.625,0.015571,0,0,48.0051,0,0,1000,42.1875,1.794937
08.08.2026,02:35:31,41659,0.038866,0.07235,-0.09,-0.13,-15,-3.1875,280.5,0.018103,0,0,48.00691,0,0,1000,41.84375,0.329018
08.08.2026,02:35:31,41765,0.035797,0.08177,-0.13,-0.15,-14.5,-3.25,280.25,0.018117,0,0,48.00872,0,0,1000,41.25,0.096672
08.08.2026,02:35:31,41871,0.037843,0.07118,-0.13,-0.16,-14.25,-3.25,280,0.018377,0,0,48.01056,0,0,1000,40.25,-0.865845
08.08.2026,02:35:31,41977,0.038866,0.080589,-0.12,-0.2,-14,-3.3125,279.875,0.018428,0,0,48.01241,0,0,1000,39.5,-1.585159
08.08.2026,02:35:31,42083,0.032729,0.080028,-0.11,-0.2,-13.6875,-3.3125,279.6875,0.017498,0,0,48.01416,0,0,1000,38.59375,-2.645393
08.08.2026,02:35:31,42189,0.030684,0.069432,-0.12,-0.2,-13.375,-3.3125,279.5625,0.018588,0,0,48.01601,0,0,1000,38.09375,-2.689674
08.08.2026,02:35:31,42295,0.040911,0.128791,-0.12,-0.24,-13.0625,-3.3125,279.375,0.019958,0,0,48.01801,0,0,1000,37.75,-3.876038
08.08.2026,02:35:31,42401,0.029661,0.118097,-0.12,-0.28,-13.0625,-3.25,279.1875,0.024665,0,0,48.02264,0,0,1000,36.59375,-5.597717
08.08.2026,02:35:31,42507,0.026592,0.117305,-0.13,-0.31,-13.3125,-3.1875,279,0.026808,0,0,48.02533,0,0,1000,35.84375,-5.192032
08.08.2026,02:35:31,42613,0.026592,0.096444,-0.11,-0.32,-13.8125,-3.1875,278.875,0.02748,0,0,48.02807,0,0,1000,35.5,-2.541443
08.08.2026,02:35:31,42719,0.032729,0.105562,-0.07,-0.3,-14.5,-3.25,278.6875,0.026954,0,0,48.03077,0,0,1000,34.59375,-0.752266
08.08.2026,02:35:31,42825,0.022501,0.083887,-0.05,-0.26,-15.25,-3.25,278.4375,0.025211,0,0,48.03329,0,0,1000,34,1.702888
08.08.2026,02:35:31,42931,0.023524,0.063142,-0.06,-0.22,-15.5625,-3.1875,278.3125,0.023199,0,0,48.03561,0,0,1000,33.5,2.481873
08.08.2026,02:35:31,43037,0.023524,0.082494,-0.07,-0.21,-15.625,-3.125,278.1875,0.02018,0,0,48.03763,0,0,1000,32.59375,2.209686
08.08.2026,02:35:31,43143,0.026592,0.081903,-0.08,-0.2,-15.5,-3,278.0625,0.018386,0,0,48.03947,0,0,1000,32.25,2.417671
08.08.2026,02:35:31,43249,0.022501,0.071366,-0.05,-0.18,-15.1875,-3,277.875,0.016718,0,0,48.04114,0,0,1000,31.5,1.851208
08.08.2026,02:35:31,43355,0.033752,0.070895,-0.06,-0.19,-14.625,-3,277.625,0.014646,0,0,48.0426,0,0,1000,30.75,0.753494
08.08.2026,02:35:31,43461,0.030684,0.040519,-0.09,-0.17,-14.25,-3.0625,277.5,0.011711,0,0,48.04377,0,0,1000,30,-1.046547
08.08.2026,02:35:31,43567,0.026592,0.050261,-0.12,-0.2,-13.875,-3.125,277.3125,0.008039,0,0,48.04458,0,0,1000,29.09375,-3.257935
08.08.2026,02:35:31,43673,0.035797,0.04009,-0.11,-0.23,-13.5,-3.1875,277.1875,0.005314,0,0,48.04511,0,0,1000,28.75,-4.04541
08.08.2026,02:35:31,43779,0.028638,0.060022,-0.12,-0.25,-13.3125,-3.1875,277,0.002123,0,0,48.04532,0,0,1000,27.84375,-4.789177
08.08.2026,02:35:31,43885,0.028638,0.089982,-0.12,-0.29,-13.375,-3.0625,276.875,0.001245,0,0,48.04545,0,0,1000,27.5,-4.44883
08.08.2026,02:35:31,43991,0.02557,0.079922,-0.12,-0.29,-13.625,-3.0625,276.6875,0.001867,0,0,48.04564,0,0,1000,26.59375,-3.413612
08.08.2026,02:35:31,44097,0.033752,0.089845,-0.08,-0.22,-13.9375,-3.3125,276.5625,0.0024,0,0,48.04588,0,0,1000,26.09375,-1.895966
08.08.2026,02:35:31,44203,0.027615,0.039691,-0.09,-0.22,-14.3125,-4,276.5,0.001662,0,0,48.04652,0,0,1000,26,-2.026154
08.08.2026,02:35:31,44309,0.02557,0.029686,-0.05,-0.16,-14.6875,-4.25,276.375,-0.00149,0,0,48.04637,0,0,1000,25.5,-0.260193
08.08.2026,02:35:31,44415,0.023524,0.069788,-0.06,-0.17,-14.875,-3.8125,276.3125,-0.003184,0,0,48.04605,0,0,1000,25.5,-0.286346
08.08.2026,02:35:31,44521,0.023524,0.099831,-0.06,-0.22,-14.875,-3.125,276.3125,-0.001332,0,0,48.04592,0,0,1000,25.25,0.79097
08.08.2026,02:35:31,44627,0.028638,0.099634,0.49,-0.3,-14.8125,-2.5625,276.375,0.006131,0,0,48.04654,0,0,1000,25.5,0.603477
08.08.2026,02:35:31,44733,0.032729,0.119307,-0.07,-0.15,-14.5,-2.875,276.5625,0.010163,0,0,48.04755,0,0,1000,26.40625,-1.382935
08.08.2026,02:35:31,44839,0.033752,0.038917,-0.11,-0.2,-14.0625,-3.6875,276.75,0.012139,0,0,48.04876,0,0,1000,26.75,-1.860176
08.08.2026,02:35:31,44945,0.029661,0.058647,-0.11,-0.2,-13.8125,-3.9375,276.75,0.008391,0,0,48.0496,0,0,1000,27,-2.883499
08.08.2026,02:35:31,45051,0.031706,0.058476,-0.13,-0.24,-13.6875,-3.875,276.875,0.005337,0,0,48.05014,0,0,1000,27.65625,-3.415878
08.08.2026,02:35:31,45157,0.021478,0.088346,-0.11,-0.29,-13.625,-3.4375,277.0625,0.004043,0,0,48.05054,0,0,1000,28.40625,-2.713554
08.08.2026,02:35:31,45263,0.027615,0.088205,-0.11,-0.26,-13.75,-3,277.3125,0.004373,0,0,48.05098,0,0,1000,29.40625,-1.691368
08.08.2026,02:35:31,45369,0.01841,0.068028,-0.08,-0.28,-14.0625,-2.625,277.625,0.005507,0,0,48.05153,0,0,1000,30.25,-2.205627
08.08.2026,02:35:31,45475,0.029661,0.057834,-0.07,-0.27,-14.3125,-2.625,277.8125,0.006029,0,0,48.05213,0,0,1000,31,-1.516998
08.08.2026,02:35:31,45581,0.031706,0.077657,-0.06,-0.21,-14.5625,-2.8125,277.875,0.005493,0,0,48.05268,0,0,1000,31.5,-1.094879
08.08.2026,02:35:31,45687,0.023524,0.057497,-0.07,-0.23,-14.75,-3.125,277.875,0.004994,0,0,48.05318,0,0,1000,31.5,-0.286911
08.08.2026,02:35:31,45793,0.026592,0.057385,-0.05,-0.17,-14.75,-3.5625,278.0625,0.003484,0,0,48.05353,0,0,1000,32,-0.596581
08.08.2026,02:35:31,45899,0.023524,0.077341,-0.05,-0.2,-14.6875,-3.75,278.1875,0.001364,0,0,48.05367,0,0,1000,32.5,0.047775
08.08.2026,02:35:31,46005,0.01841,0.087329,-0.09,-0.2,-14.5,-3.625,278.3125,0.000042,0,0,48.05371,0,0,1000,33.25,-0.606781
08.08.2026,02:35:31,46111,0.034775,0.087328,-0.09,-0.2,-14.3125,-3.3125,278.5,0.001575,0,0,48.05386,0,0,1000,34.15625,-0.439102
08.08.2026,02:35:31,46217,0.02557,0.097278,-0.09,-0.26,-14.0625,-2.9375,278.625,0.002469,0,0,48.05411,0,0,1000,34.65625,-2.20166
08.08.2026,02:35:31,46323,0.028638,0.127047,-0.1,-0.25,-13.875,-2.75,278.75,0.004715,0,0,48.05458,0,0,1000,35.15625,-2.580063
08.08.2026,02:35:31,46429,0.030684,0.116785,-0.11,-0.26,-13.75,-2.8125,278.875,0.00813,0,0,48.0554,0,0,1000,35.65625,-2.519257
08.08.2026,02:35:31,46535,0.038866,0.086463,-0.11,-0.27,-13.75,-3.125,278.9375,0.010016,0,0,48.0564,0,0,1000,35.75,-3.320435
08.08.2026,02:35:31,46641,0.028638,0.066157,-0.1,-0.26,-13.875,-3.5,279,0.009513,0,0,48.05735,0,0,1000,36,-3.617638
08.08.2026,02:35:31,46747,0.027615,0.035943,-0.07,-0.23,-14.0625,-3.6875,279.125,0.006668,0,0,48.05802,0,0,1000,36.5,-1.797112
08.08.2026,02:35:31,46853,0.024547,0.055871,-0.09,-0.2,-14.3125,-3.5625,279.25,0.002232,0,0,48.05824,0,0,1000,36.75,-1.421547
08.08.2026,02:35:31,46959,0.024547,0.08586,-0.05,-0.21,-14.5,-3.125,279.375,0.000355,0,0,48.05828,0,0,1000,37.25,-0.766998
08.08.2026,02:35:31,47065,0.02557,0.09586,-0.07,-0.24,-14.5,-2.8125,279.5,-0.000069,0,0,48.05827,0,0,1000,38.15625,0.003494
08.08.2026,02:35:31,47171,0.027615,0.085821,-0.09,-0.25,-14.5,-2.5625,279.625,0.001223,0,0,48.05839,0,0,1000,38.5,-1.101112
08.08.2026,02:35:31,47277,0.026592,0.075718,-0.07,-0.24,-14.3125,-2.8125,279.6875,0.003214,0,0,48.05871,0,0,1000,38.75,-1.663048
08.08.2026,02:35:31,47383,0.026592,0.055584,-0.04,-0.23,-14.1875,-3.125,279.75,0.004148,0,0,48.05913,0,0,1000,39,-1.544281
08.08.2026,02:35:31,47489,0.024547,0.025493,-0.07,-0.22,-14,-3.4375,279.75,0.002847,0,0,48.05941,0,0,1000,39,-2.051643
08.08.2026,02:35:31,47595,0.019433,0.055493,-0.08,-0.23,-13.875,-3.5625,279.8125,-0.000051,0,0,48.05941,0,0,1000,39.25,-3.070999
08.08.2026,02:35:31,47701,0.033752,0.065565,-0.09,-0.24,-13.875,-3.4375,279.9375,-0.004282,0,0,48.05876,0,0,1000,39.90625,-3.037476
08.08.2026,02:35:31,47807,0.021478,0.105788,-0.05,-0.25,-13.875,-3.125,280.0625,-0.002652,0,0,48.05849,0,0,1000,40,-3.037483
08.08.2026,02:35:31,47913,0.023524,0.095765,-0.08,-0.25,-13.9375,-2.9375,280.125,0.000702,0,0,48.05856,0,0,1000,40.5,-2.976112
08.08.2026,02:35:31,48019,0.028638,0.105671,-0.08,-0.24,-14.0625,-2.9375,280.1875,0.002924,0,0,48.05886,0,0,1000,40.75,-1.895393
08.08.2026,02:35:31,48125,0.023524,0.075521,-0.05,-0.23,-14.125,-3.0625,280.1875,0.004671,0,0,48.05932,0,0,1000,40.75,-1.612442
08.08.2026,02:35:31,48231,0.027615,0.065356,-0.08,-0.22,-14.25,-3.25,280.25,0.005122,0,0,48.05983,0,0,1000,41,-1.176079
08.08.2026,02:35:31,48337,0.02557,0.085191,-0.06,-0.2,-14.3125,-3.5,280.25,0.005138,0,0,48.06035,0,0,1000,41,-1.602249
08.08.2026,02:35:31,48443,0.027615,0.124981,-0.06,-0.21,-14.3125,-3.5,280.25,0.006521,0,0,48.061,0,0,1000,41,-1.571564
08.08.2026,02:35:31,48549,0.023524,0.104681,-0.06,-0.2,-14.25,-3.4375,280.25,0.009348,0,0,48.06194,0,0,1000,41,-0.957893
08.08.2026,02:35:31,48655,0.02557,0.104345,-0.08,-0.26,-14.1875,-3.375,280.3125,0.010453,0,0,48.06298,0,0,1000,41.25,-1.547676
08.08.2026,02:35:31,48761,0.022501,0.073988,-0.08,-0.24,-14,-3.3125,280.375,0.011097,0,0,48.06409,0,0,1000,41.25,-1.585159
08.08.2026,02:35:31,48867,0.021478,0.063679,-0.08,-0.23,-14,-3.125,280.4375,0.009591,0,0,48.06505,0,0,1000,41.75,-1.926079
08.08.2026,02:35:31,48973,0.020456,0.093465,-0.08,-0.26,-13.9375,-2.9375,280.5625,0.006656,0,0,48.06571,0,0,1000,42,-2.294281
08.08.2026,02:35:31,49079,0.027615,0.10327,-0.06,-0.23,-13.9375,-2.875,280.5625,0.006062,0,0,48.06632,0,0,1000,42.25,-2.42041
08.08.2026,02:35:31,49185,0.027615,0.113026,-0.06,-0.25,-13.9375,-3,280.5625,0.007602,0,0,48.06708,0,0,1000,42.25,-2.757927
08.08.2026,02:35:31,49291,0.029661,0.032712,-0.03,-0.24,-13.9375,-3.4375,280.625,0.009774,0,0,48.06805,0,0,1000,42.5,-2.972717
08.08.2026,02:35:31,49397,0.023524,0.022487,-0.01,-0.21,-13.9375,-3.625,280.625,0.006995,0,0,48.06875,0,0,1000,42.5,-3.218185
08.08.2026,02:35:31,49503,0.028638,0.042403,0,-0.2,-13.9375,-3.5625,280.6875,-0.002618,0,0,48.06875,0,0,1000,42.75,-2.757927
08.08.2026,02:35:31,49609,0.027615,0.082487,-0.02,-0.23,-13.9375,-3.1875,280.8125,-0.003767,0,0,48.06837,0,0,1000,43.40625,-2.297676
08.08.2026,02:35:31,49715,0.024547,0.102608,-0.03,-0.24,-13.9375,-2.8125,280.875,-0.001785,0,0,48.0682,0,0,1000,43.5,-2.757935
08.08.2026,02:35:31,49821,0.021478,0.092611,-0.05,-0.26,-13.9375,-2.75,280.875,0.001697,0,0,48.06836,0,0,1000,43.5,-1.714691
08.08.2026,02:35:31,49927,0.02557,0.042529,-0.05,-0.26,-13.9375,-3,280.875,0.002545,0,0,48.06862,0,0,1000,43.5,-2.389732
08.08.2026,02:35:31,50033,0.027615,0.002558,-0.06,-0.23,-13.9375,-3.3125,280.9375,-0.000913,0,0,48.06853,0,0,1000,43.75,-2.236313
08.08.2026,02:35:31,50139,0.030684,0.032743,-0.06,-0.24,-13.9375,-3.375,280.9375,-0.005754,0,0,48.06795,0,0,1000,43.75,-2.942032
08.08.2026,02:35:31,50245,0.027615,0.07299,-0.07,-0.25,-13.875,-3.3125,281,-0.007677,0,0,48.06718,0,0,1000,44,-3.098846
08.08.2026,02:35:31,50351,0.020456,0.093192,-0.04,-0.27,-13.875,-3.125,281,-0.006261,0,0,48.06656,0,0,1000,44,-2.822693
08.08.2026,02:35:31,50457,0.020456,0.083304,-0.03,-0.25,-13.875,-3.0625,281,-0.00351,0,0,48.06621,0,0,1000,44,-2.393127
08.08.2026,02:35:31,50563,0.022501,0.043396,-0.03,-0.22,-13.875,-3,281,-0.002834,0,0,48.06593,0,0,1000,44,-2.393127
08.08.2026,02:35:31,50669,0.016365,0.033557,-0.03,-0.22,-13.875,-3,281.0625,-0.005016,0,0,48.06543,0,0,1000,44.40625,-3.129532
08.08.2026,02:35:31,50775,0.033752,0.063823,0,-0.24,-13.875,-3,281.0625,-0.008285,0,0,48.0646,0,0,1000,44.25,-2.884064
08.08.2026,02:35:31,50881,0.024547,0.084101,-0.03,-0.24,-13.875,-3,281.0625,-0.008649,0,0,48.06373,0,0,1000,44.25,-3.190903
08.08.2026,02:35:31,50987,0.01841,0.074366,-0.01,-0.25,-13.75,-3.125,281.0625,-0.00822,0,0,48.06291,0,0,1000,44.25,-2.212425
08.08.2026,02:35:31,51093,0.020456,0.044588,-0.02,-0.21,-13.75,-3.3125,281.0625,-0.006928,0,0,48.06222,0,0,1000,44.25,-2.737442
08.08.2026,02:35:31,51199,0.022501,0.034821,-0.04,-0.22,-13.75,-3.375,281.0625,-0.007245,0,0,48.06149,0,0,1000,44.25,-2.399925
08.08.2026,02:35:31,51305,0.026592,0.075342,-0.03,-0.23,-13.75,-3.25,281.125,-0.008283,0,0,48.05987,0,0,1000,44.5,-2.890862
08.08.2026,02:35:31,51411,0.014319,0.105561,-0.03,-0.25,-13.75,-3.0625,281.1875,-0.006813,0,0,48.05919,0,0,1000,44.75,-3.473846
08.08.2026,02:35:31,51517,0.020456,0.125561,-0.01,-0.25,-13.75,-3,281.25,-0.003576,0,0,48.05883,0,0,1000,45.15625,-3.13633
08.08.2026,02:35:31,51623,0.027615,0.125676,-0.01,-0.27,-13.8125,-3.125,281.25,0.000571,0,0,48.05889,0,0,1000,45,-2.641998
08.08.2026,02:35:31,51729,0.019433,0.105658,-0.01,-0.23,-13.875,-3.3125,281.25,0.003663,0,0,48.05925,0,0,1000,45,-3.068169
08.08.2026,02:35:31,51835,0.022501,0.105367,-0.01,-0.23,-13.9375,-3.5625,281.25,0.005383,0,0,48.05979,0,0,1000,45,-1.960159
08.08.2026,02:35:31,51941,0.021478,0.105147,-0.02,-0.21,-13.9375,-3.625,281.3125,0.006851,0,0,48.06048,0,0,1000,45.25,-2.082893
08.08.2026,02:35:31,52047,0.026592,0.114903,-0.03,-0.23,-13.9375,-3.5625,281.3125,0.007572,0,0,48.06123,0,0,1000,45.25,-2.359039
08.08.2026,02:35:31,52153,0.019433,0.124588,-0.03,-0.2,-13.875,-3.4375,281.375,0.009813,0,0,48.06221,0,0,1000,45.65625,-3.221581
08.08.2026,02:35:31,52259,0.020456,0.1142,-0.03,-0.24,-13.8125,-3.25,281.4375,0.012063,0,0,48.06342,0,0,1000,45.90625,-2.79541
08.08.2026,02:35:31,52365,0.021478,0.093712,-0.01,-0.24,-13.75,-3.1875,281.5,0.015178,0,0,48.06494,0,0,1000,46,-3.13633
08.08.2026,02:35:31,52471,0.021478,0.103179,-0.06,-0.29,-13.75,-3.25,281.5,0.01659,0,0,48.0666,0,0,1000,46,-3.105644
08.08.2026,02:35:31,52577,0.023524,0.092622,-0.03,-0.23,-13.75,-3.375,281.5,0.017293,0,0,48.06833,0,0,1000,46,-2.461296
08.08.2026,02:35:31,52683,0.01841,0.072075,-0.04,-0.21,-13.75,-3.4375,281.5625,0.017025,0,0,48.07003,0,0,1000,46.25,-3.504532
08.08.2026,02:35:31,52789,0.016365,0.081577,-0.03,-0.23,-13.8125,-3.4375,281.625,0.015476,0,0,48.07158,0,0,1000,46.25,-2.915314
08.08.2026,02:35:31,52895,0.028638,0.091134,-0.03,-0.22,-13.875,-3.375,281.6875,0.013776,0,0,48.07295,0,0,1000,46.75,-2.331764
08.08.2026,02:35:31,53001,0.020456,0.090728,-0.05,-0.23,-13.9375,-3.1875,281.75,0.011506,0,0,48.07537,0,0,1000,47,-2.512466
08.08.2026,02:35:31,53107,0.024547,0.080358,-0.03,-0.25,-14,-3.125,281.8125,0.011317,0,0,48.0765,0,0,1000,47.25,-2.846581
08.08.2026,02:35:31,53213,0.019433,0.089994,-0.03,-0.24,-14,-3.0625,281.9375,0.010566,0,0,48.07756,0,0,1000,47.90625,-2.478378
08.08.2026,02:35:31,53319,0.01841,0.069348,-0.02,-0.22,-14,-3.125,281.9375,0.009503,0,0,48.07851,0,0,1000,47.75,-2.938637
08.08.2026,02:35:31,53425,0.019433,0.049133,-0.02,-0.22,-13.9375,-3.1875,282,0.006692,0,0,48.07918,0,0,1000,48.15625,-2.361877
08.08.2026,02:35:31,53531,0.016365,0.06899,-0.02,-0.26,-13.875,-3.3125,282,0.004465,0,0,48.07962,0,0,1000,48,-2.20903
08.08.2026,02:35:31,53637,0.023524,0.078906,-0.04,-0.23,-13.875,-3.3125,282.0625,0.002585,0,0,48.07988,0,0,1000,48.25,-1.871506
08.08.2026,02:35:31,53743,0.022501,0.068846,-0.06,-0.22,-13.875,-3.25,282.125,0.00189,0,0,48.08007,0,0,1000,48.5,-2.822701
08.08.2026,02:35:31,53849,0.023524,0.088794,-0.05,-0.24,-13.875,-3.25,282.25,0.001621,0,0,48.08023,0,0,1000,49,-2.515862
08.08.2026,02:35:31,53955,0.020456,0.088727,-0.04,-0.25,-13.875,-3.25,282.3125,0.002075,0,0,48.08044,0,0,1000,49.25,-3.129532
08.08.2026,02:35:31,54061,0.01841,0.068637,-0.05,-0.27,-13.875,-3.25,282.375,0.002807,0,0,48.08072,0,0,1000,49.5,-2.945435
08.08.2026,02:35:31,54167,0.012273,0.058543,-0.05,-0.21,-13.9375,-3.3125,282.4375,0.002907,0,0,48.08101,0,0,1000,49.75,-3.371597
08.08.2026,02:35:31,54273,0.026592,0.118433,-0.02,-0.23,-14,-3.375,282.5625,0.003413,0,0,48.08135,0,0,1000,50,-1.649925
08.08.2026,02:35:31,54379,0.020456,0.108288,-0.05,-0.22,-14,-3.4375,282.625,0.004533,0,0,48.08181,0,0,1000,50,-2.570427
08.08.2026,02:35:31,54485,0.022501,0.108083,-0.01,-0.21,-14,-3.5,282.6875,0.006355,0,0,48.08244,0,0,1000,50,-2.202232
08.08.2026,02:35:31,54591,0.020456,0.11784,-0.02,-0.25,-14,-3.4375,282.75,0.00756,0,0,48.0832,0,0,1000,50,-3.184097
08.08.2026,02:35:31,54697,0.022501,0.117531,-0.04,-0.23,-14,-3.375,282.875,0.009614,0,0,48.08416,0,0,1000,50,-2.110176
08.08.2026,02:35:31,54803,0.019433,0.117172,-0.06,-0.23,-14,-3.3125,283,0.012737,0,0,48.08655,0,0,1000,50,-2.417015
08.08.2026,02:35:31,54909,0.011251,0.096762,-0.07,-0.23,-14,-3.3125,283.0625,0.013252,0,0,48.08788,0,0,1000,50,-1.772659
08.08.2026,02:35:31,55015,0.016365,0.096336,-0.05,-0.22,-14,-3.3125,283.125,0.012408,0,0,48.08912,0,0,1000,50,-2.079498
08.08.2026,02:35:31,55121,0.026592,0.085937,-0.07,-0.21,-14,-3.3125,283.1875,0.010817,0,0,48.0902,0,0,1000,50,-1.772659
08.08.2026,02:35:31,55227,0.015342,0.075589,-0.05,-0.23,-14,-3.25,283.3125,0.007974,0,0,48.091,0,0,1000,50,-2.509064
08.08.2026,02:35:31,55333,0.019433,0.065127,-0.05,-0.24,-13.9375,-3.1875,283.375,0.006406,0,0,48.09164,0,0,1000,50,-1.960159
08.08.2026,02:35:31,55439,0.024547,0.054969,-0.03,-0.25,-13.9375,-3.125,283.4375,0.004914,0,0,48.09213,0,0,1000,50,-2.604515
08.08.2026,02:35:31,55545,0.014319,0.074873,-0.03,-0.24,-13.9375,-3.125,283.4375,0.002974,0,0,48.09243,0,0,1000,50,-2.359047
08.08.2026,02:35:31,55651,0.020456,0.044858,-0.04,-0.24,-13.9375,-3.0625,283.4375,0.000481,0,0,48.09248,0,0,1000,50,-2.389732
08.08.2026,02:35:31,55757,0.022501,0.044949,-0.05,-0.25,-13.9375,-3.0625,283.4375,-0.00283,0,0,48.09219,0,0,1000,50,-3.126137
08.08.2026,02:35:31,55863,0.016365,0.035135,-0.03,-0.25,-13.9375,-3.0625,283.4375,-0.00579,0,0,48.09161,0,0,1000,50,-2.328362
08.08.2026,02:35:31,55969,0.015342,0.0554,-0.05,-0.25,-13.9375,-3.0625,283.4375,-0.008252,0,0,48.09079,0,0,1000,50,-2.849983
08.08.2026,02:35:31,56075,0.016365,0.065733,-0.04,-0.24,-13.9375,-3.0625,283.4375,-0.010354,0,0,48.08976,0,0,1000,50,-2.819298
08.08.2026,02:35:31,56181,0.021478,0.056129,-0.03,-0.23,-13.9375,-3.0625,283.4375,-0.012304,0,0,48.08852,0,0,1000,50,-2.021523
08.08.2026,02:35:31,56287,0.010228,-0.023429,-0.13,-0.22,-13.5625,-3.375,283.6875,-0.013762,0,0,48.08715,0,0,1000,50,-1.908989
08.08.2026,02:35:31,56393,0.016365,-0.032886,-0.14,-0.22,-13.25,-3.4375,283.875,-0.016875,0,0,48.08546,0,0,1000,50,-4.046547
08.08.2026,02:35:31,56499,0.020456,0.037864,-0.07,-0.28,-13,-3.3125,284,-0.023325,0,0,48.08313,0,0,1000,50,-4.769264
08.08.2026,02:35:31,56605,0.021478,0.088782,-0.04,-0.25,-12.9375,-3,284.125,-0.026513,0,0,48.07762,0,0,1000,50,-5.113579
08.08.2026,02:35:31,56711,0.029661,0.109635,-0.02,-0.25,-13.0625,-2.875,284.3125,-0.021792,0,0,48.07544,0,0,1000,50,-4.214127
08.08.2026,02:35:31,56817,0.023524,0.040934,-0.04,-0.2,-13.5625,-2.9375,284.5625,-0.018598,0,0,48.07358,0,0,1000,50,-4.503403
08.08.2026,02:35:31,56923,0.015342,0.051517,-0.02,-0.18,-14,-3.125,284.8125,-0.018148,0,0,48.07177,0,0,1000,50,-3.593185
08.08.2026,02:35:31,57029,0.020456,0.082091,-0.05,-0.2,-14.375,-3.25,285,-0.017829,0,0,48.06998,0,0,1000,50,-2.372734
08.08.2026,02:35:31,57135,0.019433,0.032627,-0.04,-0.22,-14.625,-3.3125,285.125,-0.016666,0,0,48.06832,0,0,1000,50,-0.815331
08.08.2026,02:35:31,57241,0.01841,0.063147,-0.02,-0.24,-14.8125,-3.25,285.3125,-0.016169,0,0,48.0667,0,0,1000,50,0.452888
08.08.2026,02:35:31,57347,0.017387,0.07361,-0.03,-0.25,-14.75,-3.1875,285.5625,-0.014424,0,0,48.06526,0,0,1000,50,-0.838654
08.08.2026,02:35:31,57453,0.014319,0.083989,-0.03,-0.23,-14.5625,-3.1875,285.75,-0.011772,0,0,48.06408,0,0,1000,50,-1.063637
08.08.2026,02:35:31,57559,0.015342,0.094288,-0.06,-0.25,-14.25,-3.125,285.875,-0.009306,0,0,48.06315,0,0,1000,50,-1.976685
08.08.2026,02:35:31,57665,0.019433,0.084494,-0.09,-0.26,-13.875,-3.125,286.0625,-0.006407,0,0,48.06251,0,0,1000,50,-3.503403
08.08.2026,02:35:31,57771,0.020456,0.074646,-0.09,-0.26,-13.4375,-3.1875,286.25,-0.004716,0,0,48.06203,0,0,1000,50,-3.453362
08.08.2026,02:35:31,57877,0.019433,0.06476,-0.08,-0.26,-13.375,-3.25,286.4375,-0.003563,0,0,48.06168,0,0,1000,50,-5.427299
08.08.2026,02:35:31,57983,0.017387,0.094853,-0.07,-0.24,-13.4375,-3.25,286.5625,-0.002887,0,0,48.06139,0,0,1000,50,-4.537476
08.08.2026,02:35:31,58089,0.017387,0.054929,-0.05,-0.22,-13.625,-3.25,286.75,-0.002368,0,0,48.06115,0,0,1000,50,-2.526627
08.08.2026,02:35:31,58195,0.022501,0.074999,-0.04,-0.2,-13.875,-3.1875,286.9375,-0.002164,0,0,48.06094,0,0,1000,50,-2.356781
08.08.2026,02:35:31,58301,0.014319,0.075048,-0.01,-0.2,-14.1875,-3.1875,287.125,-0.001334,0,0,48.06065,0,0,1000,50,-2.069862
08.08.2026,02:35:31,58407,0.026592,0.095091,-0.03,-0.21,-14.3125,-3.1875,287.25,-0.000625,0,0,48.06059,0,0,1000,50,-0.773788
08.08.2026,02:35:31,58513,0.019433,0.075112,-0.03,-0.21,-14.375,-3.1875,287.375,0.000432,0,0,48.06063,0,0,1000,50,-1.782951
08.08.2026,02:35:31,58619,0.01841,0.075098,-0.05,-0.19,-14.375,-3.1875,287.5,0.000394,0,0,48.06067,0,0,1000,50,-1.169281
08.08.2026,02:35:31,58725,0.013296,0.075085,-0.04,-0.26,-14.3125,-3.25,287.625,0.000359,0,0,48.0607,0,0,1000,50,-1.970451
08.08.2026,02:35:31,58831,0.01841,0.065069,-0.06,-0.28,-14.0625,-3.1875,287.8125,0.000152,0,0,48.06072,0,0,1000,50,-2.195427
08.08.2026,02:35:31,58937,0.021478,0.055069,-0.08,-0.28,-13.9375,-3.1875,288,-0.000033,0,0,48.06071,0,0,1000,50,-3.368202
08.08.2026,02:35:31,59043,0.013296,0.095114,-0.09,-0.26,-13.75,-3.1875,288.125,-0.001411,0,0,48.06057,0,0,1000,50,-2.918144
08.08.2026,02:35:31,59149,0.014319,0.075156,-0.09,-0.29,-13.6875,-3.1875,288.25,-0.001298,0,0,48.06044,0,0,1000,50,-3.17041
08.08.2026,02:35:31,59255,0.014319,0.085183,-0.08,-0.24,-13.6875,-3.125,288.4375,-0.000844,0,0,48.06036,0,0,1000,50,-2.955627
08.08.2026,02:35:31,59361,0.016365,0.075189,-0.06,-0.2,-13.8125,-3.125,288.625,-0.000182,0,0,48.06034,0,0,1000,50,-2.860176
08.08.2026,02:35:31,59467,0.020456,0.105159,-0.03,-0.22,-13.9375,-3.1875,288.75,0.00092,0,0,48.06043,0,0,1000,50,-2.359612
08.08.2026,02:35:31,59573,0.016365,0.085102,-0.03,-0.21,-14.0625,-3.25,288.875,0.001789,0,0,48.06061,0,0,1000,50,-2.349411
08.08.2026,02:35:31,59679,0.015342,0.075031,-0.02,-0.21,-14.125,-3.3125,289,0.002189,0,0,48.06083,0,0,1000,50,-1.85791
08.08.2026,02:35:31,59785,0.019433,0.074973,-0.03,-0.2,-14.1875,-3.3125,289.125,0.001827,0,0,48.06101,0,0,1000,50,-2.038612
08.08.2026,02:35:31,59891,0.017387,0.084905,-0.04,-0.2,-14.1875,-3.3125,289.25,0.002112,0,0,48.06122,0,0,1000,50,-1.762459
08.08.2026,02:35:31,59997,0.022501,0.074863,-0.04,-0.23,-14.0625,-3.25,289.375,0.001302,0,0,48.06135,0,0,1000,50,-2.042015
08.08.2026,02:35:31,60103,0.013296,0.104802,-0.06,-0.24,-14,-3.25,289.5625,0.003449,0,0,48.06189,0,0,1000,50,-2.693161
08.08.2026,02:35:31,60209,0.023524,0.094691,-0.06,-0.26,-13.875,-3.1875,289.625,0.005395,0,0,48.06242,0,0,1000,50,-2.301071
08.08.2026,02:35:31,60315,0.015342,0.104299,-0.06,-0.26,-13.75,-3.25,289.8125,0.0068,0,0,48.0631,0,0,1000,50,-3.224983
08.08.2026,02:35:31,60421,0.019433,0.104031,-0.06,-0.23,-13.8125,-3.3125,289.9375,0.008335,0,0,48.06394,0,0,1000,50,-2.001038
08.08.2026,02:35:31,60527,0.015342,0.093727,-0.07,-0.26,-13.8125,-3.375,290.0625,0.009454,0,0,48.06488,0,0,1000,50,-3.347717
08.08.2026,02:35:31,60633,0.016365,0.083424,-0.06,-0.22,-13.875,-3.375,290.125,0.009417,0,0,48.06583,0,0,1000,50,-2.05278
08.08.2026,02:35:31,60739,0.017387,0.083149,-0.04,-0.22,-13.9375,-3.375,290.25,0.008546,0,0,48.06668,0,0,1000,50,-2.512459
08.08.2026,02:35:31,60845,0.011251,0.092881,-0.04,-0.21,-14.0625,-3.3125,290.4375,0.008348,0,0,48.06752,0,0,1000,50,-2.226677
08.08.2026,02:35:31,60951,0.02557,0.112586,-0.03,-0.23,-14.125,-3.3125,290.5625,0.009175,0,0,48.06844,0,0,1000,50,-2.103378
08.08.2026,02:35:31,61057,0.019433,0.112241,-0.03,-0.22,-14.125,-3.3125,290.625,0.010716,0,0,48.06951,0,0,1000,50,-2.778419
08.08.2026,02:35:31,61163,0.019433,0.091847,-0.04,-0.21,-14.125,-3.3125,290.75,0.01226,0,0,48.07073,0,0,1000,50,-2.502266
08.08.2026,02:35:31,61269,0.023524,0.091442,-0.05,-0.19,-14,-3.3125,290.875,0.01258,0,0,48.07199,0,0,1000,50,-2.573265
08.08.2026,02:35:31,61375,0.017387,0.091056,-0.03,-0.23,-13.875,-3.3125,290.9375,0.012003,0,0,48.07319,0,0,1000,50,-2.543144
08.08.2026,02:35:31,61481,0.01841,0.070686,-0.06,-0.24,-13.8125,-3.3125,291.0625,0.011521,0,0,48.07434,0,0,1000,50,-3.194298
08.08.2026,02:35:31,61587,0.013296,0.080359,-0.06,-0.23,-13.8125,-3.3125,291.125,0.010173,0,0,48.07536,0,0,1000,50,-2.79541
08.08.2026,02:35:31,61693,0.016365,0.080071,-0.09,-0.26,-13.8125,-3.25,291.25,0.008941,0,0,48.07626,0,0,1000,50,-3.071564
08.08.2026,02:35:31,61799,0.01841,0.099809,-0.06,-0.26,-13.8125,-3.25,291.375,0.008163,0,0,48.07707,0,0,1000,50,-2.826096
08.08.2026,02:35:31,61905,0.016365,0.099525,-0.04,-0.25,-13.9375,-3.25,291.4375,0.009631,0,0,48.07892,0,0,1000,50,-3.006798
08.08.2026,02:35:31,62011,0.006137,0.069215,-0.04,-0.22,-14,-3.3125,291.5625,0.009049,0,0,48.07982,0,0,1000,50,-3.490936
08.08.2026,02:35:31,62117,0.012273,0.078924,-0.04,-0.22,-14.0625,-3.375,291.625,0.008927,0,0,48.08072,0,0,1000,50,-2.567032
08.08.2026,02:35:31,62223,0.014319,0.098637,-0.02,-0.24,-14.0625,-3.375,291.75,0.007899,0,0,48.0815,0,0,1000,50,-2.290878
08.08.2026,02:35:31,62329,0.019433,0.108154,-0.02,-0.22,-14.0625,-3.375,291.8125,0.007132,0,0,48.08222,0,0,1000,50,-1.922676
08.08.2026,02:35:31,62435,0.010228,0.087925,-0.04,-0.21,-14,-3.375,291.9375,0.00712,0,0,48.08293,0,0,1000,50,-2.355644
08.08.2026,02:35:31,62541,0.01841,0.107686,-0.05,-0.23,-13.9375,-3.375,292,0.007419,0,0,48.08367,0,0,1000,50,-2.328362
08.08.2026,02:35:31,62647,0.021478,0.087412,-0.07,-0.24,-13.875,-3.3125,292.0625,0.008509,0,0,48.08452,0,0,1000,50,-2.515862
08.08.2026,02:35:31,62753,0.022501,0.107101,-0.09,-0.24,-13.875,-3.375,292.125,0.009674,0,0,48.08549,0,0,1000,50,-2.822693
08.08.2026,02:35:31,62859,0.019433,0.106765,-0.08,-0.25,-13.875,-3.375,292.125,0.010462,0,0,48.08654,0,0,1000,50,-2.792015
08.08.2026,02:35:31,62965,0.022501,0.096414,-0.06,-0.26,-13.875,-3.3125,292.1875,0.010916,0,0,48.08763,0,0,1000,50,-2.515862
08.08.2026,02:35:31,63071,0.012273,0.096072,-0.05,-0.26,-13.9375,-3.3125,292.1875,0.010638,0,0,48.08869,0,0,1000,50,-3.095451
08.08.2026,02:35:31,63177,0.017387,0.095742,-0.05,-0.23,-14.0625,-3.3125,292.1875,0.010249,0,0,48.08972,0,0,1000,50,-1.827789
08.08.2026,02:35:31,63283,0.015342,0.075437,-0.06,-0.2,-14.1875,-3.25,292.25,0.009503,0,0,48.09067,0,0,1000,50,-2.01133
08.08.2026,02:35:31,63389,0.009205,0.075204,-0.05,-0.2,-14.1875,-3.1875,292.25,0.007231,0,0,48.09139,0,0,1000,50,-1.817596
08.08.2026,02:35:31,63495,0.020456,0.045037,-0.05,-0.21,-14.1875,-3.1875,292.3125,0.005209,0,0,48.09192,0,0,1000,50,-1.05674
08.08.2026,02:35:31,63601,0.016365,0.064935,-0.08,-0.22,-14.1875,-3.125,292.3125,0.00091,0,0,48.09232,0,0,1000,50,-1.915878
08.08.2026,02:35:31,63707,0.007159,0.054906,-0.07,-0.23,-14.125,-3.125,292.3125,-0.001663,0,0,48.09216,0,0,1000,50,-2.750565
08.08.2026,02:35:31,63813,0.017387,0.05509,-0.07,-0.21,-14,-3.125,292.3125,-0.004072,0,0,48.09175,0,0,1000,50,-2.229515
08.08.2026,02:35:31,63919,0.010228,0.055322,-0.09,-0.24,-13.9375,-3.125,292.3125,-0.007195,0,0,48.09103,0,0,1000,50,-2.512459
08.08.2026,02:35:31,64025,0.014319,0.055611,-0.08,-0.26,-13.9375,-3.125,292.3125,-0.009006,0,0,48.09013,0,0,1000,50,-3.371597
08.08.2026,02:35:31,64131,0.019433,0.075939,-0.08,-0.26,-13.9375,-3.125,292.3125,-0.010185,0,0,48.08911,0,0,1000,50,-2.757935
08.08.2026,02:35:31,64237,0.012273,0.076267,-0.06,-0.22,-13.9375,-3.125,292.3125,-0.010198,0,0,48.08809,0,0,1000,50,-2.757935
08.08.2026,02:35:31,64343,0.014319,0.066574,-0.09,-0.2,-14.0625,-3.125,292.3125,-0.009542,0,0,48.08714,0,0,1000,50,-1.735748
08.08.2026,02:35:31,64449,0.015342,0.056899,-0.08,-0.23,-14.1875,-3.125,292.3125,-0.010136,0,0,48.08612,0,0,1000,50,-2.066467
08.08.2026,02:35:31,64555,0.010228,0.067232,-0.07,-0.22,-14.25,-3.125,292.3125,-0.010336,0,0,48.08509,0,0,1000,50,-1.513596
08.08.2026,02:35:31,64661,0.016365,0.067565,-0.06,-0.24,-14.25,-3.125,292.3125,-0.010366,0,0,48.08405,0,0,1000,50,-1.390862
08.08.2026,02:35:31,64767,0.016365,0.057895,-0.07,-0.21,-14.25,-3.125,292.3125,-0.010246,0,0,48.08302,0,0,1000,50,-1.574959
08.08.2026,02:35:31,64873,0.012273,0.05823,-0.08,-0.23,-14.25,-3.125,292.3125,-0.010441,0,0,48.08198,0,0,1000,50,-1.574959
08.08.2026,02:35:31,64979,0.020456,0.078589,-0.09,-0.21,-14.1875,-3.125,292.3125,-0.011164,0,0,48.08086,0,0,1000,50,-1.332893
08.08.2026,02:35:31,65085,0.016365,0.078941,-0.07,-0.23,-14.125,-3.125,292.3125,-0.010947,0,0,48.07977,0,0,1000,50,-1.673813
08.08.2026,02:35:31,65191,0.012273,0.079297,-0.1,-0.23,-14.125,-3.125,292.3125,-0.011045,0,0,48.07866,0,0,1000,50,-2.686371
08.08.2026,02:35:31,65297,0.009205,0.07965,-0.11,-0.23,-14.125,-3.125,292.3125,-0.010981,0,0,48.07756,0,0,1000,50,-1.980644
08.08.2026,02:35:31,65403,0.015342,0.059968,-0.11,-0.23,-14.125,-3.125,292.3125,-0.009255,0,0,48.07564,0,0,1000,50,-2.072693
08.08.2026,02:35:31,65509,0.011251,0.070266,-0.11,-0.24,-14.125,-3.125,292.3125,-0.008812,0,0,48.07476,0,0,1000,50,-2.072693
08.08.2026,02:35:31,65615,0.019433,0.060549,-0.11,-0.21,-14.1875,-3.125,292.3125,-0.009073,0,0,48.07385,0,0,1000,50,-1.363571
08.08.2026,02:35:31,65721,0.016365,0.040841,-0.08,-0.23,-14.25,-3.125,292.3125,-0.009948,0,0,48.07286,0,0,1000,50,-1.206764
08.08.2026,02:35:31,65827,0.014319,0.061498,-0.09,-0.22,-14.25,-3.125,292.3125,-0.010481,0,0,48.07181,0,0,1000,50,-1.759064
08.08.2026,02:35:31,65933,0.010228,0.071851,-0.09,-0.23,-14.25,-3.125,292.3125,-0.010974,0,0,48.07071,0,0,1000,50,-1.973846
08.08.2026,02:35:31,66039,0.017387,0.072193,-0.09,-0.23,-14.25,-3.125,292.3125,-0.010646,0,0,48.06964,0,0,1000,50,-1.789749
08.08.2026,02:35:31,66145,0.013296,0.072496,-0.09,-0.23,-14.25,-3.125,292.3125,-0.009428,0,0,48.0687,0,0,1000,50,-2.004532
08.08.2026,02:35:31,66251,0.011251,0.072775,-0.09,-0.23,-14.1875,-3.125,292.3125,-0.008661,0,0,48.06784,0,0,1000,50,-1.67041
08.08.2026,02:35:31,66357,0.015342,0.053041,-0.09,-0.25,-14.125,-3.125,292.3125,-0.00829,0,0,48.06701,0,0,1000,50,-2.655685
08.08.2026,02:35:31,66463,0.017387,0.053327,-0.09,-0.23,-14.125,-3.125,292.3125,-0.008879,0,0,48.06612,0,0,1000,50,-2.993202
08.08.2026,02:35:31,66569,0.016365,0.063644,-0.09,-0.23,-14.125,-3.125,292.3125,-0.009865,0,0,48.06513,0,0,1000,50,-1.888596
08.08.2026,02:35:31,66675,0.008182,0.073956,-0.09,-0.23,-14.125,-3.125,292.3125,-0.009711,0,0,48.06416,0,0,1000,50,-1.919281
08.08.2026,02:35:31,66781,0.010228,0.064237,-0.09,-0.24,-14.125,-3.125,292.3125,-0.008739,0,0,48.06329,0,0,1000,50,-2.195435
08.08.2026,02:35:31,66887,0.016365,0.084489,-0.06,-0.23,-14.1875,-3.125,292.3125,-0.007841,0,0,48.0625,0,0,1000,50,-2.376137
08.08.2026,02:35:31,66993,0.009205,0.064695,-0.08,-0.22,-14.1875,-3.125,292.3125,-0.006404,0,0,48.06186,0,0,1000,50,-2.130669
08.08.2026,02:35:31,67099,0.008182,0.054894,-0.08,-0.23,-14.1875,-3.125,292.3125,-0.006161,0,0,48.06124,0,0,1000,50,-1.793144
08.08.2026,02:35:31,67205,0.012273,0.05512,-0.07,-0.23,-14.1875,-3.125,292.3125,-0.006384,0,0,48.0599,0,0,1000,50,-1.639732
08.08.2026,02:35:31,67311,0.015342,0.085528,-0.1,-0.22,-14.1875,-3.125,292.3125,-0.006293,0,0,48.05927,0,0,1000,50,-2.099976
08.08.2026,02:35:31,67417,0.008182,0.06569,-0.09,-0.23,-14.1875,-3.125,292.3125,-0.005046,0,0,48.05877,0,0,1000,50,-2.682968
08.08.2026,02:35:31,67523,0.01841,0.06583,-0.11,-0.23,-14.1875,-3.125,292.3125,-0.004366,0,0,48.05833,0,0,1000,50,-1.701096
08.08.2026,02:35:31,67629,0.010228,0.055985,-0.13,-0.23,-14.1875,-3.125,292.3125,-0.004795,0,0,48.05785,0,0,1000,50,-2.621605
08.08.2026,02:35:31,67735,0.010228,0.066142,-0.1,-0.23,-14.1875,-3.125,292.3125,-0.00488,0,0,48.05736,0,0,1000,50,-1.885193
08.08.2026,02:35:31,67841,0.014319,0.066278,-0.11,-0.23,-14.1875,-3.125,292.3125,-0.00423,0,0,48.05694,0,0,1000,50,-1.946564
08.08.2026,02:35:31,67947,0.013296,0.086423,-0.1,-0.23,-14.1875,-3.125,292.3125,-0.004511,0,0,48.05649,0,0,1000,50,-1.915878
08.08.2026,02:35:31,68053,0.011251,0.066519,-0.07,-0.22,-14.1875,-3.125,292.3125,-0.002988,0,0,48.05619,0,0,1000,50,-2.222717
08.08.2026,02:35:31,68159,0.016365,0.066602,-0.11,-0.23,-14.1875,-3.125,292.3125,-0.002604,0,0,48.05593,0,0,1000,50,-1.82383
08.08.2026,02:35:31,68265,0.009205,0.086686,-0.08,-0.21,-14.1875,-3.125,292.3125,-0.002603,0,0,48.05567,0,0,1000,50,-1.639725
08.08.2026,02:35:31,68371,0.010228,0.07673,-0.08,-0.21,-14.1875,-3.125,292.3125,-0.001368,0,0,48.05553,0,0,1000,50,-2.161346
08.08.2026,02:35:31,68477,0.010228,0.076764,-0.09,-0.24,-14.1875,-3.125,292.3125,-0.001066,0,0,48.05543,0,0,1000,50,-2.529549
08.08.2026,02:35:31,68583,0.015342,0.056804,-0.1,-0.24,-14.1875,-3.125,292.3125,-0.001233,0,0,48.05531,0,0,1000,50,-2.03862
08.08.2026,02:35:31,68689,0.008182,0.066857,-0.11,-0.26,-14.1875,-3.125,292.3125,-0.001633,0,0,48.05514,0,0,1000,50,-2.4375
08.08.2026,02:35:31,68795,0.013296,0.096909,-0.11,-0.23,-14.1875,-3.125,292.3125,-0.001624,0,0,48.05498,0,0,1000,50,-1.27153
08.08.2026,02:35:31,68901,0.011251,0.086946,-0.11,-0.23,-14.1875,-3.125,292.3125,0.000451,0,0,48.0549,0,0,1000,50,-2.406815
08.08.2026,02:35:31,69007,0.012273,0.066932,-0.09,-0.24,-14.1875,-3.125,292.3125,0.000904,0,0,48.055,0,0,1000,50,-1.762459
08.08.2026,02:35:31,69113,0.012273,0.046903,-0.11,-0.25,-14.1875,-3.125,292.3125,0.000082,0,0,48.055,0,0,1000,50,-1.977249
08.08.2026,02:35:31,69219,0.012273,0.076902,-0.11,-0.21,-14.1875,-3.125,292.3125,-0.001427,0,0,48.05486,0,0,1000,50,-2.069298
08.08.2026,02:35:31,69325,0.012273,0.077005,-0.09,-0.21,-14.1875,-3.125,292.3125,-0.001777,0,0,48.05468,0,0,1000,50,-2.253403
08.08.2026,02:35:31,69431,0.010228,0.057072,-0.09,-0.23,-14.1875,-3.125,292.3125,-0.002072,0,0,48.05448,0,0,1000,50,-2.253403
08.08.2026,02:35:31,69537,0.01841,0.067101,-0.09,-0.25,-14.1875,-3.125,292.3125,-0.000924,0,0,48.05439,0,0,1000,50,-1.946564
08.08.2026,02:35:31,69643,0.009205,0.077141,-0.07,-0.22,-14.1875,-3.125,292.3125,-0.001224,0,0,48.05426,0,0,1000,50,-2.161346
08.08.2026,02:35:31,69749,0.009205,0.057188,-0.07,-0.23,-14.1875,-3.125,292.3125,-0.001479,0,0,48.05412,0,0,1000,50,-2.253395
08.08.2026,02:35:31,69855,0.011251,-0.142718,0.17,0.03,-14.125,-3.0625,292.1875,-0.002913,0,0,48.05383,0,0,1000,50,-2.529549
08.08.2026,02:35:31,69961,0.010228,0.007785,0,-0.24,-13.1875,-1.9375,291.75,-0.015651,0,0,48.05226,0,0,1000,50,-4.063629
08.08.2026,02:35:31,70067,0.016365,0.278528,0.07,-0.74,-11.9375,-0.25,291.0625,-0.0231,0,0,48.04995,0,0,1000,50,-7.731781
08.08.2026,02:35:31,70173,0.015342,0.098865,0.02,-0.22,-11.625,0,290.1875,-0.010467,0,0,48.0489,0,0,1000,50,-10.12783
08.08.2026,02:35:31,70279,0.017387,-0.080903,-0.24,-0.08,-10.4375,-0.125,288.6875,-0.007234,0,0,48.04818,0,0,1000,50,-12.44996
08.08.2026,02:35:31,70385,0.012273,-0.02049,-0.24,-0.39,-8.5625,-0.375,287.1875,-0.012829,0,0,48.0469,0,0,1000,50,-18.10338
08.08.2026,02:35:31,70491,0.021478,-0.169892,-0.16,-0.33,-7.1875,-1.125,285.25,-0.018595,0,0,48.04504,0,0,1000,50,-24.04031
08.08.2026,02:35:31,70597,0.023524,-0.158951,-0.04,-0.19,-6.8125,-0.6875,283.5625,-0.029271,0,0,48.04211,0,0,1000,50,-23.61414
08.08.2026,02:35:31,70703,0.032729,0.022685,0.13,-0.37,-6.9375,2,282,-0.051293,0,0,48.03189,0,0,1000,46.90625,-23.16928
08.08.2026,02:35:31,70809,0.026592,0.095748,0.13,-0.27,-7.3125,5.5625,280.125,-0.043964,0,0,48.0275,0,0,1000,42.25,-23.13067
08.08.2026,02:35:31,70915,0.041934,0.016974,0.26,-0.17,-7.4375,6.6875,278.4375,-0.038112,0,0,48.02369,0,0,1000,36,-21.39879
08.08.2026,02:35:31,71021,0.033752,0.11818,0.09,-0.37,-7,6.375,276.5,-0.037502,0,0,48.01994,0,0,1000,28.5,-22.91588
08.08.2026,02:35:31,71127,0.038866,0.398871,-0.68,-0.04,-6.25,4.8125,274.9375,-0.021509,0,0,48.01779,0,0,1000,18.65625,-25.22375
08.08.2026,02:35:31,71233,0.048071,0.10866,-0.33,-0.35,-4.75,1.8125,274.5,0.006588,0,0,48.01845,0,0,1000,17.6875,-30.00557
08.08.2026,02:35:31,71339,0.049094,-0.54131,-0.3,0.42,-2.875,-5.625,274.25,-0.00094,0,0,48.01835,0,0,1000,16.4375,-34.06071
08.08.2026,02:35:31,71445,0.049094,-0.089839,-0.05,-0.22,-1.875,-6.125,275.5,-0.045758,0,0,48.01377,0,0,1000,23.25,-37.19363
08.08.2026,02:35:31,71551,0.045003,-0.007926,-0.24,0.35,-1.3125,-4.8125,277.4375,-0.059476,0,0,48.00783,0,0,1000,31.3125,-40
08.08.2026,02:35:31,71657,0.041934,-0.06605,-0.06,0.43,0.3125,-2.375,280.125,-0.05834,0,0,48.002,0,0,1000,42.6875,-40
08.08.2026,02:35:31,71763,0.047048,0.525562,0.02,-1.37,3.125,1.0625,283.625,-0.050136,0,0,47.99698,0,0,1000,50,-40
08.08.2026,02:35:31,71869,0.04398,-1.044192,0.78,-0.23,4,-1.8125,285.9375,-0.007645,0,0,47.99622,0,0,1000,50,-40
08.08.2026,02:35:31,71975,0.050116,-1.413396,0.48,1.03,3.125,-2.875,286.75,-0.024744,0,0,47.99374,0,0,1000,50,-40
08.08.2026,02:35:31,72081,0.056253,0.171056,0.15,0,4.5625,0.25,286,-0.138444,0,0,47.9799,0,0,1000,50,-40
08.08.2026,02:35:31,72187,0.060344,0.555404,0.27,-0.62,7.4375,2.1875,284.3125,-0.135236,0,0,47.96638,0,0,1000,50,-40
08.08.2026,02:35:31,72293,0.074663,0.218279,-0.05,0.14,11.0625,-0.625,282,-0.089409,0,0,47.95744,0,0,1000,49.75,-40
08.08.2026,02:35:31,72399,0.086937,-0.230553,-0.24,0.49,14.125,-4.8125,280.9375,-0.036291,0,0,47.95381,0,0,1000,45,-40
08.08.2026,02:35:31,72505,0.093073,-0.789353,0.47,-0.55,17.5,-7.0625,280.3125,-0.09826,0,0,47.94025,0,0,1000,41.09375,-40
08.08.2026,02:35:31,72611,0.104324,0.533807,-0.33,-0.52,17.6875,-5.9375,280.5625,-0.09909,0,0,47.93034,0,0,1000,42.5625,-40
08.08.2026,02:35:31,72717,0.105347,0.276993,-0.37,0.6,16.5625,-8.75,279.8125,-0.049493,0,0,47.92539,0,0,1000,38,-40
08.08.2026,02:35:31,72823,0.103301,-0.819859,-0.33,0.7,17.3125,-16.9375,277.8125,-0.048378,0,0,47.92055,0,0,1000,31.59375,-40
08.08.2026,02:35:31,72929,0.101256,-0.656676,0.14,0.76,18.5,-20.875,276.75,-0.098992,0,0,47.91065,0,0,1000,25.90625,-40
08.08.2026,02:35:31,73035,0.081823,-0.861093,0.81,0.56,21.5,-24,275.125,-0.173606,0,0,47.89329,0,0,1000,19.71875,-40
08.08.2026,02:35:31,73141,0.071595,0.275418,0.75,-0.3,23.25,-22.4375,275.8125,-0.202494,0,0,47.87304,0,0,1000,24.34375,-40
08.08.2026,02:35:31,73247,0.065458,-0.258818,-0.51,0.8,22.625,-20.0625,278.375,-0.179227,0,0,47.85512,0,0,1000,33.5,-40
08.08.2026,02:35:31,73353,0.054208,0.405495,0.08,-0.52,24.5625,-20.9375,279.9375,-0.134138,0,0,47.84171,0,0,1000,40,-40
08.08.2026,02:35:31,73459,0.028638,-1.032265,0.26,0.05,26.9375,-25.625,279.1875,-0.069659,0,0,47.83474,0,0,1000,37.5,-40
08.08.2026,02:35:31,73565,0.019433,0.09184,-0.18,-0.03,26.25,-24.75,279.9375,-0.127645,0,0,47.82198,0,0,1000,40.6875,-40
08.08.2026,02:35:31,73671,0.022501,0.165883,0.35,0.27,24.75,-22.5625,280.625,-0.12573,0,0,47.80941,0,0,1000,42.5,-40
08.08.2026,02:35:31,73777,0.022501,0.118165,0.11,-0.08,26.5,-23.5625,279.6875,-0.070975,0,0,47.80231,0,0,1000,40.125,-40
08.08.2026,02:35:31,73883,0.017387,-0.349817,0.21,0.48,30.75,-25.8125,277.6875,-0.062741,0,0,47.79603,0,0,1000,29.1875,-40
08.08.2026,02:35:31,73989,0.011251,-0.617165,0.12,0.31,35,-25.75,276.125,-0.08247,0,0,47.78778,0,0,1000,23.40625,-40
08.08.2026,02:35:31,74095,0.015342,-0.283709,0.3,0.27,37.8125,-23.5,275.5625,-0.107489,0,0,47.77703,0,0,1000,21.78125,-40
08.08.2026,02:35:31,74201,0.02557,0.53034,0.6,-0.58,39.1875,-20.375,275.9375,-0.097075,0,0,47.75473,0,0,1000,23.75,-40
08.08.2026,02:35:31,74307,0.030684,-0.41415,-0.93,0.58,39.125,-19.1875,275.9375,-0.074269,0,0,47.74731,0,0,1000,24,-40
08.08.2026,02:35:31,74413,0.01841,-0.720848,-0.88,1.15,37.875,-19.0625,276.125,-0.102689,0,0,47.73704,0,0,1000,23.75,-40
08.08.2026,02:35:31,74519,0.016365,-0.586383,-0.49,0.86,35.0625,-18.625,277.625,-0.138831,0,0,47.72316,0,0,1000,28,-40
08.08.2026,02:35:31,74625,0,-0.221233,-0.58,0.7,31.25,-17.8125,280.75,-0.160151,0,0,47.70714,0,0,1000,45.5,-40
08.08.2026,02:35:31,74731,0,-0.405728,-0.32,0.85,27.625,-18.375,283.875,-0.171216,0,0,47.69002,0,0,1000,50,-40
08.08.2026,02:35:31,74837,0,-0.510363,0.37,0.74,23.375,-20.6875,287.875,-0.16683,0,0,47.67334,0,0,1000,50,-40
08.08.2026,02:35:31,74943,0,-0.894788,-0.4,0.09,20.25,-21.375,291.0625,-0.173368,0,0,47.656,0,0,1000,50,-40
08.08.2026,02:35:31,75049,0,-1.098025,-0.75,0.12,17.375,-20.375,293.125,-0.2103,0,0,47.63497,0,0,1000,50,-40
08.08.2026,02:35:31,75155,0,-0.49997,-1.14,-0.04,14.4375,-15.9375,294.125,-0.250492,0,0,47.60992,0,0,1000,50,-40
08.08.2026,02:35:31,75261,0,1.858001,-0.63,-0.3,10.1875,-7.0625,292.6875,-0.247894,0,0,47.58514,0,0,1000,50,-40
08.08.2026,02:35:31,75367,0,-0.017968,0.19,-0.14,7.1875,-7.5,289.75,-0.125358,0,0,47.5726,0,0,1000,50,-40
08.08.2026,02:35:31,75473,0,-0.968251,0.95,0.79,4,-8.3125,288.8125,0.008826,0,0,47.57348,0,0,1000,50,-40
08.08.2026,02:35:31,75579,0,1.023901,1.51,-0.74,1.0625,0.5625,291.3125,-0.066949,0,0,47.56679,0,0,1000,50,-40
08.08.2026,02:35:31,75685,0,0.493919,-0.13,-0.44,-0.9375,4.8125,293.625,-0.000552,0,0,47.56673,0,0,1000,50,-40
08.08.2026,02:35:31,75791,0,-0.057988,-1.25,-0.51,-3.75,3.3125,296.625,0.059293,0,0,47.57266,0,0,1000,50,-36.9375
08.08.2026,02:35:31,75897,0,0.671249,-0.85,-1.1,-7,-2.3125,298.5,0.023752,0,0,47.57504,0,0,1000,50,-28.3125
08.08.2026,02:35:31,76003,0,0.919978,-0.81,-1.32,-11.0625,-13.125,299.3125,0.087624,0,0,47.58775,0,0,1000,50,-16.5
08.08.2026,02:35:31,76109,0,-0.762839,2.8,1.4,-15.625,-24.875,300.0625,0.063983,0,0,47.59415,0,0,1000,50,-1.5
08.08.2026,02:35:31,76215,0,0.345103,-0.41,0.77,-19.25,-25.75,305.8125,0.034552,0,0,47.59761,0,0,1000,50,16.03125
08.08.2026,02:35:31,76321,0,-0.598375,-1.37,0.1,-22.125,-23.0625,318.875,0.073623,0,0,47.60497,0,0,1000,50,22.90625
08.08.2026,02:35:31,76427,0,-0.039404,-1.6,-1.13,-20.125,-17.5625,330.125,0.031982,0,0,47.60817,0,0,1000,50,15.8125
08.08.2026,02:35:31,76533,0,1.279388,-2.51,-1,-17,-7.0625,340.0625,0.037583,0,0,47.61192,0,0,1000,50,3.34375
08.08.2026,02:35:31,76639,0,2.834839,-0.73,-2.41,-16.25,-1,344,0.14144,0,0,47.62607,0,0,1000,50,3.75
08.08.2026,02:35:31,76745,0,0.25339,-0.32,-1.34,-19.125,-0.25,341,0.356029,0,0,47.66167,0,0,1000,50,11.59375
08.08.2026,02:35:31,76851,0,0.471456,-0.78,-1.37,-23.0625,3.375,337.3125,0.37114,0,0,47.69878,0,0,1000,50,20.4375
08.08.2026,02:35:31,76957,0,0.390893,-0.48,-1.29,-27.25,2.4375,334.9375,0.328463,0,0,47.73163,0,0,1000,50,33.1875
08.08.2026,02:35:31,77063,0,-0.388965,0.82,0.36,-30.375,-1,333.5625,0.306572,0,0,47.76229,0,0,1000,50,40
08.08.2026,02:35:31,77169,0,0.743054,-0.67,0.04,-29.5625,-3.125,333.5,0.248199,0,0,47.78711,0,0,1000,50,40
08.08.2026,02:35:31,77275,0,-0.505996,-0.35,0.27,-26.9375,-8.375,334.75,0.281416,0,0,47.81525,0,0,1000,50,37.5
08.08.2026,02:35:31,77381,0,-0.094345,0.31,0.55,-26.125,-9.8125,336.3125,0.259643,0,0,47.84121,0,0,1000,50,33.375
08.08.2026,02:35:31,77487,0,-0.009972,0.69,0.71,-27.625,-7.375,338.4375,0.174971,0,0,47.85871,0,0,1000,50,39.75
08.08.2026,02:35:31,77593,0,0.584066,0.24,0.65,-31.1875,-4,339.5,0.185409,0,0,47.87725,0,0,1000,50,40
08.08.2026,02:35:31,77699,0,1.887208,-0.35,-1.35,-34.8125,-1.0625,338.875,0.213253,0,0,47.89857,0,0,1000,50,40
08.08.2026,02:35:31,77805,0,-0.382813,-0.68,-1.55,-35.8125,-11.6875,337.0625,0.328852,0,0,47.96083,0,0,1000,50,40
08.08.2026,02:35:31,77911,0,1.397711,-1,0,-32.5625,-18.125,333.4375,0.294669,0,0,47.9903,0,0,1000,50,40
08.08.2026,02:35:31,78017,0,-1.512289,-1.6,0.57,-28.1875,-24.1875,328.9375,0.304003,0,0,48.0207,0,0,1000,50,35.5
08.08.2026,02:35:31,78123,0,-1.842065,-0.25,1.12,-24.625,-26.75,324.125,0.120171,0,0,48.03272,0,0,1000,50,25.59375
08.08.2026,02:35:31,78229,0,-0.085929,-0.28,0.76,-22.375,-25.4375,321.0625,-0.011295,0,0,48.03159,0,0,1000,50,20.71875
08.08.2026,02:35:31,78335,0,-0.155316,0.14,1.23,-19.9375,-24.25,317.625,-0.007774,0,0,48.03081,0,0,1000,50,16.6875
08.08.2026,02:35:31,78441,0,0.704949,0.19,0.79,-18.9375,-21.875,315.25,-0.008231,0,0,48.02999,0,0,1000,50,11.625
08.08.2026,02:35:31,78547,0,-0.726765,0.2,0.68,-20.375,-19.6875,313.25,0.053296,0,0,48.03532,0,0,1000,50,14.4375
08.08.2026,02:35:31,78653,0,-0.75649,-0.01,-0.4,-22.6875,-16.625,309.875,-0.008546,0,0,48.03446,0,0,1000,50,25.09375
08.08.2026,02:35:31,78759,0,-0.334482,-0.5,-0.43,-26.125,-11.75,305.3125,-0.062449,0,0,48.02822,0,0,1000,50,36.96875
08.08.2026,02:35:31,78865,0,-0.632164,-0.25,-0.29,-29.9375,-7.8125,298.125,-0.072082,0,0,48.02101,0,0,1000,50,40
08.08.2026,02:35:31,78971,0,-0.659096,-0.47,-0.6,-30.75,-4.25,292.8125,-0.095422,0,0,48.01147,0,0,1000,50,40
08.08.2026,02:35:31,79077,0,0.275639,-1.03,-1.13,-30.4375,4.0625,286.875,-0.147235,0,0,47.99674,0,0,1000,50,40
08.08.2026,02:35:31,79183,0,0.019982,-1.13,-1.41,-29.1875,10.5,281.5625,-0.135046,0,0,47.98324,0,0,1000,42.5,40
08.08.2026,02:35:31,79289,0,0.243199,-0.32,-1.72,-25.5625,13.4375,274.4375,-0.100037,0,0,47.97324,0,0,1000,24.75,34.5
08.08.2026,02:35:31,79395,0,0.805955,-0.11,-1.96,-21.9375,13.0625,268,-0.085728,0,0,47.96466,0,0,1000,0,24.1875
08.08.2026,02:35:31,79501,0,0.306107,0.29,-0.87,-18.875,7.8125,260.5625,0.065732,0,0,47.97077,0,0,1000,-28.5,13.875
08.08.2026,02:35:31,79607,0,2.043993,0.13,0.49,-17.5625,6.5,252.6875,0.129053,0,0,47.98367,0,0,1000,-50,7.0625
08.08.2026,02:35:31,79713,0,-0.150157,-0.09,0.58,-18.3125,5.5,246.5,0.302783,0,0,48.01395,0,0,1000,-50,11.03125
08.08.2026,02:35:31,79819,0,-0.645067,0.49,0.6,-20.5625,7.125,238.375,0.160888,0,0,48.03004,0,0,1000,-50,16.625
08.08.2026,02:35:31,79925,0,-1.207396,0.22,-0.98,-20.625,8.5,233.75,0.072407,0,0,48.03728,0,0,1000,-50,17.25
08.08.2026,02:35:31,80031,0,-1.12559,0.26,-1.22,-19.9375,8.125,228.375,-0.05615,0,0,48.03167,0,0,1000,-50,14.34375
08.08.2026,02:35:31,80137,0,-0.561176,0.17,-1.38,-18.9375,6.75,222.875,-0.137274,0,0,48.01794,0,0,1000,-50,11.34375
08.08.2026,02:35:31,80243,0,-1.225156,0.64,-0.34,-18.5,4.75,217.4375,-0.187208,0,0,47.99921,0,0,1000,-50,10.1875
08.08.2026,02:35:31,80349,0,-0.756787,0.28,0.47,-18.5625,6.5625,211.25,-0.260246,0,0,47.97319,0,0,1000,-50,10.875
08.08.2026,02:35:31,80455,0,-1.09718,-0.97,0.17,-17.8125,7.125,206.5,-0.298758,0,0,47.94331,0,0,1000,-50,9.9375
08.08.2026,02:35:31,80561,0,-0.365743,-1.42,-0.79,-16.5625,5.5625,202.4375,-0.355673,0,0,47.90775,0,0,1000,-50,5.8125
08.08.2026,02:35:31,80667,0,-0.284063,-0.55,-0.93,-14.4375,3.25,198.875,-0.363208,0,0,47.87143,0,0,1000,-50,0
08.08.2026,02:35:31,80773,0,-0.792535,-0.07,-0.41,-12.375,0.5,195.5625,-0.358503,0,0,47.83558,0,0,1000,-50,-6.75
08.08.2026,02:35:31,80879,0,0.409207,-0.14,-0.34,-11.875,2.125,195.6875,-0.365116,0,0,47.79906,0,0,1000,-50,-9.375
08.08.2026,02:35:31,80985,0,-1.040651,0.03,0.2,-12.25,-0.125,196.75,-0.315409,0,0,47.76752,0,0,1000,-50,-8.625
08.08.2026,02:35:31,81091,0,-1.121095,-0.17,-0.11,-12.1875,-1.6875,197.9375,-0.297149,0,0,47.73781,0,0,1000,-50,-8.90625
08.08.2026,02:35:31,81197,0,-1.359586,-0.49,0.1,-11.375,-1.9375,198.9375,-0.357916,0,0,47.70201,0,0,1000,-50,-11.65625
08.08.2026,02:35:31,81303,0,-0.69669,-0.57,-0.64,-9.6875,-2.25,200.5,-0.432563,0,0,47.61866,0,0,1000,-50,-15.1875
08.08.2026,02:35:31,81409,0,-1.06278,-0.34,0.14,-8.1875,-3.875,201.3125,-0.421985,0,0,47.57646,0,0,1000,-50,-21.53125
08.08.2026,02:35:31,81515,0,-0.59921,-0.24,-0.09,-7.5625,-4.875,201.9375,-0.444293,0,0,47.53203,0,0,1000,-50,-22.78125
08.08.2026,02:35:31,81621,0,0.155077,-0.17,-0.23,-7.125,-5.1875,202.25,-0.417916,0,0,47.49024,0,0,1000,-50,-24.25
08.08.2026,02:35:31,81727,0,0.198516,-0.18,0.25,-7,-7.5,201.375,-0.297388,0,0,47.4605,0,0,1000,-50,-24
08.08.2026,02:35:31,81833,0,-0.762555,0.92,0.54,-7.875,-9.3125,200.5,-0.291238,0,0,47.43137,0,0,1000,-50,-22.125
08.08.2026,02:35:31,81939,0,1.496764,0.2,-0.67,-8.25,-7.0625,200.9375,-0.289819,0,0,47.40239,0,0,1000,-50,-20.4375
08.08.2026,02:35:31,82045,0,-0.738994,0.43,0.93,-8.5,-9.5,199.875,-0.131906,0,0,47.3892,0,0,1000,-50,-19.875
08.08.2026,02:35:31,82151,0,0.115368,0.52,0.42,-9.1875,-10.0625,199,-0.135642,0,0,47.37564,0,0,1000,-50,-16.8125
08.08.2026,02:35:31,82257,0,0.258493,0,0.61,-9.1875,-9.4375,197.75,-0.097178,0,0,47.36592,0,0,1000,-50,-17.21875
08.08.2026,02:35:31,82363,0,0.399397,0.71,0.23,-9.25,-9.5,194.8125,-0.028127,0,0,47.36311,0,0,1000,-50,-17.8125
08.08.2026,02:35:31,82469,0,1.480411,0.36,-0.35,-10.1875,-9.125,191.3125,-0.031529,0,0,47.35995,0,0,1000,-50,-14.09375
08.08.2026,02:35:31,82575,0,0.406756,0.9,-0.08,-10.125,-12.9375,186.25,0.113671,0,0,47.37132,0,0,1000,-50,-15.09375
08.08.2026,02:35:31,82681,0,-0.008662,0.95,-0.87,-8.6875,-14.625,181,0.168467,0,0,47.38817,0,0,1000,-50,-20.65625
08.08.2026,02:35:31,82787,0,0.526135,0.59,-0.81,-6.4375,-14.5,174.9375,0.161799,0,0,47.40435,0,0,1000,-50,-24.96875
08.08.2026,02:35:31,82893,0,-0.179336,0.35,0,-5.3125,-14.5625,169.75,0.170153,0,0,47.42136,0,0,1000,-50,-28.5
08.08.2026,02:35:31,82999,0,0.125202,0.37,-0.95,-6.25,-11.625,164.6875,0.169862,0,0,47.43835,0,0,1000,-50,-27.9375
08.08.2026,02:35:31,83105,0,0.090582,0.56,-0.88,-8.6875,-9.5,158.3125,0.138099,0,0,47.46652,0,0,1000,-50,-21.375
08.08.2026,02:35:31,83211,0,-0.583858,0.68,-0.57,-11.5,-8,151.5,0.091528,0,0,47.47567,0,0,1000,-50,-8.46875
08.08.2026,02:35:31,83317,0,-0.189002,-0.33,-0.04,-14.6875,-5.0625,141.875,0.06844,0,0,47.48252,0,0,1000,-50,-2.8125
08.08.2026,02:35:31,83423,0,-0.949647,-0.12,0.08,-15.5,-6.125,133,0.020031,0,0,47.48452,0,0,1000,-50,1.3125
08.08.2026,02:35:31,83529,0,-0.678078,-0.42,-0.83,-14.9375,-6.3125,124.375,-0.048794,0,0,47.47964,0,0,1000,-50,-0.8125
08.08.2026,02:35:31,83635,0,-1.264557,-0.48,-0.86,-14.25,-7,117.5,-0.109489,0,0,47.46869,0,0,1000,-50,-2.875
08.08.2026,02:35:31,83741,0,-1.228536,-0.72,-0.39,-13.1875,-7.3125,109.125,-0.187241,0,0,47.44997,0,0,1000,-50,-5.5625
08.08.2026,02:35:31,83847,0,-1.361184,-0.73,0.9,-13.625,-8.4375,103.25,-0.228617,0,0,47.42711,0,0,1000,-50,-4.875
08.08.2026,02:35:31,83953,0,-1.69201,0.06,1.62,-14.6875,-9.375,98.125,-0.285283,0,0,47.39858,0,0,1000,-50,-1.875
08.08.2026,02:35:31,84059,0,-0.369393,-0.03,-0.12,-15.25,-9.3125,94,-0.392354,0,0,47.35934,0,0,1000,-50,0.75
08.08.2026,02:35:31,84165,0,-0.417926,0.05,-1.02,-14.875,-7,91.1875,-0.356605,0,0,47.32368,0,0,1000,-50,-0.6875
08.08.2026,02:35:31,84271,0,0.132694,-0.66,-2.29,-14.1875,-5.9375,89.0625,-0.330236,0,0,47.29066,0,0,1000,-50,-1.5
08.08.2026,02:35:31,84377,0,-0.839619,-0.03,-0.88,-13.6875,-5.875,88.75,-0.239071,0,0,47.26675,0,0,1000,-50,-3.5625
08.08.2026,02:35:31,84483,0,-0.211478,0.09,1.1,-13.25,-6.0625,89.1875,-0.253162,0,0,47.24144,0,0,1000,-50,-4.6875
08.08.2026,02:35:31,84589,0,-0.373579,0.31,2.89,-12.8125,-8.0625,89.75,-0.245638,0,0,47.21688,0,0,1000,-50,-6.1875
08.08.2026,02:35:31,84695,0,0.504279,-0.63,0.17,-13.1875,-9.8125,90.4375,-0.244358,0,0,47.19244,0,0,1000,-50,-4.65625
08.08.2026,02:35:31,84801,0,0.260353,-0.74,-2.04,-14,-9.375,91.3125,-0.153962,0,0,47.15816,0,0,1000,-50,-2.875
08.08.2026,02:35:31,84907,0,-0.144696,-0.53,-2.47,-14.5625,-9.1875,92.5625,-0.080444,0,0,47.15011,0,0,1000,-50,-1.59375
08.08.2026,02:35:31,85013,0,-0.232109,-0.35,-0.79,-15.5625,-8.8125,93.625,-0.100464,0,0,47.14006,0,0,1000,-50,2.9375
08.08.2026,02:35:31,85119,0,-1.358879,0.09,2.76,-16.5,-9.5,94.125,-0.086751,0,0,47.13139,0,0,1000,-50,5.125
08.08.2026,02:35:31,85225,0,1.073911,0.34,0.15,-16.6875,-10.0625,94.4375,-0.16416,0,0,47.11497,0,0,1000,-50,5.0625
08.08.2026,02:35:31,85331,0,-0.119056,-0.09,-0.88,-15.25,-10.625,95.5625,-0.054542,0,0,47.10952,0,0,1000,-50,2.25
08.08.2026,02:35:31,85437,0,0.661813,-0.77,-2.84,-13.4375,-10.5625,96.125,-0.027024,0,0,47.10682,0,0,1000,-50,-3
08.08.2026,02:35:31,85543,0,-0.809272,-0.43,-1.01,-11.9375,-12.5625,96.4375,0.03374,0,0,47.11019,0,0,1000,-50,-8.25
08.08.2026,02:35:31,85649,0,0.110929,0.07,1.78,-11.875,-10.375,97.4375,-0.006259,0,0,47.10957,0,0,1000,-50,-9.21875
08.08.2026,02:35:31,85755,0,0.131321,-1,1.05,-12.75,-12.5,98.9375,-0.012184,0,0,47.10835,0,0,1000,-50,-7.28125
08.08.2026,02:35:31,85861,0,-0.257846,-1.27,-0.17,-14.6875,-11.9375,100.625,-0.025912,0,0,47.10576,0,0,1000,-50,-1.25
08.08.2026,02:35:31,85967,0,0.901967,-1.19,-2.9,-15,-10.875,101.5625,0.005834,0,0,47.10634,0,0,1000,-50,0
08.08.2026,02:35:31,86073,0,-0.249935,-0.72,-1.85,-14.9375,-11.5625,102.6875,0.05912,0,0,47.11226,0,0,1000,-50,-0.34375
08.08.2026,02:35:31,86179,0,-0.212899,-0.7,0.34,-15.125,-10.5625,103.4375,0.092185,0,0,47.12148,0,0,1000,-50,0.6875
08.08.2026,02:35:31,86285,0,-0.50419,-0.81,1.75,-15.125,-12.9375,103.9375,0.040148,0,0,47.12549,0,0,1000,-50,0.21875
08.08.2026,02:35:31,86391,0,0.725632,-0.79,-0.03,-14.8125,-13.0625,104.75,0.005522,0,0,47.12604,0,0,1000,-50,0
08.08.2026,02:35:31,86497,0,0.493358,-1.23,-1.47,-14.25,-11.25,105.625,0.070728,0,0,47.13311,0,0,1000,-50,-2.5625
08.08.2026,02:35:31,86603,0,-0.069527,-1.22,-1.89,-14.25,-11.9375,106.875,0.139863,0,0,47.15607,0,0,1000,-50,-2.25
08.08.2026,02:35:31,86709,0,-0.314025,-0.69,-0.7,-14.625,-12,109.375,0.105064,0,0,47.16658,0,0,1000,-50,-0.65625
08.08.2026,02:35:31,86815,0,-0.780555,-0.33,3.26,-15.1875,-12.4375,114.125,0.098007,0,0,47.17638,0,0,1000,-50,0.375
08.08.2026,02:35:31,86921,0,0.19742,-1.62,1.04,-15.125,-13.625,118.9375,0.062978,0,0,47.18267,0,0,1000,-50,0.375
08.08.2026,02:35:31,87027,0,-0.115271,-1.59,0.27,-15.3125,-12.4375,124.6875,0.083671,0,0,47.19104,0,0,1000,-50,0.9375
08.08.2026,02:35:31,87133,0,0.931082,-1.83,-3.07,-15.25,-12.125,130.875,0.113428,0,0,47.20238,0,0,1000,-50,0.90625
08.08.2026,02:35:31,87239,0,-0.574195,-1.59,-1.2,-16.1875,-12.8125,136.5625,0.164097,0,0,47.21879,0,0,1000,-50,4.8125
08.08.2026,02:35:31,87345,0,0.841909,-0.84,1.76,-17.375,-11,142.5625,0.121155,0,0,47.23091,0,0,1000,-50,7.375
08.08.2026,02:35:31,87451,0,-0.153634,-0.93,1.22,-16.25,-15.4375,145.75,0.172373,0,0,47.24815,0,0,1000,-50,2.5
08.08.2026,02:35:31,87557,0,-0.057919,-0.9,0.06,-15.0625,-14.75,149.4375,0.133262,0,0,47.26147,0,0,1000,-50,-0.4375
08.08.2026,02:35:31,87663,0,0.747834,-1.52,-1.87,-15.3125,-13.1875,152.75,0.132059,0,0,47.27468,0,0,1000,-50,1.40625
08.08.2026,02:35:31,87769,0,-0.758084,-1.16,-1.09,-16.25,-14.8125,156.4375,0.184045,0,0,47.29308,0,0,1000,-50,3
08.08.2026,02:35:31,87875,0,-0.523311,-0.15,0.55,-17.0625,-14.0625,159.5,0.162534,0,0,47.30934,0,0,1000,-50,5.8125
08.08.2026,02:35:31,87981,0,-0.896246,-0.18,2.7,-16.25,-15.5625,162.0625,0.091273,0,0,47.31847,0,0,1000,-50,5.4375
08.08.2026,02:35:31,88087,0,0.762102,-0.95,0.97,-15.5,-15.9375,164.9375,0.051381,0,0,47.3236,0,0,1000,-50,1.03125
08.08.2026,02:35:31,88193,0,-0.070425,-0.84,-0.23,-15.875,-16.125,168.4375,0.078585,0,0,47.33146,0,0,1000,-50,3.09375
08.08.2026,02:35:31,88299,0,0.866273,-1.27,-3.36,-17.125,-16.4375,173.1875,0.102671,0,0,47.34173,0,0,1000,-50,6.03125
08.08.2026,02:35:31,88405,0,-0.129418,-0.78,-0.64,-18.3125,-16.875,175.4375,0.182558,0,0,47.37768,0,0,1000,-50,9.78125
08.08.2026,02:35:31,88511,0,0.064712,-0.2,1.78,-18.5625,-17.4375,176.4375,0.168451,0,0,47.39453,0,0,1000,-50,10.6875
08.08.2026,02:35:31,88617,0,-0.820705,0.27,2.4,-18.0625,-20.0625,176.25,0.087568,0,0,47.40329,0,0,1000,-50,8.71875
08.08.2026,02:35:31,88723,0,0.356479,0.42,-0.03,-17,-18.6875,175.75,0.068023,0,0,47.41009,0,0,1000,-50,4.59375
08.08.2026,02:35:31,88829,0,1.480128,-0.76,-3.44,-16,-15.875,175.1875,0.129467,0,0,47.42303,0,0,1000,-50,3.09375
08.08.2026,02:35:31,88935,0,-0.49749,-0.53,-1.39,-15.625,-18.1875,175.0625,0.236904,0,0,47.44672,0,0,1000,-50,2.0625
08.08.2026,02:35:31,89041,0,-0.53318,0.26,0.71,-15.5625,-17.375,175.6875,0.176956,0,0,47.46442,0,0,1000,-50,1.875
08.08.2026,02:35:31,89147,0,-1.346512,0.58,3.43,-15.5,-18.375,176.3125,0.103619,0,0,47.47478,0,0,1000,-50,1.5
08.08.2026,02:35:31,89253,0,-0.057121,-0.32,1.48,-15.375,-19.75,176.5625,0.018927,0,0,47.47667,0,0,1000,-50,1.125
08.08.2026,02:35:31,89359,0,0.882273,-0.76,-1.69,-15.375,-18.4375,176.8125,0.018844,0,0,47.47856,0,0,1000,-50,1.3125
08.08.2026,02:35:31,89465,0,1.079518,-0.95,-3.43,-15.4375,-18.5625,177,0.085683,0,0,47.48713,0,0,1000,-50,0.9375
08.08.2026,02:35:31,89571,0,-0.206431,-0.59,-0.54,-16.1875,-18.375,176.9375,0.184981,0,0,47.50562,0,0,1000,-50,4.5
08.08.2026,02:35:31,89677,0,-0.611731,-0.11,2.45,-16.75,-17.875,176.375,0.164823,0,0,47.52211,0,0,1000,-50,5.5625
08.08.2026,02:35:31,89783,0,-0.115161,0.26,1.26,-16.8125,-18.25,175.375,0.106663,0,0,47.53277,0,0,1000,-50,5.46875
08.08.2026,02:35:31,89889,0,0.393225,0,-0.47,-16.0625,-16.3125,174.625,0.050201,0,0,47.53779,0,0,1000,-50,2.5625
08.08.2026,02:35:31,89995,0,1.310765,-0.95,-3.14,-15.4375,-15.5625,173.6875,0.076504,0,0,47.54544,0,0,1000,-50,1
08.08.2026,02:35:31,90101,0,0.125686,-0.58,-2.11,-15.125,-16.875,173.3125,0.215161,0,0,47.58275,0,0,1000,-50,0.21875
08.08.2026,02:35:31,90207,0,-0.641233,0.15,1.97,-15.0625,-15.875,173.9375,0.146118,0,0,47.59736,0,0,1000,-50,0.1875
08.08.2026,02:35:31,90313,0,-0.568435,0.04,2.7,-14.4375,-17.8125,174.375,0.077852,0,0,47.60515,0,0,1000,-50,-1.3125
08.08.2026,02:35:31,90419,0,0.279749,-0.79,0.27,-14.9375,-18.25,174.5625,0.056468,0,0,47.61079,0,0,1000,-50,-1.125
08.08.2026,02:35:31,90525,0,0.747189,-0.9,-2.42,-15.75,-17.8125,175,0.079605,0,0,47.61876,0,0,1000,-50,1.6875
08.08.2026,02:35:31,90631,0,0.442347,-0.91,-2.77,-16.3125,-18.3125,175.625,0.150577,0,0,47.63381,0,0,1000,-50,4.25
08.08.2026,02:35:31,90737,0,-0.64265,-0.73,0.05,-16.9375,-18.75,175.8125,0.155394,0,0,47.64935,0,0,1000,-50,6.4375
08.08.2026,02:35:31,90843,0,-0.995913,0.1,3.15,-17.5625,-19.25,174.25,0.101461,0,0,47.6595,0,0,1000,-50,8.1875
08.08.2026,02:35:31,90949,0,-0.386771,0.58,0.87,-16.875,-20.3125,172.4375,0.026679,0,0,47.66217,0,0,1000,-50,5.59375
08.08.2026,02:35:31,91055,0,0.443652,0.11,-1.33,-15.9375,-17.4375,171.4375,-0.013131,0,0,47.66085,0,0,1000,-50,2.1875
08.08.2026,02:35:31,91161,0,1.312693,-0.63,-3.73,-15.625,-16.8125,171.125,0.029803,0,0,47.66383,0,0,1000,-50,1.5625
08.08.2026,02:35:31,91267,0,-0.881523,0.23,0.2,-14.9375,-16.9375,171.8125,0.131126,0,0,47.67694,0,0,1000,-50,-0.09375
08.08.2026,02:35:31,91373,0,-0.644633,0.28,2.99,-14,-15.9375,172.75,0.096711,0,0,47.68661,0,0,1000,-50,-2.0625
08.08.2026,02:35:31,91479,0,-0.516181,-0.17,2.55,-13.8125,-17.9375,173.5,0.048118,0,0,47.69143,0,0,1000,-50,-3.75
08.08.2026,02:35:31,91585,0,0.625901,-0.98,0.01,-14.4375,-17.375,174,-0.064719,0,0,47.68495,0,0,1000,-50,-2.25
08.08.2026,02:35:31,91691,0,1.446425,-0.9,-3.07,-14.6875,-16.6875,174.625,-0.016299,0,0,47.68332,0,0,1000,-50,-0.9375
08.08.2026,02:35:31,91797,0,-0.14684,-0.6,-1.69,-15.25,-19.25,175.8125,0.10151,0,0,47.69347,0,0,1000,-50,0
08.08.2026,02:35:31,91903,0,-0.98258,-0.21,1.71,-15.9375,-18.9375,176.1875,0.111982,0,0,47.72253,0,0,1000,-50,2.0625
08.08.2026,02:35:31,92009,0,-0.936182,0.43,2.71,-15.6875,-20.1875,176.125,0.01713,0,0,47.72424,0,0,1000,-50,1.59375
08.08.2026,02:35:31,92115,0,0.203268,0.28,0.34,-15.5625,-21.3125,176.625,-0.035473,0,0,47.72069,0,0,1000,-50,1.53125
08.08.2026,02:35:31,92221,0,0.834408,-0.48,-1.51,-15,-18.0625,176.75,-0.002114,0,0,47.72048,0,0,1000,-50,-0.625
08.08.2026,02:35:31,92327,0,0.760853,-0.75,-2.89,-13.5625,-19.8125,175.0625,0.112674,0,0,47.73175,0,0,1000,-50,-3.1875
08.08.2026,02:35:31,92433,0,-1.433543,0.17,0.55,-12.9375,-20.5,174.625,0.136707,0,0,47.74542,0,0,1000,-50,-6
08.08.2026,02:35:31,92539,0,-0.75443,0.74,3.65,-12.4375,-20.1875,174.875,0.027567,0,0,47.74818,0,0,1000,-50,-8.3125
08.08.2026,02:35:31,92645,0,-0.412821,-0.45,1.23,-12.625,-22.6875,175.375,-0.050028,0,0,47.74318,0,0,1000,-50,-6.5
08.08.2026,02:35:31,92751,0,0.75938,-1.25,-0.89,-14.0625,-19.125,177.1875,-0.068438,0,0,47.73634,0,0,1000,-50,-3.375
08.08.2026,02:35:31,92857,0,1.37954,-0.99,-2.99,-14.5,-18.1875,177.875,-0.004973,0,0,47.73584,0,0,1000,-50,-2.0625
08.08.2026,02:35:31,92963,0,-0.034127,-0.9,-1.23,-15.4375,-18.75,178.375,0.114027,0,0,47.74724,0,0,1000,-50,0.375
08.08.2026,02:35:31,93069,0,-0.158266,-0.06,1.5,-16.3125,-17.8125,178.125,0.128707,0,0,47.76011,0,0,1000,-50,3.375
08.08.2026,02:35:31,93175,0,-1.051114,0.87,2.92,-15.75,-18.75,177.4375,0.088582,0,0,47.76897,0,0,1000,-50,1.3125
08.08.2026,02:35:31,93281,0,0.989272,-0.01,-0.82,-14.375,-18.125,177.375,-0.012014,0,0,47.76777,0,0,1000,-50,-2.375
08.08.2026,02:35:31,93387,0,1.298896,-0.82,-2.8,-14.1875,-17.0625,176.625,0.011708,0,0,47.76894,0,0,1000,-50,-2.4375
08.08.2026,02:35:31,93493,0,-0.064708,-0.6,-2.26,-14.125,-18.9375,175,0.112077,0,0,47.78015,0,0,1000,-50,-2.78125
08.08.2026,02:35:31,93599,0,-0.490031,0.3,0.72,-13.625,-17.4375,174.125,0.165515,0,0,47.7967,0,0,1000,-50,-4.75
08.08.2026,02:35:31,93705,0,-1.333184,0.66,3.51,-12.3125,-18.0625,173.6875,0.03439,0,0,47.80995,0,0,1000,-50,-9.15625
08.08.2026,02:35:31,93811,0,-0.203703,-0.64,0.76,-11.75,-21.125,174.0625,-0.018265,0,0,47.80812,0,0,1000,-50,-10.3125
08.08.2026,02:35:31,93917,0,0.34729,-0.77,-1.07,-13.125,-19.875,175.1875,-0.030863,0,0,47.80503,0,0,1000,-50,-6.9375
08.08.2026,02:35:31,94023,0,1.33569,-0.75,-3.46,-14.3125,-18.1875,176.5,0.049752,0,0,47.81001,0,0,1000,-50,-3.1875
08.08.2026,02:35:31,94129,0,-0.178377,-0.45,-1.67,-15.375,-18.3125,177.4375,0.126468,0,0,47.82265,0,0,1000,-50,2.0625
08.08.2026,02:35:31,94235,0,-0.310399,-0.11,1.42,-15.625,-16,177.4375,0.062868,0,0,47.82894,0,0,1000,-50,1.875
08.08.2026,02:35:31,94341,0,-0.110234,0.49,1.43,-14.25,-16.625,176.6875,-0.005135,0,0,47.82843,0,0,1000,-50,-1.875
08.08.2026,02:35:31,94447,0,0.350876,-0.09,0.04,-13.625,-14.75,177.25,-0.034499,0,0,47.82498,0,0,1000,-50,-4.59375
08.08.2026,02:35:31,94553,0,1.370916,-1.07,-2.31,-13.625,-11.625,177.5625,-0.00125,0,0,47.82485,0,0,1000,-50,-4.125
08.08.2026,02:35:31,94659,0,0.277563,-0.65,-2.41,-13.8125,-13.75,176.9375,0.104266,0,0,47.83528,0,0,1000,-50,-3.40625
08.08.2026,02:35:31,94765,0,-0.89619,0.4,0.2,-14.5,-14.5625,176.875,0.116713,0,0,47.84695,0,0,1000,-50,-1.1875
08.08.2026,02:35:31,94871,0,-0.677452,0.47,3.75,-14.25,-16.4375,177.25,0.039242,0,0,47.85088,0,0,1000,-50,-1.5
08.08.2026,02:35:31,94977,0,0.692767,-0.72,0.4,-13.875,-18.0625,177.875,-0.006808,0,0,47.8502,0,0,1000,-50,-3.375
08.08.2026,02:35:31,95083,0,0.052861,-0.92,-1.03,-14.125,-18.75,178.625,-0.002929,0,0,47.8499,0,0,1000,-50,-2.46875
08.08.2026,02:35:31,95189,0,1.532941,-0.89,-3.67,-14.625,-18.25,179.25,-0.002492,0,0,47.84966,0,0,1000,-50,-0.5
08.08.2026,02:35:31,95295,0,-1.040651,-0.39,0.29,-16.125,-19.6875,178.9375,0.111728,0,0,47.86083,0,0,1000,-50,2.25
08.08.2026,02:35:31,95401,0,0.266128,0.21,2.6,-16.6875,-17.875,177.4375,0.056711,0,0,47.87651,0,0,1000,-50,5.0625
08.08.2026,02:35:31,95507,0,-0.685695,0.66,2.1,-15.875,-21.0625,175.0625,0.003945,0,0,47.87691,0,0,1000,-50,3.375
08.08.2026,02:35:31,95613,0,0.254178,0.43,-0.32,-15.5625,-20.125,173.6875,-0.010821,0,0,47.87582,0,0,1000,-50,1.84375
08.08.2026,02:35:31,95719,0,1.594526,-0.85,-3.58,-16.3125,-19.125,172.75,0.065954,0,0,47.88242,0,0,1000,-50,4.875
08.08.2026,02:35:31,95825,0,-0.77243,-0.25,-1.31,-16.375,-21.1875,172.375,0.150342,0,0,47.89745,0,0,1000,-50,4.5
08.08.2026,02:35:31,95931,0,-0.284606,0.65,1.66,-15.625,-19.0625,173.0625,0.067679,0,0,47.90422,0,0,1000,-50,1.09375
08.08.2026,02:35:31,96037,0,-1.014699,0.22,2.92,-14.6875,-20.5625,174.0625,0.002877,0,0,47.90451,0,0,1000,-50,-1.40625
08.08.2026,02:35:31,96143,0,0.31738,-0.33,0.72,-14.6875,-20.5,175.25,-0.064635,0,0,47.89804,0,0,1000,-50,-0.3125
08.08.2026,02:35:31,96249,0,0.59865,-0.49,-1.31,-15.6875,-19.5,176.375,-0.039482,0,0,47.8941,0,0,1000,-50,2.0625
08.08.2026,02:35:31,96355,0,0.627531,-0.41,-2.66,-16.6875,-19.8125,177.4375,0.034794,0,0,47.89758,0,0,1000,-50,4.3125
08.08.2026,02:35:31,96461,0,-0.845617,-0.12,0.44,-17.375,-20.1875,177.6875,0.097896,0,0,47.90736,0,0,1000,-50,6.5625
08.08.2026,02:35:31,96567,0,-1.116989,0.21,3,-17,-19.5625,177.1875,0.04265,0,0,47.91163,0,0,1000,-50,5.21875
08.08.2026,02:35:31,96673,0,-0.045593,0.18,1.02,-16.25,-20.9375,176.8125,-0.043422,0,0,47.90729,0,0,1000,-50,3.28125
08.08.2026,02:35:31,96779,0,0.246545,-0.23,-1.31,-15.875,-19.125,176.6875,-0.066472,0,0,47.90064,0,0,1000,-50,2.65625
08.08.2026,02:35:31,96885,0,1.278958,-0.78,-3.21,-15.75,-17.4375,175.875,-0.075046,0,0,47.89314,0,0,1000,-50,2.28125
08.08.2026,02:35:31,96991,0,-0.301519,-0.35,-1.21,-15.4375,-17.6875,175.5,0.014835,0,0,47.89462,0,0,1000,-50,1.3125
08.08.2026,02:35:31,97097,0,-0.763347,0.41,1.96,-15.125,-17.125,175.9375,0.056857,0,0,47.9003,0,0,1000,-50,-0.25
08.08.2026,02:35:31,97203,0,-0.473384,0.31,3.11,-14.4375,-18.0625,176.125,-0.051629,0,0,47.89526,0,0,1000,-50,-2.15625
08.08.2026,02:35:31,97309,0,0.229809,-0.66,0.35,-15.0625,-20.75,176.5,-0.047666,0,0,47.89049,0,0,1000,-50,-0.65625
08.08.2026,02:35:31,97415,0,1.100317,-0.72,-2.8,-15.4375,-20.8125,177.0625,-0.015792,0,0,47.88891,0,0,1000,-50,0.9375
08.08.2026,02:35:31,97521,0,0.527269,-0.7,-2.65,-16.0625,-22.25,177.375,0.094796,0,0,47.89839,0,0,1000,-50,2.4375
08.08.2026,02:35:31,97627,0,-0.945424,0.08,0.56,-16.4375,-22.4375,177.0625,0.083739,0,0,47.90676,0,0,1000,-50,4.3125
08.08.2026,02:35:31,97733,0,-1.066895,0.02,3.01,-15.5625,-22.4375,175.8125,0.04574,0,0,47.91133,0,0,1000,-50,1.0625
08.08.2026,02:35:31,97839,0,0.074936,0,0.65,-14.375,-25.5,173.3125,-0.056934,0,0,47.90564,0,0,1000,-50,-1.3125
08.08.2026,02:35:31,97945,0,0.246963,-0.32,-1.27,-14.3125,-23,171.6875,-0.063031,0,0,47.89934,0,0,1000,-50,-2.4375
08.08.2026,02:35:31,98051,0,1.338039,-0.7,-3.23,-14.9375,-21.625,169.875,-0.033484,0,0,47.89599,0,0,1000,-50,0.4375
08.08.2026,02:35:31,98157,0,0.145593,-0.13,-2.13,-15.375,-21.5,169.375,0.076079,0,0,47.9036,0,0,1000,-50,1.4375
08.08.2026,02:35:31,98263,0,-1.196713,0.77,2.98,-15.1875,-19.3125,171.25,0.071704,0,0,47.91077,0,0,1000,-50,1
08.08.2026,02:35:31,98369,0,-0.005169,-0.25,2.01,-14.375,-19.625,172.0625,-0.047996,0,0,47.90597,0,0,1000,-50,-0.75
08.08.2026,02:35:31,98475,0,0.527787,-0.48,0.54,-13.9375,-20,171.8125,-0.091928,0,0,47.89678,0,0,1000,-50,-3.375
08.08.2026,02:35:31,98581,0,0.359554,-0.39,-1.42,-14.5,-19.125,171.6875,-0.05496,0,0,47.89128,0,0,1000,-50,-1.03125
08.08.2026,02:35:31,98687,0,1.061121,-0.62,-3.46,-15.3125,-19.8125,171.9375,-0.048722,0,0,47.88641,0,0,1000,-50,0.9375
08.08.2026,02:35:31,98793,0,-1.360501,-0.17,1.18,-16.375,-21.3125,172,0.050424,0,0,47.89145,0,0,1000,-50,3.5625
08.08.2026,02:35:31,98899,0,-1.27161,0.6,3.32,-16.75,-21.75,171.6875,0.03449,0,0,47.8949,0,0,1000,-50,5.25
08.08.2026,02:35:31,99005,0,-0.329768,0.66,0.86,-16.125,-23.75,171.1875,-0.13611,0,0,47.87556,0,0,1000,-50,3.9375
08.08.2026,02:35:31,99111,0,0.394608,0.32,-1.17,-15.375,-21.1875,170.9375,-0.129143,0,0,47.86265,0,0,1000,-50,0.65625
08.08.2026,02:35:31,99217,0,1.588761,-0.61,-3.23,-14.8125,-19.6875,170.3125,-0.019239,0,0,47.86073,0,0,1000,-50,-1.1875
08.08.2026,02:35:31,99323,0,-0.112675,-0.29,-1.32,-13.75,-19.5,169.9375,0.063906,0,0,47.86712,0,0,1000,-50,-3.65625
08.08.2026,02:35:31,99429,0,-0.503455,0.38,2.12,-13.875,-18.3125,171.0625,0.02424,0,0,47.86954,0,0,1000,-50,-3.9375
08.08.2026,02:35:31,99535,0,-0.301971,0.22,2.83,-14.5625,-19.5625,172.1875,-0.046136,0,0,47.86493,0,0,1000,-50,-0.6875
08.08.2026,02:35:31,99641,0,0.109696,-0.19,0.69,-15.125,-20.8125,172.75,-0.051822,0,0,47.85975,0,0,1000,-50,1
08.08.2026,02:35:31,99747,0,1.680876,-0.74,-2.99,-15.3125,-18.875,173.8125,-0.036707,0,0,47.85608,0,0,1000,-50,0.96875
08.08.2026,02:35:31,99853,0,1.038532,-0.56,-2.82,-15.6875,-20.5,174.4375,0.072901,0,0,47.86337,0,0,1000,-50,1.5
08.08.2026,02:35:31,99959,0,-0.316851,-0.52,-0.52,-16.375,-22.125,174.5625,0.167386,0,0,47.88011,0,0,1000,-50,3.5625
08.08.2026,02:35:31,100065,0,-1.650761,0.26,3.95,-16.4375,-22.5,174,0.121602,0,0,47.89227,0,0,1000,-50,4.6875
08.08.2026,02:35:31,100171,0,-0.290526,0.38,1.4,-16.0625,-24.625,173.4375,-0.007331,0,0,47.89154,0,0,1000,-50,3.1875
08.08.2026,02:35:31,100277,0,0.871107,-0.37,-1.64,-15.9375,-22.125,173.0625,-0.050758,0,0,47.88646,0,0,1000,-50,2.84375
08.08.2026,02:35:31,100383,0,1.401405,-0.95,-3.26,-15.5625,-22.125,171.9375,-0.009284,0,0,47.88553,0,0,1000,-50,2.28125
08.08.2026,02:35:31,100489,0,-0.152227,-0.08,-1.41,-14.6875,-22.6875,171.3125,0.112948,0,0,47.89683,0,0,1000,-50,-1.71875
08.08.2026,02:35:31,100595,0,-0.887138,0.59,1.55,-13.6875,-22,171.3125,0.15273,0,0,47.9121,0,0,1000,-50,-4.71875
08.08.2026,02:35:31,100701,0,-0.638586,-0.06,3.03,-12.9375,-22.6875,170.875,-0.087578,0,0,47.90784,0,0,1000,-50,-6.34375
08.08.2026,02:35:31,100807,0,-0.192923,-0.44,0.67,-13.75,-22.375,169.6875,-0.088516,0,0,47.89899,0,0,1000,-50,-4.6875
08.08.2026,02:35:31,100913,0,1.458989,-0.2,-2.17,-14.1875,-19.625,170.0625,-0.059465,0,0,47.89305,0,0,1000,-50,-2.8125
08.08.2026,02:35:31,101019,0,0.838989,-0.84,-2.79,-14.9375,-21.25,171,0.075053,0,0,47.90055,0,0,1000,-50,0.75
08.08.2026,02:35:31,101125,0,0.006576,-0.53,-0.51,-15.75,-21.8125,171.375,0.105514,0,0,47.9111,0,0,1000,-50,3.03125
08.08.2026,02:35:31,101231,0,-1.588081,0.44,3.82,-15.25,-23.4375,170.5,0.039295,0,0,47.91503,0,0,1000,-50,2.25
08.08.2026,02:35:31,101337,0,-0.024971,0.64,0.77,-14,-23.6875,169.8125,-0.096717,0,0,47.90536,0,0,1000,-50,-2.0625
08.08.2026,02:35:31,101443,0,0.477844,0.01,-0.93,-13.5,-21.3125,169.375,-0.087535,0,0,47.89661,0,0,1000,-50,-4.5
08.08.2026,02:35:31,101549,0,1.448463,-0.77,-3.18,-13.875,-20.8125,168.625,-0.019243,0,0,47.89468,0,0,1000,-50,-3.5625
08.08.2026,02:35:31,101655,0,0.175247,0.02,-2.09,-13.875,-22.8125,168.1875,0.099994,0,0,47.90468,0,0,1000,-50,-3.375
08.08.2026,02:35:31,101761,0,-0.758114,0.52,2.25,-13,-21.875,169,0.104535,0,0,47.91513,0,0,1000,-50,-5.8125
08.08.2026,02:35:31,101867,0,-0.678232,0.04,3.43,-11.75,-23.4375,168.6875,0.003672,0,0,47.9155,0,0,1000,-50,-9.71875
08.08.2026,02:35:31,101973,0,0.274813,-0.45,0.44,-11.75,-24.875,168,-0.094713,0,0,47.90603,0,0,1000,-50,-9.28125
08.08.2026,02:35:31,102079,0,0.997149,-0.33,-2.16,-13.125,-23.5625,168.0625,-0.072637,0,0,47.89877,0,0,1000,-50,-4.53125
08.08.2026,02:35:31,102185,0,1.447796,-0.66,-3.39,-14.625,-23.875,168.5625,-0.020113,0,0,47.89676,0,0,1000,-50,-0.03125
08.08.2026,02:35:31,102291,0,-0.595879,-0.52,-0.21,-15.6875,-25,168.8125,0.114284,0,0,47.90818,0,0,1000,-50,1.5
08.08.2026,02:35:31,102397,0,-1.959974,0.2,3.77,-15.6875,-25.0625,167.9375,0.12735,0,0,47.92092,0,0,1000,-50,2.625
08.08.2026,02:35:31,102503,0,-0.300037,0.9,1.48,-15.125,-26.1875,166.9375,-0.104461,0,0,47.91067,0,0,1000,-50,0.9375
08.08.2026,02:35:31,102609,0,0.073322,0.51,-0.16,-14.5,-23.0625,167,-0.094445,0,0,47.90122,0,0,1000,-50,-1.96875
08.08.2026,02:35:31,102715,0,1.826359,-0.72,-3.15,-14.625,-20.625,167.1875,-0.012493,0,0,47.89997,0,0,1000,-50,-0.96875
08.08.2026,02:35:31,102821,0,-0.077397,-0.24,-1.74,-14.5,-21.8125,168,0.129297,0,0,47.9129,0,0,1000,-50,-1.46875
08.08.2026,02:35:31,102927,0,-1.210116,0.62,2.01,-14,-21.5625,169.625,0.084541,0,0,47.92136,0,0,1000,-50,-3.625
08.08.2026,02:35:31,103033,0,-1.228285,0.77,3.84,-13.0625,-21.3125,171.3125,-0.056937,0,0,47.91566,0,0,1000,-50,-6.28125
08.08.2026,02:35:31,103139,0,0.855116,-0.59,0.58,-13.0625,-23,172.5,-0.105746,0,0,47.90509,0,0,1000,-50,-5.34375
08.08.2026,02:35:31,103245,0,0.345926,-0.58,-0.92,-14.25,-23.3125,173.6875,-0.02518,0,0,47.90257,0,0,1000,-50,-1.15625
08.08.2026,02:35:31,103351,0,1.014718,-0.59,-3.06,-15.5,-24.3125,174.375,0.037554,0,0,47.90632,0,0,1000,-50,-0.1875
08.08.2026,02:35:31,103457,0,-0.959489,0.06,-0.12,-16.625,-24.8125,174.5,0.130829,0,0,47.91941,0,0,1000,-50,3.9375
08.08.2026,02:35:31,103563,0,-1.031565,0.6,2.91,-16.125,-23.375,173.8125,0.064559,0,0,47.92586,0,0,1000,-50,4.125
08.08.2026,02:35:31,103669,0,-0.380457,0.85,2.52,-14.625,-24.5625,172.875,-0.034455,0,0,47.92242,0,0,1000,-50,0
08.08.2026,02:35:31,103775,0,0.5224,-0.02,-0.7,-13.5625,-23.8125,172.0625,-0.088862,0,0,47.91353,0,0,1000,-50,-4.5625
08.08.2026,02:35:31,103881,0,1.673107,-0.79,-3.16,-13.5,-22.3125,170.3125,-0.021972,0,0,47.91133,0,0,1000,-50,-4.5
08.08.2026,02:35:31,103987,0,0.459737,-0.23,-2.41,-13.5,-23.875,168.625,0.104798,0,0,47.92181,0,0,1000,-50,-4.5
08.08.2026,02:35:31,104093,0,-1.07582,0.76,0.94,-13.6875,-23.5625,168.625,0.172811,0,0,47.93909,0,0,1000,-50,-3.9375
08.08.2026,02:35:31,104199,0,-2.009055,0.63,4.16,-12.625,-24.75,168.8125,0.100579,0,0,47.94915,0,0,1000,-50,-8.375
08.08.2026,02:35:31,104305,0,0.642453,-0.52,0.57,-11.4375,-25.0625,168.125,-0.117672,0,0,47.9327,0,0,1000,-50,-11.375
08.08.2026,02:35:31,104411,0,0.926237,-0.5,-2.25,-12.75,-24.5625,167.8125,-0.075455,0,0,47.92515,0,0,1000,-50,-5.8125
08.08.2026,02:35:31,104517,0,1.868664,-0.67,-3.78,-14.25,-24.375,168.25,0.058377,0,0,47.93099,0,0,1000,-50,-1.15625
08.08.2026,02:35:31,104623,0,-0.163214,-0.88,-0.36,-15.0625,-25.375,168.25,0.156104,0,0,47.9466,0,0,1000,-50,0.5
08.08.2026,02:35:31,104729,0,-0.928233,0.22,3.01,-14.3125,-24.0625,166.5625,0.100977,0,0,47.9567,0,0,1000,-50,-2.0625
08.08.2026,02:35:31,104835,0,-0.470738,0.61,1.57,-12.75,-27.4375,164.625,-0.023087,0,0,47.95439,0,0,1000,-50,-6
08.08.2026,02:35:31,104941,0,0.261293,0.05,-0.6,-12.9375,-26.375,165.25,-0.06315,0,0,47.94807,0,0,1000,-50,-6.9375
08.08.2026,02:35:31,105047,0,1.98202,-0.98,-3.44,-13.875,-24.625,165.9375,-0.022619,0,0,47.94581,0,0,1000,-50,-2.75
08.08.2026,02:35:31,105153,0,0.877736,-0.42,-2.81,-14.0625,-25.8125,166.6875,0.133228,0,0,47.95914,0,0,1000,-50,-2.8125
08.08.2026,02:35:31,105259,0,-0.917659,0.63,1.9,-13.3125,-25.3125,169.1875,0.167778,0,0,47.97591,0,0,1000,-50,-4.75
08.08.2026,02:35:31,105365,0,-1.599055,0.48,3.65,-12.5,-26.25,171,0.04341,0,0,47.98026,0,0,1000,-50,-7.5625
08.08.2026,02:35:31,105471,0,0.593438,-0.48,0.76,-12.1875,-26.9375,171.6875,-0.077533,0,0,47.9725,0,0,1000,-50,-8.4375
08.08.2026,02:35:31,105577,0,0.225476,-0.28,-0.74,-12.4375,-27.5625,171.6875,-0.063379,0,0,47.96617,0,0,1000,-50,-7.21875
08.08.2026,02:35:31,105683,0,2.006794,-0.3,-3.7,-13.3125,-26.8125,171.625,-0.041003,0,0,47.96207,0,0,1000,-50,-4.125
08.08.2026,02:35:31,105789,0,-0.886821,-0.3,0.07,-14.6875,-29,170.4375,0.112445,0,0,47.97331,0,0,1000,-50,-0.53125
08.08.2026,02:35:31,105895,0,-1.291513,1.08,3.28,-14.4375,-27.3125,169.5625,0.145889,0,0,47.9879,0,0,1000,-50,-1.3125
08.08.2026,02:35:31,106001,0,-1.031821,1.24,2.42,-14,-29.125,169.1875,-0.114163,0,0,47.97744,0,0,1000,-50,-2.8125
08.08.2026,02:35:31,106107,0,0.571851,0.34,-0.7,-13.4375,-27.3125,168.9375,-0.10447,0,0,47.96699,0,0,1000,-50,-3.9375
08.08.2026,02:35:31,106213,0,1.93521,-0.55,-3.34,-12.375,-25.5625,167.25,0.01116,0,0,47.96811,0,0,1000,-50,-8.96875
08.08.2026,02:35:31,106319,0,0.020158,0.22,-1.62,-11.3125,-26.375,164.75,0.145931,0,0,47.9827,0,0,1000,-50,-10.875
08.08.2026,02:35:31,106425,0,-2.102974,1.05,2.69,-11.5,-25.9375,164.4375,0.097402,0,0,47.99244,0,0,1000,-50,-10.6875
08.08.2026,02:35:31,106531,0,-1.57054,0.8,4.02,-12,-27.125,164.4375,-0.075677,0,0,47.98487,0,0,1000,-50,-8.6875
08.08.2026,02:35:31,106637,0,0.454379,-0.13,0.31,-12.5625,-28.625,164.625,-0.152988,0,0,47.96957,0,0,1000,-50,-6.84375
08.08.2026,02:35:31,106743,0,1.127942,-0.22,-2.09,-13.0625,-27.5625,165.4375,-0.110784,0,0,47.9585,0,0,1000,-50,-5.46875
08.08.2026,02:35:31,106849,0,1.448832,-0.23,-3.36,-12.5,-27.125,166.0625,-0.027686,0,0,47.95573,0,0,1000,-50,-7.125
08.08.2026,02:35:31,106955,0,-0.214328,-0.53,-0.78,-13.0625,-26.25,166.4375,0.098286,0,0,47.96556,0,0,1000,-50,-6.75
08.08.2026,02:35:31,107061,0,-0.456465,0.09,1.8,-14.25,-24.9375,166.125,0.066458,0,0,47.9722,0,0,1000,-50,-1.3125
08.08.2026,02:35:31,107167,0,-0.846403,1.07,2.57,-14.1875,-26.75,165.75,-0.001929,0,0,47.97201,0,0,1000,-50,-2.4375
08.08.2026,02:35:31,107273,0,-0.13343,0.53,-0.13,-13.4375,-27.75,166,-0.092481,0,0,47.96276,0,0,1000,-50,-4.125
08.08.2026,02:35:31,107379,0,1.639053,-0.67,-2.94,-12.875,-25.125,165.6875,-0.077217,0,0,47.95504,0,0,1000,-50,-5.4375
08.08.2026,02:35:31,107485,0,1.259321,-0.51,-2.96,-11.5,-25.875,164.6875,-0.008307,0,0,47.95421,0,0,1000,-50,-9.375
08.08.2026,02:35:31,107591,0,-0.944826,0.62,0.49,-10.9375,-25.9375,164.8125,0.128951,0,0,47.9671,0,0,1000,-50,-12.5
08.08.2026,02:35:31,107697,0,-2.378235,0.79,4.09,-9.8125,-25.375,165.0625,0.106004,0,0,47.9777,0,0,1000,-50,-16.65625
08.08.2026,02:35:31,107803,0,0.503612,-0.41,1.04,-9.25,-25.375,164.625,-0.143317,0,0,47.95763,0,0,1000,-50,-17.59375
08.08.2026,02:35:31,107909,0,0.428221,-0.41,-0.69,-10.3125,-24.625,164.6875,-0.082325,0,0,47.94939,0,0,1000,-50,-14.78125
08.08.2026,02:35:31,108015,0,1.460868,-0.44,-3.28,-11.5625,-24.8125,165.3125,-0.005541,0,0,47.94884,0,0,1000,-50,-9.21875
08.08.2026,02:35:31,108121,0,0.431047,-0.55,-2.04,-13.25,-25.875,166.1875,0.100458,0,0,47.95889,0,0,1000,-50,-4
08.08.2026,02:35:31,108227,0,-1.582184,0,2.15,-14.125,-25.125,166.5625,0.067562,0,0,47.96564,0,0,1000,-50,-2.15625
08.08.2026,02:35:31,108333,0,-1.493823,1.1,3.07,-13.875,-25.625,166.8125,-0.016598,0,0,47.96398,0,0,1000,-50,-3.1875
08.08.2026,02:35:31,108439,0,0.789879,0.49,-0.29,-13.5625,-25.25,167.75,-0.115114,0,0,47.95247,0,0,1000,-50,-3.75
08.08.2026,02:35:31,108545,0,1.321526,-0.37,-2.36,-12.9375,-22.375,168.5625,-0.051203,0,0,47.94735,0,0,1000,-50,-5.4375
08.08.2026,02:35:31,108651,0,1.089397,-0.6,-2.87,-12.1875,-23.25,168.5625,0.066197,0,0,47.95397,0,0,1000,-50,-9.21875